customer_id,customer_name,gender,age,city,state,customer_segment,registration_date,acquisition_channel
10001,Customer_10001,Male,46,Mysuru,Karnataka,Consumer,2022-01-10,Social Media
10002,Customer_10002,Female,30,Faridabad,Haryana,Consumer,2022-07-18,Organic Search
10003,Customer_10003,Female,42,Kolkata,West Bengal,Consumer,2023-12-12,Paid Ads
10004,Customer_10004,Female,39,Surat,Gujarat,Consumer,2023-02-11,Paid Ads
10005,Customer_10005,Male,50,Nagpur,Maharashtra,Consumer,2022-03-06,Direct
10006,Customer_10006,Male,54,Mumbai,Maharashtra,Consumer,2024-01-27,Paid Ads
10007,Customer_10007,Male,24,Mumbai,Maharashtra,Consumer,2024-03-30,Email
10008,Customer_10008,Male,40,Bhopal,Madhya Pradesh,Corporate,2024-11-27,Organic Search
10009,Customer_10009,Female,23,Ahmedabad,Gujarat,Consumer,2023-06-08,Paid Ads
10010,Customer_10010,Female,32,Kolkata,West Bengal,Consumer,2024-12-28,Social Media
10011,Customer_10011,Female,32,Nagpur,Maharashtra,Consumer,2024-04-14,Direct
10012,Customer_10012,Female,57,Amritsar,Punjab,Consumer,2023-04-25,Social Media
10013,Customer_10013,Male,51,Lucknow,Uttar Pradesh,Consumer,2024-04-10,Social Media
10014,Customer_10014,Male,31,Delhi,Delhi,Consumer,2023-01-24,Social Media
10015,Customer_10015,Male,46,Delhi,Delhi,Consumer,2022-11-28,Social Media
10016,Customer_10016,Female,33,New Delhi,Delhi,Consumer,2024-09-26,Social Media
10017,Customer_10017,Female,46,Bengaluru,Karnataka,Consumer,2023-09-16,Social Media
10018,Customer_10018,Male,40,Warangal,Telangana,Consumer,2023-01-06,Referral
10019,Customer_10019,Male,27,Chennai,Tamil Nadu,Consumer,2023-01-01,Organic Search
10020,Customer_10020,Female,21,Mysuru,Karnataka,Consumer,2022-05-31,Referral
10021,Customer_10021,Female,29,Ahmedabad,Gujarat,Consumer,2024-07-29,Referral
10022,Customer_10022,Female,59,Mumbai,Maharashtra,Consumer,2025-03-13,Direct
10023,Customer_10023,Male,51,Mysuru,Karnataka,Home Office,2023-12-08,Email
10024,Customer_10024,Male,21,Bengaluru,Karnataka,Consumer,2022-05-03,Social Media
10025,Customer_10025,Female,37,Coimbatore,Tamil Nadu,Consumer,2024-08-23,Paid Ads
10026,Customer_10026,Female,45,Noida,Uttar Pradesh,Consumer,2022-01-03,Paid Ads
10027,Customer_10027,Male,45,Delhi,Delhi,Consumer,2023-10-13,Organic Search
10028,Customer_10028,Female,23,Hyderabad,Telangana,Home Office,2022-01-24,Social Media
10029,Customer_10029,Female,31,Surat,Gujarat,Corporate,2022-08-12,Organic Search
10030,Customer_10030,Male,52,Pune,Maharashtra,Corporate,2025-04-13,Organic Search
10031,Customer_10031,Male,18,Vadodara,Gujarat,Home Office,2025-11-04,Social Media
10032,Customer_10032,Male,36,Delhi,Delhi,Consumer,2023-05-16,Paid Ads
10033,Customer_10033,Male,18,Pune,Maharashtra,Consumer,2023-06-24,Paid Ads
10034,Customer_10034,Female,30,Faridabad,Haryana,Home Office,2024-03-11,Direct
10035,Customer_10035,Male,25,Ludhiana,Punjab,Consumer,2025-08-26,Social Media
10036,Customer_10036,Female,35,Noida,Uttar Pradesh,Home Office,2024-01-24,Social Media
10037,Customer_10037,Other,52,Mysuru,Karnataka,Consumer,2025-05-05,Organic Search
10038,Customer_10038,Male,40,Nagpur,Maharashtra,Consumer,2025-04-24,Paid Ads
10039,Customer_10039,Male,43,Kolkata,West Bengal,Home Office,2024-09-22,Organic Search
10040,Customer_10040,Female,58,Chennai,Tamil Nadu,Consumer,2024-02-16,Direct
10041,Customer_10041,Female,55,Nashik,Maharashtra,Corporate,2025-08-04,Social Media
10042,Customer_10042,Female,37,Warangal,Telangana,Consumer,2022-09-03,Referral
10043,Customer_10043,Male,19,Pune,Maharashtra,Corporate,2023-12-20,Social Media
10044,Customer_10044,Male,43,Gurugram,Haryana,Home Office,2025-04-05,Organic Search
10045,Customer_10045,,53,New Delhi,Delhi,Consumer,2024-03-20,Social Media
10046,Customer_10046,Female,42,Udaipur,Rajasthan,Consumer,2024-01-03,Social Media
10047,Customer_10047,Male,47,Bengaluru,Karnataka,Consumer,2023-04-12,Referral
10048,Customer_10048,Female,35,Warangal,Telangana,Home Office,2024-08-26,Referral
10049,Customer_10049,Male,24,Surat,Gujarat,Corporate,2025-12-17,Organic Search
10050,Customer_10050,Other,44,New Delhi,Delhi,Consumer,2024-02-24,Organic Search
10051,Customer_10051,Female,28,Amritsar,Punjab,Consumer,2023-11-19,Direct
10052,Customer_10052,Male,54,Lucknow,Uttar Pradesh,Corporate,2022-03-30,Social Media
10053,Customer_10053,Female,25,Gurugram,Haryana,Corporate,2022-12-29,Organic Search
10054,Customer_10054,Male,28,Bhopal,Madhya Pradesh,Consumer,2025-05-22,Organic Search
10055,Customer_10055,Male,41,Vadodara,Gujarat,Consumer,2024-10-29,Organic Search
10056,Customer_10056,Male,47,Faridabad,Haryana,Corporate,2022-11-18,Organic Search
10057,Customer_10057,Male,47,Nagpur,Maharashtra,Consumer,2024-02-16,Organic Search
10058,Customer_10058,Male,32,Delhi,Delhi,Home Office,2023-01-06,Organic Search
10059,Customer_10059,Female,52,Nashik,Maharashtra,Consumer,2024-03-19,Direct
10060,Customer_10060,Female,56,Mysuru,Karnataka,Consumer,2025-12-08,Referral
10061,Customer_10061,Male,41,Chennai,Tamil Nadu,Consumer,2022-08-29,Social Media
10062,Customer_10062,Female,25,Delhi,Delhi,Home Office,2023-04-09,Paid Ads
10063,Customer_10063,Female,60,Lucknow,Uttar Pradesh,Consumer,2022-04-20,Email
10064,Customer_10064,Female,59,Bengaluru,Karnataka,Consumer,2023-04-10,Organic Search
10065,Customer_10065,Female,37,Bengaluru,Karnataka,Consumer,2022-05-21,Social Media
10066,Customer_10066,Male,58,Vadodara,Gujarat,Corporate,2024-05-17,Email
10067,Customer_10067,Male,43,Mumbai,Maharashtra,Consumer,2025-06-07,Referral
10068,Customer_10068,Female,41,Noida,Uttar Pradesh,Consumer,2024-12-12,Paid Ads
10069,Customer_10069,Male,39,Nagpur,Maharashtra,Consumer,2023-11-01,Referral
10070,Customer_10070,Male,22,Amritsar,Punjab,Consumer,2023-05-13,Organic Search
10071,Customer_10071,Male,32,Kanpur,Uttar Pradesh,Consumer,2023-10-13,Email
10072,Customer_10072,Male,53,Delhi,Delhi,Consumer,2024-10-17,Organic Search
10073,Customer_10073,Male,54,Pune,Maharashtra,Consumer,2025-11-27,Organic Search
10074,Customer_10074,Male,46,Kanpur,Uttar Pradesh,Corporate,2024-09-08,Social Media
10075,Customer_10075,Male,32,Kolkata,West Bengal,Corporate,2022-01-03,Paid Ads
10076,Customer_10076,Female,44,Kolkata,West Bengal,Home Office,2024-02-16,Email
10077,Customer_10077,Female,25,Kanpur,Uttar Pradesh,Consumer,2025-10-19,Paid Ads
10078,Customer_10078,Male,46,Mumbai,Maharashtra,Corporate,2025-06-03,Social Media
10079,Customer_10079,Male,36,Bengaluru,Karnataka,Consumer,2023-04-01,Paid Ads
10080,Customer_10080,Male,48,Nashik,Maharashtra,Consumer,2022-01-08,Paid Ads
10081,Customer_10081,Male,26,Bhopal,Madhya Pradesh,Consumer,2022-11-30,Direct
10082,Customer_10082,Male,27,Surat,Gujarat,Consumer,2022-11-08,Organic Search
10083,Customer_10083,Male,54,Mysuru,Karnataka,Consumer,2024-04-13,Organic Search
10084,Customer_10084,Female,27,Nagpur,Maharashtra,Consumer,2022-08-10,Social Media
10085,Customer_10085,Female,50,Bengaluru,Karnataka,Consumer,2023-09-20,Social Media
10086,Customer_10086,Male,42,Mysuru,Karnataka,Consumer,2023-05-26,Paid Ads
10087,Customer_10087,Male,21,Kolkata,West Bengal,Consumer,2025-12-24,Referral
10088,Customer_10088,Female,22,Jaipur,Rajasthan,Consumer,2023-03-19,Organic Search
10089,Customer_10089,Female,40,Bhopal,Madhya Pradesh,Consumer,2024-03-30,Referral
10090,Customer_10090,Female,56,Hyderabad,Telangana,Consumer,2024-06-09,Organic Search
10091,Customer_10091,Female,22,Nagpur,Maharashtra,Consumer,2023-07-15,Social Media
10092,Customer_10092,Male,25,Kolkata,West Bengal,Consumer,2022-12-23,Organic Search
10093,Customer_10093,Male,34,Kanpur,Uttar Pradesh,Consumer,2023-12-31,Organic Search
10094,Customer_10094,Female,18,Vadodara,Gujarat,Corporate,2024-06-15,Direct
10095,Customer_10095,Male,29,Lucknow,Uttar Pradesh,Consumer,2023-08-22,Paid Ads
10096,Customer_10096,Other,52,Warangal,Telangana,Consumer,2023-02-07,Paid Ads
10097,Customer_10097,Female,31,Warangal,Telangana,Corporate,2023-01-08,Paid Ads
10098,Customer_10098,Female,35,Chennai,Tamil Nadu,Consumer,2022-05-25,Referral
10099,Customer_10099,Male,27,Pune,Maharashtra,Consumer,2023-05-07,Social Media
10100,Customer_10100,Female,32,Mumbai,Maharashtra,Consumer,2023-10-11,Social Media
10101,Customer_10101,Male,59,Nagpur,Maharashtra,Consumer,2022-05-03,Direct
10102,Customer_10102,Male,50,Jaipur,Rajasthan,Consumer,2024-03-29,Social Media
10103,Customer_10103,Male,36,Bengaluru,Karnataka,Corporate,2022-09-06,Organic Search
10104,Customer_10104,Female,51,Warangal,Telangana,Consumer,2022-08-21,Organic Search
10105,Customer_10105,Female,42,Gurugram,Haryana,Consumer,2024-10-23,Organic Search
10106,Customer_10106,Male,33,Delhi,Delhi,Consumer,2022-04-18,Organic Search
10107,Customer_10107,Male,25,Chennai,Tamil Nadu,Corporate,2025-11-15,Paid Ads
10108,Customer_10108,Female,52,Lucknow,Uttar Pradesh,Home Office,2023-09-25,Organic Search
10109,Customer_10109,Female,38,Delhi,Delhi,Consumer,2025-06-13,Social Media
10110,Customer_10110,Female,36,Mumbai,Maharashtra,Consumer,2023-01-24,Organic Search
10111,Customer_10111,Male,28,Bengaluru,Karnataka,Consumer,2024-08-26,Social Media
10112,Customer_10112,Male,28,Pune,Maharashtra,Consumer,2022-04-07,Direct
10113,Customer_10113,Female,28,Faridabad,Haryana,Consumer,2025-01-01,Social Media
10114,Customer_10114,Male,39,Lucknow,Uttar Pradesh,Consumer,2023-10-18,Paid Ads
10115,Customer_10115,Female,38,Jaipur,Rajasthan,Home Office,2023-08-27,Referral
10116,Customer_10116,Female,44,Bhopal,Madhya Pradesh,Consumer,2025-09-26,Social Media
10117,Customer_10117,Male,35,Kanpur,Uttar Pradesh,Consumer,2023-07-20,Direct
10118,Customer_10118,Male,59,New Delhi,Delhi,Consumer,2024-01-04,Referral
10119,Customer_10119,Female,57,Bhopal,Madhya Pradesh,Consumer,2022-05-30,Paid Ads
10120,Customer_10120,Male,55,Surat,Gujarat,Consumer,2024-04-19,Organic Search
10121,Customer_10121,Male,47,Kanpur,Uttar Pradesh,Corporate,2024-11-14,Organic Search
10122,Customer_10122,Female,50,Indore,Madhya Pradesh,Consumer,2023-02-28,Social Media
10123,Customer_10123,Male,38,Bengaluru,Karnataka,Home Office,2024-03-01,Paid Ads
10124,Customer_10124,Female,19,Mumbai,Maharashtra,Consumer,2022-09-21,Email
10125,Customer_10125,Male,30,Delhi,Delhi,Consumer,2024-04-30,Direct
10126,Customer_10126,Female,19,Chennai,Tamil Nadu,Consumer,2024-02-12,Direct
10127,Customer_10127,Male,60,Noida,Uttar Pradesh,Corporate,2023-02-28,Social Media
10128,Customer_10128,Male,48,Indore,Madhya Pradesh,Consumer,2025-12-15,Referral
10129,Customer_10129,Female,27,Nagpur,Maharashtra,Consumer,2024-08-13,Organic Search
10130,Customer_10130,Female,40,Hyderabad,Telangana,Consumer,2025-12-04,Social Media
10131,Customer_10131,Male,39,Coimbatore,Tamil Nadu,Home Office,2023-11-12,Organic Search
10132,Customer_10132,Male,46,New Delhi,Delhi,Consumer,2022-10-22,Organic Search
10133,Customer_10133,Female,50,Nashik,Maharashtra,Consumer,2022-02-05,Referral
10134,Customer_10134,Male,48,Mysuru,Karnataka,Consumer,2024-05-11,Email
10135,Customer_10135,Other,31,Gurugram,Haryana,Consumer,2024-01-18,Direct
10136,Customer_10136,Other,27,Mysuru,Karnataka,Consumer,2022-08-22,Paid Ads
10137,Customer_10137,Female,35,Hyderabad,Telangana,Consumer,2022-07-04,Paid Ads
10138,Customer_10138,Male,28,Kolkata,West Bengal,Corporate,2022-04-25,Social Media
10139,Customer_10139,Male,56,Mysuru,Karnataka,Consumer,2022-12-02,Referral
10140,Customer_10140,Female,20,Ludhiana,Punjab,Corporate,2025-04-19,Referral
10141,Customer_10141,Male,19,Amritsar,Punjab,Corporate,2024-01-08,Organic Search
10142,Customer_10142,Male,25,Delhi,Delhi,Consumer,2023-10-22,Organic Search
10143,Customer_10143,Male,48,Hyderabad,Telangana,Consumer,2025-07-02,Organic Search
10144,Customer_10144,Male,25,Bengaluru,Karnataka,Corporate,2023-12-17,Paid Ads
10145,Customer_10145,Male,60,Bengaluru,Karnataka,Consumer,2024-08-02,Referral
10146,Customer_10146,Male,19,Mumbai,Maharashtra,Consumer,2023-03-05,Referral
10147,Customer_10147,Female,39,Surat,Gujarat,Corporate,2025-03-21,Social Media
10148,Customer_10148,Male,22,Warangal,Telangana,Consumer,2024-02-05,Email
10149,Customer_10149,Male,24,Pune,Maharashtra,Corporate,2023-12-20,Direct
10150,Customer_10150,Male,37,Mysuru,Karnataka,Consumer,2024-07-08,Organic Search
10151,Customer_10151,Female,45,Gurugram,Haryana,Consumer,2022-04-08,Social Media
10152,Customer_10152,Male,30,Delhi,Delhi,Consumer,2025-01-02,Social Media
10153,Customer_10153,Female,19,Nagpur,Maharashtra,Corporate,2023-03-02,Direct
10154,Customer_10154,Female,49,Warangal,Telangana,Consumer,2025-03-24,Referral
10155,Customer_10155,Male,43,Ludhiana,Punjab,Consumer,2025-07-16,Referral
10156,Customer_10156,Male,20,New Delhi,Delhi,Corporate,2023-03-26,Social Media
10157,Customer_10157,Male,58,Jaipur,Rajasthan,Home Office,2024-07-22,Email
10158,Customer_10158,Female,59,Kanpur,Uttar Pradesh,Corporate,2024-07-25,Organic Search
10159,Customer_10159,Female,30,New Delhi,Delhi,Consumer,2022-09-23,Social Media
10160,Customer_10160,Female,38,Kolkata,West Bengal,Corporate,2022-02-22,Organic Search
10161,Customer_10161,Male,54,Mysuru,Karnataka,Consumer,2025-01-21,Referral
10162,Customer_10162,Other,40,Jaipur,Rajasthan,Consumer,2022-11-27,Referral
10163,Customer_10163,Male,24,Udaipur,Rajasthan,Home Office,2023-07-07,Organic Search
10164,Customer_10164,Male,34,Warangal,Telangana,Consumer,2023-07-21,Email
10165,Customer_10165,Female,45,Mumbai,Maharashtra,Consumer,2022-11-05,Organic Search
10166,Customer_10166,Female,47,Kanpur,Uttar Pradesh,Consumer,2025-09-03,Organic Search
10167,Customer_10167,Male,22,Bengaluru,Karnataka,Corporate,2022-12-06,Organic Search
10168,Customer_10168,Male,41,New Delhi,Delhi,Consumer,2023-12-05,Email
10169,Customer_10169,Male,24,Nagpur,Maharashtra,Consumer,2024-03-26,Organic Search
10170,Customer_10170,Male,51,Surat,Gujarat,Consumer,2022-05-31,Organic Search
10171,Customer_10171,Male,59,Udaipur,Rajasthan,Consumer,2025-04-15,Paid Ads
10172,Customer_10172,Female,50,Nashik,Maharashtra,Corporate,2023-03-06,Email
10173,Customer_10173,Female,44,Warangal,Telangana,Consumer,2022-10-28,Paid Ads
10174,Customer_10174,Female,31,Delhi,Delhi,Corporate,2022-10-06,Referral
10175,Customer_10175,Female,36,Udaipur,Rajasthan,Corporate,2022-02-20,Paid Ads
10176,Customer_10176,Male,55,New Delhi,Delhi,Consumer,2023-10-19,Referral
10177,Customer_10177,Female,29,Kolkata,West Bengal,Consumer,2022-06-13,Social Media
10178,Customer_10178,Female,20,Coimbatore,Tamil Nadu,Consumer,2023-08-10,Paid Ads
10179,Customer_10179,Male,24,Faridabad,Haryana,Corporate,2023-05-09,Paid Ads
10180,Customer_10180,Female,52,Pune,Maharashtra,Consumer,2023-11-09,Referral
10181,Customer_10181,Male,42,Bengaluru,Karnataka,Consumer,2023-05-04,Referral
10182,Customer_10182,Female,32,Pune,Maharashtra,Consumer,2022-10-19,Organic Search
10183,Customer_10183,Other,36,Faridabad,Haryana,Consumer,2024-07-14,Direct
10184,Customer_10184,Male,36,Indore,Madhya Pradesh,Corporate,2023-04-04,Direct
10185,Customer_10185,Female,40,Delhi,Delhi,Corporate,2025-02-03,Referral
10186,Customer_10186,Male,28,Jaipur,Rajasthan,Consumer,2025-12-17,Organic Search
10187,Customer_10187,Female,38,Kanpur,Uttar Pradesh,Consumer,2022-11-05,Social Media
10188,Customer_10188,Male,51,Surat,Gujarat,Corporate,2022-11-18,Paid Ads
10189,Customer_10189,Male,56,Hyderabad,Telangana,Consumer,2022-01-03,Organic Search
10190,Customer_10190,Male,24,Delhi,Delhi,Consumer,2025-03-18,Referral
10191,Customer_10191,Female,59,Pune,Maharashtra,Home Office,2024-10-25,Organic Search
10192,Customer_10192,Male,44,Indore,Madhya Pradesh,Consumer,2023-06-02,Direct
10193,Customer_10193,Female,40,Indore,Madhya Pradesh,Consumer,2024-12-24,Email
10194,Customer_10194,,55,Udaipur,Rajasthan,Consumer,2023-05-21,Email
10195,Customer_10195,Female,37,Bengaluru,Karnataka,Corporate,2023-10-23,Paid Ads
10196,Customer_10196,Female,44,Mysuru,Karnataka,Consumer,2023-11-13,Organic Search
10197,Customer_10197,Male,25,Kolkata,West Bengal,Corporate,2022-07-26,Organic Search
10198,Customer_10198,Male,54,Bhopal,Madhya Pradesh,Home Office,2024-04-23,Referral
10199,Customer_10199,Female,20,Bhopal,Madhya Pradesh,Home Office,2022-07-13,Paid Ads
10200,Customer_10200,Female,19,Noida,Uttar Pradesh,Corporate,2022-10-02,Paid Ads
10201,Customer_10201,Female,39,Jaipur,Rajasthan,Consumer,2022-01-05,Referral
10202,Customer_10202,Male,23,Nashik,Maharashtra,Home Office,2022-05-01,Referral
10203,Customer_10203,Male,56,Nagpur,Maharashtra,Consumer,2024-01-02,Organic Search
10204,Customer_10204,Other,57,Bhopal,Madhya Pradesh,Corporate,2023-05-27,Direct
10205,Customer_10205,Male,53,Vadodara,Gujarat,Consumer,2023-05-30,Social Media
10206,Customer_10206,Male,41,Pune,Maharashtra,Consumer,2025-08-07,Organic Search
10207,Customer_10207,Male,29,Nagpur,Maharashtra,Consumer,2025-03-08,Referral
10208,Customer_10208,Female,34,Jaipur,Rajasthan,Corporate,2024-03-18,Organic Search
10209,Customer_10209,Female,39,Pune,Maharashtra,Consumer,2024-08-25,Direct
10210,Customer_10210,Male,36,Nashik,Maharashtra,Consumer,2023-03-01,Social Media
10211,Customer_10211,Male,26,Surat,Gujarat,Corporate,2025-05-05,Organic Search
10212,Customer_10212,Male,29,Kolkata,West Bengal,Corporate,2023-08-09,Organic Search
10213,Customer_10213,Male,49,Udaipur,Rajasthan,Consumer,2022-06-12,Referral
10214,Customer_10214,Male,48,New Delhi,Delhi,Consumer,2022-08-14,Social Media
10215,Customer_10215,Other,34,Kolkata,West Bengal,Consumer,2024-10-27,Social Media
10216,Customer_10216,Male,40,Delhi,Delhi,Consumer,2022-09-12,Organic Search
10217,Customer_10217,Male,27,Mysuru,Karnataka,Home Office,2025-01-21,Social Media
10218,Customer_10218,Female,47,Noida,Uttar Pradesh,Consumer,2023-11-02,Email
10219,Customer_10219,Male,36,Udaipur,Rajasthan,Consumer,2025-12-20,Paid Ads
10220,Customer_10220,Female,43,Bhopal,Madhya Pradesh,Consumer,2025-01-02,Referral
10221,Customer_10221,Male,43,Jaipur,Rajasthan,Home Office,2022-02-15,Paid Ads
10222,Customer_10222,Male,28,Surat,Gujarat,Consumer,2022-02-08,Referral
10223,Customer_10223,Female,37,Mumbai,Maharashtra,Consumer,2022-09-04,Organic Search
10224,Customer_10224,Female,21,Mysuru,Karnataka,Consumer,2025-11-11,Direct
10225,Customer_10225,Male,29,Delhi,Delhi,Corporate,2022-04-24,Referral
10226,Customer_10226,Female,42,Delhi,Delhi,Home Office,2023-02-19,Paid Ads
10227,Customer_10227,Female,27,Ludhiana,Punjab,Consumer,2023-06-23,Email
10228,Customer_10228,Male,39,Coimbatore,Tamil Nadu,Consumer,2024-02-06,Email
10229,Customer_10229,Male,24,Indore,Madhya Pradesh,Consumer,2025-06-09,Direct
10230,Customer_10230,Female,41,Ahmedabad,Gujarat,Consumer,2024-04-08,Referral
10231,Customer_10231,Male,19,Kanpur,Uttar Pradesh,Consumer,2025-12-30,Referral
10232,Customer_10232,Female,49,Warangal,Telangana,Consumer,2025-11-23,Organic Search
10233,Customer_10233,Female,38,Surat,Gujarat,Consumer,2025-03-17,Social Media
10234,Customer_10234,Female,24,Hyderabad,Telangana,Corporate,2025-11-06,Referral
10235,Customer_10235,Male,25,Delhi,Delhi,Consumer,2023-09-05,Organic Search
10236,Customer_10236,Male,55,Kolkata,West Bengal,Consumer,2023-05-04,Social Media
10237,Customer_10237,Female,38,Mysuru,Karnataka,Consumer,2023-02-24,Organic Search
10238,Customer_10238,Male,25,Nagpur,Maharashtra,Consumer,2024-06-10,Paid Ads
10239,Customer_10239,Male,42,Jaipur,Rajasthan,Consumer,2023-01-30,Referral
10240,Customer_10240,Male,45,New Delhi,Delhi,Consumer,2023-09-27,Paid Ads
10241,Customer_10241,Male,45,Gurugram,Haryana,Corporate,2023-08-26,Social Media
10242,Customer_10242,Female,48,Gurugram,Haryana,Home Office,2022-05-12,Paid Ads
10243,Customer_10243,Male,53,Gurugram,Haryana,Corporate,2022-08-28,Social Media
10244,Customer_10244,Female,42,Mysuru,Karnataka,Consumer,2024-08-24,Referral
10245,Customer_10245,Male,58,Mumbai,Maharashtra,Home Office,2022-03-29,Organic Search
10246,Customer_10246,Female,54,Gurugram,Haryana,Consumer,2023-09-19,Organic Search
10247,Customer_10247,Male,55,Coimbatore,Tamil Nadu,Consumer,2023-04-16,Paid Ads
10248,Customer_10248,Female,29,Amritsar,Punjab,Consumer,2025-02-28,Email
10249,Customer_10249,Female,54,Ludhiana,Punjab,Consumer,2025-03-23,Social Media
10250,Customer_10250,Male,54,Indore,Madhya Pradesh,Home Office,2022-02-22,Email
10251,Customer_10251,Female,48,Mysuru,Karnataka,Consumer,2022-04-02,Organic Search
10252,Customer_10252,Male,35,Chennai,Tamil Nadu,Consumer,2023-04-09,Paid Ads
10253,Customer_10253,Female,43,Indore,Madhya Pradesh,Consumer,2022-11-14,Referral
10254,Customer_10254,Other,23,Mysuru,Karnataka,Corporate,2022-05-26,Organic Search
10255,Customer_10255,Female,26,New Delhi,Delhi,Corporate,2022-02-27,Organic Search
10256,Customer_10256,Female,28,Surat,Gujarat,Consumer,2023-05-25,Referral
10257,Customer_10257,Male,48,Gurugram,Haryana,Corporate,2022-10-28,Organic Search
10258,Customer_10258,Male,19,Kolkata,West Bengal,Corporate,2023-11-17,Referral
10259,Customer_10259,Male,46,Surat,Gujarat,Consumer,2023-04-14,Paid Ads
10260,Customer_10260,Male,59,Pune,Maharashtra,Consumer,2022-10-21,Social Media
10261,Customer_10261,Female,22,Ahmedabad,Gujarat,Consumer,2022-02-18,Paid Ads
10262,Customer_10262,Male,40,Amritsar,Punjab,Consumer,2023-04-15,Referral
10263,Customer_10263,Female,53,Mumbai,Maharashtra,Consumer,2024-10-14,Direct
10264,Customer_10264,Male,24,Warangal,Telangana,Consumer,2023-11-04,Referral
10265,Customer_10265,Male,30,Bhopal,Madhya Pradesh,Consumer,2025-06-18,Organic Search
10266,Customer_10266,Female,59,Noida,Uttar Pradesh,Corporate,2022-02-09,Organic Search
10267,Customer_10267,Male,27,Kolkata,West Bengal,Consumer,2024-07-13,Paid Ads
10268,Customer_10268,Female,53,Kolkata,West Bengal,Consumer,2025-02-14,Organic Search
10269,Customer_10269,Male,33,Bengaluru,Karnataka,Consumer,2022-06-16,Organic Search
10270,Customer_10270,Female,32,Bengaluru,Karnataka,Consumer,2025-06-10,Organic Search
10271,Customer_10271,Male,60,Lucknow,Uttar Pradesh,Consumer,2022-09-10,Referral
10272,Customer_10272,Male,36,Lucknow,Uttar Pradesh,Home Office,2022-06-23,Paid Ads
10273,Customer_10273,Female,38,Indore,Madhya Pradesh,Consumer,2024-03-13,Referral
10274,Customer_10274,Female,52,Faridabad,Haryana,Consumer,2024-04-15,Organic Search
10275,Customer_10275,Male,32,Hyderabad,Telangana,Consumer,2023-03-15,Email
10276,Customer_10276,Male,31,Warangal,Telangana,Consumer,2024-09-01,Social Media
10277,Customer_10277,Male,46,Noida,Uttar Pradesh,Home Office,2022-02-04,Paid Ads
10278,Customer_10278,Male,22,Jaipur,Rajasthan,Consumer,2025-01-24,Direct
10279,Customer_10279,Female,35,Kolkata,West Bengal,Corporate,2022-04-28,Email
10280,Customer_10280,Female,18,Noida,Uttar Pradesh,Home Office,2024-01-31,Email
10281,Customer_10281,Male,44,Indore,Madhya Pradesh,Consumer,2025-10-14,Organic Search
10282,Customer_10282,Male,44,Bengaluru,Karnataka,Consumer,2023-08-15,Referral
10283,Customer_10283,Female,42,Mysuru,Karnataka,Consumer,2022-02-07,Direct
10284,Customer_10284,Male,58,Pune,Maharashtra,Corporate,2022-09-28,Social Media
10285,Customer_10285,Female,38,Surat,Gujarat,Consumer,2024-12-01,Organic Search
10286,Customer_10286,Male,31,Mumbai,Maharashtra,Consumer,2022-10-25,Organic Search
10287,Customer_10287,Female,37,Hyderabad,Telangana,Consumer,2025-10-04,Direct
10288,Customer_10288,Male,45,Surat,Gujarat,Consumer,2022-01-29,Social Media
10289,Customer_10289,Female,38,Mysuru,Karnataka,Home Office,2025-11-20,Organic Search
10290,Customer_10290,Male,40,Vadodara,Gujarat,Consumer,2023-01-07,Referral
10291,Customer_10291,Male,28,Nagpur,Maharashtra,Consumer,2023-01-03,Referral
10292,Customer_10292,Female,19,Nashik,Maharashtra,Consumer,2024-08-27,Email
10293,Customer_10293,Male,37,Kanpur,Uttar Pradesh,Consumer,2022-12-23,Social Media
10294,Customer_10294,Male,41,Bengaluru,Karnataka,Consumer,2025-08-15,Email
10295,Customer_10295,Male,42,Nagpur,Maharashtra,Consumer,2025-08-27,Organic Search
10296,Customer_10296,Male,54,Hyderabad,Telangana,Consumer,2022-12-01,Referral
10297,Customer_10297,Female,39,Kanpur,Uttar Pradesh,Consumer,2024-10-10,Paid Ads
10298,Customer_10298,Female,41,New Delhi,Delhi,Consumer,2024-11-06,Social Media
10299,Customer_10299,Male,32,Surat,Gujarat,Consumer,2022-07-09,Organic Search
10300,Customer_10300,Female,29,Mumbai,Maharashtra,Corporate,2025-04-26,Email
10301,Customer_10301,Male,48,Nashik,Maharashtra,Corporate,2023-10-17,Email
10302,Customer_10302,Female,60,Warangal,Telangana,Consumer,2024-01-24,Organic Search
10303,Customer_10303,Male,48,Vadodara,Gujarat,Consumer,2022-03-10,Referral
10304,Customer_10304,Female,47,Udaipur,Rajasthan,Corporate,2024-07-30,Organic Search
10305,Customer_10305,Male,58,Kolkata,West Bengal,Consumer,2024-01-30,Email
10306,Customer_10306,Male,37,Amritsar,Punjab,Home Office,2024-03-18,Organic Search
10307,Customer_10307,Male,25,Warangal,Telangana,Home Office,2022-06-20,Social Media
10308,Customer_10308,Male,47,Bengaluru,Karnataka,Consumer,2023-05-18,Paid Ads
10309,Customer_10309,Female,52,Kanpur,Uttar Pradesh,Consumer,2022-03-15,Email
10310,Customer_10310,Male,38,Delhi,Delhi,Consumer,2022-12-21,Paid Ads
10311,Customer_10311,Female,57,Coimbatore,Tamil Nadu,Consumer,2023-06-01,Paid Ads
10312,Customer_10312,Male,45,Nashik,Maharashtra,Home Office,2024-06-26,Direct
10313,Customer_10313,Female,56,Pune,Maharashtra,Home Office,2023-03-02,Organic Search
10314,Customer_10314,Female,34,Ludhiana,Punjab,Consumer,2024-07-07,Direct
10315,Customer_10315,Female,29,Noida,Uttar Pradesh,Consumer,2025-06-20,Social Media
10316,Customer_10316,Female,35,Kolkata,West Bengal,Consumer,2022-10-28,Paid Ads
10317,Customer_10317,Female,45,Coimbatore,Tamil Nadu,Consumer,2023-10-07,Organic Search
10318,Customer_10318,Male,20,New Delhi,Delhi,Consumer,2024-04-23,Social Media
10319,Customer_10319,Female,32,Mumbai,Maharashtra,Home Office,2024-05-07,Email
10320,Customer_10320,Male,33,New Delhi,Delhi,Consumer,2025-04-06,Social Media
10321,Customer_10321,Male,39,Surat,Gujarat,Consumer,2025-07-31,Email
10322,Customer_10322,Male,48,Kolkata,West Bengal,Consumer,2025-09-02,Referral
10323,Customer_10323,Female,48,Jaipur,Rajasthan,Consumer,2023-03-08,Organic Search
10324,Customer_10324,Male,18,Bengaluru,Karnataka,Consumer,2024-12-04,Social Media
10325,Customer_10325,Male,28,Gurugram,Haryana,Consumer,2023-08-23,Organic Search
10326,Customer_10326,Male,23,Lucknow,Uttar Pradesh,Consumer,2023-11-25,Social Media
10327,Customer_10327,Other,40,Ahmedabad,Gujarat,Corporate,2024-06-27,Paid Ads
10328,Customer_10328,Male,26,Vadodara,Gujarat,Consumer,2025-07-04,Organic Search
10329,Customer_10329,Male,33,Coimbatore,Tamil Nadu,Consumer,2022-06-06,Organic Search
10330,Customer_10330,Male,55,New Delhi,Delhi,Corporate,2024-03-07,Social Media
10331,Customer_10331,Female,36,Mysuru,Karnataka,Corporate,2022-11-25,Paid Ads
10332,Customer_10332,Female,30,Kanpur,Uttar Pradesh,Consumer,2024-04-06,Paid Ads
10333,Customer_10333,Female,49,Nagpur,Maharashtra,Consumer,2022-07-11,Email
10334,Customer_10334,Female,53,Nagpur,Maharashtra,Corporate,2023-01-30,Organic Search
10335,Customer_10335,Male,26,Pune,Maharashtra,Consumer,2023-10-31,Organic Search
10336,Customer_10336,Female,54,Nagpur,Maharashtra,Consumer,2025-01-05,Paid Ads
10337,Customer_10337,Male,48,Indore,Madhya Pradesh,Consumer,2023-07-22,Organic Search
10338,Customer_10338,Male,48,Kolkata,West Bengal,Consumer,2024-10-14,Social Media
10339,Customer_10339,Male,36,Hyderabad,Telangana,Consumer,2024-11-02,Referral
10340,Customer_10340,Female,19,Mumbai,Maharashtra,Consumer,2025-10-19,Organic Search
10341,Customer_10341,Female,49,Warangal,Telangana,Corporate,2022-10-23,Paid Ads
10342,Customer_10342,Male,60,Warangal,Telangana,Corporate,2025-06-15,Email
10343,Customer_10343,Female,51,Delhi,Delhi,Home Office,2025-05-03,Organic Search
10344,Customer_10344,Male,18,Coimbatore,Tamil Nadu,Consumer,2022-03-17,Organic Search
10345,Customer_10345,Male,38,Coimbatore,Tamil Nadu,Consumer,2022-06-08,Paid Ads
10346,Customer_10346,Male,20,Vadodara,Gujarat,Corporate,2022-01-19,Organic Search
10347,Customer_10347,Female,44,Jaipur,Rajasthan,Consumer,2024-08-29,Referral
10348,Customer_10348,Female,24,Nagpur,Maharashtra,Consumer,2024-12-31,Paid Ads
10349,Customer_10349,Male,50,Mysuru,Karnataka,Consumer,2023-11-17,Social Media
10350,Customer_10350,Female,26,Ahmedabad,Gujarat,Consumer,2023-08-14,Paid Ads
10351,Customer_10351,Male,47,Warangal,Telangana,Consumer,2024-03-19,Email
10352,Customer_10352,Female,35,Indore,Madhya Pradesh,Consumer,2024-04-10,Direct
10353,Customer_10353,Other,43,Udaipur,Rajasthan,Home Office,2023-12-19,Social Media
10354,Customer_10354,Male,37,Mumbai,Maharashtra,Consumer,2025-05-21,Social Media
10355,Customer_10355,Female,55,Nagpur,Maharashtra,Home Office,2022-01-10,Paid Ads
10356,Customer_10356,Female,58,Jaipur,Rajasthan,Corporate,2025-06-29,Email
10357,Customer_10357,Male,48,Mumbai,Maharashtra,Consumer,2022-01-31,Referral
10358,Customer_10358,Female,25,Ahmedabad,Gujarat,Corporate,2024-01-04,Organic Search
10359,Customer_10359,Male,40,Gurugram,Haryana,Consumer,2025-06-05,Social Media
10360,Customer_10360,Male,42,Vadodara,Gujarat,Consumer,2022-11-14,Organic Search
10361,Customer_10361,Male,18,Coimbatore,Tamil Nadu,Consumer,2023-09-08,Organic Search
10362,Customer_10362,Male,35,Jaipur,Rajasthan,Consumer,2022-12-18,Social Media
10363,Customer_10363,Female,36,Chennai,Tamil Nadu,Consumer,2023-07-18,Social Media
10364,Customer_10364,Female,59,Vadodara,Gujarat,Consumer,2025-03-07,Direct
10365,Customer_10365,Female,23,Gurugram,Haryana,Consumer,2024-10-15,Social Media
10366,Customer_10366,Male,34,Chennai,Tamil Nadu,Consumer,2024-07-03,Direct
10367,Customer_10367,Male,25,Amritsar,Punjab,Consumer,2023-05-20,Paid Ads
10368,Customer_10368,Male,59,Faridabad,Haryana,Consumer,2024-10-24,Organic Search
10369,Customer_10369,Male,26,Delhi,Delhi,Consumer,2025-04-05,Paid Ads
10370,Customer_10370,Other,54,Mumbai,Maharashtra,Home Office,2022-06-07,Social Media
10371,Customer_10371,Female,44,Nashik,Maharashtra,Consumer,2023-03-03,Referral
10372,Customer_10372,Male,53,Nagpur,Maharashtra,Corporate,2023-07-09,Referral
10373,Customer_10373,Female,23,Mumbai,Maharashtra,Consumer,2024-08-23,Direct
10374,Customer_10374,Female,23,Jaipur,Rajasthan,Consumer,2023-10-30,Organic Search
10375,Customer_10375,Male,21,Mumbai,Maharashtra,Consumer,2025-03-25,Social Media
10376,Customer_10376,Female,39,Mysuru,Karnataka,Consumer,2022-01-28,Organic Search
10377,Customer_10377,Male,57,Bhopal,Madhya Pradesh,Home Office,2024-11-11,Organic Search
10378,Customer_10378,Male,44,Pune,Maharashtra,Consumer,2024-04-30,Organic Search
10379,Customer_10379,Male,54,Kanpur,Uttar Pradesh,Consumer,2025-03-16,Direct
10380,Customer_10380,Male,19,Mysuru,Karnataka,Consumer,2024-07-09,Social Media
10381,Customer_10381,Male,26,Pune,Maharashtra,Consumer,2024-05-20,Paid Ads
10382,Customer_10382,Male,28,Kolkata,West Bengal,Corporate,2023-06-06,Paid Ads
10383,Customer_10383,Male,37,Ahmedabad,Gujarat,Consumer,2025-05-16,Organic Search
10384,Customer_10384,Female,60,Bhopal,Madhya Pradesh,Corporate,2022-08-25,Organic Search
10385,Customer_10385,Other,56,Kolkata,West Bengal,Consumer,2025-09-11,Social Media
10386,Customer_10386,Female,31,Lucknow,Uttar Pradesh,Consumer,2022-11-11,Referral
10387,Customer_10387,Male,43,Mysuru,Karnataka,Consumer,2023-07-08,Social Media
10388,Customer_10388,Male,55,Delhi,Delhi,Consumer,2022-12-03,Paid Ads
10389,Customer_10389,Male,47,Noida,Uttar Pradesh,Corporate,2024-06-11,Referral
10390,Customer_10390,Male,53,Lucknow,Uttar Pradesh,Consumer,2022-09-03,Email
10391,Customer_10391,Female,55,Amritsar,Punjab,Consumer,2024-06-23,Referral
10392,Customer_10392,Female,52,Coimbatore,Tamil Nadu,Home Office,2022-12-30,Referral
10393,Customer_10393,Female,23,Mysuru,Karnataka,Consumer,2025-09-05,Paid Ads
10394,Customer_10394,Female,20,Lucknow,Uttar Pradesh,Consumer,2022-10-18,Referral
10395,Customer_10395,Male,18,Bengaluru,Karnataka,Consumer,2023-01-31,Referral
10396,Customer_10396,Male,35,Faridabad,Haryana,Consumer,2023-03-06,Social Media
10397,Customer_10397,Female,40,Bhopal,Madhya Pradesh,Consumer,2025-08-09,Organic Search
10398,Customer_10398,Male,49,Coimbatore,Tamil Nadu,Consumer,2023-07-29,Social Media
10399,Customer_10399,Male,46,Kanpur,Uttar Pradesh,Home Office,2023-06-30,Paid Ads
10400,Customer_10400,Male,40,Noida,Uttar Pradesh,Consumer,2022-12-13,Organic Search
10401,Customer_10401,Male,53,Nagpur,Maharashtra,Corporate,2025-11-29,Paid Ads
10402,Customer_10402,Male,23,Indore,Madhya Pradesh,Consumer,2024-01-20,Direct
10403,Customer_10403,Female,34,Hyderabad,Telangana,Consumer,2022-10-05,Social Media
10404,Customer_10404,Female,35,Noida,Uttar Pradesh,Corporate,2022-06-17,Organic Search
10405,Customer_10405,Male,48,Bengaluru,Karnataka,Home Office,2025-01-17,Organic Search
10406,Customer_10406,Male,23,Indore,Madhya Pradesh,Consumer,2025-12-21,Email
10407,Customer_10407,Female,51,Coimbatore,Tamil Nadu,Consumer,2024-05-12,Organic Search
10408,Customer_10408,Male,44,Mumbai,Maharashtra,Corporate,2025-01-16,Organic Search
10409,Customer_10409,Male,53,Faridabad,Haryana,Home Office,2024-11-11,Social Media
10410,Customer_10410,Male,59,Pune,Maharashtra,Home Office,2025-12-22,Social Media
10411,Customer_10411,Male,42,Bengaluru,Karnataka,Consumer,2023-12-15,Direct
10412,Customer_10412,Female,27,Faridabad,Haryana,Consumer,2022-09-01,Social Media
10413,Customer_10413,Female,56,,Haryana,Consumer,2025-12-07,Email
10414,Customer_10414,Male,56,Vadodara,Gujarat,Home Office,2025-01-25,Direct
10415,Customer_10415,Male,29,Jaipur,Rajasthan,Consumer,2022-11-10,Organic Search
10416,Customer_10416,Male,28,Coimbatore,Tamil Nadu,Consumer,2025-08-26,Social Media
10417,Customer_10417,Male,60,Bengaluru,Karnataka,Home Office,2022-11-16,Direct
10418,Customer_10418,Other,20,Mysuru,Karnataka,Consumer,2024-07-12,Referral
10419,Customer_10419,Female,39,Udaipur,Rajasthan,Corporate,2023-05-05,Social Media
10420,Customer_10420,Female,21,Kanpur,Uttar Pradesh,Consumer,2024-11-06,Referral
10421,Customer_10421,Female,25,Lucknow,Uttar Pradesh,Consumer,2024-11-06,Paid Ads
10422,Customer_10422,Female,31,Lucknow,Uttar Pradesh,Consumer,2023-06-21,Referral
10423,Customer_10423,Female,37,Nashik,Maharashtra,Consumer,2025-12-03,Direct
10424,Customer_10424,Male,41,Warangal,Telangana,Consumer,2022-01-19,Direct
10425,Customer_10425,Male,31,Mumbai,Maharashtra,Consumer,2023-03-14,Paid Ads
10426,Customer_10426,Female,45,Surat,Gujarat,Consumer,2024-08-01,Paid Ads
10427,Customer_10427,Male,33,Coimbatore,Tamil Nadu,Home Office,2023-05-09,Organic Search
10428,Customer_10428,Other,49,Indore,Madhya Pradesh,Consumer,2022-12-06,Paid Ads
10429,Customer_10429,Female,29,Mysuru,Karnataka,Consumer,2024-03-06,Social Media
10430,Customer_10430,,33,Nagpur,Maharashtra,Consumer,2022-05-10,Email
10431,Customer_10431,Male,36,Nashik,Maharashtra,Consumer,2023-07-18,Direct
10432,Customer_10432,Female,22,Lucknow,Uttar Pradesh,Home Office,2024-04-27,Social Media
10433,Customer_10433,Male,29,Surat,Gujarat,Consumer,2024-09-27,Direct
10434,Customer_10434,Other,46,,Maharashtra,Consumer,2024-12-21,Paid Ads
10435,Customer_10435,Male,22,Pune,Maharashtra,Home Office,2023-05-16,Social Media
10436,Customer_10436,Male,59,Kolkata,West Bengal,Consumer,2023-09-28,Organic Search
10437,Customer_10437,Female,34,Mumbai,Maharashtra,Consumer,2024-05-15,Paid Ads
10438,Customer_10438,Male,25,Noida,Uttar Pradesh,Home Office,2024-06-26,Email
10439,Customer_10439,Male,57,Kolkata,West Bengal,Corporate,2023-03-18,Referral
10440,Customer_10440,Other,57,Pune,Maharashtra,Consumer,2023-05-11,Social Media
10441,Customer_10441,Male,47,Nagpur,Maharashtra,Consumer,2023-05-27,Social Media
10442,Customer_10442,Female,27,Ludhiana,Punjab,Home Office,2024-09-08,Paid Ads
10443,Customer_10443,Male,37,Bengaluru,Karnataka,Consumer,2024-04-18,Organic Search
10444,Customer_10444,Female,33,Bengaluru,Karnataka,Corporate,2024-07-25,Organic Search
10445,Customer_10445,Female,58,Lucknow,Uttar Pradesh,Home Office,2024-03-16,Social Media
10446,Customer_10446,Male,33,Faridabad,Haryana,Corporate,2025-12-29,Organic Search
10447,Customer_10447,Male,59,Ludhiana,Punjab,Consumer,2024-07-31,Paid Ads
10448,Customer_10448,Female,20,Lucknow,Uttar Pradesh,Consumer,2025-11-30,Social Media
10449,Customer_10449,Male,40,Mysuru,Karnataka,Consumer,2025-02-05,Email
10450,Customer_10450,Male,39,Nagpur,Maharashtra,Consumer,2025-08-03,Referral
10451,Customer_10451,Female,45,Kanpur,Uttar Pradesh,Home Office,2024-10-16,Paid Ads
10452,Customer_10452,Male,53,Vadodara,Gujarat,Consumer,2025-09-07,Paid Ads
10453,Customer_10453,Male,21,Coimbatore,Tamil Nadu,Consumer,2024-01-27,Social Media
10454,Customer_10454,Female,55,Gurugram,Haryana,Corporate,2025-02-18,Direct
10455,Customer_10455,Male,41,Pune,Maharashtra,Consumer,2022-11-14,Direct
10456,Customer_10456,Male,36,Warangal,Telangana,Consumer,2025-02-05,Social Media
10457,Customer_10457,Male,28,Nagpur,Maharashtra,Consumer,2022-09-07,Paid Ads
10458,Customer_10458,Female,57,Warangal,Telangana,Consumer,2023-11-08,Direct
10459,Customer_10459,Female,57,Mumbai,Maharashtra,Home Office,2025-02-15,Social Media
10460,Customer_10460,Female,56,Nagpur,Maharashtra,Corporate,2023-02-07,Referral
10461,Customer_10461,Male,35,Mumbai,Maharashtra,Consumer,2025-02-27,Referral
10462,Customer_10462,Male,29,Jaipur,Rajasthan,Consumer,2023-05-03,Referral
10463,Customer_10463,Male,31,Lucknow,Uttar Pradesh,Corporate,2024-10-22,Direct
10464,Customer_10464,Male,35,Surat,Gujarat,Home Office,2025-10-17,Organic Search
10465,Customer_10465,Female,59,Amritsar,Punjab,Consumer,2022-02-18,Referral
10466,Customer_10466,Male,29,Mysuru,Karnataka,Corporate,2025-05-24,Organic Search
10467,Customer_10467,Male,57,Bengaluru,Karnataka,Consumer,2023-11-21,Social Media
10468,Customer_10468,Male,44,Indore,Madhya Pradesh,Consumer,2023-06-09,Paid Ads
10469,Customer_10469,Female,23,Delhi,Delhi,Corporate,2022-08-24,Paid Ads
10470,Customer_10470,Female,41,Ludhiana,Punjab,Consumer,2022-01-15,Email
10471,Customer_10471,Female,50,Pune,Maharashtra,Consumer,2022-04-01,Organic Search
10472,Customer_10472,Female,33,Amritsar,Punjab,Consumer,2023-10-13,Organic Search
10473,Customer_10473,Male,29,Pune,Maharashtra,Consumer,2025-05-05,Social Media
10474,Customer_10474,Male,48,Bhopal,Madhya Pradesh,Consumer,2023-02-23,Social Media
10475,Customer_10475,Male,54,Hyderabad,Telangana,Consumer,2023-11-15,Organic Search
10476,Customer_10476,Female,30,Ludhiana,Punjab,Consumer,2024-05-25,Direct
10477,Customer_10477,Female,25,Pune,Maharashtra,Consumer,2024-12-28,Referral
10478,Customer_10478,Male,55,Surat,Gujarat,Consumer,2024-12-04,Paid Ads
10479,Customer_10479,Female,20,Amritsar,Punjab,Consumer,2024-10-18,Paid Ads
10480,Customer_10480,Female,37,Warangal,Telangana,Corporate,2022-09-02,Referral
10481,Customer_10481,Female,21,Surat,Gujarat,Consumer,2024-05-28,Email
10482,Customer_10482,Female,19,Kolkata,West Bengal,Home Office,2022-03-11,Direct
10483,Customer_10483,Female,53,Chennai,Tamil Nadu,Home Office,2025-12-10,Social Media
10484,Customer_10484,Male,40,Surat,Gujarat,Consumer,2023-04-04,Referral
10485,Customer_10485,Female,36,Surat,Gujarat,Consumer,2025-05-19,Social Media
10486,Customer_10486,Female,57,Indore,Madhya Pradesh,Consumer,2025-03-01,Organic Search
10487,Customer_10487,Male,25,Mumbai,Maharashtra,Consumer,2024-06-06,Organic Search
10488,Customer_10488,Female,33,Bengaluru,Karnataka,Consumer,2025-08-29,Organic Search
10489,Customer_10489,Female,60,Gurugram,Haryana,Consumer,2023-06-25,Organic Search
10490,Customer_10490,Male,35,Indore,Madhya Pradesh,Consumer,2024-01-27,Paid Ads
10491,Customer_10491,Female,53,Chennai,Tamil Nadu,Home Office,2024-05-11,Social Media
10492,Customer_10492,Male,41,Vadodara,Gujarat,Home Office,2022-07-30,Referral
10493,Customer_10493,Female,18,Bengaluru,Karnataka,Consumer,2023-03-08,Organic Search
10494,Customer_10494,Female,18,New Delhi,Delhi,Consumer,2023-10-31,Organic Search
10495,Customer_10495,Male,53,Warangal,Telangana,Consumer,2024-06-16,Social Media
10496,Customer_10496,Male,28,Bengaluru,Karnataka,Consumer,2022-09-25,Organic Search
10497,Customer_10497,Female,35,Surat,Gujarat,Corporate,2022-07-22,Referral
10498,Customer_10498,Male,33,Pune,Maharashtra,Corporate,2022-08-26,Referral
10499,Customer_10499,Male,34,Amritsar,Punjab,Consumer,2024-08-11,Email
10500,Customer_10500,Female,41,Amritsar,Punjab,Consumer,2023-09-15,Email
10501,Customer_10501,Male,51,Kolkata,West Bengal,Consumer,2025-04-13,Referral
10502,Customer_10502,Male,21,Warangal,Telangana,Home Office,2025-02-07,Direct
10503,Customer_10503,,52,Bengaluru,Karnataka,Consumer,2023-03-16,Direct
10504,Customer_10504,Female,32,Noida,Uttar Pradesh,Consumer,2025-12-22,Organic Search
10505,Customer_10505,Female,19,Kolkata,West Bengal,Corporate,2025-03-03,Direct
10506,Customer_10506,Female,48,Nashik,Maharashtra,Corporate,2024-08-16,Direct
10507,Customer_10507,Male,26,Faridabad,Haryana,Home Office,2023-01-10,Organic Search
10508,Customer_10508,Male,27,Lucknow,Uttar Pradesh,Consumer,2024-03-19,Organic Search
10509,Customer_10509,Male,42,Faridabad,Haryana,Consumer,2023-05-10,Organic Search
10510,Customer_10510,Female,22,Kolkata,West Bengal,Consumer,2024-05-20,Social Media
10511,Customer_10511,Female,31,Vadodara,Gujarat,Home Office,2024-05-25,Email
10512,Customer_10512,Female,59,Chennai,Tamil Nadu,Corporate,2025-03-07,Referral
10513,Customer_10513,Female,55,Faridabad,Haryana,Corporate,2022-07-26,Organic Search
10514,Customer_10514,Female,57,Bhopal,Madhya Pradesh,Consumer,2024-02-15,Organic Search
10515,Customer_10515,Male,19,Mumbai,Maharashtra,Corporate,2025-09-14,Social Media
10516,Customer_10516,Male,35,Nashik,Maharashtra,Consumer,2024-09-20,Organic Search
10517,Customer_10517,Male,46,Mysuru,Karnataka,Consumer,2022-07-30,Organic Search
10518,Customer_10518,Male,37,Kanpur,Uttar Pradesh,Consumer,2025-02-19,Email
10519,Customer_10519,Female,25,Ludhiana,Punjab,Consumer,2024-04-22,Paid Ads
10520,Customer_10520,Male,54,Pune,Maharashtra,Consumer,2025-03-31,Direct
10521,Customer_10521,Female,43,Vadodara,Gujarat,Home Office,2024-07-03,Email
10522,Customer_10522,Female,54,Coimbatore,Tamil Nadu,Corporate,2024-07-21,Email
10523,Customer_10523,Male,21,Ludhiana,Punjab,Consumer,2025-10-20,Organic Search
10524,Customer_10524,Male,50,Indore,Madhya Pradesh,Corporate,2023-01-15,Referral
10525,Customer_10525,Male,39,Noida,Uttar Pradesh,Consumer,2023-10-09,Referral
10526,Customer_10526,Male,23,Hyderabad,Telangana,Consumer,2022-02-09,Direct
10527,Customer_10527,Female,50,Coimbatore,Tamil Nadu,Consumer,2023-06-06,Paid Ads
10528,Customer_10528,Male,45,Delhi,Delhi,Home Office,2025-10-09,Paid Ads
10529,Customer_10529,Female,41,Mumbai,Maharashtra,Consumer,2025-03-30,Social Media
10530,Customer_10530,Female,21,Bhopal,Madhya Pradesh,Corporate,2024-05-05,Organic Search
10531,Customer_10531,Female,19,Lucknow,Uttar Pradesh,Corporate,2022-04-16,Social Media
10532,Customer_10532,Female,30,Ludhiana,Punjab,Consumer,2022-03-04,Organic Search
10533,Customer_10533,Male,28,Amritsar,Punjab,Consumer,2025-06-08,Paid Ads
10534,Customer_10534,Male,52,Surat,Gujarat,Corporate,2025-03-17,Social Media
10535,Customer_10535,Male,56,Noida,Uttar Pradesh,Consumer,2024-01-18,Organic Search
10536,Customer_10536,Male,27,Faridabad,Haryana,Home Office,2025-06-07,Paid Ads
10537,Customer_10537,Female,60,Indore,Madhya Pradesh,Corporate,2022-12-16,Organic Search
10538,Customer_10538,Female,27,New Delhi,Delhi,Consumer,2025-01-24,Direct
10539,Customer_10539,Male,25,Chennai,Tamil Nadu,Home Office,2025-01-28,Referral
10540,Customer_10540,Male,22,Pune,Maharashtra,Consumer,2023-09-14,Social Media
10541,Customer_10541,Male,40,Gurugram,Haryana,Home Office,2022-06-15,Organic Search
10542,Customer_10542,Female,51,Ahmedabad,Gujarat,Consumer,2022-09-30,Referral
10543,Customer_10543,Female,49,Delhi,Delhi,Corporate,2023-12-24,Organic Search
10544,Customer_10544,Female,33,Udaipur,Rajasthan,Consumer,2022-07-10,Social Media
10545,Customer_10545,Female,21,Surat,Gujarat,Corporate,2025-11-01,Email
10546,Customer_10546,Male,45,Bengaluru,Karnataka,Consumer,2023-04-20,Organic Search
10547,Customer_10547,Male,31,Nashik,Maharashtra,Consumer,2022-01-29,Social Media
10548,Customer_10548,Male,29,Jaipur,Rajasthan,Consumer,2025-06-08,Paid Ads
10549,Customer_10549,Male,38,Hyderabad,Telangana,Home Office,2025-05-22,Paid Ads
10550,Customer_10550,Female,33,Lucknow,Uttar Pradesh,Consumer,2024-03-17,Organic Search
10551,Customer_10551,Female,19,Hyderabad,Telangana,Corporate,2022-09-17,Direct
10552,Customer_10552,Female,40,Indore,Madhya Pradesh,Corporate,2025-10-17,Organic Search
10553,Customer_10553,Male,46,Surat,Gujarat,Home Office,2023-10-31,Organic Search
10554,Customer_10554,Male,60,Ahmedabad,Gujarat,Consumer,2022-06-17,Paid Ads
10555,Customer_10555,Male,26,Bhopal,Madhya Pradesh,Home Office,2025-02-23,Paid Ads
10556,Customer_10556,Male,24,Chennai,Tamil Nadu,Consumer,2022-01-05,Paid Ads
10557,Customer_10557,Female,46,Nagpur,Maharashtra,Corporate,2022-06-06,Referral
10558,Customer_10558,Male,34,Nashik,Maharashtra,Corporate,2023-11-25,Organic Search
10559,Customer_10559,Female,26,Kanpur,Uttar Pradesh,Consumer,2023-06-01,Email
10560,Customer_10560,Female,23,Vadodara,Gujarat,Consumer,2025-02-02,Paid Ads
10561,Customer_10561,Male,37,Kolkata,West Bengal,Consumer,2022-06-24,Direct
10562,Customer_10562,Female,27,Delhi,Delhi,Consumer,2024-10-16,Social Media
10563,Customer_10563,Male,26,Pune,Maharashtra,Home Office,2025-02-19,Social Media
10564,Customer_10564,Female,29,Nagpur,Maharashtra,Consumer,2025-12-23,Paid Ads
10565,Customer_10565,Female,50,Bengaluru,Karnataka,Home Office,2023-11-27,Direct
10566,Customer_10566,Other,49,Ahmedabad,Gujarat,Consumer,2022-05-11,Email
10567,Customer_10567,Male,51,Coimbatore,Tamil Nadu,Home Office,2022-01-11,Organic Search
10568,Customer_10568,Male,36,Chennai,Tamil Nadu,Corporate,2022-09-05,Direct
10569,Customer_10569,Male,50,Bhopal,Madhya Pradesh,Corporate,2025-03-12,Organic Search
10570,Customer_10570,Male,33,Mysuru,Karnataka,Consumer,2022-11-05,Social Media
10571,Customer_10571,Female,40,Hyderabad,Telangana,Consumer,2022-12-08,Email
10572,Customer_10572,Female,43,Kanpur,Uttar Pradesh,Consumer,2022-09-11,Social Media
10573,Customer_10573,Male,58,Chennai,Tamil Nadu,Consumer,2023-12-07,Social Media
10574,Customer_10574,Male,54,Surat,Gujarat,Consumer,2025-05-30,Direct
10575,Customer_10575,Male,26,Bhopal,Madhya Pradesh,Corporate,2023-10-13,Social Media
10576,Customer_10576,Male,47,Faridabad,Haryana,Consumer,2023-02-22,Direct
10577,Customer_10577,Male,30,Nashik,Maharashtra,Consumer,2023-06-05,Organic Search
10578,Customer_10578,Male,59,Faridabad,Haryana,Consumer,2024-05-14,Referral
10579,Customer_10579,Female,33,Warangal,Telangana,Consumer,2022-11-30,Social Media
10580,Customer_10580,Male,19,New Delhi,Delhi,Consumer,2024-02-10,Referral
10581,Customer_10581,Male,48,Chennai,Tamil Nadu,Corporate,2022-01-21,Email
10582,Customer_10582,Female,60,Ludhiana,Punjab,Consumer,2024-11-28,Direct
10583,Customer_10583,Male,36,Warangal,Telangana,Corporate,2025-11-29,Referral
10584,Customer_10584,Female,28,Mysuru,Karnataka,Consumer,2024-01-11,Organic Search
10585,Customer_10585,Female,31,Udaipur,Rajasthan,Corporate,2023-01-11,Organic Search
10586,Customer_10586,Female,42,New Delhi,Delhi,Consumer,2024-01-30,Organic Search
10587,Customer_10587,Male,24,Mumbai,Maharashtra,Corporate,2024-05-19,Paid Ads
10588,Customer_10588,Male,32,Nashik,Maharashtra,Consumer,2025-01-01,Referral
10589,Customer_10589,Female,47,Pune,Maharashtra,Consumer,2023-10-07,Paid Ads
10590,Customer_10590,Female,48,Pune,Maharashtra,Consumer,2022-07-16,Direct
10591,Customer_10591,Male,41,Pune,Maharashtra,Home Office,2025-03-11,Paid Ads
10592,Customer_10592,Male,42,Jaipur,Rajasthan,Corporate,2022-05-13,Paid Ads
10593,Customer_10593,Male,25,New Delhi,Delhi,Consumer,2022-01-25,Social Media
10594,Customer_10594,Male,47,Bengaluru,Karnataka,Consumer,2025-04-20,Referral
10595,Customer_10595,Female,53,Bhopal,Madhya Pradesh,Consumer,2022-05-06,Email
10596,Customer_10596,Male,31,Hyderabad,Telangana,Consumer,2023-08-16,Referral
10597,Customer_10597,Male,46,Udaipur,Rajasthan,Consumer,2023-07-01,Referral
10598,Customer_10598,Female,44,Delhi,Delhi,Consumer,2025-08-23,Organic Search
10599,Customer_10599,Male,53,Delhi,Delhi,Home Office,2022-04-02,Referral
10600,Customer_10600,Female,51,Nagpur,Maharashtra,Home Office,2023-12-09,Organic Search
10601,Customer_10601,Female,38,New Delhi,Delhi,Consumer,2022-12-22,Referral
10602,Customer_10602,Male,55,Mysuru,Karnataka,Consumer,2022-05-14,Social Media
10603,Customer_10603,Female,28,New Delhi,Delhi,Consumer,2024-09-01,Organic Search
10604,Customer_10604,Female,50,Nashik,Maharashtra,Consumer,2024-08-29,Email
10605,Customer_10605,Male,32,Pune,Maharashtra,Consumer,2023-03-03,Referral
10606,Customer_10606,Male,29,Coimbatore,Tamil Nadu,Consumer,2022-07-14,Direct
10607,Customer_10607,Male,41,New Delhi,Delhi,Home Office,2025-04-24,Direct
10608,Customer_10608,Female,54,Bengaluru,Karnataka,Home Office,2025-12-26,Referral
10609,Customer_10609,Female,28,Warangal,Telangana,Consumer,2022-10-25,Paid Ads
10610,Customer_10610,Male,36,Kolkata,West Bengal,Consumer,2022-04-13,Email
10611,Customer_10611,Female,18,Nagpur,Maharashtra,Corporate,2024-12-08,Paid Ads
10612,Customer_10612,Male,34,Kanpur,Uttar Pradesh,Corporate,2024-03-02,Organic Search
10613,Customer_10613,Female,57,Vadodara,Gujarat,Consumer,2025-07-04,Organic Search
10614,Customer_10614,Female,33,Nagpur,Maharashtra,Corporate,2024-11-04,Social Media
10615,Customer_10615,Male,43,Bhopal,Madhya Pradesh,Consumer,2023-07-01,Organic Search
10616,Customer_10616,Female,60,Gurugram,Haryana,Consumer,2025-02-24,Social Media
10617,Customer_10617,Female,60,Pune,Maharashtra,Consumer,2023-04-25,Organic Search
10618,Customer_10618,Female,32,Mysuru,Karnataka,Home Office,2022-10-27,Email
10619,Customer_10619,Male,25,Lucknow,Uttar Pradesh,Consumer,2025-04-21,Paid Ads
10620,Customer_10620,Female,47,Noida,Uttar Pradesh,Consumer,2023-06-11,Organic Search
10621,Customer_10621,Female,31,Delhi,Delhi,Corporate,2023-01-08,Organic Search
10622,Customer_10622,Male,50,New Delhi,Delhi,Corporate,2022-11-13,Referral
10623,Customer_10623,Male,59,Mysuru,Karnataka,Home Office,2022-05-05,Organic Search
10624,Customer_10624,Male,24,Warangal,Telangana,Consumer,2022-04-03,Organic Search
10625,Customer_10625,Female,35,Vadodara,Gujarat,Home Office,2024-03-20,Paid Ads
10626,Customer_10626,Female,29,Bengaluru,Karnataka,Consumer,2025-12-12,Organic Search
10627,Customer_10627,Male,19,Chennai,Tamil Nadu,Consumer,2025-10-24,Paid Ads
10628,Customer_10628,Female,46,Lucknow,Uttar Pradesh,Consumer,2024-08-08,Organic Search
10629,Customer_10629,Male,38,Nagpur,Maharashtra,Consumer,2023-03-07,Organic Search
10630,Customer_10630,Female,24,Delhi,Delhi,Consumer,2023-02-17,Referral
10631,Customer_10631,Male,44,Kolkata,West Bengal,Home Office,2022-11-13,Organic Search
10632,Customer_10632,Male,29,Bhopal,Madhya Pradesh,Consumer,2022-03-04,Organic Search
10633,Customer_10633,Male,37,Hyderabad,Telangana,Consumer,2024-11-20,Paid Ads
10634,Customer_10634,Male,31,Hyderabad,Telangana,Consumer,2025-09-19,Referral
10635,Customer_10635,Female,27,Nashik,Maharashtra,Consumer,2023-12-30,Social Media
10636,Customer_10636,Female,58,Chennai,Tamil Nadu,Consumer,2022-06-21,Organic Search
10637,Customer_10637,Male,40,Hyderabad,Telangana,Home Office,2025-05-24,Social Media
10638,Customer_10638,Male,47,Delhi,Delhi,Corporate,2023-04-02,Organic Search
10639,Customer_10639,Male,48,Delhi,Delhi,Home Office,2023-09-07,Direct
10640,Customer_10640,Female,27,Mysuru,Karnataka,Consumer,2025-07-07,Organic Search
10641,Customer_10641,Female,36,Mumbai,Maharashtra,Corporate,2023-07-06,Organic Search
10642,Customer_10642,Male,36,Mysuru,Karnataka,Consumer,2025-04-17,Organic Search
10643,Customer_10643,Female,40,New Delhi,Delhi,Corporate,2022-03-05,Referral
10644,Customer_10644,Male,58,Mysuru,Karnataka,Consumer,2023-07-17,Direct
10645,Customer_10645,Female,49,Mumbai,Maharashtra,Consumer,2023-10-04,Referral
10646,Customer_10646,Female,37,Indore,Madhya Pradesh,Consumer,2022-12-03,Social Media
10647,Customer_10647,Female,21,Ahmedabad,Gujarat,Consumer,2024-01-22,Direct
10648,Customer_10648,Female,50,Udaipur,Rajasthan,Consumer,2024-01-12,Organic Search
10649,Customer_10649,Female,18,Lucknow,Uttar Pradesh,Consumer,2023-09-18,Organic Search
10650,Customer_10650,Female,30,Warangal,Telangana,Corporate,2023-04-30,Social Media
10651,Customer_10651,Female,20,Nashik,Maharashtra,Home Office,2022-12-26,Paid Ads
10652,Customer_10652,Male,29,Vadodara,Gujarat,Consumer,2025-09-13,Social Media
10653,Customer_10653,Male,46,Vadodara,Gujarat,Consumer,2024-07-19,Social Media
10654,Customer_10654,Male,48,Noida,Uttar Pradesh,Corporate,2024-10-06,Direct
10655,Customer_10655,Female,58,Coimbatore,Tamil Nadu,Consumer,2022-09-19,Email
10656,Customer_10656,Male,53,Pune,Maharashtra,Consumer,2022-07-09,Direct
10657,Customer_10657,Male,19,Bengaluru,Karnataka,Corporate,2023-03-02,Organic Search
10658,Customer_10658,Male,39,Mysuru,Karnataka,Consumer,2023-08-02,Social Media
10659,Customer_10659,Male,39,Jaipur,Rajasthan,Consumer,2024-02-02,Paid Ads
10660,Customer_10660,Female,58,Ahmedabad,Gujarat,Consumer,2023-11-04,Paid Ads
10661,Customer_10661,Female,48,Mysuru,Karnataka,Consumer,2023-09-28,Referral
10662,Customer_10662,Female,31,Amritsar,Punjab,Consumer,2024-02-28,Email
10663,Customer_10663,Female,46,Ahmedabad,Gujarat,Consumer,2022-03-27,Organic Search
10664,Customer_10664,Female,52,New Delhi,Delhi,Consumer,2022-02-15,Organic Search
10665,Customer_10665,Male,26,Nashik,Maharashtra,Consumer,2022-04-01,Social Media
10666,Customer_10666,Male,49,Nashik,Maharashtra,Consumer,2022-01-14,Paid Ads
10667,Customer_10667,Female,44,Delhi,Delhi,Consumer,2025-07-15,Direct
10668,Customer_10668,Male,27,Nagpur,Maharashtra,Consumer,2023-07-07,Referral
10669,Customer_10669,Male,42,New Delhi,Delhi,Consumer,2023-12-01,Paid Ads
10670,Customer_10670,Female,50,Mysuru,Karnataka,Consumer,2024-06-19,Referral
10671,Customer_10671,Male,28,New Delhi,Delhi,Consumer,2023-06-07,Direct
10672,Customer_10672,Male,54,Indore,Madhya Pradesh,Consumer,2025-10-27,Direct
10673,Customer_10673,Male,26,Pune,Maharashtra,Consumer,2022-05-03,Email
10674,Customer_10674,Male,24,Hyderabad,Telangana,Consumer,2025-06-02,Organic Search
10675,Customer_10675,Male,24,Coimbatore,Tamil Nadu,Consumer,2022-03-15,Social Media
10676,Customer_10676,Male,51,Amritsar,Punjab,Home Office,2024-04-18,Social Media
10677,Customer_10677,Female,36,Mumbai,Maharashtra,Consumer,2022-05-23,Organic Search
10678,Customer_10678,Female,37,Chennai,Tamil Nadu,Consumer,2022-01-08,Organic Search
10679,Customer_10679,Male,59,Amritsar,Punjab,Consumer,2022-07-20,Paid Ads
10680,Customer_10680,Female,42,Indore,Madhya Pradesh,Corporate,2023-12-14,Referral
10681,Customer_10681,Male,22,Noida,Uttar Pradesh,Consumer,2022-07-26,Direct
10682,Customer_10682,Male,46,New Delhi,Delhi,Consumer,2023-12-13,Organic Search
10683,Customer_10683,Male,44,New Delhi,Delhi,Consumer,2025-11-21,Social Media
10684,Customer_10684,Female,42,Jaipur,Rajasthan,Consumer,2025-06-19,Paid Ads
10685,Customer_10685,Male,54,Faridabad,Haryana,Home Office,2023-03-20,Organic Search
10686,Customer_10686,Female,32,Vadodara,Gujarat,Home Office,2023-06-25,Social Media
10687,Customer_10687,Female,21,Surat,Gujarat,Consumer,2024-04-25,Organic Search
10688,Customer_10688,Female,31,Mysuru,Karnataka,Consumer,2025-11-26,Organic Search
10689,Customer_10689,Female,34,Kanpur,Uttar Pradesh,Corporate,2025-08-01,Direct
10690,Customer_10690,Female,38,Delhi,Delhi,Consumer,2025-12-19,Referral
10691,Customer_10691,Male,33,Mysuru,Karnataka,Consumer,2025-02-14,Paid Ads
10692,Customer_10692,Male,43,Chennai,Tamil Nadu,Corporate,2023-07-11,Organic Search
10693,Customer_10693,Female,26,Warangal,Telangana,Consumer,2025-06-19,Organic Search
10694,Customer_10694,Female,19,Delhi,Delhi,Home Office,2025-11-17,Organic Search
10695,Customer_10695,Male,60,Nagpur,Maharashtra,Consumer,2025-09-07,Organic Search
10696,Customer_10696,Male,32,Ahmedabad,Gujarat,Consumer,2024-11-30,Organic Search
10697,Customer_10697,Male,52,Mysuru,Karnataka,Consumer,2025-01-01,Referral
10698,Customer_10698,Male,41,Ahmedabad,Gujarat,Corporate,2024-03-26,Paid Ads
10699,Customer_10699,Male,55,Nashik,Maharashtra,Consumer,2025-01-23,Referral
10700,Customer_10700,Female,31,Warangal,Telangana,Consumer,2022-03-16,Organic Search
10701,Customer_10701,Female,54,Warangal,Telangana,Home Office,2022-07-22,Paid Ads
10702,Customer_10702,Male,54,Nagpur,Maharashtra,Consumer,2022-03-20,Referral
10703,Customer_10703,Female,23,Bengaluru,Karnataka,Consumer,2023-04-05,Referral
10704,Customer_10704,Female,35,Mumbai,Maharashtra,Corporate,2023-10-02,Organic Search
10705,Customer_10705,Male,39,Mumbai,Maharashtra,Consumer,2025-12-12,Direct
10706,Customer_10706,Male,35,Ludhiana,Punjab,Consumer,2024-01-10,Social Media
10707,Customer_10707,Female,19,Mysuru,Karnataka,Consumer,2023-02-28,Social Media
10708,Customer_10708,Female,49,Kanpur,Uttar Pradesh,Corporate,2025-10-01,Referral
10709,Customer_10709,Male,34,New Delhi,Delhi,Consumer,2024-04-03,Organic Search
10710,Customer_10710,Other,18,Jaipur,Rajasthan,Corporate,2022-01-09,Organic Search
10711,Customer_10711,Male,26,Lucknow,Uttar Pradesh,Consumer,2025-02-28,Email
10712,Customer_10712,Male,30,Surat,Gujarat,Home Office,2024-12-20,Paid Ads
10713,Customer_10713,Male,53,Hyderabad,Telangana,Consumer,2023-12-08,Organic Search
10714,Customer_10714,Male,54,Chennai,Tamil Nadu,Consumer,2023-12-13,Referral
10715,Customer_10715,Female,47,Mysuru,Karnataka,Consumer,2023-05-23,Organic Search
10716,Customer_10716,,48,Faridabad,Haryana,Consumer,2022-10-10,Organic Search
10717,Customer_10717,Male,40,Noida,Uttar Pradesh,Consumer,2025-07-26,Paid Ads
10718,Customer_10718,Female,45,Ludhiana,Punjab,Consumer,2024-02-18,Social Media
10719,Customer_10719,Female,27,Nashik,Maharashtra,Consumer,2023-11-10,Direct
10720,Customer_10720,Male,42,Kolkata,West Bengal,Consumer,2024-09-04,Social Media
10721,Customer_10721,Female,53,Gurugram,Haryana,Consumer,2023-04-15,Email
10722,Customer_10722,Male,43,Delhi,Delhi,Corporate,2023-08-17,Referral
10723,Customer_10723,Female,43,Nagpur,Maharashtra,Corporate,2025-09-16,Social Media
10724,Customer_10724,Male,30,Noida,Uttar Pradesh,Consumer,2025-09-09,Referral
10725,Customer_10725,Female,34,Vadodara,Gujarat,Consumer,2024-07-20,Direct
10726,Customer_10726,Male,57,Lucknow,Uttar Pradesh,Consumer,2023-07-01,Organic Search
10727,Customer_10727,Female,21,Mumbai,Maharashtra,Home Office,2024-02-27,Referral
10728,Customer_10728,Female,40,Kanpur,Uttar Pradesh,Home Office,2022-06-22,Organic Search
10729,Customer_10729,Male,52,Delhi,Delhi,Consumer,2025-12-11,Referral
10730,Customer_10730,Male,28,Mumbai,Maharashtra,Consumer,2022-11-14,Referral
10731,Customer_10731,Male,29,Nagpur,Maharashtra,Consumer,2024-05-04,Email
10732,Customer_10732,Female,26,Noida,Uttar Pradesh,Consumer,2025-01-10,Paid Ads
10733,Customer_10733,Male,32,Jaipur,Rajasthan,Consumer,2022-04-26,Organic Search
10734,Customer_10734,Female,54,Warangal,Telangana,Consumer,2022-05-05,Organic Search
10735,Customer_10735,Male,22,Mysuru,Karnataka,Consumer,2024-07-06,Paid Ads
10736,Customer_10736,Male,36,Bhopal,Madhya Pradesh,Consumer,2023-08-15,Organic Search
10737,Customer_10737,Male,28,Coimbatore,Tamil Nadu,Home Office,2025-01-10,Referral
10738,Customer_10738,Male,26,Kanpur,Uttar Pradesh,Consumer,2025-11-15,Organic Search
10739,Customer_10739,Female,52,Chennai,Tamil Nadu,Consumer,2025-12-09,Email
10740,Customer_10740,Female,44,Mysuru,Karnataka,Consumer,2024-02-29,Paid Ads
10741,Customer_10741,Male,30,Chennai,Tamil Nadu,Consumer,2024-03-12,Social Media
10742,Customer_10742,Male,29,Bengaluru,Karnataka,Home Office,2025-02-07,Organic Search
10743,Customer_10743,Male,26,Kanpur,Uttar Pradesh,Consumer,2023-11-19,Paid Ads
10744,Customer_10744,Female,59,Warangal,Telangana,Consumer,2024-12-13,Social Media
10745,Customer_10745,Male,45,New Delhi,Delhi,Consumer,2022-10-30,Referral
10746,Customer_10746,Female,30,Indore,Madhya Pradesh,Consumer,2025-11-11,Paid Ads
10747,Customer_10747,Female,37,Coimbatore,Tamil Nadu,Corporate,2025-05-08,Organic Search
10748,Customer_10748,Male,30,Vadodara,Gujarat,Consumer,2023-12-13,Organic Search
10749,Customer_10749,Female,44,Gurugram,Haryana,Consumer,2023-10-31,Social Media
10750,Customer_10750,Male,43,Ahmedabad,Gujarat,Consumer,2025-11-27,Organic Search
10751,Customer_10751,Male,46,Pune,Maharashtra,Consumer,2024-07-28,Organic Search
10752,Customer_10752,Male,46,Gurugram,Haryana,Consumer,2022-12-26,Organic Search
10753,Customer_10753,Male,39,Surat,Gujarat,Consumer,2025-04-18,Paid Ads
10754,Customer_10754,Male,26,Mysuru,Karnataka,Consumer,2025-05-06,Direct
10755,Customer_10755,Male,41,Nashik,Maharashtra,Corporate,2022-01-20,Direct
10756,Customer_10756,Male,59,Lucknow,Uttar Pradesh,Consumer,2022-11-12,Direct
10757,Customer_10757,Male,36,Ahmedabad,Gujarat,Consumer,2024-06-01,Paid Ads
10758,Customer_10758,Female,55,Warangal,Telangana,Consumer,2025-06-20,Direct
10759,Customer_10759,Female,48,Indore,Madhya Pradesh,Consumer,2022-06-22,Organic Search
10760,Customer_10760,Male,56,Noida,Uttar Pradesh,Consumer,2025-11-10,Referral
10761,Customer_10761,Male,32,Nagpur,Maharashtra,Consumer,2024-01-19,Paid Ads
10762,Customer_10762,Male,49,Bengaluru,Karnataka,Consumer,2024-10-20,Direct
10763,Customer_10763,Female,46,,Delhi,Home Office,2025-03-02,Social Media
10764,Customer_10764,Female,51,Kanpur,Uttar Pradesh,Consumer,2022-09-14,Referral
10765,Customer_10765,Male,26,Nagpur,Maharashtra,Corporate,2024-04-26,Social Media
10766,Customer_10766,Male,52,Vadodara,Gujarat,Corporate,2023-09-03,Referral
10767,Customer_10767,Male,23,Lucknow,Uttar Pradesh,Home Office,2022-04-16,Referral
10768,Customer_10768,Male,54,Bhopal,Madhya Pradesh,Consumer,2022-04-06,Email
10769,Customer_10769,Female,31,Bengaluru,Karnataka,Home Office,2023-02-22,Email
10770,Customer_10770,Female,26,Noida,Uttar Pradesh,Home Office,2023-09-11,Social Media
10771,Customer_10771,Male,36,Nashik,Maharashtra,Consumer,2025-06-24,Organic Search
10772,Customer_10772,Male,40,Indore,Madhya Pradesh,Consumer,2022-09-20,Email
10773,Customer_10773,Male,58,Mumbai,Maharashtra,Consumer,2024-11-10,Direct
10774,Customer_10774,Male,45,Coimbatore,Tamil Nadu,Consumer,2023-09-12,Organic Search
10775,Customer_10775,Female,33,Kanpur,Uttar Pradesh,Consumer,2022-03-07,Referral
10776,Customer_10776,Male,43,Mumbai,Maharashtra,Consumer,2025-08-18,Paid Ads
10777,Customer_10777,Male,55,New Delhi,Delhi,Corporate,2024-06-13,Direct
10778,Customer_10778,Male,57,Kolkata,West Bengal,Consumer,2024-11-22,Referral
10779,Customer_10779,Female,42,Kolkata,West Bengal,Corporate,2022-04-03,Paid Ads
10780,Customer_10780,Female,52,Udaipur,Rajasthan,Consumer,2025-09-03,Direct
10781,Customer_10781,Male,22,Kolkata,West Bengal,Consumer,2025-01-10,Social Media
10782,Customer_10782,Male,24,Surat,Gujarat,Consumer,2025-03-08,Email
10783,Customer_10783,Male,40,New Delhi,Delhi,Consumer,2023-08-16,Organic Search
10784,Customer_10784,Female,42,Bengaluru,Karnataka,Corporate,2025-06-26,Paid Ads
10785,Customer_10785,Male,18,New Delhi,Delhi,Consumer,2025-04-28,Direct
10786,Customer_10786,Male,39,Faridabad,Haryana,Consumer,2022-12-10,Referral
10787,Customer_10787,Male,21,Surat,Gujarat,Home Office,2023-06-11,Social Media
10788,Customer_10788,Female,45,Chennai,Tamil Nadu,Consumer,2024-02-09,Organic Search
10789,Customer_10789,Male,31,Chennai,Tamil Nadu,Corporate,2025-02-16,Organic Search
10790,Customer_10790,Male,50,Faridabad,Haryana,Consumer,2024-07-02,Paid Ads
10791,Customer_10791,Female,21,Pune,Maharashtra,Consumer,2025-12-15,Direct
10792,Customer_10792,Female,59,Vadodara,Gujarat,Consumer,2023-07-27,Email
10793,Customer_10793,Female,28,Hyderabad,Telangana,Home Office,2024-05-27,Paid Ads
10794,Customer_10794,Female,56,Ahmedabad,Gujarat,Consumer,2024-10-30,Organic Search
10795,Customer_10795,Male,49,Pune,Maharashtra,Home Office,2023-07-06,Paid Ads
10796,Customer_10796,Male,21,Indore,Madhya Pradesh,Home Office,2022-06-12,Email
10797,Customer_10797,Female,18,Faridabad,Haryana,Consumer,2025-03-10,Social Media
10798,Customer_10798,Male,43,Surat,Gujarat,Consumer,2025-02-19,Direct
10799,Customer_10799,Female,50,Kolkata,West Bengal,Corporate,2022-03-05,Organic Search
10800,Customer_10800,Female,34,Gurugram,Haryana,Consumer,2024-08-22,Social Media
10801,Customer_10801,Female,44,Kolkata,West Bengal,Consumer,2025-03-28,Organic Search
10802,Customer_10802,Male,59,Mumbai,Maharashtra,Consumer,2024-08-22,Direct
10803,Customer_10803,Female,22,Vadodara,Gujarat,Corporate,2022-01-11,Paid Ads
10804,Customer_10804,Female,24,Vadodara,Gujarat,Corporate,2022-04-15,Social Media
10805,Customer_10805,Female,42,Chennai,Tamil Nadu,Consumer,2023-12-10,Direct
10806,Customer_10806,Male,25,Kolkata,West Bengal,Consumer,2023-06-16,Organic Search
10807,Customer_10807,Male,51,Gurugram,Haryana,Home Office,2023-07-30,Organic Search
10808,Customer_10808,Male,58,Gurugram,Haryana,Consumer,2022-03-04,Social Media
10809,Customer_10809,Male,21,Coimbatore,Tamil Nadu,Corporate,2025-08-11,Organic Search
10810,Customer_10810,Male,29,Pune,Maharashtra,Consumer,2023-01-10,Direct
10811,Customer_10811,Female,48,Amritsar,Punjab,Corporate,2024-05-18,Referral
10812,Customer_10812,Female,28,Kanpur,Uttar Pradesh,Home Office,2024-10-09,Organic Search
10813,Customer_10813,Female,54,Nashik,Maharashtra,Consumer,2025-06-21,Organic Search
10814,Customer_10814,Male,53,Faridabad,Haryana,Consumer,2024-11-15,Social Media
10815,Customer_10815,Male,39,Bhopal,Madhya Pradesh,Consumer,2024-02-16,Paid Ads
10816,Customer_10816,Female,18,Hyderabad,Telangana,Consumer,2024-02-06,Social Media
10817,Customer_10817,Male,21,Ahmedabad,Gujarat,Consumer,2023-08-14,Organic Search
10818,Customer_10818,Male,53,Chennai,Tamil Nadu,Consumer,2025-04-16,Referral
10819,Customer_10819,Male,25,Nashik,Maharashtra,Consumer,2022-12-12,Organic Search
10820,Customer_10820,Female,42,Bengaluru,Karnataka,Consumer,2024-07-09,Paid Ads
10821,Customer_10821,Female,45,Noida,Uttar Pradesh,Corporate,2024-04-23,Referral
10822,Customer_10822,Male,55,Nashik,Maharashtra,Consumer,2022-10-27,Social Media
10823,Customer_10823,Female,53,Mysuru,Karnataka,Consumer,2023-06-26,Social Media
10824,Customer_10824,Male,53,Coimbatore,Tamil Nadu,Consumer,2024-10-25,Organic Search
10825,Customer_10825,Male,60,Vadodara,Gujarat,Corporate,2025-01-20,Organic Search
10826,Customer_10826,Female,58,Faridabad,Haryana,Consumer,2025-09-16,Social Media
10827,Customer_10827,Female,21,Bengaluru,Karnataka,Consumer,2024-05-30,Organic Search
10828,Customer_10828,Female,30,Mysuru,Karnataka,Consumer,2025-05-11,Referral
10829,Customer_10829,Female,55,Kanpur,Uttar Pradesh,Corporate,2025-04-25,Referral
10830,Customer_10830,Female,42,Chennai,Tamil Nadu,Corporate,2022-06-21,Social Media
10831,Customer_10831,Female,20,New Delhi,Delhi,Corporate,2025-06-16,Organic Search
10832,Customer_10832,Female,49,Chennai,Tamil Nadu,Consumer,2022-07-23,Direct
10833,Customer_10833,Female,56,Nashik,Maharashtra,Consumer,2022-12-12,Email
10834,Customer_10834,Female,18,Delhi,Delhi,Corporate,2024-06-17,Direct
10835,Customer_10835,Other,28,Hyderabad,Telangana,Consumer,2022-04-06,Social Media
10836,Customer_10836,Male,19,Chennai,Tamil Nadu,Consumer,2025-11-22,Organic Search
10837,Customer_10837,Female,22,Gurugram,Haryana,Consumer,2025-03-08,Social Media
10838,Customer_10838,Male,39,Mysuru,Karnataka,Corporate,2022-07-21,Social Media
10839,Customer_10839,Male,30,Vadodara,Gujarat,Consumer,2025-12-08,Paid Ads
10840,Customer_10840,Female,40,Jaipur,Rajasthan,Consumer,2024-05-18,Paid Ads
10841,Customer_10841,Male,48,Nashik,Maharashtra,Consumer,2023-08-12,Social Media
10842,Customer_10842,Male,52,Jaipur,Rajasthan,Consumer,2023-01-08,Direct
10843,Customer_10843,Female,55,Delhi,Delhi,Consumer,2024-01-12,Organic Search
10844,Customer_10844,Male,58,Amritsar,Punjab,Consumer,2023-10-08,Direct
10845,Customer_10845,Male,52,Nashik,Maharashtra,Consumer,2022-11-14,Paid Ads
10846,Customer_10846,Female,30,Coimbatore,Tamil Nadu,Consumer,2022-05-16,Referral
10847,Customer_10847,Male,24,Pune,Maharashtra,Consumer,2025-01-30,Paid Ads
10848,Customer_10848,Male,22,Ludhiana,Punjab,Consumer,2023-01-30,Paid Ads
10849,Customer_10849,Male,46,Hyderabad,Telangana,Consumer,2025-08-11,Organic Search
10850,Customer_10850,Male,25,Vadodara,Gujarat,Consumer,2023-08-11,Referral
10851,Customer_10851,Female,25,Nagpur,Maharashtra,Consumer,2022-08-03,Social Media
10852,Customer_10852,Female,24,Kanpur,Uttar Pradesh,Consumer,2023-09-26,Social Media
10853,Customer_10853,Male,36,New Delhi,Delhi,Consumer,2025-08-15,Organic Search
10854,Customer_10854,Female,56,Bhopal,Madhya Pradesh,Consumer,2025-03-27,Social Media
10855,Customer_10855,Male,40,New Delhi,Delhi,Consumer,2023-06-12,Referral
10856,Customer_10856,Male,53,New Delhi,Delhi,Home Office,2022-06-13,Paid Ads
10857,Customer_10857,Female,59,Mumbai,Maharashtra,Consumer,2024-09-16,Social Media
10858,Customer_10858,Female,49,Hyderabad,Telangana,Consumer,2023-11-19,Referral
10859,Customer_10859,Female,21,Ahmedabad,Gujarat,Consumer,2023-01-21,Referral
10860,Customer_10860,Male,47,Pune,Maharashtra,Consumer,2022-07-11,Email
10861,Customer_10861,Male,59,Lucknow,Uttar Pradesh,Consumer,2024-09-08,Social Media
10862,Customer_10862,Male,56,Coimbatore,Tamil Nadu,Corporate,2025-02-25,Email
10863,Customer_10863,Male,22,Warangal,Telangana,Consumer,2025-12-26,Organic Search
10864,Customer_10864,Female,20,Chennai,Tamil Nadu,Consumer,2024-02-06,Direct
10865,Customer_10865,Male,39,Coimbatore,Tamil Nadu,Corporate,2024-11-12,Direct
10866,Customer_10866,Female,45,Surat,Gujarat,Consumer,2022-02-27,Social Media
10867,Customer_10867,Male,39,Nashik,Maharashtra,Consumer,2024-01-05,Direct
10868,Customer_10868,Male,39,Delhi,Delhi,Consumer,2022-04-11,Email
10869,Customer_10869,Male,51,Bhopal,Madhya Pradesh,Consumer,2024-03-08,Organic Search
10870,Customer_10870,Male,46,Gurugram,Haryana,Consumer,2024-05-18,Paid Ads
10871,Customer_10871,Female,60,Mysuru,Karnataka,Consumer,2025-07-16,Direct
10872,Customer_10872,Male,59,Delhi,Delhi,Consumer,2024-05-07,Organic Search
10873,Customer_10873,Male,30,Jaipur,Rajasthan,Home Office,2022-02-08,Direct
10874,Customer_10874,Female,24,Chennai,Tamil Nadu,Home Office,2023-03-13,Organic Search
10875,Customer_10875,Female,27,Nashik,Maharashtra,Corporate,2022-10-08,Referral
10876,Customer_10876,Male,45,Mumbai,Maharashtra,Home Office,2023-10-14,Social Media
10877,Customer_10877,Male,21,Kolkata,West Bengal,Consumer,2022-07-12,Referral
10878,Customer_10878,Female,49,Jaipur,Rajasthan,Consumer,2024-03-17,Organic Search
10879,Customer_10879,Female,39,Nagpur,Maharashtra,Consumer,2025-01-21,Social Media
10880,Customer_10880,Female,37,New Delhi,Delhi,Corporate,2024-09-22,Referral
10881,Customer_10881,Male,37,New Delhi,Delhi,Consumer,2024-11-08,Referral
10882,Customer_10882,Other,23,Jaipur,Rajasthan,Consumer,2024-10-10,Direct
10883,Customer_10883,Male,26,Nashik,Maharashtra,Corporate,2024-12-10,Email
10884,Customer_10884,Male,45,Nashik,Maharashtra,Corporate,2025-09-29,Organic Search
10885,Customer_10885,Female,30,Kanpur,Uttar Pradesh,Corporate,2022-06-01,Direct
10886,Customer_10886,Male,48,New Delhi,Delhi,Consumer,2023-04-06,Referral
10887,Customer_10887,Male,56,Udaipur,Rajasthan,Consumer,2025-01-25,Referral
10888,Customer_10888,Male,31,New Delhi,Delhi,Consumer,2022-04-13,Organic Search
10889,Customer_10889,Male,39,Nashik,Maharashtra,Consumer,2024-03-26,Social Media
10890,Customer_10890,Female,54,New Delhi,Delhi,Consumer,2023-07-30,Organic Search
10891,Customer_10891,Female,41,Kolkata,West Bengal,Consumer,2023-08-11,Email
10892,Customer_10892,Male,25,Bhopal,Madhya Pradesh,Consumer,2022-08-17,Social Media
10893,Customer_10893,Male,32,Lucknow,Uttar Pradesh,Consumer,2024-04-03,Organic Search
10894,Customer_10894,Female,58,Chennai,Tamil Nadu,Corporate,2025-02-20,Social Media
10895,Customer_10895,Female,23,Jaipur,Rajasthan,Corporate,2025-05-01,Social Media
10896,Customer_10896,Male,40,New Delhi,Delhi,Consumer,2022-12-09,Paid Ads
10897,Customer_10897,Other,42,Mysuru,Karnataka,Consumer,2023-01-12,Organic Search
10898,Customer_10898,Female,48,Indore,Madhya Pradesh,Consumer,2024-08-07,Direct
10899,Customer_10899,Male,46,Pune,Maharashtra,Consumer,2025-07-16,Paid Ads
10900,Customer_10900,Male,40,Nagpur,Maharashtra,Corporate,2024-01-28,Social Media
10901,Customer_10901,Male,27,Delhi,Delhi,Corporate,2025-04-21,Organic Search
10902,Customer_10902,Female,26,Nagpur,Maharashtra,Corporate,2024-08-02,Paid Ads
10903,Customer_10903,Male,30,New Delhi,Delhi,Consumer,2022-07-19,Organic Search
10904,Customer_10904,Male,49,Surat,Gujarat,Corporate,2025-04-25,Organic Search
10905,Customer_10905,Male,58,Chennai,Tamil Nadu,Consumer,2022-04-05,Paid Ads
10906,Customer_10906,Female,18,Indore,Madhya Pradesh,Consumer,2022-03-10,Organic Search
10907,Customer_10907,Male,18,Kanpur,Uttar Pradesh,Consumer,2023-10-23,Referral
10908,Customer_10908,Female,54,Bengaluru,Karnataka,Corporate,2022-05-28,Social Media
10909,Customer_10909,Female,57,New Delhi,Delhi,Consumer,2023-05-07,Organic Search
10910,Customer_10910,Male,35,Coimbatore,Tamil Nadu,Consumer,2023-12-05,Referral
10911,Customer_10911,Male,53,Vadodara,Gujarat,Consumer,2023-11-20,Referral
10912,Customer_10912,Male,48,Delhi,Delhi,Consumer,2025-11-22,Referral
10913,Customer_10913,Female,18,Vadodara,Gujarat,Consumer,2023-01-19,Social Media
10914,Customer_10914,Male,53,Chennai,Tamil Nadu,Consumer,2023-06-21,Direct
10915,Customer_10915,Male,26,Surat,Gujarat,Consumer,2023-03-16,Paid Ads
10916,Customer_10916,Male,39,Coimbatore,Tamil Nadu,Corporate,2025-03-26,Referral
10917,Customer_10917,Male,45,Mysuru,Karnataka,Consumer,2023-04-10,Social Media
10918,Customer_10918,Female,43,Faridabad,Haryana,Consumer,2025-04-19,Email
10919,Customer_10919,Female,27,Lucknow,Uttar Pradesh,Consumer,2025-10-27,Direct
10920,Customer_10920,Female,20,Nashik,Maharashtra,Corporate,2023-08-26,Referral
10921,Customer_10921,Male,19,Bhopal,Madhya Pradesh,Consumer,2022-06-29,Organic Search
10922,Customer_10922,Male,54,Hyderabad,Telangana,Corporate,2022-02-21,Social Media
10923,Customer_10923,Female,48,Indore,Madhya Pradesh,Consumer,2023-05-01,Referral
10924,Customer_10924,Male,50,Noida,Uttar Pradesh,Consumer,2025-10-13,Email
10925,Customer_10925,Female,49,Coimbatore,Tamil Nadu,Home Office,2025-09-12,Social Media
10926,Customer_10926,Male,60,Pune,Maharashtra,Consumer,2024-09-26,Paid Ads
10927,Customer_10927,Male,29,New Delhi,Delhi,Consumer,2024-05-11,Organic Search
10928,Customer_10928,Female,20,Surat,Gujarat,Consumer,2023-01-26,Social Media
10929,Customer_10929,Other,43,Jaipur,Rajasthan,Consumer,2023-06-25,Organic Search
10930,Customer_10930,Female,31,New Delhi,Delhi,Consumer,2023-06-17,Organic Search
10931,Customer_10931,Male,29,Nagpur,Maharashtra,Home Office,2023-07-12,Paid Ads
10932,Customer_10932,Male,43,Lucknow,Uttar Pradesh,Home Office,2024-09-02,Social Media
10933,Customer_10933,Female,33,Amritsar,Punjab,Consumer,2025-07-18,Organic Search
10934,Customer_10934,Female,25,Hyderabad,Telangana,Consumer,2022-11-15,Organic Search
10935,Customer_10935,Female,45,New Delhi,Delhi,Corporate,2025-04-18,Direct
10936,Customer_10936,Male,24,Delhi,Delhi,Consumer,2025-02-07,Organic Search
10937,Customer_10937,Female,32,Mumbai,Maharashtra,Consumer,2022-07-30,Email
10938,Customer_10938,Female,58,Faridabad,Haryana,Corporate,2025-09-18,Referral
10939,Customer_10939,Female,53,Nagpur,Maharashtra,Consumer,2022-11-18,Organic Search
10940,Customer_10940,Female,25,Ahmedabad,Gujarat,Corporate,2025-02-18,Direct
10941,Customer_10941,Male,27,Bengaluru,Karnataka,Corporate,2022-09-02,Referral
10942,Customer_10942,Female,32,Ahmedabad,Gujarat,Home Office,2025-09-19,Social Media
10943,Customer_10943,Female,35,Jaipur,Rajasthan,Consumer,2025-10-31,Organic Search
10944,Customer_10944,Female,54,Lucknow,Uttar Pradesh,Home Office,2023-10-24,Social Media
10945,Customer_10945,Female,58,New Delhi,Delhi,Consumer,2025-04-14,Organic Search
10946,Customer_10946,Female,60,Pune,Maharashtra,Consumer,2024-01-22,Organic Search
10947,Customer_10947,Female,52,Pune,Maharashtra,Consumer,2022-02-28,Social Media
10948,Customer_10948,Male,19,Bhopal,Madhya Pradesh,Consumer,2022-07-05,Referral
10949,Customer_10949,Male,39,,Madhya Pradesh,Consumer,2023-11-17,Paid Ads
10950,Customer_10950,Male,32,Ahmedabad,Gujarat,Corporate,2024-01-30,Social Media
10951,Customer_10951,Male,54,Ahmedabad,Gujarat,Consumer,2023-12-04,Organic Search
10952,Customer_10952,Male,56,Udaipur,Rajasthan,Consumer,2024-10-31,Organic Search
10953,Customer_10953,Male,53,New Delhi,Delhi,Corporate,2023-01-08,Social Media
10954,Customer_10954,Male,22,Gurugram,Haryana,Home Office,2022-06-21,Paid Ads
10955,Customer_10955,Male,32,Coimbatore,Tamil Nadu,Consumer,2024-11-29,Social Media
10956,Customer_10956,Male,44,Chennai,Tamil Nadu,Consumer,2024-11-10,Organic Search
10957,Customer_10957,Male,33,Hyderabad,Telangana,Corporate,2024-01-12,Direct
10958,Customer_10958,Female,53,Nashik,Maharashtra,Corporate,2022-02-11,Paid Ads
10959,Customer_10959,Male,55,Pune,Maharashtra,Consumer,2023-12-16,Direct
10960,Customer_10960,Male,35,Lucknow,Uttar Pradesh,Consumer,2024-11-27,Referral
10961,Customer_10961,Female,52,Mumbai,Maharashtra,Consumer,2025-07-29,Referral
10962,Customer_10962,Female,42,Vadodara,Gujarat,Home Office,2022-08-30,Direct
10963,Customer_10963,Male,39,New Delhi,Delhi,Consumer,2022-01-29,Referral
10964,Customer_10964,Female,48,Chennai,Tamil Nadu,Consumer,2025-02-16,Referral
10965,Customer_10965,Female,54,Bengaluru,Karnataka,Home Office,2024-02-29,Organic Search
10966,Customer_10966,Female,51,Mysuru,Karnataka,Consumer,2023-06-20,Social Media
10967,Customer_10967,Male,40,Kolkata,West Bengal,Home Office,2022-09-18,Referral
10968,Customer_10968,Female,33,Bengaluru,Karnataka,Consumer,2024-12-30,Referral
10969,Customer_10969,Male,23,Vadodara,Gujarat,Consumer,2023-08-10,Social Media
10970,Customer_10970,Female,32,Hyderabad,Telangana,Consumer,2023-04-29,Paid Ads
10971,Customer_10971,Other,35,Udaipur,Rajasthan,Home Office,2024-07-09,Organic Search
10972,Customer_10972,Male,55,Faridabad,Haryana,Corporate,2024-11-07,Email
10973,Customer_10973,Female,30,Kolkata,West Bengal,Home Office,2024-05-26,Paid Ads
10974,Customer_10974,Male,41,Delhi,Delhi,Corporate,2024-04-07,Email
10975,Customer_10975,Other,30,Pune,Maharashtra,Consumer,2025-01-05,Organic Search
10976,Customer_10976,Female,18,New Delhi,Delhi,Consumer,2025-08-05,Paid Ads
10977,Customer_10977,Male,53,Vadodara,Gujarat,Consumer,2023-05-08,Paid Ads
10978,Customer_10978,Female,35,Nagpur,Maharashtra,Consumer,2022-08-04,Organic Search
10979,Customer_10979,Male,50,Warangal,Telangana,Home Office,2025-01-25,Social Media
10980,Customer_10980,Male,55,Ahmedabad,Gujarat,Consumer,2024-03-27,Social Media
10981,Customer_10981,Female,60,Bengaluru,Karnataka,Corporate,2025-10-23,Organic Search
10982,Customer_10982,Male,23,Lucknow,Uttar Pradesh,Home Office,2022-04-10,Organic Search
10983,Customer_10983,Female,34,Nashik,Maharashtra,Consumer,2024-12-03,Organic Search
10984,Customer_10984,Male,21,Pune,Maharashtra,Home Office,2025-10-04,Paid Ads
10985,Customer_10985,Male,31,Kolkata,West Bengal,Consumer,2024-03-01,Direct
10986,Customer_10986,Female,47,Warangal,Telangana,Corporate,2023-09-06,Social Media
10987,Customer_10987,Male,37,Kolkata,West Bengal,Consumer,2024-09-08,Organic Search
10988,Customer_10988,Female,25,Chennai,Tamil Nadu,Consumer,2022-07-30,Organic Search
10989,Customer_10989,Female,19,New Delhi,Delhi,Consumer,2022-12-14,Referral
10990,Customer_10990,Female,54,Lucknow,Uttar Pradesh,Home Office,2024-10-13,Organic Search
10991,Customer_10991,Female,21,Kanpur,Uttar Pradesh,Corporate,2025-03-06,Referral
10992,Customer_10992,Female,27,Kolkata,West Bengal,Consumer,2025-10-10,Direct
10993,Customer_10993,Male,37,Delhi,Delhi,Home Office,2022-03-18,Social Media
10994,Customer_10994,Female,52,Vadodara,Gujarat,Consumer,2025-12-13,Social Media
10995,Customer_10995,Male,27,Mysuru,Karnataka,Corporate,2025-02-22,Organic Search
10996,Customer_10996,Female,45,Nagpur,Maharashtra,Consumer,2024-12-19,Referral
10997,Customer_10997,Female,32,,Haryana,Consumer,2023-09-30,Organic Search
10998,Customer_10998,Female,53,Nagpur,Maharashtra,Consumer,2024-07-11,Social Media
10999,Customer_10999,Female,18,Gurugram,Haryana,Consumer,2022-01-24,Social Media
11000,Customer_11000,Female,39,Coimbatore,Tamil Nadu,Consumer,2022-11-09,Organic Search
11001,Customer_11001,Female,44,Delhi,Delhi,Consumer,2025-08-15,Direct
11002,Customer_11002,Female,46,Ahmedabad,Gujarat,Consumer,2023-12-09,Paid Ads
11003,Customer_11003,,32,Indore,Madhya Pradesh,Consumer,2023-10-20,Organic Search
11004,Customer_11004,Male,27,Kolkata,West Bengal,Home Office,2023-07-19,Social Media
11005,Customer_11005,Male,37,Lucknow,Uttar Pradesh,Consumer,2023-05-05,Paid Ads
11006,Customer_11006,Female,39,Udaipur,Rajasthan,Consumer,2025-01-19,Email
11007,Customer_11007,Male,26,Kolkata,West Bengal,Consumer,2022-10-25,Referral
11008,Customer_11008,Male,49,Indore,Madhya Pradesh,Consumer,2025-10-14,Direct
11009,Customer_11009,Male,34,Delhi,Delhi,Corporate,2025-02-04,Social Media
11010,Customer_11010,Female,59,Hyderabad,Telangana,Corporate,2025-09-24,Organic Search
11011,Customer_11011,Female,36,New Delhi,Delhi,Consumer,2025-11-15,Direct
11012,Customer_11012,Male,57,Ludhiana,Punjab,Consumer,2024-12-19,Social Media
11013,Customer_11013,Male,44,Gurugram,Haryana,Corporate,2025-07-18,Organic Search
11014,Customer_11014,Male,54,Nashik,Maharashtra,Home Office,2025-11-03,Paid Ads
11015,Customer_11015,Male,51,Kolkata,West Bengal,Consumer,2024-10-28,Organic Search
11016,Customer_11016,Male,27,Faridabad,Haryana,Consumer,2025-05-07,Organic Search
11017,Customer_11017,Female,47,New Delhi,Delhi,Consumer,2023-08-08,Email
11018,Customer_11018,Other,38,Ahmedabad,Gujarat,Consumer,2022-01-12,Organic Search
11019,Customer_11019,Male,38,Gurugram,Haryana,Corporate,2025-07-14,Referral
11020,Customer_11020,Male,51,Pune,Maharashtra,Consumer,2023-05-06,Referral
11021,Customer_11021,Male,26,Kolkata,West Bengal,Consumer,2023-04-06,Direct
11022,Customer_11022,Male,51,Bengaluru,Karnataka,Consumer,2023-06-13,Social Media
11023,Customer_11023,Male,29,Faridabad,Haryana,Consumer,2024-09-11,Referral
11024,Customer_11024,Male,38,Amritsar,Punjab,Consumer,2025-06-04,Social Media
11025,Customer_11025,Male,37,Faridabad,Haryana,Consumer,2024-12-12,Social Media
11026,Customer_11026,Female,23,Warangal,Telangana,Corporate,2025-12-06,Organic Search
11027,Customer_11027,Female,53,Indore,Madhya Pradesh,Consumer,2025-02-18,Email
11028,Customer_11028,Female,29,Indore,Madhya Pradesh,Consumer,2025-04-14,Organic Search
11029,Customer_11029,Male,58,Mysuru,Karnataka,Consumer,2025-01-17,Organic Search
11030,Customer_11030,Female,48,Lucknow,Uttar Pradesh,Consumer,2025-08-07,Paid Ads
11031,Customer_11031,Female,19,Nagpur,Maharashtra,Consumer,2025-04-02,Referral
11032,Customer_11032,Male,33,Ahmedabad,Gujarat,Consumer,2023-08-23,Paid Ads
11033,Customer_11033,Male,18,Delhi,Delhi,Corporate,2023-06-22,Referral
11034,Customer_11034,Male,21,Mumbai,Maharashtra,Consumer,2025-04-30,Direct
11035,Customer_11035,Male,18,Nagpur,Maharashtra,Corporate,2023-07-11,Direct
11036,Customer_11036,Male,52,Kolkata,West Bengal,Consumer,2024-05-29,Paid Ads
11037,Customer_11037,Female,30,Bengaluru,Karnataka,Consumer,2022-10-09,Social Media
11038,Customer_11038,Male,59,Kolkata,West Bengal,Consumer,2025-09-05,Organic Search
11039,Customer_11039,Male,48,Mumbai,Maharashtra,Consumer,2024-04-30,Referral
11040,Customer_11040,Female,37,Bengaluru,Karnataka,Consumer,2025-06-23,Organic Search
11041,Customer_11041,Female,24,Ahmedabad,Gujarat,Consumer,2022-02-01,Email
11042,Customer_11042,Male,57,Kanpur,Uttar Pradesh,Consumer,2025-12-21,Referral
11043,Customer_11043,Female,50,Bengaluru,Karnataka,Consumer,2024-02-07,Referral
11044,Customer_11044,Male,45,Ahmedabad,Gujarat,Consumer,2024-08-19,Organic Search
11045,Customer_11045,Male,37,Indore,Madhya Pradesh,Home Office,2022-02-24,Referral
11046,Customer_11046,Female,49,Surat,Gujarat,Home Office,2023-10-01,Organic Search
11047,Customer_11047,Male,26,New Delhi,Delhi,Consumer,2024-02-05,Social Media
11048,Customer_11048,Male,51,Nashik,Maharashtra,Consumer,2023-07-25,Social Media
11049,Customer_11049,Male,31,Indore,Madhya Pradesh,Consumer,2022-10-03,Organic Search
11050,Customer_11050,Female,21,Pune,Maharashtra,Consumer,2025-06-05,Social Media
11051,Customer_11051,Female,46,Bhopal,Madhya Pradesh,Corporate,2024-09-27,Paid Ads
11052,Customer_11052,Male,32,Hyderabad,Telangana,Consumer,2023-08-18,Organic Search
11053,Customer_11053,Female,34,Faridabad,Haryana,Consumer,2023-11-17,Referral
11054,Customer_11054,Male,36,Noida,Uttar Pradesh,Home Office,2023-08-28,Social Media
11055,Customer_11055,Female,55,Amritsar,Punjab,Corporate,2022-05-19,Paid Ads
11056,Customer_11056,Male,26,Bengaluru,Karnataka,Corporate,2023-10-03,Referral
11057,Customer_11057,Female,44,Lucknow,Uttar Pradesh,Home Office,2025-10-27,Paid Ads
11058,Customer_11058,Other,32,Coimbatore,Tamil Nadu,Corporate,2025-09-27,Direct
11059,Customer_11059,Female,54,Warangal,Telangana,Consumer,2022-03-30,Referral
11060,Customer_11060,Male,45,Vadodara,Gujarat,Consumer,2023-10-01,Organic Search
11061,Customer_11061,Female,21,Bhopal,Madhya Pradesh,Consumer,2023-01-23,Organic Search
11062,Customer_11062,Male,38,Ludhiana,Punjab,Consumer,2025-08-03,Organic Search
11063,Customer_11063,Female,51,Noida,Uttar Pradesh,Corporate,2025-08-31,Social Media
11064,Customer_11064,Male,36,Coimbatore,Tamil Nadu,Consumer,2023-07-24,Paid Ads
11065,Customer_11065,Male,54,Coimbatore,Tamil Nadu,Consumer,2024-05-30,Email
11066,Customer_11066,Male,21,Kanpur,Uttar Pradesh,Consumer,2023-09-15,Referral
11067,Customer_11067,Male,54,Delhi,Delhi,Consumer,2023-10-24,Social Media
11068,Customer_11068,Female,49,Nagpur,Maharashtra,Home Office,2022-01-19,Email
11069,Customer_11069,Female,29,Mysuru,Karnataka,Consumer,2025-11-03,Organic Search
11070,Customer_11070,Female,58,Bengaluru,Karnataka,Consumer,2025-03-20,Social Media
11071,Customer_11071,Female,33,Mysuru,Karnataka,Consumer,2024-06-26,Organic Search
11072,Customer_11072,Female,31,Delhi,Delhi,Consumer,2024-09-20,Direct
11073,Customer_11073,Male,18,Nagpur,Maharashtra,Corporate,2023-05-02,Organic Search
11074,Customer_11074,Male,49,Mumbai,Maharashtra,Consumer,2023-04-18,Direct
11075,Customer_11075,Male,38,Ludhiana,Punjab,Home Office,2024-01-24,Paid Ads
11076,Customer_11076,Male,21,Chennai,Tamil Nadu,Home Office,2022-11-04,Social Media
11077,Customer_11077,Male,26,Coimbatore,Tamil Nadu,Home Office,2025-11-30,Social Media
11078,Customer_11078,Male,39,Jaipur,Rajasthan,Consumer,2024-12-31,Referral
11079,Customer_11079,Male,29,New Delhi,Delhi,Home Office,2023-06-17,Referral
11080,Customer_11080,Male,47,Gurugram,Haryana,Consumer,2022-01-15,Social Media
11081,Customer_11081,Female,47,Noida,Uttar Pradesh,Corporate,2022-03-15,Direct
11082,Customer_11082,Male,49,Pune,Maharashtra,Home Office,2023-10-18,Organic Search
11083,Customer_11083,Male,53,Coimbatore,Tamil Nadu,Home Office,2023-09-27,Organic Search
11084,Customer_11084,Female,24,Bhopal,Madhya Pradesh,Corporate,2024-05-17,Paid Ads
11085,Customer_11085,Female,34,Gurugram,Haryana,Consumer,2024-02-24,Referral
11086,Customer_11086,Male,18,Warangal,Telangana,Consumer,2024-10-01,Social Media
11087,Customer_11087,Male,31,Vadodara,Gujarat,Consumer,2025-08-02,Email
11088,Customer_11088,Male,55,Nashik,Maharashtra,Corporate,2024-06-19,Direct
11089,Customer_11089,Male,43,Ludhiana,Punjab,Consumer,2023-08-28,Referral
11090,Customer_11090,Male,44,New Delhi,Delhi,Consumer,2024-03-16,Referral
11091,Customer_11091,Female,33,Gurugram,Haryana,Consumer,2023-08-26,Organic Search
11092,Customer_11092,Female,24,Jaipur,Rajasthan,Consumer,2024-01-05,Social Media
11093,Customer_11093,Male,49,Ahmedabad,Gujarat,Home Office,2024-01-15,Organic Search
11094,Customer_11094,Male,42,Warangal,Telangana,Consumer,2022-11-09,Social Media
11095,Customer_11095,Male,48,New Delhi,Delhi,Corporate,2023-12-17,Direct
11096,Customer_11096,Female,33,New Delhi,Delhi,Consumer,2024-07-04,Paid Ads
11097,Customer_11097,Male,58,New Delhi,Delhi,Corporate,2025-07-20,Paid Ads
11098,Customer_11098,Female,31,New Delhi,Delhi,Consumer,2024-10-10,Paid Ads
11099,Customer_11099,Female,42,Kanpur,Uttar Pradesh,Consumer,2022-05-03,Email
11100,Customer_11100,Male,47,Bengaluru,Karnataka,Home Office,2025-05-25,Organic Search
11101,Customer_11101,Male,24,Nagpur,Maharashtra,Corporate,2024-01-23,Email
11102,Customer_11102,Male,29,Ludhiana,Punjab,Consumer,2024-06-20,Paid Ads
11103,Customer_11103,Male,20,Bhopal,Madhya Pradesh,Consumer,2025-05-23,Paid Ads
11104,Customer_11104,Male,44,Faridabad,Haryana,Consumer,2022-06-19,Social Media
11105,Customer_11105,Male,36,Ludhiana,Punjab,Consumer,2024-08-08,Social Media
11106,Customer_11106,Male,60,New Delhi,Delhi,Consumer,2025-12-15,Organic Search
11107,Customer_11107,Male,54,Chennai,Tamil Nadu,Consumer,2023-07-15,Social Media
11108,Customer_11108,Female,59,Kanpur,Uttar Pradesh,Consumer,2025-10-29,Email
11109,Customer_11109,Male,24,Kolkata,West Bengal,Consumer,2023-11-09,Organic Search
11110,Customer_11110,Female,33,Mumbai,Maharashtra,Consumer,2022-10-13,Paid Ads
11111,Customer_11111,Female,49,Lucknow,Uttar Pradesh,Home Office,2025-05-19,Organic Search
11112,Customer_11112,Female,25,Delhi,Delhi,Consumer,2025-05-27,Organic Search
11113,Customer_11113,Female,30,Delhi,Delhi,Home Office,2025-04-07,Organic Search
11114,Customer_11114,Male,28,Vadodara,Gujarat,Consumer,2025-11-15,Paid Ads
11115,Customer_11115,Male,37,Surat,Gujarat,Consumer,2023-10-07,Email
11116,Customer_11116,Female,35,Surat,Gujarat,Consumer,2025-08-16,Organic Search
11117,Customer_11117,Female,54,Nagpur,Maharashtra,Consumer,2025-09-05,Organic Search
11118,Customer_11118,Female,23,Bhopal,Madhya Pradesh,Consumer,2023-12-09,Referral
11119,Customer_11119,Other,37,New Delhi,Delhi,Consumer,2025-12-14,Social Media
11120,Customer_11120,Male,49,Pune,Maharashtra,Corporate,2022-10-18,Referral
11121,Customer_11121,Male,46,Indore,Madhya Pradesh,Consumer,2022-10-12,Organic Search
11122,Customer_11122,Male,21,Gurugram,Haryana,Home Office,2022-01-01,Social Media
11123,Customer_11123,Male,24,Bhopal,Madhya Pradesh,Home Office,2025-11-26,Social Media
11124,Customer_11124,Male,60,Lucknow,Uttar Pradesh,Consumer,2025-08-30,Social Media
11125,Customer_11125,Female,37,Jaipur,Rajasthan,Consumer,2025-12-30,Organic Search
11126,Customer_11126,Female,51,Surat,Gujarat,Consumer,2022-08-03,Organic Search
11127,Customer_11127,Male,53,Pune,Maharashtra,Consumer,2024-09-05,Paid Ads
11128,Customer_11128,Female,24,Chennai,Tamil Nadu,Consumer,2022-04-10,Paid Ads
11129,Customer_11129,Female,50,Bengaluru,Karnataka,Corporate,2022-02-25,Organic Search
11130,Customer_11130,Female,32,New Delhi,Delhi,Home Office,2023-09-20,Referral
11131,Customer_11131,Male,49,Kolkata,West Bengal,Corporate,2024-04-27,Direct
11132,Customer_11132,Female,39,Warangal,Telangana,Consumer,2022-06-08,Referral
11133,Customer_11133,Female,57,,Maharashtra,Consumer,2025-05-11,Social Media
11134,Customer_11134,Male,46,New Delhi,Delhi,Consumer,2023-01-08,Social Media
11135,Customer_11135,Male,42,Jaipur,Rajasthan,Consumer,2022-11-15,Email
11136,Customer_11136,Female,22,Mumbai,Maharashtra,Consumer,2023-12-17,Social Media
11137,Customer_11137,Male,31,Indore,Madhya Pradesh,Consumer,2025-11-18,Organic Search
11138,Customer_11138,Male,52,Hyderabad,Telangana,Home Office,2024-08-05,Referral
11139,Customer_11139,Male,19,Hyderabad,Telangana,Corporate,2023-08-20,Email
11140,Customer_11140,Female,42,Surat,Gujarat,Corporate,2024-03-05,Paid Ads
11141,Customer_11141,Female,33,Lucknow,Uttar Pradesh,Home Office,2024-09-13,Organic Search
11142,Customer_11142,Male,33,Bengaluru,Karnataka,Consumer,2023-09-16,Social Media
11143,Customer_11143,Male,28,Jaipur,Rajasthan,Consumer,2022-04-07,Email
11144,Customer_11144,Other,52,Vadodara,Gujarat,Corporate,2024-04-22,Social Media
11145,Customer_11145,Female,40,New Delhi,Delhi,Home Office,2022-08-17,Direct
11146,Customer_11146,Female,22,Indore,Madhya Pradesh,Consumer,2023-07-04,Social Media
11147,Customer_11147,Male,52,Kanpur,Uttar Pradesh,Consumer,2024-12-28,Direct
11148,Customer_11148,Male,46,Udaipur,Rajasthan,Corporate,2024-07-06,Social Media
11149,Customer_11149,Male,22,Indore,Madhya Pradesh,Consumer,2022-04-03,Direct
11150,Customer_11150,Female,20,Bhopal,Madhya Pradesh,Consumer,2024-06-05,Social Media
11151,Customer_11151,Male,23,Kolkata,West Bengal,Consumer,2024-07-10,Social Media
11152,Customer_11152,Male,40,Kanpur,Uttar Pradesh,Home Office,2022-09-20,Referral
11153,Customer_11153,Male,19,Kolkata,West Bengal,Consumer,2022-03-31,Organic Search
11154,Customer_11154,Male,35,Jaipur,Rajasthan,Home Office,2024-10-31,Organic Search
11155,Customer_11155,Female,47,Vadodara,Gujarat,Consumer,2025-04-18,Email
11156,Customer_11156,Male,55,Lucknow,Uttar Pradesh,Consumer,2023-11-14,Organic Search
11157,Customer_11157,Female,22,Nagpur,Maharashtra,Home Office,2025-01-22,Referral
11158,Customer_11158,Female,28,Indore,Madhya Pradesh,Consumer,2024-04-15,Organic Search
11159,Customer_11159,Male,18,Indore,Madhya Pradesh,Consumer,2024-07-07,Social Media
11160,Customer_11160,Female,27,Mumbai,Maharashtra,Consumer,2024-07-14,Referral
11161,Customer_11161,Female,58,Lucknow,Uttar Pradesh,Corporate,2025-11-24,Social Media
11162,Customer_11162,Female,43,Mumbai,Maharashtra,Consumer,2022-08-01,Paid Ads
11163,Customer_11163,Male,50,Mysuru,Karnataka,Consumer,2025-08-20,Referral
11164,Customer_11164,Male,44,Lucknow,Uttar Pradesh,Corporate,2025-08-24,Paid Ads
11165,Customer_11165,Male,29,Nagpur,Maharashtra,Consumer,2024-04-05,Organic Search
11166,Customer_11166,Female,19,Kanpur,Uttar Pradesh,Consumer,2022-03-31,Referral
11167,Customer_11167,Female,18,Noida,Uttar Pradesh,Corporate,2024-12-07,Social Media
11168,Customer_11168,Female,18,Hyderabad,Telangana,Consumer,2025-10-27,Social Media
11169,Customer_11169,Male,50,Nagpur,Maharashtra,Consumer,2023-04-02,Organic Search
11170,Customer_11170,Male,39,Mysuru,Karnataka,Consumer,2025-11-13,Organic Search
11171,Customer_11171,Female,29,Vadodara,Gujarat,Home Office,2025-03-08,Email
11172,Customer_11172,Male,56,Amritsar,Punjab,Consumer,2022-06-25,Direct
11173,Customer_11173,Female,53,Udaipur,Rajasthan,Consumer,2023-10-28,Social Media
11174,Customer_11174,Male,38,Delhi,Delhi,Corporate,2022-05-13,Paid Ads
11175,Customer_11175,Male,37,Udaipur,Rajasthan,Consumer,2025-05-27,Email
11176,Customer_11176,Male,53,Ahmedabad,Gujarat,Consumer,2022-06-02,Organic Search
11177,Customer_11177,Male,43,Noida,Uttar Pradesh,Consumer,2023-12-30,Direct
11178,Customer_11178,Male,48,Nagpur,Maharashtra,Corporate,2023-04-28,Email
11179,Customer_11179,Male,18,Kanpur,Uttar Pradesh,Consumer,2023-07-09,Paid Ads
11180,Customer_11180,Male,55,Ahmedabad,Gujarat,Corporate,2024-03-27,Direct
11181,Customer_11181,Male,31,Amritsar,Punjab,Consumer,2023-05-20,Social Media
11182,Customer_11182,Male,43,Bengaluru,Karnataka,Consumer,2025-10-20,Email
11183,Customer_11183,Female,59,Udaipur,Rajasthan,Consumer,2022-08-05,Direct
11184,Customer_11184,Male,24,Faridabad,Haryana,Home Office,2022-11-15,Organic Search
11185,Customer_11185,Female,29,Mumbai,Maharashtra,Consumer,2022-12-07,Organic Search
11186,Customer_11186,Female,41,Gurugram,Haryana,Consumer,2024-01-16,Organic Search
11187,Customer_11187,Female,36,Kolkata,West Bengal,Consumer,2024-10-11,Social Media
11188,Customer_11188,Female,26,Nagpur,Maharashtra,Consumer,2025-06-20,Email
11189,Customer_11189,Male,52,Bengaluru,Karnataka,Consumer,2025-11-17,Paid Ads
11190,Customer_11190,Female,21,Kolkata,West Bengal,Consumer,2025-08-07,Organic Search
11191,Customer_11191,Female,59,Mumbai,Maharashtra,Consumer,2022-06-16,Referral
11192,Customer_11192,Female,49,Ahmedabad,Gujarat,Consumer,2023-12-18,Social Media
11193,Customer_11193,Male,23,Mysuru,Karnataka,Corporate,2022-02-21,Email
11194,Customer_11194,Male,45,Surat,Gujarat,Home Office,2025-02-26,Email
11195,Customer_11195,Male,45,Nagpur,Maharashtra,Consumer,2022-11-18,Email
11196,Customer_11196,Female,57,Bhopal,Madhya Pradesh,Consumer,2022-11-14,Referral
11197,Customer_11197,Female,46,Amritsar,Punjab,Consumer,2022-10-24,Email
11198,Customer_11198,Male,59,Amritsar,Punjab,Consumer,2024-05-27,Paid Ads
11199,Customer_11199,Male,22,Noida,Uttar Pradesh,Consumer,2024-08-18,Referral
11200,Customer_11200,,22,Nashik,Maharashtra,Consumer,2024-01-04,Paid Ads
11201,Customer_11201,Male,54,Noida,Uttar Pradesh,Home Office,2024-07-20,Social Media
11202,Customer_11202,Female,58,Nagpur,Maharashtra,Consumer,2024-05-07,Paid Ads
11203,Customer_11203,Female,45,Mumbai,Maharashtra,Consumer,2022-06-28,Referral
11204,Customer_11204,Male,58,Bengaluru,Karnataka,Consumer,2025-05-21,Email
11205,Customer_11205,Female,26,Warangal,Telangana,Consumer,2023-03-28,Email
11206,Customer_11206,Male,46,Lucknow,Uttar Pradesh,Home Office,2024-03-07,Social Media
11207,Customer_11207,Female,31,Jaipur,Rajasthan,Consumer,2024-11-12,Organic Search
11208,Customer_11208,Female,55,Chennai,Tamil Nadu,Home Office,2025-06-15,Organic Search
11209,Customer_11209,Female,57,Delhi,Delhi,Consumer,2022-09-08,Social Media
11210,Customer_11210,Male,51,Ludhiana,Punjab,Consumer,2025-08-25,Organic Search
11211,Customer_11211,Male,54,Coimbatore,Tamil Nadu,Home Office,2025-06-02,Direct
11212,Customer_11212,Male,59,Chennai,Tamil Nadu,Consumer,2024-03-19,Organic Search
11213,Customer_11213,Male,31,Nagpur,Maharashtra,Consumer,2025-11-30,Email
11214,Customer_11214,Male,35,Kanpur,Uttar Pradesh,Corporate,2022-11-04,Social Media
11215,Customer_11215,Female,50,Kolkata,West Bengal,Consumer,2025-05-02,Direct
11216,Customer_11216,Male,51,Delhi,Delhi,Corporate,2024-06-29,Direct
11217,Customer_11217,Male,45,Nashik,Maharashtra,Consumer,2022-07-26,Email
11218,Customer_11218,Male,53,Udaipur,Rajasthan,Consumer,2025-01-01,Social Media
11219,Customer_11219,Female,54,Udaipur,Rajasthan,Consumer,2024-03-29,Social Media
11220,Customer_11220,Female,40,Delhi,Delhi,Home Office,2023-11-30,Direct
11221,Customer_11221,Male,59,Gurugram,Haryana,Consumer,2023-10-26,Social Media
11222,Customer_11222,Male,34,Mumbai,Maharashtra,Consumer,2022-07-22,Social Media
11223,Customer_11223,Male,28,Coimbatore,Tamil Nadu,Consumer,2025-12-01,Organic Search
11224,Customer_11224,Male,49,Faridabad,Haryana,Consumer,2024-04-08,Referral
11225,Customer_11225,Male,54,Chennai,Tamil Nadu,Consumer,2025-10-03,Referral
11226,Customer_11226,Female,32,Udaipur,Rajasthan,Consumer,2023-07-19,Paid Ads
11227,Customer_11227,Female,21,Chennai,Tamil Nadu,Corporate,2023-09-09,Organic Search
11228,Customer_11228,Female,56,Mysuru,Karnataka,Consumer,2025-12-24,Social Media
11229,Customer_11229,Female,47,Ludhiana,Punjab,Consumer,2022-04-03,Direct
11230,Customer_11230,Female,27,Coimbatore,Tamil Nadu,Consumer,2024-08-09,Organic Search
11231,Customer_11231,Female,40,Bhopal,Madhya Pradesh,Consumer,2025-09-25,Social Media
11232,Customer_11232,Male,41,New Delhi,Delhi,Corporate,2024-09-22,Organic Search
11233,Customer_11233,Male,53,New Delhi,Delhi,Consumer,2022-10-22,Organic Search
11234,Customer_11234,Male,22,Pune,Maharashtra,Consumer,2025-03-26,Social Media
11235,Customer_11235,Male,54,Udaipur,Rajasthan,Consumer,2022-04-28,Direct
11236,Customer_11236,Female,60,Bengaluru,Karnataka,Corporate,2023-04-01,Email
11237,Customer_11237,Male,36,Bhopal,Madhya Pradesh,Home Office,2024-03-04,Organic Search
11238,Customer_11238,Male,54,Hyderabad,Telangana,Consumer,2025-03-07,Organic Search
11239,Customer_11239,Male,25,Ludhiana,Punjab,Consumer,2023-04-16,Referral
11240,Customer_11240,Male,24,Delhi,Delhi,Consumer,2025-07-27,Email
11241,Customer_11241,Female,57,Indore,Madhya Pradesh,Consumer,2022-12-04,Organic Search
11242,Customer_11242,Female,30,Kanpur,Uttar Pradesh,Consumer,2025-01-24,Organic Search
11243,Customer_11243,Female,54,Noida,Uttar Pradesh,Home Office,2023-01-05,Paid Ads
11244,Customer_11244,Male,44,Indore,Madhya Pradesh,Consumer,2023-01-07,Organic Search
11245,Customer_11245,Female,35,Kanpur,Uttar Pradesh,Corporate,2024-01-28,Organic Search
11246,Customer_11246,Male,41,Vadodara,Gujarat,Consumer,2022-06-01,Social Media
11247,Customer_11247,Female,58,Nagpur,Maharashtra,Corporate,2024-03-09,Organic Search
11248,Customer_11248,Male,19,Pune,Maharashtra,Consumer,2023-12-19,Social Media
11249,Customer_11249,Male,33,Gurugram,Haryana,Consumer,2024-07-12,Email
11250,Customer_11250,Male,31,Ahmedabad,Gujarat,Home Office,2025-04-26,Paid Ads
11251,Customer_11251,Male,34,Lucknow,Uttar Pradesh,Consumer,2023-03-13,Organic Search
11252,Customer_11252,Female,23,Warangal,Telangana,Consumer,2023-01-18,Social Media
11253,Customer_11253,Male,52,Mumbai,Maharashtra,Home Office,2025-04-21,Organic Search
11254,Customer_11254,Male,34,Mumbai,Maharashtra,Consumer,2023-08-25,Referral
11255,Customer_11255,Male,55,Kolkata,West Bengal,Consumer,2025-01-18,Organic Search
11256,Customer_11256,Female,57,Chennai,Tamil Nadu,Corporate,2024-10-08,Direct
11257,Customer_11257,Male,23,New Delhi,Delhi,Home Office,2022-02-09,Organic Search
11258,Customer_11258,Female,55,Warangal,Telangana,Corporate,2022-04-05,Paid Ads
11259,Customer_11259,Female,38,Nashik,Maharashtra,Consumer,2025-06-19,Social Media
11260,Customer_11260,Male,52,Ahmedabad,Gujarat,Corporate,2024-06-26,Email
11261,Customer_11261,Male,40,,Delhi,Corporate,2025-01-24,Social Media
11262,Customer_11262,Male,29,Kanpur,Uttar Pradesh,Corporate,2024-01-21,Organic Search
11263,Customer_11263,Female,46,Bengaluru,Karnataka,Corporate,2024-09-16,Organic Search
11264,Customer_11264,Male,44,Coimbatore,Tamil Nadu,Consumer,2022-05-08,Organic Search
11265,Customer_11265,Male,23,Pune,Maharashtra,Consumer,2024-12-28,Social Media
11266,Customer_11266,Female,38,Nashik,Maharashtra,Consumer,2023-10-24,Paid Ads
11267,Customer_11267,Female,24,Chennai,Tamil Nadu,Home Office,2025-06-30,Referral
11268,Customer_11268,Male,60,Hyderabad,Telangana,Consumer,2023-04-29,Organic Search
11269,Customer_11269,Male,58,Vadodara,Gujarat,Home Office,2025-11-21,Direct
11270,Customer_11270,Male,33,Mysuru,Karnataka,Home Office,2022-08-17,Organic Search
11271,Customer_11271,Male,22,Kolkata,West Bengal,Home Office,2022-11-20,Referral
11272,Customer_11272,Male,32,Bhopal,Madhya Pradesh,Home Office,2022-08-17,Email
11273,Customer_11273,Female,38,Noida,Uttar Pradesh,Home Office,2022-12-16,Direct
11274,Customer_11274,Male,21,Pune,Maharashtra,Corporate,2023-02-23,Social Media
11275,Customer_11275,Female,22,Warangal,Telangana,Corporate,2022-08-27,Referral
11276,Customer_11276,Female,24,Mumbai,Maharashtra,Consumer,2022-10-10,Organic Search
11277,Customer_11277,Male,52,New Delhi,Delhi,Consumer,2025-04-21,Organic Search
11278,Customer_11278,Female,53,Amritsar,Punjab,Consumer,2024-07-30,Referral
11279,Customer_11279,Male,32,Nashik,Maharashtra,Consumer,2023-03-11,Referral
11280,Customer_11280,Other,45,Warangal,Telangana,Consumer,2025-11-16,Organic Search
11281,Customer_11281,Female,19,Vadodara,Gujarat,Home Office,2025-12-27,Organic Search
11282,Customer_11282,Male,22,Kolkata,West Bengal,Consumer,2024-09-10,Organic Search
11283,Customer_11283,Male,24,Surat,Gujarat,Consumer,2022-03-29,Referral
11284,Customer_11284,Male,39,Nashik,Maharashtra,Corporate,2023-07-04,Paid Ads
11285,Customer_11285,Male,48,Mysuru,Karnataka,Consumer,2025-08-18,Paid Ads
11286,Customer_11286,Male,49,Hyderabad,Telangana,Consumer,2023-10-22,Organic Search
11287,Customer_11287,Male,25,Pune,Maharashtra,Home Office,2022-06-04,Email
11288,Customer_11288,Female,58,Bengaluru,Karnataka,Consumer,2022-09-13,Social Media
11289,Customer_11289,Male,59,Nagpur,Maharashtra,Corporate,2024-05-30,Referral
11290,Customer_11290,Female,28,Pune,Maharashtra,Consumer,2022-12-24,Organic Search
11291,Customer_11291,Female,18,Chennai,Tamil Nadu,Consumer,2024-09-21,Social Media
11292,Customer_11292,Male,57,Nagpur,Maharashtra,Corporate,2025-03-14,Organic Search
11293,Customer_11293,Female,36,Ahmedabad,Gujarat,Consumer,2024-01-16,Referral
11294,Customer_11294,Male,55,Kolkata,West Bengal,Home Office,2023-07-09,Paid Ads
11295,Customer_11295,Male,59,Kanpur,Uttar Pradesh,Consumer,2025-05-03,Referral
11296,Customer_11296,Female,54,Delhi,Delhi,Consumer,2025-01-09,Social Media
11297,Customer_11297,Male,24,Pune,Maharashtra,Home Office,2023-07-14,Email
11298,Customer_11298,Female,56,Pune,Maharashtra,Home Office,2022-01-13,Organic Search
11299,Customer_11299,Female,42,Jaipur,Rajasthan,Consumer,2022-06-11,Organic Search
11300,Customer_11300,Female,39,Kolkata,West Bengal,Consumer,2022-06-03,Organic Search
11301,Customer_11301,Female,44,Pune,Maharashtra,Corporate,2024-11-13,Social Media
11302,Customer_11302,Female,58,Gurugram,Haryana,Consumer,2022-06-02,Organic Search
11303,Customer_11303,Male,55,Nagpur,Maharashtra,Consumer,2024-06-17,Paid Ads
11304,Customer_11304,Male,56,Vadodara,Gujarat,Corporate,2023-03-16,Organic Search
11305,Customer_11305,Female,32,Kolkata,West Bengal,Consumer,2024-10-01,Organic Search
11306,Customer_11306,Male,19,Indore,Madhya Pradesh,Consumer,2024-06-04,Referral
11307,Customer_11307,Male,25,Kolkata,West Bengal,Consumer,2025-05-14,Paid Ads
11308,Customer_11308,Male,60,Noida,Uttar Pradesh,Home Office,2022-12-04,Social Media
11309,Customer_11309,Female,23,Mysuru,Karnataka,Consumer,2023-02-23,Organic Search
11310,Customer_11310,Male,37,Kanpur,Uttar Pradesh,Corporate,2024-10-15,Social Media
11311,Customer_11311,Female,44,Nashik,Maharashtra,Consumer,2024-03-14,Social Media
11312,Customer_11312,Male,40,Bhopal,Madhya Pradesh,Consumer,2025-09-16,Organic Search
11313,Customer_11313,Male,57,Surat,Gujarat,Consumer,2025-05-31,Social Media
11314,Customer_11314,Male,34,Kanpur,Uttar Pradesh,Consumer,2024-05-10,Referral
11315,Customer_11315,Male,30,Coimbatore,Tamil Nadu,Consumer,2024-09-25,Referral
11316,Customer_11316,Female,21,Jaipur,Rajasthan,Consumer,2025-02-13,Organic Search
11317,Customer_11317,Male,37,Warangal,Telangana,Corporate,2024-04-23,Organic Search
11318,Customer_11318,Male,59,Kolkata,West Bengal,Corporate,2025-11-23,Organic Search
11319,Customer_11319,Female,42,Nagpur,Maharashtra,Consumer,2024-09-20,Social Media
11320,Customer_11320,Male,39,Nagpur,Maharashtra,Corporate,2025-02-16,Paid Ads
11321,Customer_11321,Male,34,New Delhi,Delhi,Consumer,2022-10-21,Social Media
11322,Customer_11322,Male,57,Nashik,Maharashtra,Consumer,2022-11-05,Direct
11323,Customer_11323,Other,28,Indore,Madhya Pradesh,Consumer,2024-12-27,Paid Ads
11324,Customer_11324,Female,42,Delhi,Delhi,Consumer,2025-09-27,Social Media
11325,Customer_11325,Male,22,Ludhiana,Punjab,Consumer,2023-03-16,Direct
11326,Customer_11326,Male,38,Mysuru,Karnataka,Consumer,2025-01-11,Referral
11327,Customer_11327,Male,43,New Delhi,Delhi,Consumer,2025-05-06,Direct
11328,Customer_11328,Male,33,Kanpur,Uttar Pradesh,Consumer,2025-07-26,Organic Search
11329,Customer_11329,Female,57,Jaipur,Rajasthan,Home Office,2022-05-05,Referral
11330,Customer_11330,Female,38,Hyderabad,Telangana,Corporate,2024-12-22,Direct
11331,Customer_11331,Male,49,Ahmedabad,Gujarat,Consumer,2023-10-24,Paid Ads
11332,Customer_11332,Female,21,Kolkata,West Bengal,Home Office,2022-10-16,Direct
11333,Customer_11333,Male,55,New Delhi,Delhi,Consumer,2025-11-15,Direct
11334,Customer_11334,Male,25,Ludhiana,Punjab,Corporate,2025-08-28,Paid Ads
11335,Customer_11335,Male,26,Ludhiana,Punjab,Consumer,2022-01-12,Organic Search
11336,Customer_11336,Male,34,Udaipur,Rajasthan,Consumer,2022-05-28,Email
11337,Customer_11337,Female,58,New Delhi,Delhi,Consumer,2022-09-14,Paid Ads
11338,Customer_11338,Male,30,Jaipur,Rajasthan,Consumer,2024-08-21,Organic Search
11339,Customer_11339,Male,26,Pune,Maharashtra,Consumer,2022-01-02,Social Media
11340,Customer_11340,Female,23,Pune,Maharashtra,Consumer,2023-06-08,Email
11341,Customer_11341,Female,44,Delhi,Delhi,Consumer,2023-09-14,Paid Ads
11342,Customer_11342,Female,59,Chennai,Tamil Nadu,Consumer,2025-04-27,Social Media
11343,Customer_11343,Female,54,Bhopal,Madhya Pradesh,Corporate,2022-02-16,Referral
11344,Customer_11344,Male,56,Kolkata,West Bengal,Consumer,2022-08-05,Direct
11345,Customer_11345,Female,60,Noida,Uttar Pradesh,Corporate,2024-12-30,Referral
11346,Customer_11346,Female,41,Coimbatore,Tamil Nadu,Consumer,2022-04-18,Organic Search
11347,Customer_11347,Female,26,Bengaluru,Karnataka,Consumer,2025-05-05,Paid Ads
11348,Customer_11348,Female,59,Bengaluru,Karnataka,Consumer,2024-05-06,Organic Search
11349,Customer_11349,Male,28,Ludhiana,Punjab,Home Office,2024-09-15,Referral
11350,Customer_11350,,52,Pune,Maharashtra,Consumer,2022-04-15,Referral
11351,Customer_11351,Male,46,Indore,Madhya Pradesh,Corporate,2023-03-16,Social Media
11352,Customer_11352,Male,25,Surat,Gujarat,Consumer,2023-12-06,Paid Ads
11353,Customer_11353,Male,34,Coimbatore,Tamil Nadu,Consumer,2022-07-23,Organic Search
11354,Customer_11354,Female,24,Kolkata,West Bengal,Consumer,2023-01-16,Organic Search
11355,Customer_11355,Male,29,Hyderabad,Telangana,Consumer,2023-03-22,Social Media
11356,Customer_11356,Male,32,Bhopal,Madhya Pradesh,Home Office,2024-01-15,Email
11357,Customer_11357,Male,46,Bhopal,Madhya Pradesh,Corporate,2024-09-22,Referral
11358,Customer_11358,Female,41,Chennai,Tamil Nadu,Home Office,2024-03-03,Email
11359,Customer_11359,Male,54,Mysuru,Karnataka,Consumer,2022-04-11,Organic Search
11360,Customer_11360,Female,31,Surat,Gujarat,Consumer,2025-06-22,Organic Search
11361,Customer_11361,Female,28,Faridabad,Haryana,Consumer,2022-12-09,Organic Search
11362,Customer_11362,Male,52,New Delhi,Delhi,Home Office,2024-12-24,Paid Ads
11363,Customer_11363,Male,34,Surat,Gujarat,Consumer,2023-12-14,Referral
11364,Customer_11364,Female,44,Vadodara,Gujarat,Consumer,2022-09-30,Social Media
11365,Customer_11365,Female,20,Kolkata,West Bengal,Home Office,2023-12-13,Paid Ads
11366,Customer_11366,Female,19,Nagpur,Maharashtra,Consumer,2022-07-21,Social Media
11367,Customer_11367,Male,21,Kolkata,West Bengal,Consumer,2022-05-04,Referral
11368,Customer_11368,Female,35,Faridabad,Haryana,Consumer,2024-05-26,Email
11369,Customer_11369,Male,37,Delhi,Delhi,Consumer,2023-08-29,Social Media
11370,Customer_11370,Female,38,Delhi,Delhi,Home Office,2023-12-31,Paid Ads
11371,Customer_11371,Female,31,Amritsar,Punjab,Consumer,2024-11-05,Referral
11372,Customer_11372,Male,25,New Delhi,Delhi,Consumer,2025-12-22,Direct
11373,Customer_11373,Female,19,Indore,Madhya Pradesh,Consumer,2023-05-02,Social Media
11374,Customer_11374,Female,43,Warangal,Telangana,Consumer,2022-03-29,Organic Search
11375,Customer_11375,Female,36,New Delhi,Delhi,Consumer,2023-11-26,Organic Search
11376,Customer_11376,Male,59,Bhopal,Madhya Pradesh,Consumer,2023-01-16,Organic Search
11377,Customer_11377,Male,45,Coimbatore,Tamil Nadu,Consumer,2025-06-21,Social Media
11378,Customer_11378,Female,46,Warangal,Telangana,Consumer,2022-10-26,Social Media
11379,Customer_11379,Male,22,Mysuru,Karnataka,Corporate,2024-10-09,Organic Search
11380,Customer_11380,Male,60,Ahmedabad,Gujarat,Consumer,2025-06-15,Paid Ads
11381,Customer_11381,Other,45,Mumbai,Maharashtra,Corporate,2022-05-09,Direct
11382,Customer_11382,Male,58,Coimbatore,Tamil Nadu,Consumer,2022-06-08,Social Media
11383,Customer_11383,Female,43,Amritsar,Punjab,Consumer,2023-07-28,Direct
11384,Customer_11384,Male,22,New Delhi,Delhi,Home Office,2022-04-24,Social Media
11385,Customer_11385,Male,32,Jaipur,Rajasthan,Consumer,2022-03-05,Organic Search
11386,Customer_11386,Female,26,Bengaluru,Karnataka,Consumer,2025-04-13,Email
11387,Customer_11387,Female,49,Kanpur,Uttar Pradesh,Consumer,2022-05-22,Direct
11388,Customer_11388,Female,43,Pune,Maharashtra,Consumer,2025-07-01,Referral
11389,Customer_11389,Male,54,Amritsar,Punjab,Consumer,2023-09-27,Direct
11390,Customer_11390,Female,32,Chennai,Tamil Nadu,Consumer,2025-08-05,Social Media
11391,Customer_11391,Male,58,Delhi,Delhi,Consumer,2025-07-11,Social Media
11392,Customer_11392,Male,21,Mumbai,Maharashtra,Consumer,2022-05-25,Email
11393,Customer_11393,Male,53,Delhi,Delhi,Corporate,2025-12-29,Organic Search
11394,Customer_11394,Female,37,Warangal,Telangana,Consumer,2023-12-14,Email
11395,Customer_11395,Male,44,Mysuru,Karnataka,Consumer,2023-03-06,Organic Search
11396,Customer_11396,Male,38,Noida,Uttar Pradesh,Consumer,2024-09-23,Paid Ads
11397,Customer_11397,Male,39,Coimbatore,Tamil Nadu,Consumer,2024-04-26,Email
11398,Customer_11398,,24,Delhi,Delhi,Consumer,2025-08-06,Email
11399,Customer_11399,Male,48,Ahmedabad,Gujarat,Consumer,2025-05-17,Direct
11400,Customer_11400,Female,34,Kolkata,West Bengal,Consumer,2022-06-12,Social Media
11401,Customer_11401,Male,24,Nagpur,Maharashtra,Corporate,2025-07-20,Referral
11402,Customer_11402,Female,36,Pune,Maharashtra,Corporate,2022-02-01,Direct
11403,Customer_11403,Female,45,Nagpur,Maharashtra,Consumer,2024-03-16,Organic Search
11404,Customer_11404,Male,27,Kolkata,West Bengal,Home Office,2024-07-01,Referral
11405,Customer_11405,Female,44,Udaipur,Rajasthan,Corporate,2022-04-22,Organic Search
11406,Customer_11406,Male,30,Hyderabad,Telangana,Consumer,2025-07-05,Social Media
11407,Customer_11407,Female,19,Indore,Madhya Pradesh,Home Office,2022-10-01,Organic Search
11408,Customer_11408,Other,39,Lucknow,Uttar Pradesh,Corporate,2025-01-19,Social Media
11409,Customer_11409,Male,37,Ahmedabad,Gujarat,Consumer,2024-10-29,Paid Ads
11410,Customer_11410,Female,60,Bhopal,Madhya Pradesh,Consumer,2025-07-26,Email
11411,Customer_11411,Male,22,New Delhi,Delhi,Home Office,2024-07-11,Referral
11412,Customer_11412,Male,23,Nashik,Maharashtra,Consumer,2022-03-02,Social Media
11413,Customer_11413,Female,52,New Delhi,Delhi,Consumer,2022-11-05,Social Media
11414,Customer_11414,Male,18,Nashik,Maharashtra,Consumer,2024-03-09,Direct
11415,Customer_11415,Male,52,Hyderabad,Telangana,Consumer,2025-02-24,Organic Search
11416,Customer_11416,Male,20,Faridabad,Haryana,Consumer,2025-09-22,Paid Ads
11417,Customer_11417,Female,53,Nagpur,Maharashtra,Corporate,2022-06-04,Organic Search
11418,Customer_11418,Male,24,Nashik,Maharashtra,Consumer,2025-05-04,Email
11419,Customer_11419,Female,46,Chennai,Tamil Nadu,Consumer,2024-01-25,Organic Search
11420,Customer_11420,Male,32,Faridabad,Haryana,Corporate,2022-06-26,Social Media
11421,Customer_11421,Male,28,Mysuru,Karnataka,Consumer,2025-11-15,Organic Search
11422,Customer_11422,Female,35,Warangal,Telangana,Consumer,2022-09-08,Direct
11423,Customer_11423,Male,21,Nashik,Maharashtra,Consumer,2024-12-20,Email
11424,Customer_11424,Female,41,Nagpur,Maharashtra,Home Office,2022-03-21,Social Media
11425,Customer_11425,Male,28,Ludhiana,Punjab,Consumer,2025-03-11,Organic Search
11426,Customer_11426,Male,23,Ludhiana,Punjab,Consumer,2023-10-11,Direct
11427,Customer_11427,Male,35,Nashik,Maharashtra,Consumer,2024-09-17,Direct
11428,Customer_11428,Female,32,Faridabad,Haryana,Corporate,2023-10-09,Organic Search
11429,Customer_11429,Female,20,Udaipur,Rajasthan,Consumer,2023-08-05,Referral
11430,Customer_11430,Female,34,Bhopal,Madhya Pradesh,Consumer,2024-02-01,Direct
11431,Customer_11431,Male,50,Coimbatore,Tamil Nadu,Consumer,2025-10-07,Paid Ads
11432,Customer_11432,Female,51,Hyderabad,Telangana,Consumer,2025-11-27,Referral
11433,Customer_11433,Male,47,Hyderabad,Telangana,Consumer,2022-06-06,Social Media
11434,Customer_11434,Female,36,Jaipur,Rajasthan,Consumer,2024-06-19,Paid Ads
11435,Customer_11435,Female,26,Nashik,Maharashtra,Corporate,2025-08-01,Direct
11436,Customer_11436,Female,57,Pune,Maharashtra,Home Office,2023-05-11,Referral
11437,Customer_11437,Male,48,Mysuru,Karnataka,Consumer,2022-05-04,Referral
11438,Customer_11438,Female,44,Kolkata,West Bengal,Consumer,2022-07-15,Organic Search
11439,Customer_11439,Male,42,Delhi,Delhi,Consumer,2023-04-16,Email
11440,Customer_11440,Female,24,Udaipur,Rajasthan,Corporate,2023-05-22,Social Media
11441,Customer_11441,Male,24,Amritsar,Punjab,Consumer,2025-05-17,Paid Ads
11442,Customer_11442,Male,37,Nashik,Maharashtra,Consumer,2024-01-06,Social Media
11443,Customer_11443,Male,60,Jaipur,Rajasthan,Corporate,2025-07-17,Organic Search
11444,Customer_11444,Male,53,Chennai,Tamil Nadu,Corporate,2022-05-09,Paid Ads
11445,Customer_11445,Male,36,Bhopal,Madhya Pradesh,Consumer,2025-02-07,Referral
11446,Customer_11446,Female,19,Delhi,Delhi,Consumer,2023-11-09,Organic Search
11447,Customer_11447,Female,51,Kolkata,West Bengal,Consumer,2025-02-12,Email
11448,Customer_11448,Female,34,Noida,Uttar Pradesh,Consumer,2025-06-19,Social Media
11449,Customer_11449,Female,41,Gurugram,Haryana,Corporate,2025-03-14,Social Media
11450,Customer_11450,Male,26,Jaipur,Rajasthan,Consumer,2024-01-06,Social Media
11451,Customer_11451,Female,18,Warangal,Telangana,Consumer,2024-08-13,Organic Search
11452,Customer_11452,Male,59,Ahmedabad,Gujarat,Corporate,2023-11-15,Referral
11453,Customer_11453,Female,45,Indore,Madhya Pradesh,Consumer,2025-03-04,Organic Search
11454,Customer_11454,Male,32,Vadodara,Gujarat,Consumer,2024-04-01,Organic Search
11455,Customer_11455,Male,38,Nashik,Maharashtra,Consumer,2023-07-31,Organic Search
11456,Customer_11456,Male,32,Gurugram,Haryana,Home Office,2024-11-05,Social Media
11457,Customer_11457,Male,40,Kolkata,West Bengal,Consumer,2024-03-15,Organic Search
11458,Customer_11458,Male,19,Jaipur,Rajasthan,Consumer,2025-12-16,Social Media
11459,Customer_11459,Male,53,Delhi,Delhi,Consumer,2023-02-25,Paid Ads
11460,Customer_11460,Female,26,Udaipur,Rajasthan,Corporate,2024-03-25,Social Media
11461,Customer_11461,Female,19,Chennai,Tamil Nadu,Consumer,2023-04-07,Organic Search
11462,Customer_11462,Male,19,Udaipur,Rajasthan,Consumer,2022-08-30,Referral
11463,Customer_11463,Male,35,Mumbai,Maharashtra,Home Office,2022-01-09,Email
11464,Customer_11464,Female,34,Jaipur,Rajasthan,Home Office,2025-11-19,Organic Search
11465,Customer_11465,,58,Amritsar,Punjab,Home Office,2024-12-14,Organic Search
11466,Customer_11466,Female,25,Nashik,Maharashtra,Consumer,2022-12-26,Organic Search
11467,Customer_11467,Male,51,Ludhiana,Punjab,Home Office,2023-05-16,Organic Search
11468,Customer_11468,Female,51,Coimbatore,Tamil Nadu,Consumer,2025-10-27,Organic Search
11469,Customer_11469,Female,22,Bhopal,Madhya Pradesh,Consumer,2025-01-04,Social Media
11470,Customer_11470,Female,46,Kanpur,Uttar Pradesh,Consumer,2022-01-11,Paid Ads
11471,Customer_11471,Female,45,Ahmedabad,Gujarat,Consumer,2025-07-10,Social Media
11472,Customer_11472,Male,33,Kanpur,Uttar Pradesh,Consumer,2024-11-07,Social Media
11473,Customer_11473,Male,31,Indore,Madhya Pradesh,Consumer,2025-06-18,Paid Ads
11474,Customer_11474,Male,19,Chennai,Tamil Nadu,Corporate,2022-05-24,Referral
11475,Customer_11475,Female,57,Bengaluru,Karnataka,Consumer,2023-05-13,Social Media
11476,Customer_11476,Male,21,Udaipur,Rajasthan,Consumer,2024-06-29,Social Media
11477,Customer_11477,Female,58,Lucknow,Uttar Pradesh,Consumer,2024-04-02,Social Media
11478,Customer_11478,Male,48,Noida,Uttar Pradesh,Home Office,2024-01-24,Social Media
11479,Customer_11479,Male,43,Lucknow,Uttar Pradesh,Consumer,2025-12-23,Organic Search
11480,Customer_11480,Female,44,Coimbatore,Tamil Nadu,Consumer,2022-12-12,Organic Search
11481,Customer_11481,Male,51,Kanpur,Uttar Pradesh,Consumer,2024-09-14,Paid Ads
11482,Customer_11482,Male,48,Pune,Maharashtra,Home Office,2022-07-03,Direct
11483,Customer_11483,Male,28,Surat,Gujarat,Consumer,2024-07-17,Organic Search
11484,Customer_11484,Male,25,Nagpur,Maharashtra,Consumer,2024-06-13,Organic Search
11485,Customer_11485,Female,29,Mysuru,Karnataka,Consumer,2022-12-15,Organic Search
11486,Customer_11486,Female,52,Mysuru,Karnataka,Home Office,2024-06-12,Organic Search
11487,Customer_11487,Male,51,Coimbatore,Tamil Nadu,Consumer,2022-09-21,Paid Ads
11488,Customer_11488,Male,30,Kolkata,West Bengal,Consumer,2024-02-29,Email
11489,Customer_11489,Male,44,Chennai,Tamil Nadu,Consumer,2022-03-31,Email
11490,Customer_11490,Male,25,Chennai,Tamil Nadu,Home Office,2024-11-10,Paid Ads
11491,Customer_11491,Female,38,Delhi,Delhi,Consumer,2025-02-22,Social Media
11492,Customer_11492,Female,58,Mysuru,Karnataka,Consumer,2023-04-21,Referral
11493,Customer_11493,Male,28,New Delhi,Delhi,Consumer,2023-02-23,Paid Ads
11494,Customer_11494,Male,39,Nagpur,Maharashtra,Consumer,2023-04-19,Organic Search
11495,Customer_11495,Female,38,Surat,Gujarat,Consumer,2025-12-18,Referral
11496,Customer_11496,Male,45,Jaipur,Rajasthan,Consumer,2022-05-26,Referral
11497,Customer_11497,Male,20,Surat,Gujarat,Home Office,2024-05-07,Paid Ads
11498,Customer_11498,Female,24,Warangal,Telangana,Consumer,2022-01-14,Organic Search
11499,Customer_11499,Male,31,Chennai,Tamil Nadu,Home Office,2022-07-23,Direct
11500,Customer_11500,Male,32,Indore,Madhya Pradesh,Consumer,2023-01-13,Social Media
11501,Customer_11501,Female,26,Warangal,Telangana,Home Office,2025-07-11,Social Media
11502,Customer_11502,Female,60,Warangal,Telangana,Consumer,2025-11-23,Social Media
11503,Customer_11503,Male,24,Nagpur,Maharashtra,Consumer,2025-12-07,Organic Search
11504,Customer_11504,Male,29,Mysuru,Karnataka,Consumer,2024-05-07,Organic Search
11505,Customer_11505,Male,36,Chennai,Tamil Nadu,Corporate,2023-01-23,Direct
11506,Customer_11506,Female,44,Chennai,Tamil Nadu,Corporate,2025-01-08,Social Media
11507,Customer_11507,Male,35,Ahmedabad,Gujarat,Consumer,2022-04-05,Organic Search
11508,Customer_11508,Male,30,Hyderabad,Telangana,Consumer,2023-05-22,Social Media
11509,Customer_11509,Female,60,Ahmedabad,Gujarat,Consumer,2025-05-19,Organic Search
11510,Customer_11510,Male,18,Noida,Uttar Pradesh,Consumer,2022-03-29,Referral
11511,Customer_11511,Male,55,Lucknow,Uttar Pradesh,Consumer,2024-06-22,Organic Search
11512,Customer_11512,Male,38,Kolkata,West Bengal,Consumer,2025-10-21,Referral
11513,Customer_11513,Male,51,Gurugram,Haryana,Consumer,2023-10-04,Paid Ads
11514,Customer_11514,Male,30,Nagpur,Maharashtra,Corporate,2025-04-20,Organic Search
11515,Customer_11515,Female,58,New Delhi,Delhi,Corporate,2022-08-22,Organic Search
11516,Customer_11516,Female,40,Nagpur,Maharashtra,Consumer,2023-07-25,Paid Ads
11517,Customer_11517,Male,18,Jaipur,Rajasthan,Corporate,2024-01-31,Social Media
11518,Customer_11518,Male,40,Indore,Madhya Pradesh,Consumer,2024-01-07,Organic Search
11519,Customer_11519,Female,45,Delhi,Delhi,Corporate,2024-06-14,Email
11520,Customer_11520,Male,49,Faridabad,Haryana,Consumer,2023-11-30,Paid Ads
11521,Customer_11521,Male,25,Nashik,Maharashtra,Corporate,2025-06-30,Organic Search
11522,Customer_11522,Female,43,Faridabad,Haryana,Consumer,2025-09-18,Social Media
11523,Customer_11523,Male,31,Bengaluru,Karnataka,Consumer,2025-09-07,Referral
11524,Customer_11524,Male,41,Pune,Maharashtra,Corporate,2025-06-07,Organic Search
11525,Customer_11525,Male,46,Hyderabad,Telangana,Consumer,2022-08-05,Social Media
11526,Customer_11526,Male,21,Delhi,Delhi,Consumer,2023-06-08,Social Media
11527,Customer_11527,Male,35,Mysuru,Karnataka,Consumer,2025-01-17,Direct
11528,Customer_11528,Male,31,Bengaluru,Karnataka,Corporate,2024-05-18,Organic Search
11529,Customer_11529,Male,44,Lucknow,Uttar Pradesh,Consumer,2025-02-11,Social Media
11530,Customer_11530,Female,58,Surat,Gujarat,Consumer,2023-06-14,Organic Search
11531,Customer_11531,Male,20,Mysuru,Karnataka,Consumer,2022-08-17,Organic Search
11532,Customer_11532,Male,47,Surat,Gujarat,Consumer,2025-09-18,Organic Search
11533,Customer_11533,Female,53,Kolkata,West Bengal,Consumer,2023-08-25,Email
11534,Customer_11534,Female,40,Delhi,Delhi,Home Office,2024-05-30,Social Media
11535,Customer_11535,Male,35,Chennai,Tamil Nadu,Consumer,2022-01-30,Organic Search
11536,Customer_11536,Male,57,Pune,Maharashtra,Consumer,2023-06-23,Organic Search
11537,Customer_11537,Male,27,Delhi,Delhi,Consumer,2023-10-08,Referral
11538,Customer_11538,Female,29,Udaipur,Rajasthan,Consumer,2022-11-14,Social Media
11539,Customer_11539,Male,58,Delhi,Delhi,Corporate,2025-06-04,Organic Search
11540,Customer_11540,Male,25,Warangal,Telangana,Consumer,2025-11-08,Social Media
11541,Customer_11541,Male,49,Kolkata,West Bengal,Home Office,2024-01-22,Organic Search
11542,Customer_11542,Male,34,Mumbai,Maharashtra,Consumer,2024-03-25,Paid Ads
11543,Customer_11543,Male,58,Ahmedabad,Gujarat,Consumer,2023-02-09,Social Media
11544,Customer_11544,Male,31,New Delhi,Delhi,Consumer,2023-08-13,Social Media
11545,Customer_11545,Female,54,Ludhiana,Punjab,Home Office,2025-03-21,Direct
11546,Customer_11546,Female,26,Hyderabad,Telangana,Corporate,2024-06-23,Email
11547,Customer_11547,Male,43,Kanpur,Uttar Pradesh,Consumer,2022-04-03,Paid Ads
11548,Customer_11548,Male,41,Ahmedabad,Gujarat,Home Office,2024-11-06,Social Media
11549,Customer_11549,Male,40,Pune,Maharashtra,Consumer,2024-12-17,Social Media
11550,Customer_11550,Male,48,Jaipur,Rajasthan,Corporate,2023-02-17,Direct
11551,Customer_11551,Female,56,Gurugram,Haryana,Corporate,2023-08-26,Direct
11552,Customer_11552,Other,19,Ahmedabad,Gujarat,Corporate,2025-07-02,Organic Search
11553,Customer_11553,Male,35,Kanpur,Uttar Pradesh,Home Office,2022-08-19,Organic Search
11554,Customer_11554,Male,33,Bhopal,Madhya Pradesh,Home Office,2025-04-09,Social Media
11555,Customer_11555,Male,46,Delhi,Delhi,Home Office,2023-11-03,Social Media
11556,Customer_11556,Female,28,New Delhi,Delhi,Consumer,2022-02-25,Referral
11557,Customer_11557,Female,19,Ahmedabad,Gujarat,Consumer,2023-04-10,Organic Search
11558,Customer_11558,Female,31,Coimbatore,Tamil Nadu,Consumer,2022-11-30,Organic Search
11559,Customer_11559,Female,21,Noida,Uttar Pradesh,Corporate,2024-01-12,Social Media
11560,Customer_11560,Male,56,Bhopal,Madhya Pradesh,Consumer,2025-07-09,Direct
11561,Customer_11561,Female,51,Mysuru,Karnataka,Consumer,2023-09-17,Paid Ads
11562,Customer_11562,Female,56,Delhi,Delhi,Corporate,2022-04-24,Referral
11563,Customer_11563,Male,26,Noida,Uttar Pradesh,Home Office,2024-04-09,Organic Search
11564,Customer_11564,Male,57,Mysuru,Karnataka,Consumer,2024-07-19,Organic Search
11565,Customer_11565,Female,58,Kanpur,Uttar Pradesh,Consumer,2024-06-25,Referral
11566,Customer_11566,Female,24,Coimbatore,Tamil Nadu,Consumer,2024-02-22,Organic Search
11567,Customer_11567,Female,34,Jaipur,Rajasthan,Consumer,2022-04-26,Referral
11568,Customer_11568,Female,40,Pune,Maharashtra,Corporate,2025-07-03,Social Media
11569,Customer_11569,Female,28,Ahmedabad,Gujarat,Home Office,2023-03-01,Organic Search
11570,Customer_11570,Female,39,Chennai,Tamil Nadu,Consumer,2023-10-08,Social Media
11571,Customer_11571,Male,35,Vadodara,Gujarat,Consumer,2025-07-18,Email
11572,Customer_11572,Female,45,Nashik,Maharashtra,Corporate,2025-02-25,Organic Search
11573,Customer_11573,Male,33,Noida,Uttar Pradesh,Consumer,2022-03-02,Direct
11574,Customer_11574,Male,59,Bhopal,Madhya Pradesh,Consumer,2025-03-07,Organic Search
11575,Customer_11575,Male,21,New Delhi,Delhi,Corporate,2025-01-13,Social Media
11576,Customer_11576,Female,53,Pune,Maharashtra,Corporate,2024-05-25,Paid Ads
11577,Customer_11577,Female,39,Pune,Maharashtra,Consumer,2025-11-20,Paid Ads
11578,Customer_11578,Female,28,Udaipur,Rajasthan,Corporate,2022-07-27,Social Media
11579,Customer_11579,Male,38,Surat,Gujarat,Consumer,2022-12-08,Organic Search
11580,Customer_11580,Male,57,Surat,Gujarat,Consumer,2023-07-06,Referral
11581,Customer_11581,Male,58,New Delhi,Delhi,Consumer,2023-05-27,Social Media
11582,Customer_11582,Male,33,Chennai,Tamil Nadu,Consumer,2025-07-22,Referral
11583,Customer_11583,Female,59,Surat,Gujarat,Consumer,2024-08-27,Organic Search
11584,Customer_11584,Male,26,Warangal,Telangana,Consumer,2024-09-16,Social Media
11585,Customer_11585,Female,52,Amritsar,Punjab,Consumer,2025-10-24,Referral
11586,Customer_11586,Female,51,Mumbai,Maharashtra,Consumer,2023-04-19,Organic Search
11587,Customer_11587,Male,26,Kolkata,West Bengal,Consumer,2022-05-19,Social Media
11588,Customer_11588,Female,30,Chennai,Tamil Nadu,Consumer,2023-01-13,Social Media
11589,Customer_11589,Male,23,Coimbatore,Tamil Nadu,Consumer,2025-09-20,Social Media
11590,Customer_11590,Male,21,Kolkata,West Bengal,Consumer,2024-07-11,Direct
11591,Customer_11591,Female,45,Kolkata,West Bengal,Consumer,2023-01-14,Direct
11592,Customer_11592,Female,28,Ludhiana,Punjab,Corporate,2025-08-08,Social Media
11593,Customer_11593,Male,51,Nagpur,Maharashtra,Consumer,2024-11-27,Organic Search
11594,Customer_11594,Male,52,Pune,Maharashtra,Consumer,2025-05-09,Social Media
11595,Customer_11595,Male,22,Kolkata,West Bengal,Consumer,2024-11-08,Email
11596,Customer_11596,Male,56,Surat,Gujarat,Consumer,2024-08-22,Social Media
11597,Customer_11597,Female,28,Mysuru,Karnataka,Home Office,2022-07-18,Social Media
11598,Customer_11598,Female,29,Mumbai,Maharashtra,Consumer,2024-06-08,Email
11599,Customer_11599,Male,60,Mumbai,Maharashtra,Consumer,2024-11-13,Referral
11600,Customer_11600,Female,36,Bhopal,Madhya Pradesh,Corporate,2024-10-03,Social Media
11601,Customer_11601,Male,30,Delhi,Delhi,Consumer,2024-09-19,Referral
11602,Customer_11602,Male,21,Bengaluru,Karnataka,Consumer,2022-10-17,Referral
11603,Customer_11603,Female,31,New Delhi,Delhi,Corporate,2024-03-23,Organic Search
11604,Customer_11604,Female,19,Mysuru,Karnataka,Home Office,2025-04-04,Social Media
11605,Customer_11605,Female,25,Nagpur,Maharashtra,Consumer,2025-05-23,Referral
11606,Customer_11606,Male,39,Warangal,Telangana,Consumer,2024-05-11,Direct
11607,Customer_11607,Female,30,Nashik,Maharashtra,Corporate,2024-07-02,Organic Search
11608,Customer_11608,Male,38,Kanpur,Uttar Pradesh,Consumer,2023-01-15,Organic Search
11609,Customer_11609,Female,38,New Delhi,Delhi,Consumer,2023-05-08,Paid Ads
11610,Customer_11610,Other,45,Ahmedabad,Gujarat,Consumer,2023-01-24,Social Media
11611,Customer_11611,Male,50,Bhopal,Madhya Pradesh,Consumer,2022-03-12,Organic Search
11612,Customer_11612,Female,46,Udaipur,Rajasthan,Consumer,2023-11-25,Direct
11613,Customer_11613,Male,54,Warangal,Telangana,Consumer,2023-12-16,Organic Search
11614,Customer_11614,Male,39,Mysuru,Karnataka,Corporate,2022-07-02,Direct
11615,Customer_11615,Female,43,Mysuru,Karnataka,Consumer,2025-09-26,Email
11616,Customer_11616,Male,28,Udaipur,Rajasthan,Consumer,2023-10-13,Referral
11617,Customer_11617,Female,28,Ludhiana,Punjab,Consumer,2024-07-25,Email
11618,Customer_11618,Male,51,Udaipur,Rajasthan,Corporate,2025-08-08,Organic Search
11619,Customer_11619,Female,36,Surat,Gujarat,Consumer,2023-10-06,Organic Search
11620,Customer_11620,Male,54,Kolkata,West Bengal,Consumer,2023-05-29,Social Media
11621,Customer_11621,Male,31,Warangal,Telangana,Consumer,2025-08-18,Direct
11622,Customer_11622,Male,46,Nashik,Maharashtra,Consumer,2025-12-26,Organic Search
11623,Customer_11623,Female,36,Vadodara,Gujarat,Home Office,2023-11-02,Organic Search
11624,Customer_11624,Female,54,Faridabad,Haryana,Consumer,2022-10-29,Paid Ads
11625,Customer_11625,Female,38,New Delhi,Delhi,Consumer,2025-11-16,Organic Search
11626,Customer_11626,Male,41,Kolkata,West Bengal,Corporate,2024-08-29,Referral
11627,Customer_11627,Male,43,New Delhi,Delhi,Consumer,2025-01-21,Paid Ads
11628,Customer_11628,Male,58,Warangal,Telangana,Consumer,2022-11-16,Email
11629,Customer_11629,Female,29,Nashik,Maharashtra,Consumer,2022-08-13,Referral
11630,Customer_11630,Male,36,Chennai,Tamil Nadu,Consumer,2025-05-15,Organic Search
11631,Customer_11631,Female,47,Lucknow,Uttar Pradesh,Consumer,2023-09-24,Paid Ads
11632,Customer_11632,Female,32,Mysuru,Karnataka,Consumer,2022-07-03,Referral
11633,Customer_11633,Male,20,Jaipur,Rajasthan,Consumer,2022-05-18,Paid Ads
11634,Customer_11634,Male,30,Kanpur,Uttar Pradesh,Consumer,2024-12-15,Organic Search
11635,Customer_11635,Female,26,Faridabad,Haryana,Corporate,2023-12-08,Organic Search
11636,Customer_11636,Male,30,Delhi,Delhi,Corporate,2025-06-30,Direct
11637,Customer_11637,Male,33,Coimbatore,Tamil Nadu,Corporate,2023-09-28,Referral
11638,Customer_11638,Male,31,Nagpur,Maharashtra,Consumer,2024-11-07,Organic Search
11639,Customer_11639,Female,25,Ludhiana,Punjab,Home Office,2025-04-30,Paid Ads
11640,Customer_11640,Female,36,Gurugram,Haryana,Consumer,2023-11-29,Paid Ads
11641,Customer_11641,Male,49,Vadodara,Gujarat,Consumer,2024-10-12,Direct
11642,Customer_11642,Male,52,Lucknow,Uttar Pradesh,Consumer,2024-11-14,Paid Ads
11643,Customer_11643,Male,40,Hyderabad,Telangana,Consumer,2025-09-18,Email
11644,Customer_11644,Female,38,Surat,Gujarat,Consumer,2024-06-29,Email
11645,Customer_11645,Male,35,Mumbai,Maharashtra,Consumer,2023-01-30,Organic Search
11646,Customer_11646,Male,31,Lucknow,Uttar Pradesh,Consumer,2022-04-23,Referral
11647,Customer_11647,Female,33,Mumbai,Maharashtra,Consumer,2023-12-19,Organic Search
11648,Customer_11648,Female,41,Lucknow,Uttar Pradesh,Home Office,2025-10-25,Organic Search
11649,Customer_11649,Other,49,Noida,Uttar Pradesh,Consumer,2025-06-30,Email
11650,Customer_11650,Female,28,Kolkata,West Bengal,Consumer,2025-07-20,Organic Search
11651,Customer_11651,Male,28,Nashik,Maharashtra,Corporate,2023-08-11,Referral
11652,Customer_11652,Male,21,Mysuru,Karnataka,Consumer,2022-01-12,Direct
11653,Customer_11653,Male,43,New Delhi,Delhi,Consumer,2024-05-18,Organic Search
11654,Customer_11654,Male,22,Bengaluru,Karnataka,Consumer,2023-06-06,Social Media
11655,Customer_11655,Female,53,Pune,Maharashtra,Corporate,2022-08-27,Referral
11656,Customer_11656,Female,50,Faridabad,Haryana,Corporate,2024-10-13,Referral
11657,Customer_11657,Female,31,Surat,Gujarat,Consumer,2025-04-27,Social Media
11658,Customer_11658,Male,49,Bengaluru,Karnataka,Consumer,2024-06-14,Paid Ads
11659,Customer_11659,Female,24,Chennai,Tamil Nadu,Consumer,2024-10-29,Social Media
11660,Customer_11660,Female,27,Coimbatore,Tamil Nadu,Consumer,2025-05-04,Social Media
11661,Customer_11661,Male,19,Surat,Gujarat,Home Office,2024-12-12,Organic Search
11662,Customer_11662,Female,27,Warangal,Telangana,Consumer,2022-10-07,Email
11663,Customer_11663,Male,52,Gurugram,Haryana,Consumer,2024-05-09,Direct
11664,Customer_11664,Male,38,Warangal,Telangana,Consumer,2024-01-12,Paid Ads
11665,Customer_11665,Female,57,Ludhiana,Punjab,Consumer,2025-03-30,Direct
11666,Customer_11666,Female,59,Bhopal,Madhya Pradesh,Home Office,2023-04-21,Social Media
11667,Customer_11667,Male,25,New Delhi,Delhi,Corporate,2025-12-16,Referral
11668,Customer_11668,Male,35,Gurugram,Haryana,Consumer,2025-01-09,Email
11669,Customer_11669,Other,26,Pune,Maharashtra,Corporate,2025-04-22,Referral
11670,Customer_11670,Female,58,Lucknow,Uttar Pradesh,Consumer,2024-06-06,Organic Search
11671,Customer_11671,Female,47,Chennai,Tamil Nadu,Consumer,2025-03-17,Paid Ads
11672,Customer_11672,Male,21,Indore,Madhya Pradesh,Corporate,2024-08-09,Organic Search
11673,Customer_11673,Male,52,Indore,Madhya Pradesh,Consumer,2023-05-19,Social Media
11674,Customer_11674,Male,31,Noida,Uttar Pradesh,Consumer,2023-10-30,Email
11675,Customer_11675,Male,31,Noida,Uttar Pradesh,Consumer,2022-07-27,Organic Search
11676,Customer_11676,Male,54,Mysuru,Karnataka,Consumer,2024-08-03,Direct
11677,Customer_11677,Male,37,Nagpur,Maharashtra,Consumer,2025-02-08,Email
11678,Customer_11678,Female,46,Chennai,Tamil Nadu,Consumer,2024-03-20,Direct
11679,Customer_11679,Male,40,New Delhi,Delhi,Consumer,2024-12-03,Organic Search
11680,Customer_11680,Female,38,Kolkata,West Bengal,Consumer,2022-08-21,Organic Search
11681,Customer_11681,Male,48,Bengaluru,Karnataka,Corporate,2023-03-05,Paid Ads
11682,Customer_11682,Male,49,Amritsar,Punjab,Consumer,2022-08-06,Paid Ads
11683,Customer_11683,Male,58,,Rajasthan,Consumer,2024-07-24,Paid Ads
11684,Customer_11684,Male,24,Lucknow,Uttar Pradesh,Consumer,2025-12-07,Email
11685,Customer_11685,Male,30,Pune,Maharashtra,Consumer,2022-03-20,Organic Search
11686,Customer_11686,Female,40,Indore,Madhya Pradesh,Consumer,2025-06-08,Direct
11687,Customer_11687,Female,25,Gurugram,Haryana,Consumer,2024-05-22,Paid Ads
11688,Customer_11688,Male,29,Warangal,Telangana,Consumer,2024-09-20,Direct
11689,Customer_11689,Male,53,Surat,Gujarat,Corporate,2023-02-02,Organic Search
11690,Customer_11690,Female,33,Noida,Uttar Pradesh,Consumer,2022-05-16,Referral
11691,Customer_11691,Female,43,Delhi,Delhi,Consumer,2022-04-05,Email
11692,Customer_11692,Male,46,Warangal,Telangana,Consumer,2022-04-05,Organic Search
11693,Customer_11693,Female,46,Coimbatore,Tamil Nadu,Consumer,2023-11-15,Social Media
11694,Customer_11694,Female,23,Nagpur,Maharashtra,Consumer,2022-04-14,Paid Ads
11695,Customer_11695,Female,54,Mysuru,Karnataka,Consumer,2024-07-20,Organic Search
11696,Customer_11696,Female,50,Mumbai,Maharashtra,Consumer,2022-03-21,Paid Ads
11697,Customer_11697,Female,48,Nagpur,Maharashtra,Corporate,2022-09-24,Direct
11698,Customer_11698,Female,58,Nashik,Maharashtra,Consumer,2025-10-07,Organic Search
11699,Customer_11699,Male,35,,Punjab,Corporate,2025-07-01,Direct
11700,Customer_11700,Female,55,Ahmedabad,Gujarat,Consumer,2024-01-12,Social Media
11701,Customer_11701,Female,48,Ludhiana,Punjab,Consumer,2022-08-28,Organic Search
11702,Customer_11702,Female,33,Chennai,Tamil Nadu,Consumer,2025-05-10,Social Media
11703,Customer_11703,Other,57,Mysuru,Karnataka,Consumer,2025-11-08,Social Media
11704,Customer_11704,Male,54,Hyderabad,Telangana,Consumer,2025-03-07,Organic Search
11705,Customer_11705,Male,31,Chennai,Tamil Nadu,Home Office,2025-03-18,Email
11706,Customer_11706,Male,56,Mumbai,Maharashtra,Consumer,2025-08-07,Social Media
11707,Customer_11707,Male,21,Udaipur,Rajasthan,Home Office,2023-09-17,Social Media
11708,Customer_11708,Male,47,New Delhi,Delhi,Corporate,2022-08-02,Social Media
11709,Customer_11709,Female,50,Surat,Gujarat,Consumer,2022-07-01,Direct
11710,Customer_11710,Male,53,Jaipur,Rajasthan,Consumer,2024-06-12,Referral
11711,Customer_11711,Female,47,Nagpur,Maharashtra,Consumer,2023-06-15,Organic Search
11712,Customer_11712,Female,31,Nagpur,Maharashtra,Corporate,2025-05-18,Email
11713,Customer_11713,Male,40,Noida,Uttar Pradesh,Home Office,2022-01-12,Paid Ads
11714,Customer_11714,Male,45,Chennai,Tamil Nadu,Consumer,2024-12-19,Organic Search
11715,Customer_11715,Female,24,,Maharashtra,Consumer,2024-06-30,Organic Search
11716,Customer_11716,Female,59,Ludhiana,Punjab,Consumer,2025-02-26,Social Media
11717,Customer_11717,Female,27,Nagpur,Maharashtra,Corporate,2024-10-11,Organic Search
11718,Customer_11718,Female,21,Kolkata,West Bengal,Home Office,2023-08-03,Paid Ads
11719,Customer_11719,Female,55,Amritsar,Punjab,Consumer,2023-08-04,Organic Search
11720,Customer_11720,Female,30,New Delhi,Delhi,Consumer,2022-08-22,Referral
11721,Customer_11721,Female,38,Nagpur,Maharashtra,Consumer,2023-03-29,Referral
11722,Customer_11722,Female,50,Nagpur,Maharashtra,Consumer,2024-06-29,Paid Ads
11723,Customer_11723,Female,57,Bengaluru,Karnataka,Corporate,2025-03-25,Paid Ads
11724,Customer_11724,Male,45,Pune,Maharashtra,Consumer,2023-08-17,Referral
11725,Customer_11725,Female,40,Kolkata,West Bengal,Consumer,2025-09-25,Organic Search
11726,Customer_11726,Male,49,Mumbai,Maharashtra,Consumer,2023-09-20,Social Media
11727,Customer_11727,Female,22,Hyderabad,Telangana,Consumer,2023-12-21,Social Media
11728,Customer_11728,Male,43,Amritsar,Punjab,Consumer,2025-11-09,Paid Ads
11729,Customer_11729,Male,56,Lucknow,Uttar Pradesh,Corporate,2025-09-18,Referral
11730,Customer_11730,Male,43,Ahmedabad,Gujarat,Corporate,2024-05-10,Social Media
11731,Customer_11731,Male,20,Bengaluru,Karnataka,Consumer,2025-10-30,Social Media
11732,Customer_11732,Male,41,Surat,Gujarat,Consumer,2024-02-06,Organic Search
11733,Customer_11733,Female,51,Hyderabad,Telangana,Consumer,2022-11-15,Paid Ads
11734,Customer_11734,Male,51,Coimbatore,Tamil Nadu,Consumer,2023-12-26,Email
11735,Customer_11735,Male,37,Nashik,Maharashtra,Consumer,2025-10-08,Email
11736,Customer_11736,Male,47,Bhopal,Madhya Pradesh,Consumer,2022-12-22,Organic Search
11737,Customer_11737,Female,59,Coimbatore,Tamil Nadu,Consumer,2023-04-03,Email
11738,Customer_11738,Male,37,Delhi,Delhi,Corporate,2022-02-06,Email
11739,Customer_11739,Male,58,Mysuru,Karnataka,Consumer,2024-07-26,Paid Ads
11740,Customer_11740,Male,35,Coimbatore,Tamil Nadu,Consumer,2022-07-31,Organic Search
11741,Customer_11741,Female,55,Lucknow,Uttar Pradesh,Consumer,2023-12-12,Email
11742,Customer_11742,Male,37,Kolkata,West Bengal,Corporate,2025-03-24,Social Media
11743,Customer_11743,Male,23,Kanpur,Uttar Pradesh,Consumer,2023-02-12,Referral
11744,Customer_11744,Male,59,Nashik,Maharashtra,Consumer,2023-06-14,Social Media
11745,Customer_11745,Female,42,Coimbatore,Tamil Nadu,Consumer,2023-05-26,Email
11746,Customer_11746,Male,58,Warangal,Telangana,Consumer,2024-08-19,Organic Search
11747,Customer_11747,Female,58,Nashik,Maharashtra,Corporate,2025-02-15,Social Media
11748,Customer_11748,Male,20,Delhi,Delhi,Home Office,2025-10-09,Social Media
11749,Customer_11749,Male,60,Noida,Uttar Pradesh,Consumer,2022-06-27,Email
11750,Customer_11750,Male,36,Nagpur,Maharashtra,Corporate,2025-03-03,Social Media
11751,Customer_11751,Male,27,Hyderabad,Telangana,Consumer,2025-06-18,Organic Search
11752,Customer_11752,Male,22,Delhi,Delhi,Consumer,2025-08-08,Paid Ads
11753,Customer_11753,Male,39,Nashik,Maharashtra,Corporate,2025-08-24,Social Media
11754,Customer_11754,Male,26,Delhi,Delhi,Consumer,2024-09-17,Paid Ads
11755,Customer_11755,Female,50,Ludhiana,Punjab,Consumer,2024-07-19,Email
11756,Customer_11756,Other,32,Lucknow,Uttar Pradesh,Home Office,2025-02-03,Organic Search
11757,Customer_11757,Male,41,Ludhiana,Punjab,Consumer,2024-09-02,Social Media
11758,Customer_11758,Female,47,Hyderabad,Telangana,Consumer,2024-12-31,Social Media
11759,Customer_11759,Female,53,Nashik,Maharashtra,Corporate,2023-12-27,Referral
11760,Customer_11760,Female,56,Surat,Gujarat,Corporate,2024-06-23,Direct
11761,Customer_11761,Male,23,Chennai,Tamil Nadu,Corporate,2023-10-16,Direct
11762,Customer_11762,Female,32,Indore,Madhya Pradesh,Consumer,2024-06-09,Email
11763,Customer_11763,Male,55,Mumbai,Maharashtra,Corporate,2022-06-11,Organic Search
11764,Customer_11764,Male,56,Hyderabad,Telangana,Corporate,2025-10-19,Organic Search
11765,Customer_11765,Male,39,Nashik,Maharashtra,Consumer,2025-05-19,Organic Search
11766,Customer_11766,Male,20,Bengaluru,Karnataka,Corporate,2025-03-09,Referral
11767,Customer_11767,Male,46,Noida,Uttar Pradesh,Consumer,2022-06-07,Organic Search
11768,Customer_11768,Male,46,Hyderabad,Telangana,Consumer,2025-04-28,Referral
11769,Customer_11769,Female,48,Mysuru,Karnataka,Consumer,2024-09-17,Paid Ads
11770,Customer_11770,Male,19,Chennai,Tamil Nadu,Consumer,2023-07-08,Social Media
11771,Customer_11771,Male,52,Coimbatore,Tamil Nadu,Consumer,2024-08-22,Social Media
11772,Customer_11772,Male,26,Noida,Uttar Pradesh,Consumer,2023-09-12,Organic Search
11773,Customer_11773,Male,39,Indore,Madhya Pradesh,Consumer,2023-02-15,Organic Search
11774,Customer_11774,Female,36,Faridabad,Haryana,Consumer,2024-05-05,Referral
11775,Customer_11775,Other,54,Kanpur,Uttar Pradesh,Consumer,2022-10-07,Organic Search
11776,Customer_11776,Male,27,Mysuru,Karnataka,Corporate,2024-01-03,Paid Ads
11777,Customer_11777,Male,38,Kolkata,West Bengal,Home Office,2025-05-14,Organic Search
11778,Customer_11778,Female,34,Coimbatore,Tamil Nadu,Corporate,2024-01-13,Email
11779,Customer_11779,Male,20,New Delhi,Delhi,Consumer,2023-02-20,Email
11780,Customer_11780,Female,24,Lucknow,Uttar Pradesh,Corporate,2022-12-11,Organic Search
11781,Customer_11781,Male,58,Pune,Maharashtra,Consumer,2024-06-07,Organic Search
11782,Customer_11782,Male,54,Bhopal,Madhya Pradesh,Consumer,2022-09-05,Organic Search
11783,Customer_11783,Male,53,Coimbatore,Tamil Nadu,Consumer,2022-04-20,Direct
11784,Customer_11784,Male,20,Udaipur,Rajasthan,Consumer,2022-04-30,Organic Search
11785,Customer_11785,Male,30,Jaipur,Rajasthan,Corporate,2024-10-30,Social Media
11786,Customer_11786,Female,58,Bhopal,Madhya Pradesh,Consumer,2022-04-18,Email
11787,Customer_11787,Female,47,Udaipur,Rajasthan,Consumer,2025-04-21,Organic Search
11788,Customer_11788,Female,40,Surat,Gujarat,Corporate,2025-10-31,Paid Ads
11789,Customer_11789,Female,24,Pune,Maharashtra,Consumer,2024-03-13,Organic Search
11790,Customer_11790,Male,47,Warangal,Telangana,Corporate,2025-07-20,Social Media
11791,Customer_11791,Female,46,Nashik,Maharashtra,Corporate,2022-10-07,Organic Search
11792,Customer_11792,Male,25,Noida,Uttar Pradesh,Consumer,2023-09-27,Organic Search
11793,Customer_11793,Female,27,Hyderabad,Telangana,Consumer,2025-03-25,Organic Search
11794,Customer_11794,Male,50,Jaipur,Rajasthan,Consumer,2024-03-11,Paid Ads
11795,Customer_11795,Female,37,Mumbai,Maharashtra,Consumer,2024-02-17,Organic Search
11796,Customer_11796,Female,46,Mumbai,Maharashtra,Consumer,2024-03-07,Direct
11797,Customer_11797,Male,46,Kolkata,West Bengal,Consumer,2023-01-16,Organic Search
11798,Customer_11798,Male,38,Nashik,Maharashtra,Home Office,2025-02-28,Organic Search
11799,Customer_11799,Male,18,Nashik,Maharashtra,Home Office,2024-07-09,Social Media
11800,Customer_11800,Male,51,Mumbai,Maharashtra,Corporate,2024-12-28,Organic Search
11801,Customer_11801,Female,49,Gurugram,Haryana,Consumer,2025-09-12,Organic Search
11802,Customer_11802,Female,31,Kanpur,Uttar Pradesh,Consumer,2024-04-02,Paid Ads
11803,Customer_11803,Male,54,Mysuru,Karnataka,Corporate,2025-02-09,Paid Ads
11804,Customer_11804,Male,52,Mysuru,Karnataka,Consumer,2023-06-13,Organic Search
11805,Customer_11805,Female,41,Bengaluru,Karnataka,Corporate,2024-01-20,Referral
11806,Customer_11806,Male,18,Kanpur,Uttar Pradesh,Home Office,2025-06-06,Referral
11807,Customer_11807,Male,23,Jaipur,Rajasthan,Consumer,2023-02-10,Direct
11808,Customer_11808,Female,21,New Delhi,Delhi,Corporate,2022-09-08,Paid Ads
11809,Customer_11809,Female,55,New Delhi,Delhi,Consumer,2025-12-27,Organic Search
11810,Customer_11810,Male,18,Nashik,Maharashtra,Corporate,2023-06-24,Paid Ads
11811,Customer_11811,Male,58,Jaipur,Rajasthan,Consumer,2023-10-12,Organic Search
11812,Customer_11812,Female,48,Noida,Uttar Pradesh,Consumer,2025-02-20,Organic Search
11813,Customer_11813,Female,53,New Delhi,Delhi,Corporate,2022-04-03,Paid Ads
11814,Customer_11814,Female,26,Mumbai,Maharashtra,Corporate,2025-10-06,Social Media
11815,Customer_11815,Male,58,Pune,Maharashtra,Consumer,2023-02-14,Direct
11816,Customer_11816,Female,40,Ludhiana,Punjab,Consumer,2023-04-24,Organic Search
11817,Customer_11817,Female,48,Mysuru,Karnataka,Consumer,2023-07-01,Social Media
11818,Customer_11818,Female,46,Noida,Uttar Pradesh,Corporate,2024-11-14,Organic Search
11819,Customer_11819,Female,38,Ahmedabad,Gujarat,Home Office,2025-09-05,Referral
11820,Customer_11820,Male,20,Chennai,Tamil Nadu,Home Office,2025-08-22,Organic Search
11821,Customer_11821,Female,43,Delhi,Delhi,Corporate,2024-02-07,Organic Search
11822,Customer_11822,Male,23,Nashik,Maharashtra,Corporate,2023-06-10,Referral
11823,Customer_11823,Male,37,Vadodara,Gujarat,Consumer,2022-04-15,Social Media
11824,Customer_11824,Female,30,Lucknow,Uttar Pradesh,Consumer,2023-09-25,Organic Search
11825,Customer_11825,Female,58,Udaipur,Rajasthan,Consumer,2022-08-25,Referral
11826,Customer_11826,Female,40,Hyderabad,Telangana,Corporate,2022-01-20,Social Media
11827,Customer_11827,Male,32,Pune,Maharashtra,Corporate,2024-03-19,Direct
11828,Customer_11828,Male,48,Amritsar,Punjab,Consumer,2024-07-10,Email
11829,Customer_11829,Female,21,Kanpur,Uttar Pradesh,Consumer,2023-12-04,Paid Ads
11830,Customer_11830,Male,28,Mysuru,Karnataka,Consumer,2022-01-19,Social Media
11831,Customer_11831,Female,19,Amritsar,Punjab,Consumer,2022-05-02,Social Media
11832,Customer_11832,Male,33,Surat,Gujarat,Consumer,2024-01-28,Direct
11833,Customer_11833,Female,48,Surat,Gujarat,Consumer,2025-10-24,Paid Ads
11834,Customer_11834,Male,56,Lucknow,Uttar Pradesh,Home Office,2022-12-18,Organic Search
11835,Customer_11835,Female,60,Lucknow,Uttar Pradesh,Consumer,2022-10-01,Social Media
11836,Customer_11836,Female,21,Udaipur,Rajasthan,Consumer,2022-01-13,Social Media
11837,Customer_11837,Male,45,Nashik,Maharashtra,Consumer,2024-12-30,Organic Search
11838,Customer_11838,Female,33,Bengaluru,Karnataka,Home Office,2024-12-18,Email
11839,Customer_11839,Female,56,Faridabad,Haryana,Home Office,2025-04-02,Organic Search
11840,Customer_11840,Female,42,Delhi,Delhi,Consumer,2022-12-28,Social Media
11841,Customer_11841,Female,30,Bengaluru,Karnataka,Home Office,2022-01-29,Direct
11842,Customer_11842,Male,22,Chennai,Tamil Nadu,Consumer,2023-10-22,Paid Ads
11843,Customer_11843,Male,47,Coimbatore,Tamil Nadu,Consumer,2023-10-19,Email
11844,Customer_11844,Male,18,Surat,Gujarat,Consumer,2022-08-18,Organic Search
11845,Customer_11845,Male,22,Gurugram,Haryana,Consumer,2024-12-29,Referral
11846,Customer_11846,Male,31,Delhi,Delhi,Consumer,2024-07-02,Paid Ads
11847,Customer_11847,Female,28,Mumbai,Maharashtra,Home Office,2023-09-13,Email
11848,Customer_11848,Male,51,New Delhi,Delhi,Corporate,2024-04-27,Email
11849,Customer_11849,Male,46,Indore,Madhya Pradesh,Consumer,2025-02-06,Organic Search
11850,Customer_11850,Male,35,Udaipur,Rajasthan,Consumer,2022-08-05,Paid Ads
11851,Customer_11851,Female,32,Bengaluru,Karnataka,Consumer,2024-01-04,Organic Search
11852,Customer_11852,Female,42,Kanpur,Uttar Pradesh,Consumer,2024-03-14,Social Media
11853,Customer_11853,Male,47,Indore,Madhya Pradesh,Consumer,2023-09-09,Social Media
11854,Customer_11854,Female,19,Bhopal,Madhya Pradesh,Consumer,2024-07-30,Organic Search
11855,Customer_11855,Male,57,Faridabad,Haryana,Corporate,2023-11-03,Email
11856,Customer_11856,Other,44,Delhi,Delhi,Corporate,2024-07-27,Referral
11857,Customer_11857,Female,32,Lucknow,Uttar Pradesh,Consumer,2022-10-08,Organic Search
11858,Customer_11858,Male,49,Coimbatore,Tamil Nadu,Consumer,2025-06-02,Social Media
11859,Customer_11859,Female,37,Noida,Uttar Pradesh,Consumer,2025-10-25,Organic Search
11860,Customer_11860,Female,31,Kolkata,West Bengal,Consumer,2025-06-06,Social Media
11861,Customer_11861,Male,44,Lucknow,Uttar Pradesh,Consumer,2022-02-11,Social Media
11862,Customer_11862,Female,20,Jaipur,Rajasthan,Consumer,2025-03-27,Social Media
11863,Customer_11863,Male,20,Delhi,Delhi,Consumer,2023-02-18,Email
11864,Customer_11864,Male,30,Surat,Gujarat,Home Office,2023-04-24,Email
11865,Customer_11865,Male,42,Ludhiana,Punjab,Consumer,2023-10-08,Paid Ads
11866,Customer_11866,Male,35,Faridabad,Haryana,Corporate,2024-10-13,Direct
11867,Customer_11867,Male,18,Mumbai,Maharashtra,Consumer,2025-05-13,Paid Ads
11868,Customer_11868,Female,56,Mumbai,Maharashtra,Home Office,2022-03-11,Referral
11869,Customer_11869,Male,22,Nashik,Maharashtra,Consumer,2024-10-09,Organic Search
11870,Customer_11870,Male,19,Kolkata,West Bengal,Consumer,2022-09-17,Organic Search
11871,Customer_11871,Male,47,Noida,Uttar Pradesh,Consumer,2023-05-06,Organic Search
11872,Customer_11872,Female,34,Delhi,Delhi,Consumer,2023-02-15,Paid Ads
11873,Customer_11873,Other,46,Warangal,Telangana,Consumer,2023-10-22,Direct
11874,Customer_11874,Female,59,Lucknow,Uttar Pradesh,Home Office,2024-04-26,Organic Search
11875,Customer_11875,Female,21,Kolkata,West Bengal,Corporate,2024-03-06,Organic Search
11876,Customer_11876,Female,26,Surat,Gujarat,Consumer,2022-05-19,Email
11877,Customer_11877,Female,38,Surat,Gujarat,Consumer,2022-03-12,Social Media
11878,Customer_11878,Female,60,Hyderabad,Telangana,Consumer,2022-06-18,Direct
11879,Customer_11879,Male,29,Mysuru,Karnataka,Corporate,2025-04-03,Direct
11880,Customer_11880,Male,29,Vadodara,Gujarat,Corporate,2023-09-23,Social Media
11881,Customer_11881,Female,21,Kolkata,West Bengal,Consumer,2025-08-13,Referral
11882,Customer_11882,Male,45,Indore,Madhya Pradesh,Consumer,2023-05-29,Paid Ads
11883,Customer_11883,Male,26,Jaipur,Rajasthan,Corporate,2025-02-12,Referral
11884,Customer_11884,Female,57,Lucknow,Uttar Pradesh,Consumer,2024-10-30,Direct
11885,Customer_11885,Female,49,Nagpur,Maharashtra,Consumer,2023-01-28,Social Media
11886,Customer_11886,Male,30,Coimbatore,Tamil Nadu,Corporate,2022-09-20,Paid Ads
11887,Customer_11887,Female,51,Mumbai,Maharashtra,Corporate,2022-04-07,Referral
11888,Customer_11888,Female,36,New Delhi,Delhi,Consumer,2024-03-19,Referral
11889,Customer_11889,Female,31,Kolkata,West Bengal,Home Office,2025-01-20,Organic Search
11890,Customer_11890,Female,22,Ludhiana,Punjab,Consumer,2024-05-19,Paid Ads
11891,Customer_11891,Female,44,Mumbai,Maharashtra,Consumer,2022-11-14,Social Media
11892,Customer_11892,Male,45,Chennai,Tamil Nadu,Consumer,2024-08-17,Organic Search
11893,Customer_11893,Male,43,Lucknow,Uttar Pradesh,Home Office,2022-04-18,Organic Search
11894,Customer_11894,Female,27,New Delhi,Delhi,Consumer,2025-09-03,Organic Search
11895,Customer_11895,Female,41,Vadodara,Gujarat,Consumer,2025-11-16,Paid Ads
11896,Customer_11896,Female,34,Kolkata,West Bengal,Consumer,2022-04-10,Paid Ads
11897,Customer_11897,Female,33,Surat,Gujarat,Consumer,2024-05-02,Organic Search
11898,Customer_11898,Male,34,Delhi,Delhi,Corporate,2024-03-19,Organic Search
11899,Customer_11899,Female,18,Bengaluru,Karnataka,Consumer,2024-12-22,Direct
11900,Customer_11900,Male,38,Kanpur,Uttar Pradesh,Corporate,2024-03-01,Social Media
11901,Customer_11901,Male,60,Ahmedabad,Gujarat,Home Office,2022-05-07,Email
11902,Customer_11902,Male,39,Nashik,Maharashtra,Consumer,2023-03-12,Social Media
11903,Customer_11903,Male,22,Lucknow,Uttar Pradesh,Corporate,2025-01-27,Referral
11904,Customer_11904,Female,53,Nagpur,Maharashtra,Consumer,2024-09-07,Email
11905,Customer_11905,Male,38,Lucknow,Uttar Pradesh,Consumer,2024-10-14,Direct
11906,Customer_11906,Male,26,Delhi,Delhi,Consumer,2023-02-28,Organic Search
11907,Customer_11907,Female,44,Amritsar,Punjab,Corporate,2024-05-21,Referral
11908,Customer_11908,Male,29,Bengaluru,Karnataka,Consumer,2024-02-16,Social Media
11909,Customer_11909,Male,35,Mysuru,Karnataka,Consumer,2024-07-30,Referral
11910,Customer_11910,Male,52,Mumbai,Maharashtra,Home Office,2024-08-26,Organic Search
11911,Customer_11911,Male,32,Bengaluru,Karnataka,Corporate,2023-05-15,Email
11912,Customer_11912,Male,47,Bhopal,Madhya Pradesh,Consumer,2025-12-10,Organic Search
11913,Customer_11913,Male,50,Amritsar,Punjab,Consumer,2023-06-04,Organic Search
11914,Customer_11914,Female,53,Mysuru,Karnataka,Consumer,2025-07-13,Paid Ads
11915,Customer_11915,Male,57,Coimbatore,Tamil Nadu,Consumer,2022-04-10,Direct
11916,Customer_11916,Male,47,Kolkata,West Bengal,Consumer,2025-01-11,Organic Search
11917,Customer_11917,Female,43,Indore,Madhya Pradesh,Consumer,2023-06-05,Social Media
11918,Customer_11918,Male,38,Vadodara,Gujarat,Consumer,2022-05-19,Organic Search
11919,Customer_11919,Female,54,Coimbatore,Tamil Nadu,Corporate,2025-12-04,Social Media
11920,Customer_11920,Male,60,Coimbatore,Tamil Nadu,Consumer,2023-08-31,Email
11921,Customer_11921,Male,48,Kolkata,West Bengal,Consumer,2025-06-15,Email
11922,Customer_11922,Female,34,Mumbai,Maharashtra,Consumer,2023-09-09,Organic Search
11923,Customer_11923,Male,34,Vadodara,Gujarat,Consumer,2025-02-15,Referral
11924,Customer_11924,Male,51,Bengaluru,Karnataka,Consumer,2025-11-07,Paid Ads
11925,Customer_11925,Female,41,Lucknow,Uttar Pradesh,Consumer,2025-01-04,Organic Search
11926,Customer_11926,Male,50,Nashik,Maharashtra,Consumer,2024-04-10,Organic Search
11927,Customer_11927,Female,21,Surat,Gujarat,Consumer,2022-11-17,Organic Search
11928,Customer_11928,Female,26,Hyderabad,Telangana,Consumer,2025-03-21,Organic Search
11929,Customer_11929,Male,19,Jaipur,Rajasthan,Consumer,2023-05-30,Organic Search
11930,Customer_11930,Female,52,Nashik,Maharashtra,Consumer,2022-10-25,Organic Search
11931,Customer_11931,Male,55,Vadodara,Gujarat,Consumer,2022-09-12,Social Media
11932,Customer_11932,Other,32,Surat,Gujarat,Consumer,2024-12-09,Social Media
11933,Customer_11933,Female,60,Vadodara,Gujarat,Consumer,2024-04-11,Organic Search
11934,Customer_11934,Female,59,Surat,Gujarat,Home Office,2023-09-11,Social Media
11935,Customer_11935,Male,20,Jaipur,Rajasthan,Consumer,2024-05-01,Referral
11936,Customer_11936,Female,48,Lucknow,Uttar Pradesh,Corporate,2023-12-07,Email
11937,Customer_11937,Male,58,New Delhi,Delhi,Corporate,2024-09-19,Direct
11938,Customer_11938,Male,59,Lucknow,Uttar Pradesh,Home Office,2022-04-01,Email
11939,Customer_11939,Female,40,Hyderabad,Telangana,Consumer,2024-05-17,Social Media
11940,Customer_11940,Male,29,Nagpur,Maharashtra,Corporate,2022-07-08,Email
11941,Customer_11941,Female,25,Nashik,Maharashtra,Home Office,2022-05-23,Email
11942,Customer_11942,Male,38,Bengaluru,Karnataka,Consumer,2022-05-20,Direct
11943,Customer_11943,Female,38,Kanpur,Uttar Pradesh,Consumer,2025-03-27,Organic Search
11944,Customer_11944,Male,49,Kolkata,West Bengal,Home Office,2022-02-10,Social Media
11945,Customer_11945,Male,34,Kanpur,Uttar Pradesh,Consumer,2025-04-07,Organic Search
11946,Customer_11946,Male,54,Warangal,Telangana,Consumer,2023-07-27,Social Media
11947,Customer_11947,Female,41,Chennai,Tamil Nadu,Corporate,2025-06-07,Organic Search
11948,Customer_11948,Male,25,Mumbai,Maharashtra,Consumer,2025-05-22,Direct
11949,Customer_11949,Female,35,Bengaluru,Karnataka,Consumer,2025-08-08,Direct
11950,Customer_11950,Male,28,Chennai,Tamil Nadu,Consumer,2022-04-15,Paid Ads
11951,Customer_11951,Male,27,Nashik,Maharashtra,Consumer,2023-01-14,Organic Search
11952,Customer_11952,Male,43,New Delhi,Delhi,Corporate,2024-04-07,Organic Search
11953,Customer_11953,Male,23,Surat,Gujarat,Consumer,2025-05-13,Paid Ads
11954,Customer_11954,Female,34,Kolkata,West Bengal,Corporate,2025-02-24,Social Media
11955,Customer_11955,Female,40,Amritsar,Punjab,Consumer,2023-03-29,Organic Search
11956,Customer_11956,Male,59,Gurugram,Haryana,Consumer,2023-08-21,Organic Search
11957,Customer_11957,Female,54,Udaipur,Rajasthan,Consumer,2025-07-06,Referral
11958,Customer_11958,Female,45,Chennai,Tamil Nadu,Consumer,2023-03-06,Organic Search
11959,Customer_11959,Male,33,Udaipur,Rajasthan,Corporate,2025-04-04,Referral
11960,Customer_11960,Male,29,Lucknow,Uttar Pradesh,Consumer,2024-12-06,Direct
11961,Customer_11961,Male,38,Mumbai,Maharashtra,Corporate,2022-09-22,Paid Ads
11962,Customer_11962,Male,41,Chennai,Tamil Nadu,Consumer,2022-02-25,Direct
11963,Customer_11963,Male,45,Kanpur,Uttar Pradesh,Consumer,2022-06-01,Organic Search
11964,Customer_11964,Male,54,Coimbatore,Tamil Nadu,Consumer,2025-06-03,Direct
11965,Customer_11965,Female,38,Surat,Gujarat,Corporate,2023-09-04,Social Media
11966,Customer_11966,Male,50,Ahmedabad,Gujarat,Consumer,2025-12-30,Referral
11967,Customer_11967,Male,19,Delhi,Delhi,Consumer,2025-11-15,Organic Search
11968,Customer_11968,Male,54,Bengaluru,Karnataka,Corporate,2025-12-13,Direct
11969,Customer_11969,Male,36,Bengaluru,Karnataka,Consumer,2024-10-24,Social Media
11970,Customer_11970,Male,45,Nashik,Maharashtra,Consumer,2024-01-30,Organic Search
11971,Customer_11971,Female,32,Mumbai,Maharashtra,Consumer,2023-02-04,Referral
11972,Customer_11972,Male,18,Kanpur,Uttar Pradesh,Home Office,2023-04-19,Organic Search
11973,Customer_11973,Female,60,New Delhi,Delhi,Consumer,2024-11-24,Social Media
11974,Customer_11974,Male,45,Hyderabad,Telangana,Consumer,2022-05-01,Organic Search
11975,Customer_11975,Female,52,Bengaluru,Karnataka,Consumer,2024-09-28,Social Media
11976,Customer_11976,Female,49,Faridabad,Haryana,Consumer,2025-10-20,Organic Search
11977,Customer_11977,Male,45,Delhi,Delhi,Corporate,2025-08-04,Organic Search
11978,Customer_11978,Female,26,Coimbatore,Tamil Nadu,Home Office,2025-03-28,Organic Search
11979,Customer_11979,Male,41,Indore,Madhya Pradesh,Home Office,2023-09-10,Direct
11980,Customer_11980,Female,21,Lucknow,Uttar Pradesh,Consumer,2023-11-10,Referral
11981,Customer_11981,Male,58,New Delhi,Delhi,Consumer,2023-04-22,Organic Search
11982,Customer_11982,Other,20,Lucknow,Uttar Pradesh,Corporate,2024-04-03,Direct
11983,Customer_11983,Female,39,Chennai,Tamil Nadu,Home Office,2024-04-27,Referral
11984,Customer_11984,Female,57,Hyderabad,Telangana,Consumer,2022-07-31,Social Media
11985,Customer_11985,Male,56,Pune,Maharashtra,Consumer,2023-08-07,Social Media
11986,Customer_11986,Male,42,Nagpur,Maharashtra,Home Office,2025-02-26,Organic Search
11987,Customer_11987,Female,39,Kolkata,West Bengal,Consumer,2023-12-26,Direct
11988,Customer_11988,Female,51,Warangal,Telangana,Consumer,2022-12-31,Email
11989,Customer_11989,Female,37,Chennai,Tamil Nadu,Home Office,2023-04-27,Organic Search
11990,Customer_11990,Male,53,Kolkata,West Bengal,Corporate,2024-12-23,Paid Ads
11991,Customer_11991,Female,54,Noida,Uttar Pradesh,Consumer,2024-12-18,Social Media
11992,Customer_11992,Male,56,Mumbai,Maharashtra,Consumer,2024-12-13,Email
11993,Customer_11993,Female,44,Surat,Gujarat,Consumer,2024-12-14,Referral
11994,Customer_11994,Male,49,Pune,Maharashtra,Home Office,2025-04-29,Social Media
11995,Customer_11995,Male,59,Kanpur,Uttar Pradesh,Home Office,2023-03-21,Social Media
11996,Customer_11996,Female,46,Jaipur,Rajasthan,Corporate,2025-10-08,Paid Ads
11997,Customer_11997,Male,58,Faridabad,Haryana,Consumer,2025-02-02,Paid Ads
11998,Customer_11998,Female,49,Nagpur,Maharashtra,Consumer,2024-06-28,Referral
11999,Customer_11999,Female,41,Nagpur,Maharashtra,Corporate,2025-02-13,Email
12000,Customer_12000,Male,20,Bengaluru,Karnataka,Consumer,2022-12-23,Paid Ads
12001,Customer_12001,Male,44,Delhi,Delhi,Consumer,2025-03-21,Organic Search
12002,Customer_12002,Female,26,New Delhi,Delhi,Consumer,2022-09-02,Email
12003,Customer_12003,Male,57,Faridabad,Haryana,Consumer,2024-07-31,Organic Search
12004,Customer_12004,Female,40,Delhi,Delhi,Home Office,2022-06-04,Direct
12005,Customer_12005,Female,24,New Delhi,Delhi,Consumer,2025-11-09,Email
12006,Customer_12006,Male,34,Noida,Uttar Pradesh,Corporate,2023-06-04,Direct
12007,Customer_12007,Male,54,Chennai,Tamil Nadu,Consumer,2023-06-26,Paid Ads
12008,Customer_12008,Male,24,Lucknow,Uttar Pradesh,Corporate,2025-07-22,Paid Ads
12009,Customer_12009,Female,47,Pune,Maharashtra,Consumer,2022-09-18,Organic Search
12010,Customer_12010,Male,30,Warangal,Telangana,Consumer,2025-04-28,Referral
12011,Customer_12011,Male,35,Nashik,Maharashtra,Consumer,2023-09-29,Social Media
12012,Customer_12012,Female,48,Pune,Maharashtra,Consumer,2023-08-09,Organic Search
12013,Customer_12013,Female,39,Faridabad,Haryana,Consumer,2022-09-14,Social Media
12014,Customer_12014,Male,31,Nagpur,Maharashtra,Corporate,2025-10-22,Paid Ads
12015,Customer_12015,Male,35,Warangal,Telangana,Consumer,2024-11-02,Email
12016,Customer_12016,Female,52,Chennai,Tamil Nadu,Consumer,2025-08-09,Social Media
12017,Customer_12017,Female,34,Bengaluru,Karnataka,Consumer,2023-07-29,Organic Search
12018,Customer_12018,Female,36,Bhopal,Madhya Pradesh,Consumer,2023-02-17,Organic Search
12019,Customer_12019,Female,48,Nashik,Maharashtra,Corporate,2023-06-10,Social Media
12020,Customer_12020,Female,56,Udaipur,Rajasthan,Consumer,2023-06-05,Organic Search
12021,Customer_12021,Female,53,Amritsar,Punjab,Consumer,2024-09-14,Social Media
12022,Customer_12022,Female,32,Surat,Gujarat,Corporate,2025-07-23,Organic Search
12023,Customer_12023,Female,46,Gurugram,Haryana,Consumer,2025-04-26,Paid Ads
12024,Customer_12024,Female,57,Mumbai,Maharashtra,Corporate,2022-04-17,Organic Search
12025,Customer_12025,Male,33,Chennai,Tamil Nadu,Consumer,2023-05-16,Paid Ads
12026,Customer_12026,Male,50,Delhi,Delhi,Consumer,2025-01-19,Social Media
12027,Customer_12027,Female,42,Kolkata,West Bengal,Consumer,2025-01-06,Social Media
12028,Customer_12028,Male,33,Amritsar,Punjab,Consumer,2025-06-16,Organic Search
12029,Customer_12029,Female,47,New Delhi,Delhi,Corporate,2023-12-26,Direct
12030,Customer_12030,Male,51,Udaipur,Rajasthan,Consumer,2025-11-22,Organic Search
12031,Customer_12031,Female,19,Delhi,Delhi,Consumer,2025-03-04,Organic Search
12032,Customer_12032,Male,57,Surat,Gujarat,Consumer,2024-09-26,Organic Search
12033,Customer_12033,Female,60,Hyderabad,Telangana,Consumer,2025-12-15,Social Media
12034,Customer_12034,Female,55,Amritsar,Punjab,Corporate,2023-09-26,Referral
12035,Customer_12035,Male,35,Ahmedabad,Gujarat,Consumer,2024-05-06,Organic Search
12036,Customer_12036,Female,22,Mysuru,Karnataka,Corporate,2023-12-04,Paid Ads
12037,Customer_12037,Male,57,Pune,Maharashtra,Home Office,2022-06-06,Referral
12038,Customer_12038,Male,23,Mumbai,Maharashtra,Consumer,2024-11-22,Email
12039,Customer_12039,Male,29,Delhi,Delhi,Corporate,2022-01-15,Direct
12040,Customer_12040,Male,29,Delhi,Delhi,Consumer,2023-06-07,Paid Ads
12041,Customer_12041,Other,29,Bhopal,Madhya Pradesh,Consumer,2023-09-10,Referral
12042,Customer_12042,Male,26,Ahmedabad,Gujarat,Consumer,2023-09-01,Referral
12043,Customer_12043,Female,59,Warangal,Telangana,Consumer,2024-09-16,Organic Search
12044,Customer_12044,Male,39,Pune,Maharashtra,Home Office,2025-03-04,Email
12045,Customer_12045,Female,33,Bhopal,Madhya Pradesh,Consumer,2025-10-23,Social Media
12046,Customer_12046,Male,21,Kolkata,West Bengal,Consumer,2023-06-07,Paid Ads
12047,Customer_12047,Female,20,Nashik,Maharashtra,Consumer,2023-09-06,Social Media
12048,Customer_12048,Female,33,Kolkata,West Bengal,Consumer,2023-06-18,Direct
12049,Customer_12049,Female,31,Ahmedabad,Gujarat,Consumer,2023-09-08,Social Media
12050,Customer_12050,Male,58,Nagpur,Maharashtra,Corporate,2023-11-07,Referral
12051,Customer_12051,Female,55,Coimbatore,Tamil Nadu,Consumer,2024-06-10,Organic Search
12052,Customer_12052,Male,21,Warangal,Telangana,Home Office,2025-06-20,Referral
12053,Customer_12053,Male,19,Mumbai,Maharashtra,Corporate,2024-10-22,Organic Search
12054,Customer_12054,Male,27,Faridabad,Haryana,Consumer,2025-11-30,Paid Ads
12055,Customer_12055,Male,28,Bhopal,Madhya Pradesh,Consumer,2023-04-03,Social Media
12056,Customer_12056,Male,56,Udaipur,Rajasthan,Consumer,2024-01-31,Social Media
12057,Customer_12057,Female,43,Coimbatore,Tamil Nadu,Corporate,2025-05-27,Referral
12058,Customer_12058,Male,54,Coimbatore,Tamil Nadu,Consumer,2024-03-12,Organic Search
12059,Customer_12059,Male,43,Udaipur,Rajasthan,Consumer,2024-03-29,Social Media
12060,Customer_12060,Male,21,Surat,Gujarat,Consumer,2022-12-13,Direct
12061,Customer_12061,Female,43,Nashik,Maharashtra,Consumer,2023-01-31,Email
12062,Customer_12062,Female,55,Hyderabad,Telangana,Consumer,2025-12-01,Organic Search
12063,Customer_12063,Male,45,Kanpur,Uttar Pradesh,Consumer,2025-10-25,Referral
12064,Customer_12064,Female,19,Coimbatore,Tamil Nadu,Consumer,2025-05-30,Referral
12065,Customer_12065,Male,19,Pune,Maharashtra,Consumer,2024-03-01,Social Media
12066,Customer_12066,Male,33,Noida,Uttar Pradesh,Consumer,2025-10-12,Social Media
12067,Customer_12067,Male,40,Delhi,Delhi,Consumer,2025-04-29,Direct
12068,Customer_12068,Female,40,New Delhi,Delhi,Corporate,2022-04-19,Organic Search
12069,Customer_12069,Female,30,Nagpur,Maharashtra,Consumer,2025-09-09,Direct
12070,Customer_12070,Male,38,Bengaluru,Karnataka,Consumer,2024-02-27,Social Media
12071,Customer_12071,Male,56,Lucknow,Uttar Pradesh,Consumer,2024-10-23,Organic Search
12072,Customer_12072,Male,42,Warangal,Telangana,Consumer,2025-03-02,Organic Search
12073,Customer_12073,Female,54,Delhi,Delhi,Consumer,2025-02-07,Organic Search
12074,Customer_12074,Female,30,Bhopal,Madhya Pradesh,Consumer,2025-09-28,Organic Search
12075,Customer_12075,Male,32,Indore,Madhya Pradesh,Corporate,2025-05-30,Organic Search
12076,Customer_12076,Male,45,Bhopal,Madhya Pradesh,Consumer,2025-10-20,Email
12077,Customer_12077,Female,20,Delhi,Delhi,Corporate,2025-06-23,Organic Search
12078,Customer_12078,Female,40,Chennai,Tamil Nadu,Home Office,2022-05-25,Email
12079,Customer_12079,Female,21,Ludhiana,Punjab,Consumer,2025-09-27,Direct
12080,Customer_12080,Female,20,Kanpur,Uttar Pradesh,Consumer,2024-05-08,Organic Search
12081,Customer_12081,Female,56,Nagpur,Maharashtra,Consumer,2025-09-22,Referral
12082,Customer_12082,Male,25,Mumbai,Maharashtra,Home Office,2025-04-11,Social Media
12083,Customer_12083,Male,60,Warangal,Telangana,Corporate,2022-10-13,Email
12084,Customer_12084,Male,42,Faridabad,Haryana,Consumer,2025-11-10,Social Media
12085,Customer_12085,Female,58,Vadodara,Gujarat,Consumer,2024-01-16,Paid Ads
12086,Customer_12086,Male,29,Warangal,Telangana,Corporate,2023-05-14,Social Media
12087,Customer_12087,Male,22,Nashik,Maharashtra,Corporate,2023-04-02,Referral
12088,Customer_12088,Male,50,Udaipur,Rajasthan,Consumer,2024-09-13,Referral
12089,Customer_12089,Male,42,Kanpur,Uttar Pradesh,Consumer,2023-03-27,Organic Search
12090,Customer_12090,Female,42,Coimbatore,Tamil Nadu,Consumer,2022-04-21,Referral
12091,Customer_12091,Male,52,Noida,Uttar Pradesh,Consumer,2022-01-13,Email
12092,Customer_12092,Male,32,Amritsar,Punjab,Corporate,2024-05-08,Organic Search
12093,Customer_12093,Female,59,New Delhi,Delhi,Consumer,2024-08-03,Social Media
12094,Customer_12094,Male,43,Warangal,Telangana,Consumer,2023-07-31,Organic Search
12095,Customer_12095,Female,27,Bengaluru,Karnataka,Consumer,2022-11-28,Organic Search
12096,Customer_12096,Female,41,Kanpur,Uttar Pradesh,Consumer,2022-11-04,Social Media
12097,Customer_12097,Female,52,Ahmedabad,Gujarat,Consumer,2024-02-24,Paid Ads
12098,Customer_12098,Female,46,Jaipur,Rajasthan,Home Office,2022-03-13,Social Media
12099,Customer_12099,Male,55,Noida,Uttar Pradesh,Consumer,2025-03-14,Paid Ads
12100,Customer_12100,Female,22,Chennai,Tamil Nadu,Consumer,2023-09-15,Direct
12101,Customer_12101,Male,41,Gurugram,Haryana,Consumer,2023-09-14,Paid Ads
12102,Customer_12102,Male,36,Hyderabad,Telangana,Consumer,2023-07-16,Social Media
12103,Customer_12103,Male,26,Mumbai,Maharashtra,Consumer,2022-12-29,Referral
12104,Customer_12104,Male,43,Kolkata,West Bengal,Consumer,2022-06-02,Organic Search
12105,Customer_12105,Female,42,Kanpur,Uttar Pradesh,Consumer,2023-06-22,Organic Search
12106,Customer_12106,Male,52,Mysuru,Karnataka,Consumer,2024-12-26,Paid Ads
12107,Customer_12107,Female,53,Indore,Madhya Pradesh,Consumer,2023-11-06,Paid Ads
12108,Customer_12108,Male,31,Faridabad,Haryana,Consumer,2024-10-28,Email
12109,Customer_12109,Male,23,Mysuru,Karnataka,Corporate,2022-11-21,Organic Search
12110,Customer_12110,Female,49,Ludhiana,Punjab,Consumer,2023-11-28,Email
12111,Customer_12111,Male,43,Pune,Maharashtra,Home Office,2025-08-30,Paid Ads
12112,Customer_12112,Female,32,Delhi,Delhi,Consumer,2022-01-25,Organic Search
12113,Customer_12113,Male,48,Delhi,Delhi,Consumer,2023-03-19,Direct
12114,Customer_12114,Male,54,Indore,Madhya Pradesh,Home Office,2023-09-29,Organic Search
12115,Customer_12115,Male,55,Jaipur,Rajasthan,Consumer,2024-02-27,Paid Ads
12116,Customer_12116,Female,54,Nagpur,Maharashtra,Consumer,2024-04-22,Social Media
12117,Customer_12117,Male,36,Chennai,Tamil Nadu,Consumer,2025-05-31,Email
12118,Customer_12118,Male,31,Ahmedabad,Gujarat,Corporate,2023-07-16,Paid Ads
12119,Customer_12119,Male,53,Mumbai,Maharashtra,Consumer,2024-02-20,Organic Search
12120,Customer_12120,Female,54,Indore,Madhya Pradesh,Consumer,2023-07-22,Organic Search
12121,Customer_12121,Female,28,Noida,Uttar Pradesh,Consumer,2023-12-03,Direct
12122,Customer_12122,Female,44,Warangal,Telangana,Corporate,2022-10-12,Organic Search
12123,Customer_12123,Male,19,Ludhiana,Punjab,Consumer,2022-01-27,Organic Search
12124,Customer_12124,Female,39,Coimbatore,Tamil Nadu,Consumer,2022-09-02,Organic Search
12125,Customer_12125,Female,19,Ludhiana,Punjab,Consumer,2025-10-05,Paid Ads
12126,Customer_12126,Female,37,Jaipur,Rajasthan,Corporate,2022-05-22,Organic Search
12127,Customer_12127,Female,34,Jaipur,Rajasthan,Consumer,2023-06-12,Social Media
12128,Customer_12128,Female,21,Pune,Maharashtra,Consumer,2024-10-05,Organic Search
12129,Customer_12129,Male,31,Indore,Madhya Pradesh,Corporate,2023-08-19,Paid Ads
12130,Customer_12130,Female,24,Chennai,Tamil Nadu,Consumer,2024-11-26,Organic Search
12131,Customer_12131,Female,32,Mumbai,Maharashtra,Consumer,2025-02-06,Paid Ads
12132,Customer_12132,Male,47,Mumbai,Maharashtra,Home Office,2025-07-04,Organic Search
12133,Customer_12133,Male,33,Surat,Gujarat,Corporate,2024-09-21,Social Media
12134,Customer_12134,Female,57,Hyderabad,Telangana,Consumer,2025-09-25,Direct
12135,Customer_12135,Male,19,Kolkata,West Bengal,Consumer,2022-12-17,Social Media
12136,Customer_12136,Female,36,Bhopal,Madhya Pradesh,Consumer,2022-01-11,Organic Search
12137,Customer_12137,Male,18,Nashik,Maharashtra,Home Office,2025-10-07,Social Media
12138,Customer_12138,Male,48,Kolkata,West Bengal,Home Office,2024-06-09,Social Media
12139,Customer_12139,Male,21,New Delhi,Delhi,Consumer,2022-10-19,Social Media
12140,Customer_12140,Male,44,Indore,Madhya Pradesh,Consumer,2023-03-10,Paid Ads
12141,Customer_12141,Male,42,Noida,Uttar Pradesh,Corporate,2025-12-28,Organic Search
12142,Customer_12142,Male,39,Ahmedabad,Gujarat,Consumer,2024-09-30,Social Media
12143,Customer_12143,Female,60,Kolkata,West Bengal,Consumer,2024-01-19,Organic Search
12144,Customer_12144,Other,27,Mysuru,Karnataka,Consumer,2023-12-02,Social Media
12145,Customer_12145,Male,50,Warangal,Telangana,Consumer,2024-01-11,Organic Search
12146,Customer_12146,Male,47,Kanpur,Uttar Pradesh,Home Office,2024-09-09,Organic Search
12147,Customer_12147,Male,47,Chennai,Tamil Nadu,Home Office,2025-05-18,Referral
12148,Customer_12148,Male,33,Bengaluru,Karnataka,Consumer,2024-12-31,Social Media
12149,Customer_12149,Male,26,Warangal,Telangana,Consumer,2022-10-27,Organic Search
12150,Customer_12150,Male,34,Lucknow,Uttar Pradesh,Consumer,2025-07-31,Referral
12151,Customer_12151,Male,52,Bengaluru,Karnataka,Corporate,2023-02-13,Email
12152,Customer_12152,Male,32,Delhi,Delhi,Consumer,2024-12-09,Email
12153,Customer_12153,Male,45,Kolkata,West Bengal,Consumer,2024-10-26,Email
12154,Customer_12154,Female,37,Kanpur,Uttar Pradesh,Consumer,2025-01-26,Organic Search
12155,Customer_12155,Male,50,Pune,Maharashtra,Consumer,2025-12-28,Paid Ads
12156,Customer_12156,Female,50,Delhi,Delhi,Consumer,2023-12-06,Direct
12157,Customer_12157,Female,53,Pune,Maharashtra,Home Office,2022-12-30,Paid Ads
12158,Customer_12158,Female,30,Mysuru,Karnataka,Consumer,2025-05-21,Organic Search
12159,Customer_12159,Female,21,Coimbatore,Tamil Nadu,Consumer,2024-02-26,Referral
12160,Customer_12160,Male,40,Kanpur,Uttar Pradesh,Consumer,2022-10-21,Social Media
12161,Customer_12161,Male,25,Jaipur,Rajasthan,Consumer,2022-06-26,Social Media
12162,Customer_12162,Male,30,Vadodara,Gujarat,Consumer,2025-02-27,Paid Ads
12163,Customer_12163,Female,41,Mysuru,Karnataka,Consumer,2024-04-13,Organic Search
12164,Customer_12164,Female,57,Kanpur,Uttar Pradesh,Corporate,2022-03-20,Organic Search
12165,Customer_12165,Female,47,Warangal,Telangana,Consumer,2025-04-24,Referral
12166,Customer_12166,Male,47,Amritsar,Punjab,Consumer,2025-03-04,Direct
12167,Customer_12167,Female,42,Udaipur,Rajasthan,Consumer,2022-11-14,Organic Search
12168,Customer_12168,Male,50,Nashik,Maharashtra,Corporate,2022-09-08,Social Media
12169,Customer_12169,Male,26,Jaipur,Rajasthan,Consumer,2023-09-20,Referral
12170,Customer_12170,Female,43,Bengaluru,Karnataka,Corporate,2025-03-22,Organic Search
12171,Customer_12171,Male,41,Kolkata,West Bengal,Consumer,2022-06-04,Organic Search
12172,Customer_12172,Other,50,Mumbai,Maharashtra,Consumer,2024-04-19,Organic Search
12173,Customer_12173,Male,56,Delhi,Delhi,Consumer,2023-02-03,Paid Ads
12174,Customer_12174,Female,42,Indore,Madhya Pradesh,Home Office,2022-04-24,Social Media
12175,Customer_12175,Male,32,New Delhi,Delhi,Consumer,2024-10-29,Referral
12176,Customer_12176,Female,58,Lucknow,Uttar Pradesh,Consumer,2022-12-30,Referral
12177,Customer_12177,Female,58,Mysuru,Karnataka,Consumer,2023-03-09,Social Media
12178,Customer_12178,Female,23,Jaipur,Rajasthan,Consumer,2023-08-01,Organic Search
12179,Customer_12179,Male,37,Kolkata,West Bengal,Consumer,2022-05-15,Organic Search
12180,Customer_12180,Female,33,Warangal,Telangana,Consumer,2025-06-10,Social Media
12181,Customer_12181,Male,38,Bengaluru,Karnataka,Consumer,2024-12-21,Organic Search
12182,Customer_12182,Male,32,Delhi,Delhi,Consumer,2024-02-27,Direct
12183,Customer_12183,Male,56,Nagpur,Maharashtra,Consumer,2023-06-27,Social Media
12184,Customer_12184,Female,59,Bengaluru,Karnataka,Consumer,2025-08-04,Social Media
12185,Customer_12185,Male,21,Jaipur,Rajasthan,Consumer,2024-07-19,Organic Search
12186,Customer_12186,Female,41,Faridabad,Haryana,Consumer,2025-12-29,Organic Search
12187,Customer_12187,Female,20,Indore,Madhya Pradesh,Consumer,2024-10-16,Referral
12188,Customer_12188,Male,18,Kanpur,Uttar Pradesh,Consumer,2024-06-05,Email
12189,Customer_12189,Female,47,Noida,Uttar Pradesh,Consumer,2023-05-28,Paid Ads
12190,Customer_12190,Male,30,Udaipur,Rajasthan,Consumer,2023-02-19,Paid Ads
12191,Customer_12191,Female,35,New Delhi,Delhi,Consumer,2023-12-18,Direct
12192,Customer_12192,Male,57,Gurugram,Haryana,Consumer,2024-08-23,Organic Search
12193,Customer_12193,Male,28,Udaipur,Rajasthan,Consumer,2024-02-13,Organic Search
12194,Customer_12194,Male,59,Vadodara,Gujarat,Consumer,2022-05-10,Organic Search
12195,Customer_12195,Male,46,Nashik,Maharashtra,Consumer,2023-07-28,Paid Ads
12196,Customer_12196,,21,Chennai,Tamil Nadu,Consumer,2025-11-07,Email
12197,Customer_12197,Male,42,Coimbatore,Tamil Nadu,Consumer,2024-05-21,Organic Search
12198,Customer_12198,Male,53,Indore,Madhya Pradesh,Consumer,2024-10-10,Paid Ads
12199,Customer_12199,Male,53,Surat,Gujarat,Corporate,2025-05-03,Paid Ads
12200,Customer_12200,Male,57,Coimbatore,Tamil Nadu,Consumer,2022-03-14,Referral
12201,Customer_12201,Female,45,Ludhiana,Punjab,Home Office,2025-05-11,Referral
12202,Customer_12202,Female,25,Nagpur,Maharashtra,Consumer,2025-09-03,Paid Ads
12203,Customer_12203,Female,38,Chennai,Tamil Nadu,Corporate,2022-03-27,Direct
12204,Customer_12204,Female,52,Nashik,Maharashtra,Consumer,2025-08-11,Social Media
12205,Customer_12205,Female,35,Lucknow,Uttar Pradesh,Home Office,2024-12-06,Organic Search
12206,Customer_12206,Female,42,Faridabad,Haryana,Consumer,2023-06-12,Paid Ads
12207,Customer_12207,Male,58,Bengaluru,Karnataka,Consumer,2024-11-10,Organic Search
12208,Customer_12208,Female,22,Indore,Madhya Pradesh,Consumer,2022-03-26,Email
12209,Customer_12209,Male,25,Mysuru,Karnataka,Home Office,2024-03-30,Direct
12210,Customer_12210,Female,40,Faridabad,Haryana,Home Office,2024-09-06,Paid Ads
12211,Customer_12211,Female,20,Kanpur,Uttar Pradesh,Consumer,2023-02-24,Social Media
12212,Customer_12212,Male,54,Noida,Uttar Pradesh,Consumer,2023-07-22,Organic Search
12213,Customer_12213,Female,48,Nashik,Maharashtra,Consumer,2024-12-15,Organic Search
12214,Customer_12214,Male,46,Ludhiana,Punjab,Consumer,2025-12-08,Organic Search
12215,Customer_12215,Male,58,Kolkata,West Bengal,Consumer,2022-04-13,Social Media
12216,Customer_12216,Male,37,Mysuru,Karnataka,Home Office,2024-05-29,Referral
12217,Customer_12217,Female,20,Lucknow,Uttar Pradesh,Consumer,2023-05-05,Social Media
12218,Customer_12218,Female,40,Bengaluru,Karnataka,Consumer,2022-06-20,Social Media
12219,Customer_12219,Female,57,Bhopal,Madhya Pradesh,Consumer,2024-11-29,Paid Ads
12220,Customer_12220,Male,38,Mumbai,Maharashtra,Consumer,2024-02-13,Social Media
12221,Customer_12221,Male,30,Kolkata,West Bengal,Consumer,2022-04-06,Paid Ads
12222,Customer_12222,Female,25,Vadodara,Gujarat,Consumer,2025-08-03,Referral
12223,Customer_12223,Male,22,Pune,Maharashtra,Consumer,2024-05-07,Paid Ads
12224,Customer_12224,Female,42,Delhi,Delhi,Consumer,2022-11-08,Referral
12225,Customer_12225,Male,56,Pune,Maharashtra,Consumer,2023-11-09,Organic Search
12226,Customer_12226,Male,54,Warangal,Telangana,Consumer,2025-03-01,Paid Ads
12227,Customer_12227,Male,58,Mysuru,Karnataka,Home Office,2025-03-11,Referral
12228,Customer_12228,Female,22,Ahmedabad,Gujarat,Consumer,2025-11-01,Referral
12229,Customer_12229,Male,25,Bengaluru,Karnataka,Corporate,2024-12-16,Referral
12230,Customer_12230,Male,21,Mysuru,Karnataka,Consumer,2025-10-08,Direct
12231,Customer_12231,Male,58,Kanpur,Uttar Pradesh,Consumer,2025-12-03,Social Media
12232,Customer_12232,Male,39,Pune,Maharashtra,Consumer,2023-01-25,Organic Search
12233,Customer_12233,Male,31,Bhopal,Madhya Pradesh,Corporate,2024-11-30,Referral
12234,Customer_12234,Male,36,Indore,Madhya Pradesh,Corporate,2022-12-24,Organic Search
12235,Customer_12235,Female,30,Jaipur,Rajasthan,Consumer,2022-05-25,Email
12236,Customer_12236,Male,52,Surat,Gujarat,Consumer,2022-01-21,Organic Search
12237,Customer_12237,Female,21,Bhopal,Madhya Pradesh,Corporate,2022-11-30,Direct
12238,Customer_12238,Female,50,Delhi,Delhi,Consumer,2022-01-07,Organic Search
12239,Customer_12239,Male,39,Pune,Maharashtra,Consumer,2025-08-20,Social Media
12240,Customer_12240,Male,18,Delhi,Delhi,Consumer,2024-07-22,Organic Search
12241,Customer_12241,Female,28,Noida,Uttar Pradesh,Consumer,2024-06-22,Social Media
12242,Customer_12242,Male,33,Mumbai,Maharashtra,Consumer,2025-01-26,Social Media
12243,Customer_12243,Male,21,Surat,Gujarat,Consumer,2024-12-22,Paid Ads
12244,Customer_12244,Male,46,Amritsar,Punjab,Consumer,2022-10-16,Organic Search
12245,Customer_12245,Female,56,Indore,Madhya Pradesh,Consumer,2025-01-12,Organic Search
12246,Customer_12246,Female,55,Warangal,Telangana,Consumer,2023-02-01,Organic Search
12247,Customer_12247,Other,41,Pune,Maharashtra,Consumer,2023-03-25,Referral
12248,Customer_12248,Female,26,Kanpur,Uttar Pradesh,Consumer,2022-04-13,Organic Search
12249,Customer_12249,Male,25,Vadodara,Gujarat,Consumer,2024-07-02,Social Media
12250,Customer_12250,Male,31,Pune,Maharashtra,Home Office,2025-03-15,Social Media
12251,Customer_12251,Male,32,Mumbai,Maharashtra,Consumer,2025-12-13,Email
12252,Customer_12252,Male,39,Gurugram,Haryana,Consumer,2025-03-15,Email
12253,Customer_12253,Male,54,Jaipur,Rajasthan,Corporate,2025-02-01,Direct
12254,Customer_12254,Male,32,Noida,Uttar Pradesh,Consumer,2024-10-07,Email
12255,Customer_12255,Male,23,Bhopal,Madhya Pradesh,Consumer,2022-01-06,Email
12256,Customer_12256,Male,18,Vadodara,Gujarat,Consumer,2025-05-30,Direct
12257,Customer_12257,Male,37,Hyderabad,Telangana,Corporate,2022-11-18,Email
12258,Customer_12258,Female,58,Coimbatore,Tamil Nadu,Corporate,2022-04-04,Organic Search
12259,Customer_12259,Female,53,Mysuru,Karnataka,Consumer,2024-06-06,Paid Ads
12260,Customer_12260,Other,19,Coimbatore,Tamil Nadu,Consumer,2024-12-10,Paid Ads
12261,Customer_12261,Male,23,Noida,Uttar Pradesh,Consumer,2022-06-10,Referral
12262,Customer_12262,Male,19,Ahmedabad,Gujarat,Consumer,2022-03-01,Organic Search
12263,Customer_12263,Male,20,Bhopal,Madhya Pradesh,Consumer,2025-01-26,Organic Search
12264,Customer_12264,Male,24,Chennai,Tamil Nadu,Consumer,2025-02-05,Organic Search
12265,Customer_12265,Male,37,Vadodara,Gujarat,Corporate,2025-12-11,Email
12266,Customer_12266,Female,58,Ahmedabad,Gujarat,Corporate,2023-03-24,Organic Search
12267,Customer_12267,Other,58,Surat,Gujarat,Consumer,2023-02-03,Social Media
12268,Customer_12268,Male,22,Kolkata,West Bengal,Consumer,2025-07-04,Direct
12269,Customer_12269,Male,42,New Delhi,Delhi,Corporate,2023-11-04,Referral
12270,Customer_12270,Male,55,Hyderabad,Telangana,Home Office,2023-02-27,Paid Ads
12271,Customer_12271,Male,35,Mumbai,Maharashtra,Consumer,2022-03-27,Paid Ads
12272,Customer_12272,Male,18,Chennai,Tamil Nadu,Consumer,2024-02-26,Email
12273,Customer_12273,Male,42,Warangal,Telangana,Corporate,2022-08-08,Social Media
12274,Customer_12274,Male,34,Jaipur,Rajasthan,Corporate,2025-10-07,Organic Search
12275,Customer_12275,Male,32,Faridabad,Haryana,Consumer,2022-09-22,Email
12276,Customer_12276,Male,22,Ahmedabad,Gujarat,Consumer,2025-06-10,Referral
12277,Customer_12277,Male,34,Noida,Uttar Pradesh,Consumer,2025-08-24,Referral
12278,Customer_12278,Male,38,Warangal,Telangana,Consumer,2022-04-05,Referral
12279,Customer_12279,Other,40,Udaipur,Rajasthan,Corporate,2023-07-18,Organic Search
12280,Customer_12280,Male,60,Nagpur,Maharashtra,Consumer,2023-03-18,Organic Search
12281,Customer_12281,Female,27,Delhi,Delhi,Consumer,2024-01-08,Paid Ads
12282,Customer_12282,Female,34,Mysuru,Karnataka,Consumer,2025-03-04,Organic Search
12283,Customer_12283,Female,18,Hyderabad,Telangana,Consumer,2022-01-23,Referral
12284,Customer_12284,Female,54,Nashik,Maharashtra,Consumer,2025-04-28,Organic Search
12285,Customer_12285,Female,24,Nagpur,Maharashtra,Corporate,2024-07-21,Organic Search
12286,Customer_12286,Female,29,Bengaluru,Karnataka,Home Office,2024-10-25,Email
12287,Customer_12287,Male,57,Amritsar,Punjab,Consumer,2024-02-22,Direct
12288,Customer_12288,Male,18,Bengaluru,Karnataka,Consumer,2023-09-08,Organic Search
12289,Customer_12289,Other,37,Hyderabad,Telangana,Home Office,2022-10-26,Email
12290,Customer_12290,Female,48,New Delhi,Delhi,Consumer,2022-04-21,Organic Search
12291,Customer_12291,Female,21,Ahmedabad,Gujarat,Home Office,2025-02-13,Social Media
12292,Customer_12292,Female,43,Bengaluru,Karnataka,Consumer,2023-09-03,Social Media
12293,Customer_12293,Female,29,New Delhi,Delhi,Consumer,2023-05-12,Social Media
12294,Customer_12294,Female,39,Warangal,Telangana,Consumer,2025-05-15,Social Media
12295,Customer_12295,Female,18,Nagpur,Maharashtra,Corporate,2025-08-24,Referral
12296,Customer_12296,Male,18,Pune,Maharashtra,Home Office,2025-04-16,Paid Ads
12297,Customer_12297,Female,20,New Delhi,Delhi,Consumer,2025-08-30,Direct
12298,Customer_12298,Female,29,Nashik,Maharashtra,Consumer,2025-06-28,Organic Search
12299,Customer_12299,Female,38,Nashik,Maharashtra,Consumer,2024-09-16,Direct
12300,Customer_12300,Female,30,Mysuru,Karnataka,Consumer,2022-09-10,Paid Ads
12301,Customer_12301,Male,30,Kanpur,Uttar Pradesh,Consumer,2025-01-31,Organic Search
12302,Customer_12302,Male,58,Ahmedabad,Gujarat,Corporate,2025-10-09,Organic Search
12303,Customer_12303,Female,35,Hyderabad,Telangana,Consumer,2024-06-09,Organic Search
12304,Customer_12304,Female,50,Mysuru,Karnataka,Consumer,2025-06-10,Social Media
12305,Customer_12305,Male,23,Gurugram,Haryana,Consumer,2022-09-14,Referral
12306,Customer_12306,Male,42,Chennai,Tamil Nadu,Consumer,2022-08-03,Referral
12307,Customer_12307,Female,40,Pune,Maharashtra,Consumer,2025-05-04,Social Media
12308,Customer_12308,Female,41,Vadodara,Gujarat,Home Office,2023-01-05,Paid Ads
12309,Customer_12309,Female,54,Nagpur,Maharashtra,Consumer,2023-01-15,Paid Ads
12310,Customer_12310,Female,43,Mysuru,Karnataka,Consumer,2024-06-27,Referral
12311,Customer_12311,Male,21,Warangal,Telangana,Consumer,2025-01-20,Referral
12312,Customer_12312,Male,55,Indore,Madhya Pradesh,Home Office,2023-01-18,Organic Search
12313,Customer_12313,Male,52,Warangal,Telangana,Consumer,2024-11-20,Referral
12314,Customer_12314,Female,28,Kolkata,West Bengal,Consumer,2023-08-19,Organic Search
12315,Customer_12315,Male,53,Ludhiana,Punjab,Home Office,2024-10-02,Referral
12316,Customer_12316,Female,42,Mumbai,Maharashtra,Consumer,2025-02-01,Referral
12317,Customer_12317,Male,37,Bengaluru,Karnataka,Consumer,2023-11-06,Direct
12318,Customer_12318,Male,18,Chennai,Tamil Nadu,Consumer,2024-04-02,Social Media
12319,Customer_12319,Female,47,Chennai,Tamil Nadu,Corporate,2023-02-03,Social Media
12320,Customer_12320,Male,21,Coimbatore,Tamil Nadu,Consumer,2023-02-02,Social Media
12321,Customer_12321,Female,40,Faridabad,Haryana,Consumer,2023-06-23,Organic Search
12322,Customer_12322,Male,52,Kolkata,West Bengal,Consumer,2022-11-22,Organic Search
12323,Customer_12323,Male,59,Ahmedabad,Gujarat,Consumer,2023-11-10,Referral
12324,Customer_12324,Male,39,Mysuru,Karnataka,Home Office,2024-10-19,Organic Search
12325,Customer_12325,Male,48,Noida,Uttar Pradesh,Consumer,2025-01-24,Social Media
12326,Customer_12326,Female,18,Gurugram,Haryana,Consumer,2022-08-23,Organic Search
12327,Customer_12327,Male,21,Noida,Uttar Pradesh,Home Office,2024-08-01,Direct
12328,Customer_12328,Male,36,Nashik,Maharashtra,Consumer,2024-04-22,Paid Ads
12329,Customer_12329,Male,47,Jaipur,Rajasthan,Consumer,2025-10-11,Organic Search
12330,Customer_12330,Female,18,Mumbai,Maharashtra,Consumer,2024-04-16,Organic Search
12331,Customer_12331,Female,36,New Delhi,Delhi,Consumer,2023-08-22,Social Media
12332,Customer_12332,Male,38,Mumbai,Maharashtra,Consumer,2024-11-27,Referral
12333,Customer_12333,Female,39,Ahmedabad,Gujarat,Consumer,2023-11-12,Referral
12334,Customer_12334,Female,19,Kolkata,West Bengal,Consumer,2023-10-10,Organic Search
12335,Customer_12335,,23,Mumbai,Maharashtra,Consumer,2023-03-02,Paid Ads
12336,Customer_12336,Male,38,Chennai,Tamil Nadu,Consumer,2023-05-19,Organic Search
12337,Customer_12337,Female,50,Coimbatore,Tamil Nadu,Consumer,2025-02-03,Direct
12338,Customer_12338,Female,36,Bengaluru,Karnataka,Consumer,2024-03-19,Social Media
12339,Customer_12339,Female,44,Nashik,Maharashtra,Consumer,2024-11-20,Direct
12340,Customer_12340,Female,54,Coimbatore,Tamil Nadu,Consumer,2024-06-30,Referral
12341,Customer_12341,Female,46,Kanpur,Uttar Pradesh,Home Office,2024-07-31,Social Media
12342,Customer_12342,Male,45,Nashik,Maharashtra,Home Office,2022-09-03,Paid Ads
12343,Customer_12343,Female,51,Pune,Maharashtra,Consumer,2025-02-14,Organic Search
12344,Customer_12344,Male,18,Mysuru,Karnataka,Home Office,2024-10-15,Referral
12345,Customer_12345,Female,42,Gurugram,Haryana,Home Office,2025-11-23,Organic Search
12346,Customer_12346,Male,38,Udaipur,Rajasthan,Consumer,2025-05-26,Email
12347,Customer_12347,Male,51,Udaipur,Rajasthan,Consumer,2023-03-11,Email
12348,Customer_12348,Female,43,Bengaluru,Karnataka,Home Office,2024-04-30,Referral
12349,Customer_12349,Female,53,Surat,Gujarat,Consumer,2025-07-03,Organic Search
12350,Customer_12350,Male,52,Nashik,Maharashtra,Consumer,2022-01-19,Social Media
12351,Customer_12351,Female,40,Udaipur,Rajasthan,Corporate,2024-10-14,Referral
12352,Customer_12352,Male,34,Gurugram,Haryana,Consumer,2024-12-26,Social Media
12353,Customer_12353,Other,59,Surat,Gujarat,Consumer,2024-01-01,Paid Ads
12354,Customer_12354,Female,29,Indore,Madhya Pradesh,Consumer,2025-08-15,Social Media
12355,Customer_12355,Male,37,Kolkata,West Bengal,Consumer,2022-04-25,Referral
12356,Customer_12356,Female,56,Pune,Maharashtra,Consumer,2023-04-19,Organic Search
12357,Customer_12357,Female,44,Indore,Madhya Pradesh,Home Office,2024-07-10,Paid Ads
12358,Customer_12358,Male,59,Nagpur,Maharashtra,Consumer,2022-10-05,Email
12359,Customer_12359,Female,54,Hyderabad,Telangana,Consumer,2024-06-13,Social Media
12360,Customer_12360,Male,37,Nashik,Maharashtra,Consumer,2023-04-24,Direct
12361,Customer_12361,Female,28,Pune,Maharashtra,Consumer,2024-06-18,Organic Search
12362,Customer_12362,Male,45,Coimbatore,Tamil Nadu,Home Office,2025-05-26,Organic Search
12363,Customer_12363,Male,19,Mysuru,Karnataka,Consumer,2024-10-13,Social Media
12364,Customer_12364,Male,41,Warangal,Telangana,Consumer,2022-07-25,Social Media
12365,Customer_12365,Male,33,Vadodara,Gujarat,Consumer,2023-06-03,Paid Ads
12366,Customer_12366,Female,29,Mumbai,Maharashtra,Consumer,2025-01-26,Email
12367,Customer_12367,Male,33,Mumbai,Maharashtra,Consumer,2024-07-18,Social Media
12368,Customer_12368,Male,53,Surat,Gujarat,Consumer,2024-10-26,Referral
12369,Customer_12369,Female,19,Mysuru,Karnataka,Consumer,2023-10-20,Referral
12370,Customer_12370,Male,42,Kolkata,West Bengal,Consumer,2022-02-13,Organic Search
12371,Customer_12371,Female,46,Jaipur,Rajasthan,Home Office,2025-08-11,Social Media
12372,Customer_12372,Female,45,Bhopal,Madhya Pradesh,Consumer,2024-10-15,Organic Search
12373,Customer_12373,Female,27,Kolkata,West Bengal,Consumer,2023-03-15,Social Media
12374,Customer_12374,Male,40,Coimbatore,Tamil Nadu,Corporate,2023-03-30,Organic Search
12375,Customer_12375,Male,49,Jaipur,Rajasthan,Corporate,2025-10-18,Email
12376,Customer_12376,Female,48,Bengaluru,Karnataka,Consumer,2022-11-08,Email
12377,Customer_12377,Male,36,Mysuru,Karnataka,Home Office,2023-05-21,Paid Ads
12378,Customer_12378,Male,32,Noida,Uttar Pradesh,Corporate,2025-07-12,Direct
12379,Customer_12379,Male,50,Chennai,Tamil Nadu,Consumer,2022-06-22,Referral
12380,Customer_12380,Male,34,Noida,Uttar Pradesh,Consumer,2025-03-18,Organic Search
12381,Customer_12381,Female,53,Lucknow,Uttar Pradesh,Consumer,2023-04-17,Email
12382,Customer_12382,Female,37,Indore,Madhya Pradesh,Consumer,2023-12-05,Organic Search
12383,Customer_12383,Female,26,Gurugram,Haryana,Consumer,2025-01-21,Organic Search
12384,Customer_12384,Female,55,Coimbatore,Tamil Nadu,Consumer,2023-07-31,Paid Ads
12385,Customer_12385,Male,20,Bengaluru,Karnataka,Corporate,2024-03-11,Organic Search
12386,Customer_12386,Male,19,Vadodara,Gujarat,Consumer,2022-03-18,Referral
12387,Customer_12387,Other,35,Mysuru,Karnataka,Consumer,2023-01-09,Social Media
12388,Customer_12388,Male,40,Vadodara,Gujarat,Consumer,2023-12-01,Referral
12389,Customer_12389,Male,36,Kolkata,West Bengal,Consumer,2022-05-08,Paid Ads
12390,Customer_12390,Female,24,Kolkata,West Bengal,Corporate,2023-12-08,Social Media
12391,Customer_12391,Female,52,Mysuru,Karnataka,Consumer,2022-04-20,Social Media
12392,Customer_12392,Male,37,Pune,Maharashtra,Consumer,2024-03-18,Social Media
12393,Customer_12393,Female,37,Coimbatore,Tamil Nadu,Consumer,2023-06-16,Social Media
12394,Customer_12394,Other,36,Nagpur,Maharashtra,Corporate,2024-01-07,Paid Ads
12395,Customer_12395,Male,58,Indore,Madhya Pradesh,Consumer,2024-11-22,Social Media
12396,Customer_12396,Female,33,Mysuru,Karnataka,Consumer,2025-12-28,Paid Ads
12397,Customer_12397,Male,55,Nashik,Maharashtra,Consumer,2024-02-15,Paid Ads
12398,Customer_12398,Male,38,Pune,Maharashtra,Home Office,2022-01-31,Referral
12399,Customer_12399,Female,46,Jaipur,Rajasthan,Consumer,2024-05-16,Social Media
12400,Customer_12400,Female,55,Udaipur,Rajasthan,Home Office,2025-05-29,Social Media
12401,Customer_12401,Male,41,Mysuru,Karnataka,Consumer,2023-12-02,Paid Ads
12402,Customer_12402,Male,54,Pune,Maharashtra,Consumer,2023-09-10,Referral
12403,Customer_12403,Male,46,Chennai,Tamil Nadu,Consumer,2024-05-03,Organic Search
12404,Customer_12404,Female,48,Mysuru,Karnataka,Consumer,2023-04-10,Referral
12405,Customer_12405,Male,56,Jaipur,Rajasthan,Corporate,2023-06-14,Paid Ads
12406,Customer_12406,Male,29,Ahmedabad,Gujarat,Corporate,2025-01-17,Referral
12407,Customer_12407,Male,47,Mysuru,Karnataka,Consumer,2025-04-28,Organic Search
12408,Customer_12408,Male,21,Delhi,Delhi,Consumer,2023-01-29,Direct
12409,Customer_12409,Male,47,Amritsar,Punjab,Home Office,2023-01-03,Paid Ads
12410,Customer_12410,Female,22,Chennai,Tamil Nadu,Consumer,2023-06-13,Organic Search
12411,Customer_12411,Male,33,Kolkata,West Bengal,Corporate,2025-02-09,Paid Ads
12412,Customer_12412,Male,44,Nagpur,Maharashtra,Home Office,2025-10-12,Paid Ads
12413,Customer_12413,Female,21,Hyderabad,Telangana,Consumer,2023-08-14,Referral
12414,Customer_12414,Female,25,Nashik,Maharashtra,Corporate,2022-10-19,Referral
12415,Customer_12415,Male,25,Hyderabad,Telangana,Consumer,2023-03-21,Organic Search
12416,Customer_12416,Male,34,Amritsar,Punjab,Consumer,2024-03-15,Social Media
12417,Customer_12417,Female,20,Coimbatore,Tamil Nadu,Consumer,2024-05-31,Referral
12418,Customer_12418,Male,44,Nashik,Maharashtra,Consumer,2023-05-12,Organic Search
12419,Customer_12419,Female,51,Nagpur,Maharashtra,Consumer,2025-10-05,Direct
12420,Customer_12420,Male,38,Chennai,Tamil Nadu,Home Office,2024-07-08,Organic Search
12421,Customer_12421,Male,60,Mumbai,Maharashtra,Consumer,2024-03-06,Social Media
12422,Customer_12422,Male,41,Pune,Maharashtra,Consumer,2023-10-30,Direct
12423,Customer_12423,Female,58,Kanpur,Uttar Pradesh,Consumer,2025-08-11,Organic Search
12424,Customer_12424,Female,46,Chennai,Tamil Nadu,Consumer,2025-01-21,Paid Ads
12425,Customer_12425,Male,56,Mysuru,Karnataka,Consumer,2024-05-17,Social Media
12426,Customer_12426,Male,23,Bhopal,Madhya Pradesh,Consumer,2024-06-21,Paid Ads
12427,Customer_12427,Male,31,Nagpur,Maharashtra,Consumer,2025-04-13,Paid Ads
12428,Customer_12428,Male,31,Faridabad,Haryana,Consumer,2024-03-14,Referral
12429,Customer_12429,Female,54,Bengaluru,Karnataka,Home Office,2022-03-23,Email
12430,Customer_12430,Male,41,Bhopal,Madhya Pradesh,Consumer,2023-10-16,Organic Search
12431,Customer_12431,Female,30,Vadodara,Gujarat,Consumer,2025-04-11,Organic Search
12432,Customer_12432,Female,18,Noida,Uttar Pradesh,Home Office,2023-01-30,Paid Ads
12433,Customer_12433,Female,29,,Punjab,Corporate,2025-04-15,Referral
12434,Customer_12434,Female,59,Bengaluru,Karnataka,Consumer,2023-05-25,Direct
12435,Customer_12435,Male,41,,Punjab,Consumer,2023-04-06,Social Media
12436,Customer_12436,Male,54,Coimbatore,Tamil Nadu,Corporate,2023-08-13,Referral
12437,Customer_12437,Male,37,Chennai,Tamil Nadu,Corporate,2025-12-29,Referral
12438,Customer_12438,Male,23,Bengaluru,Karnataka,Corporate,2025-05-13,Organic Search
12439,Customer_12439,Male,29,Surat,Gujarat,Consumer,2022-01-15,Organic Search
12440,Customer_12440,Male,38,Mumbai,Maharashtra,Consumer,2025-08-23,Organic Search
12441,Customer_12441,Female,20,Surat,Gujarat,Consumer,2023-02-13,Social Media
12442,Customer_12442,Male,44,Vadodara,Gujarat,Consumer,2024-07-28,Social Media
12443,Customer_12443,Female,53,Kanpur,Uttar Pradesh,Consumer,2022-03-27,Social Media
12444,Customer_12444,Female,34,Noida,Uttar Pradesh,Consumer,2023-08-27,Paid Ads
12445,Customer_12445,Female,32,Coimbatore,Tamil Nadu,Consumer,2022-09-15,Organic Search
12446,Customer_12446,Male,56,Bengaluru,Karnataka,Home Office,2024-08-08,Social Media
12447,Customer_12447,Male,21,Delhi,Delhi,Consumer,2024-05-11,Direct
12448,Customer_12448,Male,34,Delhi,Delhi,Consumer,2022-12-24,Paid Ads
12449,Customer_12449,Male,55,Nagpur,Maharashtra,Corporate,2023-12-24,Social Media
12450,Customer_12450,Male,28,Mysuru,Karnataka,Consumer,2022-06-08,Referral
12451,Customer_12451,Female,29,New Delhi,Delhi,Consumer,2022-04-21,Social Media
12452,Customer_12452,Male,49,Amritsar,Punjab,Consumer,2024-06-12,Social Media
12453,Customer_12453,Male,44,Ahmedabad,Gujarat,Consumer,2024-01-02,Organic Search
12454,Customer_12454,Other,60,Bengaluru,Karnataka,Consumer,2024-03-25,Organic Search
12455,Customer_12455,Male,44,Surat,Gujarat,Home Office,2024-09-02,Organic Search
12456,Customer_12456,Male,57,Mumbai,Maharashtra,Consumer,2023-12-08,Social Media
12457,Customer_12457,Female,46,Chennai,Tamil Nadu,Consumer,2024-05-20,Organic Search
12458,Customer_12458,Male,26,Vadodara,Gujarat,Consumer,2022-12-07,Referral
12459,Customer_12459,Female,60,Hyderabad,Telangana,Consumer,2022-12-02,Referral
12460,Customer_12460,Male,20,Chennai,Tamil Nadu,Corporate,2023-02-20,Organic Search
12461,Customer_12461,Female,56,Amritsar,Punjab,Consumer,2022-07-25,Referral
12462,Customer_12462,Male,46,Indore,Madhya Pradesh,Consumer,2023-02-17,Social Media
12463,Customer_12463,Male,38,Vadodara,Gujarat,Consumer,2022-11-24,Referral
12464,Customer_12464,Female,52,Surat,Gujarat,Consumer,2023-09-20,Email
12465,Customer_12465,Male,27,Vadodara,Gujarat,Consumer,2023-03-14,Organic Search
12466,Customer_12466,Male,40,Delhi,Delhi,Consumer,2025-12-21,Social Media
12467,Customer_12467,Male,56,Coimbatore,Tamil Nadu,Consumer,2024-06-14,Social Media
12468,Customer_12468,Male,42,Pune,Maharashtra,Home Office,2022-08-07,Referral
12469,Customer_12469,Male,41,Hyderabad,Telangana,Consumer,2023-04-22,Paid Ads
12470,Customer_12470,Female,37,Vadodara,Gujarat,Consumer,2025-01-02,Organic Search
12471,Customer_12471,Female,32,New Delhi,Delhi,Consumer,2024-06-17,Paid Ads
12472,Customer_12472,Female,38,Amritsar,Punjab,Consumer,2025-02-27,Organic Search
12473,Customer_12473,Male,59,Faridabad,Haryana,Consumer,2022-05-05,Direct
12474,Customer_12474,Male,29,Kolkata,West Bengal,Corporate,2024-06-29,Organic Search
12475,Customer_12475,Female,35,Warangal,Telangana,Consumer,2024-03-12,Direct
12476,Customer_12476,Female,40,Indore,Madhya Pradesh,Consumer,2023-12-21,Direct
12477,Customer_12477,Male,58,Mumbai,Maharashtra,Home Office,2022-05-07,Email
12478,Customer_12478,Male,46,Kanpur,Uttar Pradesh,Consumer,2024-12-12,Organic Search
12479,Customer_12479,Male,58,Nagpur,Maharashtra,Consumer,2025-05-23,Organic Search
12480,Customer_12480,Male,53,Kanpur,Uttar Pradesh,Consumer,2022-04-14,Referral
12481,Customer_12481,Female,22,Mysuru,Karnataka,Consumer,2025-09-08,Paid Ads
12482,Customer_12482,Male,56,Indore,Madhya Pradesh,Consumer,2023-11-02,Paid Ads
12483,Customer_12483,Female,43,Faridabad,Haryana,Consumer,2023-10-12,Organic Search
12484,Customer_12484,Male,56,Nashik,Maharashtra,Consumer,2024-07-23,Paid Ads
12485,Customer_12485,Male,28,Chennai,Tamil Nadu,Consumer,2025-02-10,Social Media
12486,Customer_12486,Female,59,Amritsar,Punjab,Corporate,2024-02-06,Social Media
12487,Customer_12487,Male,28,Hyderabad,Telangana,Corporate,2025-07-09,Paid Ads
12488,Customer_12488,Male,35,Indore,Madhya Pradesh,Consumer,2023-01-24,Organic Search
12489,Customer_12489,Other,29,Ahmedabad,Gujarat,Consumer,2022-11-05,Referral
12490,Customer_12490,Female,33,Bengaluru,Karnataka,Consumer,2024-07-14,Referral
12491,Customer_12491,Female,44,Mysuru,Karnataka,Consumer,2022-10-20,Referral
12492,Customer_12492,Male,53,Delhi,Delhi,Consumer,2025-06-06,Referral
12493,Customer_12493,Male,34,Noida,Uttar Pradesh,Consumer,2023-01-23,Organic Search
12494,Customer_12494,Female,38,Coimbatore,Tamil Nadu,Consumer,2024-09-26,Organic Search
12495,Customer_12495,Male,54,Warangal,Telangana,Corporate,2025-03-03,Social Media
12496,Customer_12496,Female,48,Warangal,Telangana,Consumer,2025-10-19,Direct
12497,Customer_12497,Male,52,Ahmedabad,Gujarat,Home Office,2023-07-28,Paid Ads
12498,Customer_12498,Male,44,Indore,Madhya Pradesh,Corporate,2023-07-03,Social Media
12499,Customer_12499,Other,40,Ludhiana,Punjab,Consumer,2025-12-30,Paid Ads
12500,Customer_12500,Male,49,Coimbatore,Tamil Nadu,Consumer,2022-07-25,Organic Search
12501,Customer_12501,Male,34,Kanpur,Uttar Pradesh,Consumer,2024-08-20,Organic Search
12502,Customer_12502,Male,28,Noida,Uttar Pradesh,Corporate,2022-02-05,Referral
12503,Customer_12503,Male,18,Ahmedabad,Gujarat,Consumer,2024-01-08,Organic Search
12504,Customer_12504,Male,45,Faridabad,Haryana,Consumer,2025-05-25,Referral
12505,Customer_12505,Male,35,New Delhi,Delhi,Consumer,2023-09-06,Organic Search
12506,Customer_12506,Male,58,Nashik,Maharashtra,Consumer,2025-10-26,Email
12507,Customer_12507,Female,37,Bhopal,Madhya Pradesh,Home Office,2025-09-21,Social Media
12508,Customer_12508,Male,24,Coimbatore,Tamil Nadu,Consumer,2025-12-01,Organic Search
12509,Customer_12509,Other,54,Bhopal,Madhya Pradesh,Consumer,2023-03-20,Direct
12510,Customer_12510,Male,33,Indore,Madhya Pradesh,Consumer,2022-05-08,Referral
12511,Customer_12511,Female,56,Nagpur,Maharashtra,Corporate,2023-05-31,Direct
12512,Customer_12512,Male,40,Bhopal,Madhya Pradesh,Consumer,2022-08-18,Organic Search
12513,Customer_12513,Female,49,Coimbatore,Tamil Nadu,Corporate,2024-07-13,Social Media
12514,Customer_12514,Other,34,Warangal,Telangana,Corporate,2023-11-23,Social Media
12515,Customer_12515,Female,36,Ahmedabad,Gujarat,Corporate,2023-01-09,Organic Search
12516,Customer_12516,Female,59,Faridabad,Haryana,Consumer,2022-02-24,Social Media
12517,Customer_12517,Male,51,Pune,Maharashtra,Consumer,2022-01-11,Organic Search
12518,Customer_12518,Female,31,Hyderabad,Telangana,Consumer,2022-12-08,Organic Search
12519,Customer_12519,Female,20,Kolkata,West Bengal,Consumer,2023-05-12,Organic Search
12520,Customer_12520,Other,56,Kolkata,West Bengal,Consumer,2024-09-03,Organic Search
12521,Customer_12521,Male,42,Kolkata,West Bengal,Consumer,2025-12-17,Direct
12522,Customer_12522,Other,28,Nashik,Maharashtra,Consumer,2022-04-21,Organic Search
12523,Customer_12523,Male,32,Mysuru,Karnataka,Consumer,2023-10-16,Email
12524,Customer_12524,Male,36,Bengaluru,Karnataka,Consumer,2023-10-09,Social Media
12525,Customer_12525,Male,60,Noida,Uttar Pradesh,Consumer,2025-06-24,Organic Search
12526,Customer_12526,Male,32,Bengaluru,Karnataka,Corporate,2024-12-17,Email
12527,Customer_12527,Female,32,Delhi,Delhi,Consumer,2025-07-20,Paid Ads
12528,Customer_12528,Female,55,Gurugram,Haryana,Consumer,2024-07-19,Referral
12529,Customer_12529,Female,32,Pune,Maharashtra,Consumer,2022-09-28,Organic Search
12530,Customer_12530,Female,26,Amritsar,Punjab,Home Office,2025-05-14,Paid Ads
12531,Customer_12531,Male,22,Udaipur,Rajasthan,Corporate,2023-03-20,Organic Search
12532,Customer_12532,Female,36,Noida,Uttar Pradesh,Consumer,2024-06-20,Organic Search
12533,Customer_12533,Male,41,Bengaluru,Karnataka,Consumer,2022-05-12,Email
12534,Customer_12534,Female,46,Nashik,Maharashtra,Consumer,2025-12-21,Organic Search
12535,Customer_12535,Female,22,Noida,Uttar Pradesh,Consumer,2022-02-13,Referral
12536,Customer_12536,Female,39,Lucknow,Uttar Pradesh,Corporate,2022-08-27,Social Media
12537,Customer_12537,Male,30,Lucknow,Uttar Pradesh,Consumer,2025-04-21,Social Media
12538,Customer_12538,Female,46,Pune,Maharashtra,Consumer,2022-12-20,Paid Ads
12539,Customer_12539,Male,33,Kanpur,Uttar Pradesh,Consumer,2025-05-14,Organic Search
12540,Customer_12540,Male,53,Noida,Uttar Pradesh,Corporate,2022-01-03,Social Media
12541,Customer_12541,Female,34,Jaipur,Rajasthan,Consumer,2025-07-05,Social Media
12542,Customer_12542,Male,37,Lucknow,Uttar Pradesh,Corporate,2024-08-05,Paid Ads
12543,Customer_12543,Female,31,Bhopal,Madhya Pradesh,Consumer,2024-03-11,Social Media
12544,Customer_12544,Male,23,Vadodara,Gujarat,Consumer,2023-06-25,Direct
12545,Customer_12545,Male,39,Pune,Maharashtra,Consumer,2022-10-20,Direct
12546,Customer_12546,Female,57,Hyderabad,Telangana,Consumer,2023-05-30,Email
12547,Customer_12547,Male,26,Mumbai,Maharashtra,Home Office,2023-07-11,Paid Ads
12548,Customer_12548,Male,49,Chennai,Tamil Nadu,Corporate,2022-09-22,Paid Ads
12549,Customer_12549,Male,41,Coimbatore,Tamil Nadu,Consumer,2024-11-06,Referral
12550,Customer_12550,Male,50,Pune,Maharashtra,Consumer,2022-07-14,Paid Ads
12551,Customer_12551,Female,30,Bengaluru,Karnataka,Consumer,2023-08-12,Referral
12552,Customer_12552,Male,52,Nashik,Maharashtra,Consumer,2023-10-25,Direct
12553,Customer_12553,Female,23,Lucknow,Uttar Pradesh,Consumer,2024-10-07,Email
12554,Customer_12554,Female,57,Faridabad,Haryana,Consumer,2023-03-04,Referral
12555,Customer_12555,Male,47,Mumbai,Maharashtra,Corporate,2025-09-09,Social Media
12556,Customer_12556,Female,55,Gurugram,Haryana,Corporate,2024-10-20,Organic Search
12557,Customer_12557,Female,33,Hyderabad,Telangana,Consumer,2024-11-14,Organic Search
12558,Customer_12558,Male,18,Bengaluru,Karnataka,Corporate,2024-05-16,Organic Search
12559,Customer_12559,Male,59,,Maharashtra,Consumer,2022-03-09,Email
12560,Customer_12560,Male,35,Warangal,Telangana,Consumer,2022-05-06,Direct
12561,Customer_12561,Female,39,Lucknow,Uttar Pradesh,Consumer,2024-02-10,Social Media
12562,Customer_12562,Female,43,Kolkata,West Bengal,Corporate,2022-02-26,Paid Ads
12563,Customer_12563,Male,31,Pune,Maharashtra,Home Office,2023-03-27,Organic Search
12564,Customer_12564,Female,54,Nashik,Maharashtra,Corporate,2025-02-13,Referral
12565,Customer_12565,Female,31,Coimbatore,Tamil Nadu,Consumer,2024-04-08,Organic Search
12566,Customer_12566,Female,43,Mysuru,Karnataka,Consumer,2024-07-18,Direct
12567,Customer_12567,Female,53,Delhi,Delhi,Consumer,2023-11-17,Organic Search
12568,Customer_12568,Male,40,Mysuru,Karnataka,Consumer,2024-02-07,Organic Search
12569,Customer_12569,Female,19,Noida,Uttar Pradesh,Corporate,2023-12-04,Paid Ads
12570,Customer_12570,Female,56,Gurugram,Haryana,Home Office,2024-10-01,Social Media
12571,Customer_12571,Female,24,Chennai,Tamil Nadu,Consumer,2023-01-11,Organic Search
12572,Customer_12572,Female,56,Gurugram,Haryana,Corporate,2025-05-06,Organic Search
12573,Customer_12573,Male,39,Mysuru,Karnataka,Consumer,2024-03-06,Organic Search
12574,Customer_12574,Female,45,Warangal,Telangana,Consumer,2023-06-30,Direct
12575,Customer_12575,Male,55,New Delhi,Delhi,Consumer,2024-05-20,Social Media
12576,Customer_12576,Female,37,Udaipur,Rajasthan,Corporate,2024-10-19,Organic Search
12577,Customer_12577,Male,35,Amritsar,Punjab,Consumer,2022-08-23,Organic Search
12578,Customer_12578,Female,41,Vadodara,Gujarat,Home Office,2023-03-27,Organic Search
12579,Customer_12579,Female,50,Bengaluru,Karnataka,Consumer,2025-12-22,Paid Ads
12580,Customer_12580,Female,43,Jaipur,Rajasthan,Consumer,2024-07-17,Organic Search
12581,Customer_12581,Male,36,Pune,Maharashtra,Consumer,2024-12-30,Referral
12582,Customer_12582,Other,59,Bhopal,Madhya Pradesh,Corporate,2024-08-18,Referral
12583,Customer_12583,Female,30,Warangal,Telangana,Consumer,2023-12-08,Social Media
12584,Customer_12584,Female,27,Chennai,Tamil Nadu,Corporate,2023-11-03,Paid Ads
12585,Customer_12585,Male,31,Vadodara,Gujarat,Consumer,2024-03-19,Organic Search
12586,Customer_12586,Male,26,Vadodara,Gujarat,Consumer,2024-12-13,Social Media
12587,Customer_12587,Male,28,Mumbai,Maharashtra,Corporate,2024-11-14,Social Media
12588,Customer_12588,Male,20,,Rajasthan,Consumer,2024-10-27,Organic Search
12589,Customer_12589,Male,57,New Delhi,Delhi,Corporate,2022-11-29,Organic Search
12590,Customer_12590,Female,29,Kolkata,West Bengal,Consumer,2025-12-12,Referral
12591,Customer_12591,Female,52,Lucknow,Uttar Pradesh,Consumer,2022-03-20,Organic Search
12592,Customer_12592,Male,56,Kanpur,Uttar Pradesh,Corporate,2022-06-16,Direct
12593,Customer_12593,Male,56,Surat,Gujarat,Home Office,2023-09-19,Paid Ads
12594,Customer_12594,Female,49,,Telangana,Consumer,2022-11-16,Organic Search
12595,Customer_12595,Male,56,Pune,Maharashtra,Consumer,2023-03-14,Paid Ads
12596,Customer_12596,Female,31,Noida,Uttar Pradesh,Consumer,2022-12-06,Email
12597,Customer_12597,Male,18,New Delhi,Delhi,Consumer,2024-11-17,Direct
12598,Customer_12598,Male,44,Warangal,Telangana,Consumer,2024-09-14,Social Media
12599,Customer_12599,Male,54,Bengaluru,Karnataka,Consumer,2024-10-31,Social Media
12600,Customer_12600,Female,60,Nagpur,Maharashtra,Corporate,2023-03-02,Referral
12601,Customer_12601,Male,18,Surat,Gujarat,Corporate,2023-07-23,Direct
12602,Customer_12602,Female,46,Mumbai,Maharashtra,Consumer,2023-03-29,Paid Ads
12603,Customer_12603,Male,41,Noida,Uttar Pradesh,Corporate,2025-02-06,Social Media
12604,Customer_12604,Male,34,Bengaluru,Karnataka,Consumer,2025-04-04,Organic Search
12605,Customer_12605,Female,52,Nagpur,Maharashtra,Consumer,2024-02-10,Organic Search
12606,Customer_12606,Male,48,Warangal,Telangana,Home Office,2022-01-26,Referral
12607,Customer_12607,Female,59,Pune,Maharashtra,Corporate,2023-08-13,Organic Search
12608,Customer_12608,Male,49,Mysuru,Karnataka,Consumer,2025-03-23,Social Media
12609,Customer_12609,Male,36,Kolkata,West Bengal,Corporate,2024-01-31,Social Media
12610,Customer_12610,Female,48,Nashik,Maharashtra,Consumer,2023-12-13,Referral
12611,Customer_12611,Female,56,Kanpur,Uttar Pradesh,Corporate,2024-03-21,Social Media
12612,Customer_12612,Male,37,Nagpur,Maharashtra,Consumer,2024-08-08,Social Media
12613,Customer_12613,Female,45,New Delhi,Delhi,Corporate,2023-09-25,Referral
12614,Customer_12614,Male,20,Lucknow,Uttar Pradesh,Consumer,2025-02-18,Referral
12615,Customer_12615,Female,49,,Karnataka,Consumer,2022-06-25,Social Media
12616,Customer_12616,Female,39,Nagpur,Maharashtra,Consumer,2025-11-24,Paid Ads
12617,Customer_12617,Male,59,Bengaluru,Karnataka,Consumer,2023-12-11,Social Media
12618,Customer_12618,Male,32,Delhi,Delhi,Corporate,2022-01-12,Paid Ads
12619,Customer_12619,Male,55,Indore,Madhya Pradesh,Home Office,2023-05-01,Direct
12620,Customer_12620,Male,36,Bengaluru,Karnataka,Corporate,2023-10-05,Paid Ads
12621,Customer_12621,Male,48,Lucknow,Uttar Pradesh,Consumer,2025-10-18,Paid Ads
12622,Customer_12622,Female,43,Indore,Madhya Pradesh,Corporate,2023-08-29,Email
12623,Customer_12623,Other,22,Coimbatore,Tamil Nadu,Consumer,2023-09-04,Organic Search
12624,Customer_12624,Male,37,Faridabad,Haryana,Consumer,2022-04-23,Referral
12625,Customer_12625,Female,19,Bengaluru,Karnataka,Home Office,2023-07-24,Paid Ads
12626,Customer_12626,Female,38,Amritsar,Punjab,Consumer,2023-08-29,Direct
12627,Customer_12627,Female,53,Pune,Maharashtra,Corporate,2024-02-27,Email
12628,Customer_12628,Male,45,Kolkata,West Bengal,Corporate,2025-09-13,Social Media
12629,Customer_12629,Female,37,Warangal,Telangana,Consumer,2022-03-25,Social Media
12630,Customer_12630,Male,54,Coimbatore,Tamil Nadu,Consumer,2024-05-05,Organic Search
12631,Customer_12631,Male,56,Jaipur,Rajasthan,Consumer,2023-08-16,Organic Search
12632,Customer_12632,Male,53,Kolkata,West Bengal,Home Office,2023-12-03,Social Media
12633,Customer_12633,Male,28,Nashik,Maharashtra,Consumer,2023-04-24,Paid Ads
12634,Customer_12634,Male,20,Nashik,Maharashtra,Consumer,2025-04-02,Organic Search
12635,Customer_12635,Female,54,Kolkata,West Bengal,Consumer,2025-07-13,Paid Ads
12636,Customer_12636,Male,37,Jaipur,Rajasthan,Consumer,2023-08-29,Organic Search
12637,Customer_12637,Male,49,Ludhiana,Punjab,Corporate,2023-06-16,Referral
12638,Customer_12638,Male,42,Lucknow,Uttar Pradesh,Consumer,2023-08-28,Referral
12639,Customer_12639,Female,38,Gurugram,Haryana,Home Office,2023-06-30,Referral
12640,Customer_12640,Female,33,Kolkata,West Bengal,Consumer,2023-01-28,Social Media
12641,Customer_12641,Male,59,Mysuru,Karnataka,Consumer,2022-06-04,Organic Search
12642,Customer_12642,Male,18,Nagpur,Maharashtra,Consumer,2023-06-01,Paid Ads
12643,Customer_12643,Female,40,Noida,Uttar Pradesh,Home Office,2024-10-29,Organic Search
12644,Customer_12644,Male,60,Udaipur,Rajasthan,Consumer,2023-08-12,Organic Search
12645,Customer_12645,Male,41,Nagpur,Maharashtra,Consumer,2022-01-22,Organic Search
12646,Customer_12646,Male,42,Bengaluru,Karnataka,Consumer,2024-08-11,Organic Search
12647,Customer_12647,Female,24,Faridabad,Haryana,Consumer,2025-05-24,Paid Ads
12648,Customer_12648,Female,55,Warangal,Telangana,Consumer,2024-02-23,Paid Ads
12649,Customer_12649,Female,56,Chennai,Tamil Nadu,Consumer,2024-07-13,Social Media
12650,Customer_12650,Male,52,Chennai,Tamil Nadu,Consumer,2024-02-15,Paid Ads
12651,Customer_12651,Female,31,New Delhi,Delhi,Consumer,2025-05-14,Email
12652,Customer_12652,Female,26,Mysuru,Karnataka,Corporate,2022-11-12,Social Media
12653,Customer_12653,Female,20,Mysuru,Karnataka,Consumer,2024-06-22,Email
12654,Customer_12654,Male,55,Nagpur,Maharashtra,Consumer,2022-02-20,Referral
12655,Customer_12655,Male,37,Kanpur,Uttar Pradesh,Consumer,2025-03-25,Email
12656,Customer_12656,Female,58,Coimbatore,Tamil Nadu,Consumer,2023-01-19,Social Media
12657,Customer_12657,Female,50,Kanpur,Uttar Pradesh,Consumer,2025-06-22,Organic Search
12658,Customer_12658,Male,58,Indore,Madhya Pradesh,Consumer,2025-09-29,Organic Search
12659,Customer_12659,Male,49,New Delhi,Delhi,Consumer,2023-12-29,Social Media
12660,Customer_12660,Female,53,Udaipur,Rajasthan,Consumer,2022-11-12,Social Media
12661,Customer_12661,Female,43,Warangal,Telangana,Consumer,2022-06-23,Social Media
12662,Customer_12662,Male,22,Indore,Madhya Pradesh,Home Office,2024-05-14,Direct
12663,Customer_12663,Female,47,Delhi,Delhi,Home Office,2024-11-16,Social Media
12664,Customer_12664,Female,34,Jaipur,Rajasthan,Corporate,2025-01-04,Social Media
12665,Customer_12665,Female,23,Vadodara,Gujarat,Consumer,2022-10-29,Social Media
12666,Customer_12666,Male,32,Mysuru,Karnataka,Consumer,2025-05-24,Email
12667,Customer_12667,Male,18,Pune,Maharashtra,Corporate,2023-11-06,Social Media
12668,Customer_12668,Male,30,Udaipur,Rajasthan,Consumer,2023-02-02,Paid Ads
12669,Customer_12669,Male,51,Noida,Uttar Pradesh,Consumer,2023-10-14,Organic Search
12670,Customer_12670,Female,47,Bengaluru,Karnataka,Consumer,2022-10-08,Social Media
12671,Customer_12671,Male,36,Udaipur,Rajasthan,Consumer,2024-11-17,Referral
12672,Customer_12672,Other,19,Chennai,Tamil Nadu,Corporate,2025-07-22,Referral
12673,Customer_12673,Male,29,Kolkata,West Bengal,Corporate,2023-01-13,Referral
12674,Customer_12674,Male,57,New Delhi,Delhi,Corporate,2024-04-16,Paid Ads
12675,Customer_12675,Male,41,Indore,Madhya Pradesh,Corporate,2024-09-18,Referral
12676,Customer_12676,Male,28,Bengaluru,Karnataka,Consumer,2022-04-25,Organic Search
12677,Customer_12677,Male,19,Mysuru,Karnataka,Corporate,2025-07-13,Referral
12678,Customer_12678,Female,18,Mumbai,Maharashtra,Consumer,2024-02-02,Organic Search
12679,Customer_12679,Male,45,Nashik,Maharashtra,Consumer,2023-08-25,Social Media
12680,Customer_12680,Female,21,Warangal,Telangana,Consumer,2025-03-23,Organic Search
12681,Customer_12681,Female,58,Delhi,Delhi,Corporate,2024-09-21,Direct
12682,Customer_12682,Male,47,Kanpur,Uttar Pradesh,Home Office,2022-05-20,Organic Search
12683,Customer_12683,Female,24,Pune,Maharashtra,Consumer,2024-01-05,Organic Search
12684,Customer_12684,Female,39,Chennai,Tamil Nadu,Consumer,2022-08-02,Paid Ads
12685,Customer_12685,Male,43,Mysuru,Karnataka,Consumer,2024-04-15,Paid Ads
12686,Customer_12686,Male,46,Pune,Maharashtra,Consumer,2024-02-05,Social Media
12687,Customer_12687,Female,42,Mumbai,Maharashtra,Consumer,2025-02-28,Paid Ads
12688,Customer_12688,Male,27,Coimbatore,Tamil Nadu,Corporate,2023-03-05,Social Media
12689,Customer_12689,Male,37,Warangal,Telangana,Consumer,2025-08-31,Paid Ads
12690,Customer_12690,Other,31,Coimbatore,Tamil Nadu,Consumer,2023-12-15,Referral
12691,Customer_12691,Male,50,Warangal,Telangana,Corporate,2024-01-14,Paid Ads
12692,Customer_12692,Male,22,Vadodara,Gujarat,Consumer,2025-02-23,Paid Ads
12693,Customer_12693,Female,23,Nashik,Maharashtra,Consumer,2024-02-26,Organic Search
12694,Customer_12694,Female,39,Warangal,Telangana,Corporate,2022-03-10,Social Media
12695,Customer_12695,Male,34,Ludhiana,Punjab,Corporate,2025-10-26,Referral
12696,Customer_12696,Male,32,Warangal,Telangana,Consumer,2024-10-18,Organic Search
12697,Customer_12697,Female,56,Jaipur,Rajasthan,Consumer,2024-08-19,Direct
12698,Customer_12698,Female,57,Mysuru,Karnataka,Consumer,2024-07-12,Direct
12699,Customer_12699,Male,45,Kanpur,Uttar Pradesh,Consumer,2023-09-20,Paid Ads
12700,Customer_12700,Male,19,Noida,Uttar Pradesh,Consumer,2025-01-16,Organic Search
12701,Customer_12701,Male,35,Warangal,Telangana,Consumer,2022-02-15,Social Media
12702,Customer_12702,Female,44,Ludhiana,Punjab,Corporate,2022-01-13,Direct
12703,Customer_12703,Female,38,Nagpur,Maharashtra,Consumer,2022-10-08,Referral
12704,Customer_12704,Female,40,,Maharashtra,Consumer,2022-05-21,Social Media
12705,Customer_12705,Female,24,Kanpur,Uttar Pradesh,Consumer,2025-07-29,Organic Search
12706,Customer_12706,Female,36,Noida,Uttar Pradesh,Consumer,2025-05-02,Organic Search
12707,Customer_12707,Male,26,Mumbai,Maharashtra,Consumer,2024-02-16,Paid Ads
12708,Customer_12708,Female,29,Delhi,Delhi,Home Office,2025-08-29,Social Media
12709,Customer_12709,Female,47,Nagpur,Maharashtra,Consumer,2022-12-08,Social Media
12710,Customer_12710,Male,24,Bengaluru,Karnataka,Consumer,2024-02-07,Paid Ads
12711,Customer_12711,Male,19,Kanpur,Uttar Pradesh,Consumer,2024-11-20,Organic Search
12712,Customer_12712,Female,34,Hyderabad,Telangana,Consumer,2024-09-26,Organic Search
12713,Customer_12713,Male,28,Bengaluru,Karnataka,Consumer,2023-10-18,Social Media
12714,Customer_12714,Male,29,Bengaluru,Karnataka,Consumer,2022-03-27,Organic Search
12715,Customer_12715,Female,20,Nagpur,Maharashtra,Consumer,2022-12-14,Referral
12716,Customer_12716,Female,38,Bengaluru,Karnataka,Consumer,2023-04-30,Referral
12717,Customer_12717,Male,31,Jaipur,Rajasthan,Home Office,2024-12-17,Organic Search
12718,Customer_12718,Female,32,Amritsar,Punjab,Consumer,2023-10-14,Paid Ads
12719,Customer_12719,Male,59,Indore,Madhya Pradesh,Consumer,2025-10-01,Organic Search
12720,Customer_12720,Male,58,Nashik,Maharashtra,Consumer,2024-03-27,Social Media
12721,Customer_12721,Male,27,Indore,Madhya Pradesh,Consumer,2023-07-26,Organic Search
12722,Customer_12722,Female,53,Kanpur,Uttar Pradesh,Consumer,2023-06-11,Paid Ads
12723,Customer_12723,Female,27,Lucknow,Uttar Pradesh,Consumer,2022-04-13,Email
12724,Customer_12724,Female,34,Coimbatore,Tamil Nadu,Consumer,2024-01-14,Social Media
12725,Customer_12725,Female,42,Coimbatore,Tamil Nadu,Corporate,2024-08-01,Social Media
12726,Customer_12726,Male,44,Bengaluru,Karnataka,Consumer,2022-03-29,Paid Ads
12727,Customer_12727,Male,50,Mumbai,Maharashtra,Home Office,2025-07-10,Email
12728,Customer_12728,Female,28,New Delhi,Delhi,Corporate,2023-01-03,Email
12729,Customer_12729,Male,30,Delhi,Delhi,Consumer,2024-01-09,Referral
12730,Customer_12730,Female,18,Hyderabad,Telangana,Consumer,2023-12-19,Referral
12731,Customer_12731,Female,48,Kanpur,Uttar Pradesh,Consumer,2023-04-06,Referral
12732,Customer_12732,Female,50,Hyderabad,Telangana,Consumer,2023-12-19,Referral
12733,Customer_12733,Male,38,Mumbai,Maharashtra,Consumer,2024-07-20,Referral
12734,Customer_12734,Male,33,Gurugram,Haryana,Consumer,2022-08-04,Organic Search
12735,Customer_12735,Male,56,Faridabad,Haryana,Home Office,2023-12-06,Direct
12736,Customer_12736,Male,40,Noida,Uttar Pradesh,Consumer,2023-12-24,Organic Search
12737,Customer_12737,Female,27,Ludhiana,Punjab,Consumer,2025-03-09,Social Media
12738,Customer_12738,Male,50,Ahmedabad,Gujarat,Consumer,2023-02-22,Paid Ads
12739,Customer_12739,Male,39,Amritsar,Punjab,Consumer,2024-01-18,Referral
12740,Customer_12740,Male,58,Nagpur,Maharashtra,Corporate,2023-10-20,Organic Search
12741,Customer_12741,Male,23,Mysuru,Karnataka,Consumer,2025-11-01,Referral
12742,Customer_12742,Male,53,New Delhi,Delhi,Consumer,2022-04-12,Direct
12743,Customer_12743,Male,27,,Delhi,Home Office,2024-09-02,Referral
12744,Customer_12744,Male,33,Nashik,Maharashtra,Corporate,2022-07-26,Paid Ads
12745,Customer_12745,Male,30,Vadodara,Gujarat,Corporate,2024-03-09,Social Media
12746,Customer_12746,Male,37,Kanpur,Uttar Pradesh,Corporate,2022-12-17,Social Media
12747,Customer_12747,Male,21,Surat,Gujarat,Consumer,2023-08-20,Organic Search
12748,Customer_12748,Male,37,Nagpur,Maharashtra,Consumer,2025-03-29,Email
12749,Customer_12749,Male,39,Kanpur,Uttar Pradesh,Consumer,2023-04-02,Paid Ads
12750,Customer_12750,Female,46,Jaipur,Rajasthan,Consumer,2023-08-31,Organic Search
12751,Customer_12751,Female,33,Coimbatore,Tamil Nadu,Consumer,2022-03-20,Referral
12752,Customer_12752,Female,60,Jaipur,Rajasthan,Home Office,2023-08-25,Paid Ads
12753,Customer_12753,Male,60,New Delhi,Delhi,Consumer,2023-08-02,Referral
12754,Customer_12754,Male,40,Bengaluru,Karnataka,Home Office,2025-05-27,Direct
12755,Customer_12755,Female,47,Faridabad,Haryana,Consumer,2025-10-07,Organic Search
12756,Customer_12756,Male,47,Bengaluru,Karnataka,Corporate,2023-01-09,Paid Ads
12757,Customer_12757,Female,60,Warangal,Telangana,Consumer,2024-02-20,Referral
12758,Customer_12758,Male,20,Bhopal,Madhya Pradesh,Consumer,2022-01-21,Direct
12759,Customer_12759,Male,41,Kolkata,West Bengal,Consumer,2022-06-09,Email
12760,Customer_12760,Female,54,Pune,Maharashtra,Consumer,2025-09-12,Referral
12761,Customer_12761,Male,30,Mumbai,Maharashtra,Consumer,2025-07-07,Social Media
12762,Customer_12762,Male,59,Mumbai,Maharashtra,Home Office,2025-02-17,Organic Search
12763,Customer_12763,Male,49,Ahmedabad,Gujarat,Consumer,2022-11-22,Email
12764,Customer_12764,Male,54,Chennai,Tamil Nadu,Consumer,2024-02-10,Email
12765,Customer_12765,Male,29,Pune,Maharashtra,Consumer,2022-10-09,Social Media
12766,Customer_12766,Female,25,Amritsar,Punjab,Consumer,2025-12-05,Organic Search
12767,Customer_12767,Female,41,Hyderabad,Telangana,Corporate,2022-09-06,Direct
12768,Customer_12768,Female,33,Delhi,Delhi,Corporate,2022-03-12,Social Media
12769,Customer_12769,Male,49,Hyderabad,Telangana,Home Office,2024-02-06,Paid Ads
12770,Customer_12770,Other,51,Udaipur,Rajasthan,Consumer,2023-09-14,Referral
12771,Customer_12771,Female,52,Mumbai,Maharashtra,Consumer,2023-02-16,Paid Ads
12772,Customer_12772,Male,49,Bengaluru,Karnataka,Home Office,2024-04-20,Organic Search
12773,Customer_12773,Female,34,Noida,Uttar Pradesh,Home Office,2023-12-08,Referral
12774,Customer_12774,Female,19,Chennai,Tamil Nadu,Home Office,2023-04-13,Referral
12775,Customer_12775,Female,43,Ahmedabad,Gujarat,Corporate,2022-11-12,Paid Ads
12776,Customer_12776,Male,34,Coimbatore,Tamil Nadu,Consumer,2022-02-25,Direct
12777,Customer_12777,Male,55,Mumbai,Maharashtra,Consumer,2025-03-23,Email
12778,Customer_12778,Female,19,Mumbai,Maharashtra,Corporate,2025-12-11,Social Media
12779,Customer_12779,Male,25,Chennai,Tamil Nadu,Corporate,2024-02-20,Referral
12780,Customer_12780,Female,23,Delhi,Delhi,Corporate,2022-09-18,Organic Search
12781,Customer_12781,Female,26,Nashik,Maharashtra,Consumer,2025-08-30,Organic Search
12782,Customer_12782,Female,18,Bhopal,Madhya Pradesh,Consumer,2023-11-23,Organic Search
12783,Customer_12783,Male,22,Amritsar,Punjab,Consumer,2022-05-01,Organic Search
12784,Customer_12784,Female,56,Noida,Uttar Pradesh,Consumer,2024-06-24,Paid Ads
12785,Customer_12785,Male,26,Indore,Madhya Pradesh,Consumer,2023-01-13,Organic Search
12786,Customer_12786,Female,31,New Delhi,Delhi,Home Office,2022-01-04,Organic Search
12787,Customer_12787,Female,44,Ludhiana,Punjab,Consumer,2022-01-21,Organic Search
12788,Customer_12788,Male,26,Delhi,Delhi,Consumer,2023-12-17,Direct
12789,Customer_12789,Female,53,Gurugram,Haryana,Consumer,2025-12-12,Organic Search
12790,Customer_12790,Male,46,Amritsar,Punjab,Consumer,2023-06-10,Paid Ads
12791,Customer_12791,Male,37,Kolkata,West Bengal,Consumer,2023-06-20,Email
12792,Customer_12792,Male,32,Ludhiana,Punjab,Home Office,2025-04-24,Email
12793,Customer_12793,Male,53,Ahmedabad,Gujarat,Consumer,2022-06-07,Direct
12794,Customer_12794,Male,20,New Delhi,Delhi,Consumer,2025-07-18,Social Media
12795,Customer_12795,Male,40,Coimbatore,Tamil Nadu,Corporate,2022-04-02,Social Media
12796,Customer_12796,Female,26,Ahmedabad,Gujarat,Consumer,2024-05-31,Organic Search
12797,Customer_12797,Female,47,Mumbai,Maharashtra,Consumer,2022-01-21,Organic Search
12798,Customer_12798,Female,36,,Gujarat,Consumer,2022-01-21,Direct
12799,Customer_12799,Male,55,Ludhiana,Punjab,Consumer,2022-05-08,Email
12800,Customer_12800,Female,20,Delhi,Delhi,Consumer,2023-10-30,Social Media
12801,Customer_12801,Female,20,Noida,Uttar Pradesh,Consumer,2022-12-04,Paid Ads
12802,Customer_12802,Male,51,Faridabad,Haryana,Corporate,2022-04-02,Email
12803,Customer_12803,Female,19,Faridabad,Haryana,Consumer,2023-11-03,Organic Search
12804,Customer_12804,Male,44,Ludhiana,Punjab,Consumer,2024-02-01,Direct
12805,Customer_12805,Female,40,Warangal,Telangana,Consumer,2025-03-25,Social Media
12806,Customer_12806,Male,59,Amritsar,Punjab,Consumer,2022-12-06,Referral
12807,Customer_12807,Male,49,Kanpur,Uttar Pradesh,Consumer,2023-07-22,Paid Ads
12808,Customer_12808,Female,52,Nagpur,Maharashtra,Corporate,2023-05-18,Referral
12809,Customer_12809,Male,57,Hyderabad,Telangana,Consumer,2025-03-22,Organic Search
12810,Customer_12810,Male,35,Kolkata,West Bengal,Consumer,2024-05-25,Direct
12811,Customer_12811,Female,44,New Delhi,Delhi,Home Office,2023-03-25,Organic Search
12812,Customer_12812,Female,28,Jaipur,Rajasthan,Consumer,2023-04-01,Referral
12813,Customer_12813,Female,56,Udaipur,Rajasthan,Consumer,2024-11-26,Organic Search
12814,Customer_12814,Male,36,Mumbai,Maharashtra,Consumer,2024-09-11,Paid Ads
12815,Customer_12815,Male,42,Ahmedabad,Gujarat,Consumer,2025-09-09,Organic Search
12816,Customer_12816,Female,24,Noida,Uttar Pradesh,Consumer,2024-03-17,Organic Search
12817,Customer_12817,Male,48,Hyderabad,Telangana,Consumer,2022-11-04,Social Media
12818,Customer_12818,Male,19,Nashik,Maharashtra,Consumer,2024-07-31,Paid Ads
12819,Customer_12819,Male,55,Nashik,Maharashtra,Consumer,2022-12-15,Social Media
12820,Customer_12820,Male,22,Mysuru,Karnataka,Corporate,2022-10-15,Direct
12821,Customer_12821,Male,31,Faridabad,Haryana,Consumer,2024-08-19,Direct
12822,Customer_12822,Male,35,Delhi,Delhi,Consumer,2025-09-08,Social Media
12823,Customer_12823,Male,53,Udaipur,Rajasthan,Consumer,2025-12-17,Referral
12824,Customer_12824,Male,21,Delhi,Delhi,Consumer,2022-04-02,Direct
12825,Customer_12825,Male,41,Mysuru,Karnataka,Consumer,2023-04-03,Email
12826,Customer_12826,Male,30,Bhopal,Madhya Pradesh,Consumer,2022-02-21,Organic Search
12827,Customer_12827,Female,38,Kolkata,West Bengal,Consumer,2024-11-30,Organic Search
12828,Customer_12828,Female,50,Pune,Maharashtra,Consumer,2022-05-28,Referral
12829,Customer_12829,Male,37,Chennai,Tamil Nadu,Consumer,2024-06-04,Email
12830,Customer_12830,Male,22,Pune,Maharashtra,Corporate,2023-03-13,Paid Ads
12831,Customer_12831,Male,41,Warangal,Telangana,Consumer,2025-06-27,Referral
12832,Customer_12832,Male,52,Jaipur,Rajasthan,Home Office,2022-11-18,Email
12833,Customer_12833,Male,47,Pune,Maharashtra,Corporate,2024-11-24,Organic Search
12834,Customer_12834,Female,45,Mysuru,Karnataka,Home Office,2023-02-07,Social Media
12835,Customer_12835,Female,24,Chennai,Tamil Nadu,Home Office,2024-01-08,Paid Ads
12836,Customer_12836,Female,59,Gurugram,Haryana,Consumer,2025-07-12,Organic Search
12837,Customer_12837,Male,52,Amritsar,Punjab,Consumer,2024-12-17,Social Media
12838,Customer_12838,Male,47,Mumbai,Maharashtra,Consumer,2022-03-28,Social Media
12839,Customer_12839,Female,51,Noida,Uttar Pradesh,Corporate,2023-09-06,Organic Search
12840,Customer_12840,Male,56,Mysuru,Karnataka,Consumer,2022-09-09,Organic Search
12841,Customer_12841,Female,26,Chennai,Tamil Nadu,Consumer,2025-10-12,Referral
12842,Customer_12842,Male,29,Noida,Uttar Pradesh,Corporate,2022-12-17,Direct
12843,Customer_12843,Female,46,Faridabad,Haryana,Consumer,2022-01-17,Organic Search
12844,Customer_12844,Female,27,Gurugram,Haryana,Consumer,2025-12-04,Organic Search
12845,Customer_12845,Female,44,Surat,Gujarat,Consumer,2025-10-16,Organic Search
12846,Customer_12846,Male,36,Mysuru,Karnataka,Corporate,2024-04-15,Social Media
12847,Customer_12847,Male,30,Kanpur,Uttar Pradesh,Home Office,2024-09-08,Social Media
12848,Customer_12848,Male,59,Delhi,Delhi,Corporate,2022-01-24,Direct
12849,Customer_12849,Female,54,Ahmedabad,Gujarat,Corporate,2024-10-11,Email
12850,Customer_12850,Male,49,Mysuru,Karnataka,Consumer,2022-11-26,Social Media
12851,Customer_12851,Male,32,Udaipur,Rajasthan,Home Office,2024-11-16,Social Media
12852,Customer_12852,Male,38,New Delhi,Delhi,Consumer,2025-07-12,Social Media
12853,Customer_12853,Male,20,New Delhi,Delhi,Home Office,2022-03-18,Referral
12854,Customer_12854,Male,25,Gurugram,Haryana,Consumer,2023-01-10,Email
12855,Customer_12855,Female,23,Nagpur,Maharashtra,Consumer,2023-12-01,Organic Search
12856,Customer_12856,Male,46,Hyderabad,Telangana,Corporate,2022-03-18,Organic Search
12857,Customer_12857,Male,36,New Delhi,Delhi,Consumer,2022-01-27,Direct
12858,Customer_12858,Female,34,Nagpur,Maharashtra,Consumer,2025-11-11,Social Media
12859,Customer_12859,Female,27,Pune,Maharashtra,Consumer,2024-02-11,Paid Ads
12860,Customer_12860,Female,50,Delhi,Delhi,Consumer,2025-02-03,Email
12861,Customer_12861,Male,30,Bhopal,Madhya Pradesh,Consumer,2022-07-15,Social Media
12862,Customer_12862,Female,44,Bengaluru,Karnataka,Consumer,2022-03-11,Organic Search
12863,Customer_12863,Male,59,Faridabad,Haryana,Consumer,2025-03-31,Paid Ads
12864,Customer_12864,Male,29,Ahmedabad,Gujarat,Corporate,2024-01-28,Referral
12865,Customer_12865,Male,19,Coimbatore,Tamil Nadu,Consumer,2023-10-09,Email
12866,Customer_12866,Male,27,Surat,Gujarat,Consumer,2022-08-16,Email
12867,Customer_12867,Male,38,Warangal,Telangana,Consumer,2025-01-11,Social Media
12868,Customer_12868,Other,40,Lucknow,Uttar Pradesh,Consumer,2025-10-23,Organic Search
12869,Customer_12869,Male,18,Bengaluru,Karnataka,Consumer,2025-04-21,Referral
12870,Customer_12870,Male,50,Mysuru,Karnataka,Consumer,2022-05-27,Direct
12871,Customer_12871,Male,43,Indore,Madhya Pradesh,Home Office,2023-01-31,Organic Search
12872,Customer_12872,Male,32,Gurugram,Haryana,Corporate,2025-07-03,Referral
12873,Customer_12873,Female,39,Bhopal,Madhya Pradesh,Corporate,2022-02-20,Organic Search
12874,Customer_12874,Male,42,Chennai,Tamil Nadu,Consumer,2022-08-18,Direct
12875,Customer_12875,Female,18,Lucknow,Uttar Pradesh,Consumer,2022-09-27,Email
12876,Customer_12876,Male,43,Hyderabad,Telangana,Consumer,2025-03-15,Referral
12877,Customer_12877,Female,38,Hyderabad,Telangana,Consumer,2024-03-12,Referral
12878,Customer_12878,Female,58,Delhi,Delhi,Corporate,2024-05-01,Referral
12879,Customer_12879,Female,41,Surat,Gujarat,Consumer,2022-06-13,Direct
12880,Customer_12880,Female,56,New Delhi,Delhi,Consumer,2023-11-03,Direct
12881,Customer_12881,Female,33,Mysuru,Karnataka,Consumer,2023-04-18,Paid Ads
12882,Customer_12882,Male,49,Bhopal,Madhya Pradesh,Consumer,2024-09-29,Organic Search
12883,Customer_12883,Male,33,Delhi,Delhi,Consumer,2023-11-11,Referral
12884,Customer_12884,Female,30,Mumbai,Maharashtra,Consumer,2023-04-06,Referral
12885,Customer_12885,Female,59,Nagpur,Maharashtra,Consumer,2023-05-05,Paid Ads
12886,Customer_12886,,49,Faridabad,Haryana,Consumer,2022-08-28,Email
12887,Customer_12887,Male,58,Warangal,Telangana,Consumer,2024-06-28,Referral
12888,Customer_12888,Female,41,Chennai,Tamil Nadu,Corporate,2022-11-12,Referral
12889,Customer_12889,Male,30,Lucknow,Uttar Pradesh,Corporate,2024-09-27,Email
12890,Customer_12890,Male,28,Kanpur,Uttar Pradesh,Corporate,2023-05-10,Social Media
12891,Customer_12891,Male,32,Bengaluru,Karnataka,Consumer,2022-04-23,Social Media
12892,Customer_12892,Female,27,Kolkata,West Bengal,Consumer,2024-01-17,Organic Search
12893,Customer_12893,Other,59,Lucknow,Uttar Pradesh,Home Office,2023-12-23,Organic Search
12894,Customer_12894,Male,58,Jaipur,Rajasthan,Consumer,2024-04-19,Social Media
12895,Customer_12895,Male,20,Pune,Maharashtra,Consumer,2023-01-30,Organic Search
12896,Customer_12896,Male,33,Indore,Madhya Pradesh,Consumer,2022-03-03,Organic Search
12897,Customer_12897,Male,34,Surat,Gujarat,Consumer,2024-11-05,Paid Ads
12898,Customer_12898,Female,42,Bengaluru,Karnataka,Consumer,2025-09-06,Referral
12899,Customer_12899,Female,47,Chennai,Tamil Nadu,Corporate,2024-12-26,Referral
12900,Customer_12900,Male,52,Nashik,Maharashtra,Consumer,2023-05-20,Email
12901,Customer_12901,Female,54,Nashik,Maharashtra,Consumer,2023-08-17,Social Media
12902,Customer_12902,Female,30,Noida,Uttar Pradesh,Consumer,2023-08-30,Paid Ads
12903,Customer_12903,Male,41,Mumbai,Maharashtra,Consumer,2024-08-12,Referral
12904,Customer_12904,Male,55,Chennai,Tamil Nadu,Consumer,2022-12-12,Paid Ads
12905,Customer_12905,Other,43,Warangal,Telangana,Consumer,2023-04-24,Paid Ads
12906,Customer_12906,Male,26,Nagpur,Maharashtra,Consumer,2024-07-02,Email
12907,Customer_12907,Female,36,Amritsar,Punjab,Corporate,2022-04-30,Referral
12908,Customer_12908,Male,45,New Delhi,Delhi,Consumer,2022-03-08,Email
12909,Customer_12909,Female,24,Bengaluru,Karnataka,Consumer,2024-02-27,Social Media
12910,Customer_12910,Female,39,Bengaluru,Karnataka,Consumer,2025-11-04,Direct
12911,Customer_12911,Female,47,Delhi,Delhi,Consumer,2024-03-15,Organic Search
12912,Customer_12912,Female,54,Nagpur,Maharashtra,Consumer,2022-09-26,Organic Search
12913,Customer_12913,Female,33,Kolkata,West Bengal,Consumer,2022-06-15,Organic Search
12914,Customer_12914,Female,53,Amritsar,Punjab,Home Office,2024-06-03,Social Media
12915,Customer_12915,Male,22,Delhi,Delhi,Consumer,2025-03-07,Referral
12916,Customer_12916,Male,46,Jaipur,Rajasthan,Corporate,2024-06-18,Social Media
12917,Customer_12917,Female,40,Kanpur,Uttar Pradesh,Consumer,2024-08-04,Organic Search
12918,Customer_12918,Female,23,Bhopal,Madhya Pradesh,Corporate,2023-08-27,Organic Search
12919,Customer_12919,Male,53,Coimbatore,Tamil Nadu,Consumer,2025-08-20,Email
12920,Customer_12920,Male,50,Bengaluru,Karnataka,Consumer,2023-10-21,Organic Search
12921,Customer_12921,Female,58,Bengaluru,Karnataka,Home Office,2022-08-19,Direct
12922,Customer_12922,Male,33,Kolkata,West Bengal,Consumer,2025-11-19,Paid Ads
12923,Customer_12923,Male,51,Lucknow,Uttar Pradesh,Consumer,2025-12-22,Direct
12924,Customer_12924,Female,60,Delhi,Delhi,Consumer,2022-01-11,Organic Search
12925,Customer_12925,Female,43,Mysuru,Karnataka,Corporate,2023-08-03,Referral
12926,Customer_12926,Male,54,Indore,Madhya Pradesh,Corporate,2024-03-13,Referral
12927,Customer_12927,Male,30,Noida,Uttar Pradesh,Corporate,2022-05-29,Referral
12928,Customer_12928,Male,34,Ludhiana,Punjab,Home Office,2023-10-15,Paid Ads
12929,Customer_12929,Male,49,Lucknow,Uttar Pradesh,Consumer,2025-08-08,Paid Ads
12930,Customer_12930,Female,49,Chennai,Tamil Nadu,Consumer,2025-10-14,Social Media
12931,Customer_12931,Male,45,Surat,Gujarat,Consumer,2025-01-23,Email
12932,Customer_12932,Male,46,Udaipur,Rajasthan,Home Office,2025-04-17,Organic Search
12933,Customer_12933,Male,42,Nagpur,Maharashtra,Consumer,2025-09-14,Organic Search
12934,Customer_12934,Male,39,Vadodara,Gujarat,Home Office,2024-03-13,Referral
12935,Customer_12935,Other,44,Kolkata,West Bengal,Consumer,2024-01-30,Email
12936,Customer_12936,Male,55,Pune,Maharashtra,Corporate,2023-12-09,Social Media
12937,Customer_12937,Female,37,Lucknow,Uttar Pradesh,Consumer,2022-04-04,Paid Ads
12938,Customer_12938,Female,41,Ahmedabad,Gujarat,Corporate,2022-08-18,Organic Search
12939,Customer_12939,Male,25,Gurugram,Haryana,Consumer,2025-06-07,Direct
12940,Customer_12940,Female,31,Pune,Maharashtra,Consumer,2022-03-24,Organic Search
12941,Customer_12941,Male,56,Delhi,Delhi,Consumer,2022-05-31,Organic Search
12942,Customer_12942,Female,31,Surat,Gujarat,Consumer,2024-09-21,Organic Search
12943,Customer_12943,Male,22,Mysuru,Karnataka,Consumer,2022-03-16,Organic Search
12944,Customer_12944,Female,38,Kolkata,West Bengal,Home Office,2023-01-17,Direct
12945,Customer_12945,Male,32,Lucknow,Uttar Pradesh,Consumer,2025-01-05,Organic Search
12946,Customer_12946,Female,53,Mumbai,Maharashtra,Consumer,2024-06-10,Organic Search
12947,Customer_12947,Male,50,Warangal,Telangana,Consumer,2022-12-23,Organic Search
12948,Customer_12948,Female,34,Warangal,Telangana,Consumer,2022-02-19,Email
12949,Customer_12949,Male,37,Bengaluru,Karnataka,Corporate,2024-10-13,Social Media
12950,Customer_12950,Female,18,Gurugram,Haryana,Corporate,2023-09-08,Referral
12951,Customer_12951,Male,33,Noida,Uttar Pradesh,Home Office,2025-12-06,Email
12952,Customer_12952,Male,35,Kolkata,West Bengal,Consumer,2024-09-13,Social Media
12953,Customer_12953,Female,27,Kolkata,West Bengal,Consumer,2025-09-16,Organic Search
12954,Customer_12954,Female,40,Coimbatore,Tamil Nadu,Consumer,2024-04-15,Organic Search
12955,Customer_12955,Male,35,Gurugram,Haryana,Consumer,2025-11-04,Referral
12956,Customer_12956,Female,26,Kolkata,West Bengal,Home Office,2025-12-27,Referral
12957,Customer_12957,Female,47,Kolkata,West Bengal,Consumer,2025-05-20,Email
12958,Customer_12958,Female,30,Bhopal,Madhya Pradesh,Consumer,2022-03-30,Social Media
12959,Customer_12959,Male,48,Bengaluru,Karnataka,Corporate,2022-12-06,Email
12960,Customer_12960,Male,60,Lucknow,Uttar Pradesh,Consumer,2023-11-08,Referral
12961,Customer_12961,Female,30,Delhi,Delhi,Consumer,2023-04-30,Referral
12962,Customer_12962,Male,49,Bengaluru,Karnataka,Corporate,2023-03-03,Referral
12963,Customer_12963,Male,34,Bengaluru,Karnataka,Consumer,2023-03-02,Social Media
12964,Customer_12964,Male,20,Ludhiana,Punjab,Home Office,2022-05-28,Email
12965,Customer_12965,Male,18,Bhopal,Madhya Pradesh,Consumer,2023-11-29,Email
12966,Customer_12966,Female,22,Kolkata,West Bengal,Consumer,2022-01-07,Email
12967,Customer_12967,Female,49,Kolkata,West Bengal,Consumer,2023-01-05,Organic Search
12968,Customer_12968,Female,42,Vadodara,Gujarat,Consumer,2024-03-15,Paid Ads
12969,Customer_12969,Male,22,Faridabad,Haryana,Consumer,2023-01-02,Social Media
12970,Customer_12970,Male,54,,Telangana,Corporate,2024-04-26,Organic Search
12971,Customer_12971,Male,40,Chennai,Tamil Nadu,Consumer,2022-08-23,Organic Search
12972,Customer_12972,Male,29,Mumbai,Maharashtra,Consumer,2024-09-10,Paid Ads
12973,Customer_12973,Female,51,Lucknow,Uttar Pradesh,Consumer,2023-07-20,Social Media
12974,Customer_12974,Female,40,Kolkata,West Bengal,Consumer,2023-02-27,Social Media
12975,Customer_12975,Male,33,Chennai,Tamil Nadu,Home Office,2025-05-10,Organic Search
12976,Customer_12976,Female,22,Nashik,Maharashtra,Corporate,2025-06-26,Referral
12977,Customer_12977,Male,45,Noida,Uttar Pradesh,Consumer,2023-03-17,Organic Search
12978,Customer_12978,Female,23,Mumbai,Maharashtra,Consumer,2023-11-14,Organic Search
12979,Customer_12979,Male,30,Kolkata,West Bengal,Consumer,2024-04-25,Organic Search
12980,Customer_12980,Female,60,Amritsar,Punjab,Consumer,2022-10-24,Social Media
12981,Customer_12981,Male,47,Coimbatore,Tamil Nadu,Consumer,2025-01-21,Paid Ads
12982,Customer_12982,Male,43,New Delhi,Delhi,Consumer,2023-11-16,Referral
12983,Customer_12983,Male,34,Kolkata,West Bengal,Consumer,2022-09-19,Organic Search
12984,Customer_12984,Male,26,Noida,Uttar Pradesh,Consumer,2025-12-15,Organic Search
12985,Customer_12985,Male,33,Surat,Gujarat,Corporate,2025-08-02,Social Media
12986,Customer_12986,Male,35,Amritsar,Punjab,Consumer,2022-03-15,Email
12987,Customer_12987,Male,30,Pune,Maharashtra,Consumer,2025-12-25,Social Media
12988,Customer_12988,Female,46,Hyderabad,Telangana,Corporate,2024-01-30,Organic Search
12989,Customer_12989,Male,60,Kolkata,West Bengal,Corporate,2022-10-02,Email
12990,Customer_12990,Female,41,Bhopal,Madhya Pradesh,Consumer,2022-09-09,Social Media
12991,Customer_12991,Male,30,New Delhi,Delhi,Home Office,2025-04-21,Paid Ads
12992,Customer_12992,Female,42,Kanpur,Uttar Pradesh,Corporate,2022-08-11,Organic Search
12993,Customer_12993,Female,58,Vadodara,Gujarat,Consumer,2025-01-09,Email
12994,Customer_12994,Male,18,Coimbatore,Tamil Nadu,Consumer,2025-10-16,Organic Search
12995,Customer_12995,Female,26,Mumbai,Maharashtra,Corporate,2024-05-23,Organic Search
12996,Customer_12996,Male,21,Bhopal,Madhya Pradesh,Consumer,2023-01-10,Paid Ads
12997,Customer_12997,Female,45,Nashik,Maharashtra,Consumer,2025-06-23,Social Media
12998,Customer_12998,Male,29,Bengaluru,Karnataka,Consumer,2022-12-28,Referral
12999,Customer_12999,Male,41,Mysuru,Karnataka,Consumer,2022-05-15,Organic Search
13000,Customer_13000,Male,26,Bhopal,Madhya Pradesh,Consumer,2022-03-17,Social Media
13001,Customer_13001,Male,52,Udaipur,Rajasthan,Consumer,2024-08-13,Referral
13002,Customer_13002,Male,55,Noida,Uttar Pradesh,Consumer,2023-04-18,Paid Ads
13003,Customer_13003,Female,52,New Delhi,Delhi,Consumer,2025-01-16,Email
13004,Customer_13004,Male,50,Ahmedabad,Gujarat,Consumer,2024-12-06,Social Media
13005,Customer_13005,Male,52,Ahmedabad,Gujarat,Corporate,2022-01-12,Referral
13006,Customer_13006,Male,37,Noida,Uttar Pradesh,Consumer,2023-01-01,Social Media
13007,Customer_13007,Male,19,Gurugram,Haryana,Consumer,2023-08-26,Paid Ads
13008,Customer_13008,Male,43,Pune,Maharashtra,Home Office,2025-02-01,Referral
13009,Customer_13009,Female,59,Udaipur,Rajasthan,Consumer,2025-08-19,Referral
13010,Customer_13010,Male,30,Nashik,Maharashtra,Consumer,2022-06-02,Social Media
13011,Customer_13011,Female,47,Ahmedabad,Gujarat,Consumer,2025-05-23,Organic Search
13012,Customer_13012,Male,49,Bengaluru,Karnataka,Consumer,2023-12-01,Social Media
13013,Customer_13013,Male,53,Bengaluru,Karnataka,Consumer,2022-12-10,Email
13014,Customer_13014,Female,36,Bengaluru,Karnataka,Consumer,2022-01-09,Social Media
13015,Customer_13015,Male,39,Ahmedabad,Gujarat,Consumer,2022-11-21,Email
13016,Customer_13016,Male,18,Bengaluru,Karnataka,Consumer,2022-04-19,Organic Search
13017,Customer_13017,Female,28,Kolkata,West Bengal,Corporate,2022-11-28,Referral
13018,Customer_13018,Male,43,Chennai,Tamil Nadu,Home Office,2024-05-31,Organic Search
13019,Customer_13019,Male,36,Mumbai,Maharashtra,Corporate,2022-11-14,Social Media
13020,Customer_13020,Female,36,Noida,Uttar Pradesh,Consumer,2025-10-09,Direct
13021,Customer_13021,Female,29,Bengaluru,Karnataka,Consumer,2022-08-21,Referral
13022,Customer_13022,Male,20,Chennai,Tamil Nadu,Consumer,2025-12-19,Organic Search
13023,Customer_13023,Male,35,Kolkata,West Bengal,Consumer,2025-08-31,Email
13024,Customer_13024,Male,22,Bengaluru,Karnataka,Corporate,2022-09-22,Referral
13025,Customer_13025,Male,41,Nashik,Maharashtra,Consumer,2024-08-11,Paid Ads
13026,Customer_13026,Female,31,Bengaluru,Karnataka,Consumer,2025-06-15,Referral
13027,Customer_13027,Female,55,Gurugram,Haryana,Consumer,2023-02-24,Organic Search
13028,Customer_13028,Female,20,Jaipur,Rajasthan,Consumer,2022-06-09,Social Media
13029,Customer_13029,Male,23,Udaipur,Rajasthan,Consumer,2023-06-25,Organic Search
13030,Customer_13030,Male,29,Udaipur,Rajasthan,Consumer,2025-12-23,Organic Search
13031,Customer_13031,Female,28,New Delhi,Delhi,Consumer,2022-04-12,Referral
13032,Customer_13032,Male,56,Chennai,Tamil Nadu,Home Office,2025-02-08,Organic Search
13033,Customer_13033,Female,43,Noida,Uttar Pradesh,Consumer,2022-09-08,Organic Search
13034,Customer_13034,Female,18,Pune,Maharashtra,Corporate,2024-11-13,Referral
13035,Customer_13035,Female,33,Mysuru,Karnataka,Corporate,2024-03-01,Social Media
13036,Customer_13036,Male,26,Bengaluru,Karnataka,Consumer,2022-06-08,Organic Search
13037,Customer_13037,Male,22,Chennai,Tamil Nadu,Consumer,2023-12-12,Social Media
13038,Customer_13038,Female,25,Ludhiana,Punjab,Consumer,2023-09-03,Referral
13039,Customer_13039,Female,38,Nagpur,Maharashtra,Consumer,2025-08-23,Referral
13040,Customer_13040,Female,50,Warangal,Telangana,Consumer,2024-03-17,Email
13041,Customer_13041,Male,56,Delhi,Delhi,Consumer,2022-01-31,Direct
13042,Customer_13042,Female,60,Amritsar,Punjab,Consumer,2022-01-18,Organic Search
13043,Customer_13043,Female,37,Nashik,Maharashtra,Corporate,2025-07-04,Social Media
13044,Customer_13044,Male,39,Coimbatore,Tamil Nadu,Home Office,2025-01-19,Social Media
13045,Customer_13045,Male,30,Kanpur,Uttar Pradesh,Consumer,2023-07-20,Paid Ads
13046,Customer_13046,Female,56,Kolkata,West Bengal,Consumer,2023-02-07,Organic Search
13047,Customer_13047,Male,28,Chennai,Tamil Nadu,Corporate,2022-01-22,Organic Search
13048,Customer_13048,Male,35,Bengaluru,Karnataka,Consumer,2023-05-18,Organic Search
13049,Customer_13049,Female,47,Chennai,Tamil Nadu,Consumer,2025-07-08,Paid Ads
13050,Customer_13050,Male,50,New Delhi,Delhi,Consumer,2022-10-12,Organic Search
13051,Customer_13051,Female,20,Delhi,Delhi,Home Office,2022-04-29,Social Media
13052,Customer_13052,Male,18,Warangal,Telangana,Consumer,2023-03-04,Organic Search
13053,Customer_13053,Male,53,Delhi,Delhi,Consumer,2024-03-08,Direct
13054,Customer_13054,Other,23,Mysuru,Karnataka,Consumer,2024-01-17,Referral
13055,Customer_13055,Female,54,Udaipur,Rajasthan,Corporate,2024-07-30,Organic Search
13056,Customer_13056,Male,46,Ludhiana,Punjab,Home Office,2024-04-18,Organic Search
13057,Customer_13057,Female,28,Ahmedabad,Gujarat,Consumer,2025-03-13,Social Media
13058,Customer_13058,Male,30,Mumbai,Maharashtra,Home Office,2025-09-05,Organic Search
13059,Customer_13059,Male,28,Pune,Maharashtra,Consumer,2024-02-26,Organic Search
13060,Customer_13060,Male,55,Faridabad,Haryana,Consumer,2025-12-16,Organic Search
13061,Customer_13061,Male,42,Mysuru,Karnataka,Home Office,2022-03-29,Direct
13062,Customer_13062,Female,32,Pune,Maharashtra,Consumer,2024-09-04,Social Media
13063,Customer_13063,Female,30,Ahmedabad,Gujarat,Consumer,2022-12-15,Organic Search
13064,Customer_13064,Other,59,Surat,Gujarat,Consumer,2022-08-12,Social Media
13065,Customer_13065,Female,50,Jaipur,Rajasthan,Corporate,2025-03-24,Social Media
13066,Customer_13066,Male,30,Delhi,Delhi,Corporate,2022-01-03,Organic Search
13067,Customer_13067,Female,55,Nagpur,Maharashtra,Home Office,2022-10-20,Social Media
13068,Customer_13068,Other,41,Amritsar,Punjab,Consumer,2023-08-28,Organic Search
13069,Customer_13069,Female,37,Delhi,Delhi,Home Office,2022-12-22,Organic Search
13070,Customer_13070,Female,34,Jaipur,Rajasthan,Consumer,2024-05-30,Direct
13071,Customer_13071,Female,41,Kolkata,West Bengal,Consumer,2022-02-04,Organic Search
13072,Customer_13072,Male,43,Vadodara,Gujarat,Corporate,2025-09-03,Organic Search
13073,Customer_13073,Female,57,Mysuru,Karnataka,Consumer,2023-12-31,Paid Ads
13074,Customer_13074,Female,49,New Delhi,Delhi,Consumer,2025-12-20,Organic Search
13075,Customer_13075,Female,46,Surat,Gujarat,Consumer,2023-05-22,Direct
13076,Customer_13076,Male,31,Bhopal,Madhya Pradesh,Consumer,2023-12-27,Direct
13077,Customer_13077,Male,54,Gurugram,Haryana,Consumer,2024-11-25,Paid Ads
13078,Customer_13078,Female,39,Nashik,Maharashtra,Consumer,2024-11-14,Direct
13079,Customer_13079,Male,51,Pune,Maharashtra,Consumer,2025-07-12,Organic Search
13080,Customer_13080,Female,44,Gurugram,Haryana,Consumer,2023-06-15,Organic Search
13081,Customer_13081,Male,45,Kolkata,West Bengal,Corporate,2025-09-10,Email
13082,Customer_13082,Male,39,Bhopal,Madhya Pradesh,Consumer,2025-11-21,Referral
13083,Customer_13083,Male,60,Delhi,Delhi,Consumer,2025-09-30,Paid Ads
13084,Customer_13084,Male,20,Ahmedabad,Gujarat,Corporate,2022-03-27,Organic Search
13085,Customer_13085,Male,39,Kolkata,West Bengal,Corporate,2024-06-03,Social Media
13086,Customer_13086,Male,38,Jaipur,Rajasthan,Consumer,2022-06-16,Organic Search
13087,Customer_13087,Male,33,Chennai,Tamil Nadu,Consumer,2025-05-02,Organic Search
13088,Customer_13088,Male,26,Pune,Maharashtra,Home Office,2023-09-22,Referral
13089,Customer_13089,Male,30,Ahmedabad,Gujarat,Consumer,2023-12-15,Organic Search
13090,Customer_13090,Male,27,New Delhi,Delhi,Home Office,2025-09-17,Referral
13091,Customer_13091,Female,38,Chennai,Tamil Nadu,Consumer,2024-01-29,Organic Search
13092,Customer_13092,Female,59,Faridabad,Haryana,Consumer,2024-03-23,Paid Ads
13093,Customer_13093,Male,57,Chennai,Tamil Nadu,Consumer,2023-06-30,Direct
13094,Customer_13094,Male,24,Kanpur,Uttar Pradesh,Consumer,2023-01-04,Referral
13095,Customer_13095,Female,39,Delhi,Delhi,Home Office,2025-07-22,Organic Search
13096,Customer_13096,Male,35,Udaipur,Rajasthan,Home Office,2023-05-11,Paid Ads
13097,Customer_13097,Female,38,Amritsar,Punjab,Home Office,2025-08-17,Email
13098,Customer_13098,Female,31,Pune,Maharashtra,Corporate,2024-02-28,Social Media
13099,Customer_13099,Male,27,Pune,Maharashtra,Corporate,2024-09-27,Referral
13100,Customer_13100,Male,50,Coimbatore,Tamil Nadu,Consumer,2024-04-22,Organic Search
13101,Customer_13101,Male,26,Nagpur,Maharashtra,Corporate,2025-06-05,Referral
13102,Customer_13102,Male,35,Lucknow,Uttar Pradesh,Consumer,2025-09-14,Organic Search
13103,Customer_13103,Male,30,Faridabad,Haryana,Consumer,2025-09-29,Social Media
13104,Customer_13104,Male,34,Coimbatore,Tamil Nadu,Consumer,2022-08-16,Organic Search
13105,Customer_13105,Female,40,New Delhi,Delhi,Home Office,2023-03-05,Organic Search
13106,Customer_13106,Male,42,Coimbatore,Tamil Nadu,Consumer,2024-08-29,Email
13107,Customer_13107,Male,33,Kolkata,West Bengal,Corporate,2024-06-21,Referral
13108,Customer_13108,Female,41,Pune,Maharashtra,Consumer,2023-10-02,Paid Ads
13109,Customer_13109,Male,48,Ahmedabad,Gujarat,Corporate,2025-03-21,Social Media
13110,Customer_13110,Male,28,Surat,Gujarat,Home Office,2023-12-01,Paid Ads
13111,Customer_13111,Male,40,Jaipur,Rajasthan,Consumer,2024-01-15,Social Media
13112,Customer_13112,Female,58,New Delhi,Delhi,Home Office,2022-07-07,Social Media
13113,Customer_13113,Female,56,Kolkata,West Bengal,Consumer,2023-10-27,Organic Search
13114,Customer_13114,,39,Nagpur,Maharashtra,Consumer,2023-02-03,Social Media
13115,Customer_13115,Male,50,New Delhi,Delhi,Home Office,2025-12-08,Organic Search
13116,Customer_13116,Male,58,Indore,Madhya Pradesh,Consumer,2024-05-01,Social Media
13117,Customer_13117,Male,59,Noida,Uttar Pradesh,Consumer,2023-03-29,Direct
13118,Customer_13118,Male,35,Pune,Maharashtra,Consumer,2022-06-14,Email
13119,Customer_13119,Female,31,Delhi,Delhi,Consumer,2024-12-06,Social Media
13120,Customer_13120,Female,45,Delhi,Delhi,Consumer,2025-09-18,Social Media
13121,Customer_13121,Male,28,Delhi,Delhi,Consumer,2024-12-05,Social Media
13122,Customer_13122,Female,41,New Delhi,Delhi,Home Office,2022-11-14,Social Media
13123,Customer_13123,Female,53,Pune,Maharashtra,Consumer,2022-04-01,Organic Search
13124,Customer_13124,Male,36,Coimbatore,Tamil Nadu,Consumer,2023-11-16,Social Media
13125,Customer_13125,Male,30,Kolkata,West Bengal,Home Office,2022-04-20,Social Media
13126,Customer_13126,Male,50,Surat,Gujarat,Home Office,2024-02-19,Email
13127,Customer_13127,Male,36,Udaipur,Rajasthan,Corporate,2024-05-12,Organic Search
13128,Customer_13128,Male,49,Nashik,Maharashtra,Consumer,2024-09-06,Social Media
13129,Customer_13129,Female,32,Gurugram,Haryana,Consumer,2022-08-09,Organic Search
13130,Customer_13130,Female,28,Noida,Uttar Pradesh,Consumer,2023-03-22,Referral
13131,Customer_13131,Male,40,Noida,Uttar Pradesh,Consumer,2022-01-16,Referral
13132,Customer_13132,Male,22,Noida,Uttar Pradesh,Corporate,2023-03-01,Referral
13133,Customer_13133,Female,39,Faridabad,Haryana,Consumer,2025-05-31,Referral
13134,Customer_13134,Male,59,Surat,Gujarat,Consumer,2024-08-06,Paid Ads
13135,Customer_13135,Female,35,New Delhi,Delhi,Consumer,2025-09-21,Organic Search
13136,Customer_13136,Male,24,Surat,Gujarat,Consumer,2024-12-24,Organic Search
13137,Customer_13137,Male,50,Lucknow,Uttar Pradesh,Consumer,2022-08-12,Paid Ads
13138,Customer_13138,Male,20,Kanpur,Uttar Pradesh,Corporate,2023-01-15,Organic Search
13139,Customer_13139,Female,45,Warangal,Telangana,Consumer,2022-02-19,Paid Ads
13140,Customer_13140,Male,18,Pune,Maharashtra,Consumer,2024-12-25,Organic Search
13141,Customer_13141,Male,54,Mysuru,Karnataka,Consumer,2025-11-22,Direct
13142,Customer_13142,Male,39,Gurugram,Haryana,Consumer,2022-09-05,Organic Search
13143,Customer_13143,Female,36,Surat,Gujarat,Consumer,2025-05-08,Paid Ads
13144,Customer_13144,Female,31,Surat,Gujarat,Consumer,2024-09-28,Organic Search
13145,Customer_13145,Other,20,Delhi,Delhi,Consumer,2023-09-28,Social Media
13146,Customer_13146,Female,36,Bengaluru,Karnataka,Home Office,2023-11-29,Direct
13147,Customer_13147,Male,50,Indore,Madhya Pradesh,Consumer,2023-04-09,Social Media
13148,Customer_13148,Male,38,Udaipur,Rajasthan,Consumer,2023-06-02,Social Media
13149,Customer_13149,Male,18,Lucknow,Uttar Pradesh,Consumer,2022-08-13,Organic Search
13150,Customer_13150,Male,43,Coimbatore,Tamil Nadu,Consumer,2024-01-20,Organic Search
13151,Customer_13151,Female,27,Vadodara,Gujarat,Consumer,2024-01-19,Organic Search
13152,Customer_13152,Female,52,Delhi,Delhi,Consumer,2024-10-23,Referral
13153,Customer_13153,Male,30,Kolkata,West Bengal,Consumer,2022-12-13,Organic Search
13154,Customer_13154,Female,23,Chennai,Tamil Nadu,Consumer,2024-02-17,Organic Search
13155,Customer_13155,Female,60,Coimbatore,Tamil Nadu,Consumer,2023-01-11,Social Media
13156,Customer_13156,Male,23,Udaipur,Rajasthan,Consumer,2025-08-06,Organic Search
13157,Customer_13157,Male,52,Gurugram,Haryana,Consumer,2024-01-13,Paid Ads
13158,Customer_13158,Male,33,Mumbai,Maharashtra,Corporate,2022-02-26,Direct
13159,Customer_13159,Male,58,Lucknow,Uttar Pradesh,Consumer,2024-06-23,Email
13160,Customer_13160,Female,25,Bengaluru,Karnataka,Consumer,2024-04-23,Direct
13161,Customer_13161,Male,20,Chennai,Tamil Nadu,Home Office,2023-03-02,Referral
13162,Customer_13162,Male,22,Pune,Maharashtra,Consumer,2022-12-04,Organic Search
13163,Customer_13163,Other,38,Mysuru,Karnataka,Consumer,2023-04-09,Paid Ads
13164,Customer_13164,Female,48,Hyderabad,Telangana,Corporate,2025-03-17,Organic Search
13165,Customer_13165,Male,31,Nashik,Maharashtra,Corporate,2023-12-04,Social Media
13166,Customer_13166,Female,54,Warangal,Telangana,Corporate,2024-03-18,Paid Ads
13167,Customer_13167,Male,36,Gurugram,Haryana,Consumer,2025-11-03,Email
13168,Customer_13168,,54,Pune,Maharashtra,Consumer,2023-10-18,Organic Search
13169,Customer_13169,Female,37,Lucknow,Uttar Pradesh,Consumer,2023-05-28,Organic Search
13170,Customer_13170,Male,19,Chennai,Tamil Nadu,Consumer,2024-05-14,Paid Ads
13171,Customer_13171,Female,24,Udaipur,Rajasthan,Consumer,2022-09-28,Organic Search
13172,Customer_13172,Male,50,New Delhi,Delhi,Corporate,2024-05-19,Direct
13173,Customer_13173,Male,59,Nashik,Maharashtra,Consumer,2024-10-18,Social Media
13174,Customer_13174,Male,23,Nagpur,Maharashtra,Consumer,2022-01-20,Paid Ads
13175,Customer_13175,Male,24,Nagpur,Maharashtra,Consumer,2025-03-09,Paid Ads
13176,Customer_13176,Female,35,New Delhi,Delhi,Home Office,2022-07-20,Social Media
13177,Customer_13177,Female,60,Jaipur,Rajasthan,Home Office,2025-11-04,Social Media
13178,Customer_13178,Female,46,Bhopal,Madhya Pradesh,Home Office,2025-09-23,Email
13179,Customer_13179,Female,36,Lucknow,Uttar Pradesh,Consumer,2022-07-17,Organic Search
13180,Customer_13180,Male,42,Kolkata,West Bengal,Consumer,2023-01-03,Organic Search
13181,Customer_13181,Female,21,Mumbai,Maharashtra,Consumer,2023-06-28,Organic Search
13182,Customer_13182,Female,30,Mysuru,Karnataka,Consumer,2022-05-08,Paid Ads
13183,Customer_13183,Female,49,Mysuru,Karnataka,Consumer,2024-08-27,Organic Search
13184,Customer_13184,Female,44,Delhi,Delhi,Consumer,2024-03-25,Referral
13185,Customer_13185,Female,51,Warangal,Telangana,Consumer,2023-03-29,Social Media
13186,Customer_13186,Male,45,Hyderabad,Telangana,Consumer,2023-03-10,Email
13187,Customer_13187,Female,26,Mysuru,Karnataka,Consumer,2023-06-27,Social Media
13188,Customer_13188,Male,25,Bengaluru,Karnataka,Consumer,2024-08-27,Organic Search
13189,Customer_13189,Male,38,Lucknow,Uttar Pradesh,Consumer,2025-10-18,Email
13190,Customer_13190,Female,47,Noida,Uttar Pradesh,Consumer,2023-05-19,Organic Search
13191,Customer_13191,Male,46,Bengaluru,Karnataka,Consumer,2022-10-05,Email
13192,Customer_13192,Male,26,Gurugram,Haryana,Corporate,2024-10-19,Organic Search
13193,Customer_13193,Male,30,Faridabad,Haryana,Consumer,2025-08-28,Organic Search
13194,Customer_13194,Female,35,Bengaluru,Karnataka,Corporate,2024-01-28,Paid Ads
13195,Customer_13195,Male,55,Bengaluru,Karnataka,Consumer,2022-06-24,Referral
13196,Customer_13196,Female,39,Hyderabad,Telangana,Consumer,2024-02-01,Organic Search
13197,Customer_13197,Male,48,Gurugram,Haryana,Consumer,2022-03-29,Direct
13198,Customer_13198,Male,52,Bhopal,Madhya Pradesh,Home Office,2024-05-14,Referral
13199,Customer_13199,Male,59,Nagpur,Maharashtra,Consumer,2023-08-29,Organic Search
13200,Customer_13200,Female,59,Chennai,Tamil Nadu,Consumer,2024-02-22,Social Media
13201,Customer_13201,Male,27,Surat,Gujarat,Consumer,2023-03-18,Direct
13202,Customer_13202,Female,26,Warangal,Telangana,Consumer,2025-03-05,Organic Search
13203,Customer_13203,Female,48,Delhi,Delhi,Consumer,2022-04-16,Direct
13204,Customer_13204,Female,57,Indore,Madhya Pradesh,Consumer,2024-11-02,Organic Search
13205,Customer_13205,Female,41,Jaipur,Rajasthan,Consumer,2023-07-05,Organic Search
13206,Customer_13206,Male,58,Lucknow,Uttar Pradesh,Consumer,2025-11-08,Organic Search
13207,Customer_13207,Male,25,Bhopal,Madhya Pradesh,Corporate,2022-03-14,Organic Search
13208,Customer_13208,Female,37,Kanpur,Uttar Pradesh,Consumer,2022-10-18,Organic Search
13209,Customer_13209,Female,34,Coimbatore,Tamil Nadu,Consumer,2024-08-17,Organic Search
13210,Customer_13210,Female,45,Ahmedabad,Gujarat,Home Office,2025-10-03,Social Media
13211,Customer_13211,Female,23,Pune,Maharashtra,Consumer,2025-06-01,Organic Search
13212,Customer_13212,Other,59,Jaipur,Rajasthan,Consumer,2025-10-05,Paid Ads
13213,Customer_13213,Male,50,Delhi,Delhi,Consumer,2024-05-13,Direct
13214,Customer_13214,Female,45,Kolkata,West Bengal,Consumer,2023-03-04,Organic Search
13215,Customer_13215,Female,18,New Delhi,Delhi,Consumer,2024-02-20,Referral
13216,Customer_13216,Female,58,Mumbai,Maharashtra,Home Office,2023-02-21,Organic Search
13217,Customer_13217,Male,52,Nagpur,Maharashtra,Consumer,2023-09-13,Social Media
13218,Customer_13218,Female,41,Pune,Maharashtra,Consumer,2022-03-04,Paid Ads
13219,Customer_13219,Female,23,Kolkata,West Bengal,Home Office,2023-12-02,Email
13220,Customer_13220,Male,24,Kolkata,West Bengal,Home Office,2025-08-29,Email
13221,Customer_13221,Female,26,Hyderabad,Telangana,Consumer,2023-02-24,Organic Search
13222,Customer_13222,Male,54,Mumbai,Maharashtra,Corporate,2022-09-11,Referral
13223,Customer_13223,Other,33,Nagpur,Maharashtra,Consumer,2022-10-06,Organic Search
13224,Customer_13224,Male,51,Pune,Maharashtra,Corporate,2023-07-30,Social Media
13225,Customer_13225,Male,52,Mumbai,Maharashtra,Home Office,2023-03-14,Direct
13226,Customer_13226,Male,52,Bhopal,Madhya Pradesh,Consumer,2022-01-21,Organic Search
13227,Customer_13227,Female,37,New Delhi,Delhi,Consumer,2025-12-11,Referral
13228,Customer_13228,Male,40,Mysuru,Karnataka,Consumer,2025-08-30,Social Media
13229,Customer_13229,Female,59,Pune,Maharashtra,Consumer,2025-12-11,Email
13230,Customer_13230,Female,52,New Delhi,Delhi,Consumer,2022-02-10,Organic Search
13231,Customer_13231,Female,40,Warangal,Telangana,Corporate,2024-04-20,Social Media
13232,Customer_13232,Male,21,Ahmedabad,Gujarat,Consumer,2025-12-18,Organic Search
13233,Customer_13233,Other,27,Delhi,Delhi,Consumer,2023-07-16,Social Media
13234,Customer_13234,Female,60,Pune,Maharashtra,Corporate,2024-04-21,Referral
13235,Customer_13235,Male,28,Coimbatore,Tamil Nadu,Consumer,2025-03-29,Organic Search
13236,Customer_13236,Male,57,Delhi,Delhi,Consumer,2025-11-12,Referral
13237,Customer_13237,Male,26,New Delhi,Delhi,Consumer,2024-02-15,Paid Ads
13238,Customer_13238,Female,57,Amritsar,Punjab,Consumer,2024-11-02,Organic Search
13239,Customer_13239,Male,29,Surat,Gujarat,Consumer,2025-07-22,Paid Ads
13240,Customer_13240,Male,34,Ahmedabad,Gujarat,Corporate,2025-11-02,Direct
13241,Customer_13241,Female,49,Chennai,Tamil Nadu,Consumer,2022-07-04,Organic Search
13242,Customer_13242,Female,40,Coimbatore,Tamil Nadu,Consumer,2024-07-19,Organic Search
13243,Customer_13243,Female,32,Vadodara,Gujarat,Consumer,2024-10-02,Social Media
13244,Customer_13244,Female,45,Kolkata,West Bengal,Consumer,2023-03-18,Organic Search
13245,Customer_13245,Male,55,Kolkata,West Bengal,Consumer,2025-07-18,Paid Ads
13246,Customer_13246,Female,22,New Delhi,Delhi,Consumer,2023-03-06,Organic Search
13247,Customer_13247,Male,57,Hyderabad,Telangana,Home Office,2025-06-02,Organic Search
13248,Customer_13248,Female,35,Chennai,Tamil Nadu,Consumer,2022-05-19,Social Media
13249,Customer_13249,Female,38,Indore,Madhya Pradesh,Consumer,2023-03-30,Paid Ads
13250,Customer_13250,Male,32,Ahmedabad,Gujarat,Consumer,2024-10-17,Paid Ads
13251,Customer_13251,Female,20,Hyderabad,Telangana,Corporate,2023-06-11,Referral
13252,Customer_13252,Male,43,Nagpur,Maharashtra,Consumer,2022-11-18,Social Media
13253,Customer_13253,Male,32,Ahmedabad,Gujarat,Consumer,2022-04-11,Referral
13254,Customer_13254,Female,37,Nashik,Maharashtra,Consumer,2023-02-06,Social Media
13255,Customer_13255,Female,38,Mysuru,Karnataka,Consumer,2023-08-18,Paid Ads
13256,Customer_13256,Female,43,Pune,Maharashtra,Consumer,2022-02-24,Email
13257,Customer_13257,Male,58,Kolkata,West Bengal,Corporate,2025-05-01,Organic Search
13258,Customer_13258,Female,40,Delhi,Delhi,Home Office,2024-06-13,Organic Search
13259,Customer_13259,Male,42,Coimbatore,Tamil Nadu,Consumer,2022-04-24,Referral
13260,Customer_13260,Male,21,Indore,Madhya Pradesh,Consumer,2022-10-09,Email
13261,Customer_13261,Male,27,New Delhi,Delhi,Consumer,2024-10-26,Direct
13262,Customer_13262,Male,39,Warangal,Telangana,Consumer,2023-06-21,Organic Search
13263,Customer_13263,Female,20,Coimbatore,Tamil Nadu,Consumer,2022-03-18,Social Media
13264,Customer_13264,Male,36,Nagpur,Maharashtra,Consumer,2022-12-15,Paid Ads
13265,Customer_13265,Male,48,Noida,Uttar Pradesh,Consumer,2025-02-09,Direct
13266,Customer_13266,Male,26,Mumbai,Maharashtra,Consumer,2022-07-28,Organic Search
13267,Customer_13267,Female,46,Warangal,Telangana,Consumer,2022-04-27,Social Media
13268,Customer_13268,Female,54,Vadodara,Gujarat,Consumer,2022-01-08,Social Media
13269,Customer_13269,Male,24,Surat,Gujarat,Consumer,2022-02-18,Organic Search
13270,Customer_13270,Female,55,Kolkata,West Bengal,Consumer,2022-07-04,Email
13271,Customer_13271,Male,41,New Delhi,Delhi,Consumer,2023-11-01,Organic Search
13272,Customer_13272,Female,25,Pune,Maharashtra,Consumer,2022-11-18,Email
13273,Customer_13273,Male,51,Kolkata,West Bengal,Corporate,2023-11-16,Organic Search
13274,Customer_13274,Male,43,Warangal,Telangana,Consumer,2024-10-05,Direct
13275,Customer_13275,Female,45,Lucknow,Uttar Pradesh,Consumer,2025-08-11,Referral
13276,Customer_13276,Female,45,Lucknow,Uttar Pradesh,Consumer,2025-03-24,Organic Search
13277,Customer_13277,Male,24,Bhopal,Madhya Pradesh,Consumer,2025-04-20,Referral
13278,Customer_13278,Female,20,Warangal,Telangana,Consumer,2022-06-11,Organic Search
13279,Customer_13279,Female,39,Bengaluru,Karnataka,Consumer,2023-04-24,Organic Search
13280,Customer_13280,Female,55,Kanpur,Uttar Pradesh,Consumer,2025-01-08,Organic Search
13281,Customer_13281,Male,35,Chennai,Tamil Nadu,Consumer,2022-11-05,Email
13282,Customer_13282,Male,29,Delhi,Delhi,Consumer,2022-06-25,Organic Search
13283,Customer_13283,Female,48,Bhopal,Madhya Pradesh,Consumer,2024-12-14,Social Media
13284,Customer_13284,Male,56,Indore,Madhya Pradesh,Consumer,2025-06-13,Referral
13285,Customer_13285,Male,22,Warangal,Telangana,Consumer,2023-06-06,Email
13286,Customer_13286,Male,58,Pune,Maharashtra,Corporate,2025-08-12,Organic Search
13287,Customer_13287,Female,46,Chennai,Tamil Nadu,Consumer,2022-02-22,Email
13288,Customer_13288,Male,60,Kanpur,Uttar Pradesh,Home Office,2023-04-24,Paid Ads
13289,Customer_13289,Female,53,Indore,Madhya Pradesh,Consumer,2025-09-12,Social Media
13290,Customer_13290,Male,31,Delhi,Delhi,Consumer,2022-01-29,Direct
13291,Customer_13291,Male,35,Pune,Maharashtra,Consumer,2022-03-01,Organic Search
13292,Customer_13292,Male,24,Indore,Madhya Pradesh,Consumer,2023-02-17,Paid Ads
13293,Customer_13293,Male,40,Chennai,Tamil Nadu,Home Office,2022-12-02,Paid Ads
13294,Customer_13294,Female,50,Vadodara,Gujarat,Consumer,2024-03-26,Direct
13295,Customer_13295,Female,33,Amritsar,Punjab,Consumer,2023-10-05,Email
13296,Customer_13296,Male,54,Mumbai,Maharashtra,Consumer,2025-03-04,Referral
13297,Customer_13297,Male,42,Jaipur,Rajasthan,Consumer,2024-09-10,Organic Search
13298,Customer_13298,Female,26,Mumbai,Maharashtra,Consumer,2023-11-09,Referral
13299,Customer_13299,Female,45,Bengaluru,Karnataka,Corporate,2025-12-01,Organic Search
13300,Customer_13300,Female,26,Noida,Uttar Pradesh,Consumer,2023-01-01,Social Media
13301,Customer_13301,Female,29,Coimbatore,Tamil Nadu,Consumer,2025-06-19,Organic Search
13302,Customer_13302,Male,35,Ludhiana,Punjab,Consumer,2022-08-25,Direct
13303,Customer_13303,Female,44,Surat,Gujarat,Corporate,2024-07-16,Social Media
13304,Customer_13304,Male,43,Bengaluru,Karnataka,Corporate,2023-09-02,Organic Search
13305,Customer_13305,Male,43,Delhi,Delhi,Consumer,2025-04-05,Organic Search
13306,Customer_13306,Female,27,Mysuru,Karnataka,Home Office,2022-06-04,Social Media
13307,Customer_13307,Female,34,Bengaluru,Karnataka,Consumer,2025-05-08,Organic Search
13308,Customer_13308,Female,49,Nagpur,Maharashtra,Consumer,2024-11-18,Social Media
13309,Customer_13309,Male,41,Mysuru,Karnataka,Consumer,2024-06-17,Organic Search
13310,Customer_13310,Male,60,Warangal,Telangana,Consumer,2023-10-31,Email
13311,Customer_13311,Male,25,Kolkata,West Bengal,Consumer,2025-09-06,Social Media
13312,Customer_13312,Female,47,Jaipur,Rajasthan,Consumer,2022-02-17,Paid Ads
13313,Customer_13313,Male,43,Kolkata,West Bengal,Consumer,2025-02-04,Social Media
13314,Customer_13314,Female,41,Nagpur,Maharashtra,Consumer,2022-12-05,Paid Ads
13315,Customer_13315,Male,44,New Delhi,Delhi,Corporate,2023-12-14,Social Media
13316,Customer_13316,Female,32,Jaipur,Rajasthan,Corporate,2025-11-20,Paid Ads
13317,Customer_13317,Female,45,Warangal,Telangana,Consumer,2024-07-05,Paid Ads
13318,Customer_13318,Male,28,Mumbai,Maharashtra,Consumer,2024-08-21,Referral
13319,Customer_13319,Male,56,Noida,Uttar Pradesh,Consumer,2025-12-06,Organic Search
13320,Customer_13320,Female,19,Lucknow,Uttar Pradesh,Home Office,2022-09-02,Social Media
13321,Customer_13321,Male,26,Vadodara,Gujarat,Consumer,2022-11-06,Paid Ads
13322,Customer_13322,Female,40,Pune,Maharashtra,Consumer,2022-07-22,Direct
13323,Customer_13323,Female,50,Noida,Uttar Pradesh,Consumer,2024-03-23,Paid Ads
13324,Customer_13324,Male,36,Surat,Gujarat,Corporate,2025-04-26,Direct
13325,Customer_13325,Female,30,Noida,Uttar Pradesh,Consumer,2023-06-30,Organic Search
13326,Customer_13326,Male,31,Kanpur,Uttar Pradesh,Consumer,2023-03-04,Organic Search
13327,Customer_13327,Female,49,Kanpur,Uttar Pradesh,Consumer,2022-04-12,Social Media
13328,Customer_13328,Male,39,Hyderabad,Telangana,Home Office,2022-06-30,Paid Ads
13329,Customer_13329,Female,37,Pune,Maharashtra,Consumer,2023-03-09,Social Media
13330,Customer_13330,Male,50,Udaipur,Rajasthan,Consumer,2022-05-01,Paid Ads
13331,Customer_13331,Male,22,Ahmedabad,Gujarat,Consumer,2023-07-17,Paid Ads
13332,Customer_13332,Male,37,Kanpur,Uttar Pradesh,Consumer,2024-06-06,Referral
13333,Customer_13333,Female,31,Delhi,Delhi,Consumer,2023-09-09,Paid Ads
13334,Customer_13334,Female,44,New Delhi,Delhi,Corporate,2023-05-25,Organic Search
13335,Customer_13335,Female,43,Indore,Madhya Pradesh,Home Office,2025-03-19,Organic Search
13336,Customer_13336,Male,49,Kanpur,Uttar Pradesh,Consumer,2022-09-14,Organic Search
13337,Customer_13337,Female,47,Faridabad,Haryana,Consumer,2023-06-06,Direct
13338,Customer_13338,Female,44,Noida,Uttar Pradesh,Consumer,2024-03-31,Paid Ads
13339,Customer_13339,Male,43,Ahmedabad,Gujarat,Consumer,2024-06-30,Organic Search
13340,Customer_13340,Male,35,Udaipur,Rajasthan,Consumer,2025-03-29,Social Media
13341,Customer_13341,Male,40,Indore,Madhya Pradesh,Consumer,2022-11-07,Organic Search
13342,Customer_13342,Male,41,Vadodara,Gujarat,Consumer,2024-12-02,Paid Ads
13343,Customer_13343,Male,21,Udaipur,Rajasthan,Consumer,2022-05-10,Direct
13344,Customer_13344,Female,58,Nashik,Maharashtra,Home Office,2025-02-23,Paid Ads
13345,Customer_13345,Male,20,Warangal,Telangana,Consumer,2023-08-04,Referral
13346,Customer_13346,Female,60,Kolkata,West Bengal,Corporate,2023-12-25,Direct
13347,Customer_13347,Female,47,New Delhi,Delhi,Home Office,2023-10-22,Referral
13348,Customer_13348,Female,33,New Delhi,Delhi,Home Office,2022-05-30,Paid Ads
13349,Customer_13349,Female,24,Bengaluru,Karnataka,Consumer,2023-01-02,Direct
13350,Customer_13350,Male,56,Delhi,Delhi,Consumer,2022-09-09,Referral
13351,Customer_13351,Female,39,New Delhi,Delhi,Consumer,2025-12-17,Referral
13352,Customer_13352,Male,58,Chennai,Tamil Nadu,Corporate,2025-10-26,Referral
13353,Customer_13353,Female,48,Gurugram,Haryana,Consumer,2024-02-16,Paid Ads
13354,Customer_13354,Female,30,Hyderabad,Telangana,Home Office,2025-11-12,Organic Search
13355,Customer_13355,Female,58,Delhi,Delhi,Consumer,2024-04-05,Social Media
13356,Customer_13356,Female,58,Nashik,Maharashtra,Consumer,2023-05-01,Organic Search
13357,Customer_13357,Male,46,Kolkata,West Bengal,Consumer,2025-03-19,Paid Ads
13358,Customer_13358,Male,45,Coimbatore,Tamil Nadu,Corporate,2025-01-18,Direct
13359,Customer_13359,Female,36,Kanpur,Uttar Pradesh,Consumer,2023-08-07,Social Media
13360,Customer_13360,Male,40,Jaipur,Rajasthan,Consumer,2024-07-03,Organic Search
13361,Customer_13361,Female,25,Lucknow,Uttar Pradesh,Consumer,2022-12-28,Organic Search
13362,Customer_13362,Male,42,Delhi,Delhi,Consumer,2022-12-06,Organic Search
13363,Customer_13363,Female,55,Kolkata,West Bengal,Consumer,2023-10-24,Referral
13364,Customer_13364,Male,55,Delhi,Delhi,Consumer,2023-10-28,Social Media
13365,Customer_13365,Male,52,Faridabad,Haryana,Consumer,2025-08-16,Direct
13366,Customer_13366,Female,43,Udaipur,Rajasthan,Consumer,2025-06-05,Email
13367,Customer_13367,Male,20,Mysuru,Karnataka,Home Office,2022-12-29,Social Media
13368,Customer_13368,Male,19,New Delhi,Delhi,Home Office,2024-04-18,Organic Search
13369,Customer_13369,Male,22,Delhi,Delhi,Consumer,2024-11-07,Social Media
13370,Customer_13370,Male,37,Kolkata,West Bengal,Consumer,2023-12-19,Organic Search
13371,Customer_13371,Male,29,Delhi,Delhi,Consumer,2022-12-15,Referral
13372,Customer_13372,Male,55,Ahmedabad,Gujarat,Home Office,2024-04-07,Email
13373,Customer_13373,Female,33,Delhi,Delhi,Consumer,2023-02-07,Social Media
13374,Customer_13374,Male,54,Udaipur,Rajasthan,Consumer,2023-07-01,Social Media
13375,Customer_13375,Other,55,Noida,Uttar Pradesh,Consumer,2024-01-30,Direct
13376,Customer_13376,Male,53,Lucknow,Uttar Pradesh,Consumer,2025-08-07,Social Media
13377,Customer_13377,Male,46,Lucknow,Uttar Pradesh,Consumer,2022-06-24,Organic Search
13378,Customer_13378,Male,52,Delhi,Delhi,Corporate,2022-03-05,Organic Search
13379,Customer_13379,Female,54,Nashik,Maharashtra,Consumer,2025-11-02,Paid Ads
13380,Customer_13380,Male,38,Kolkata,West Bengal,Consumer,2023-06-04,Organic Search
13381,Customer_13381,Female,38,Mysuru,Karnataka,Consumer,2023-11-16,Direct
13382,Customer_13382,Female,45,,Tamil Nadu,Corporate,2022-08-11,Direct
13383,Customer_13383,Male,23,Mumbai,Maharashtra,Consumer,2025-01-27,Email
13384,Customer_13384,Female,37,Delhi,Delhi,Consumer,2023-08-26,Referral
13385,Customer_13385,Male,53,Mumbai,Maharashtra,Consumer,2023-05-17,Referral
13386,Customer_13386,Male,30,Bhopal,Madhya Pradesh,Home Office,2023-10-01,Direct
13387,Customer_13387,Female,57,New Delhi,Delhi,Consumer,2023-05-07,Organic Search
13388,Customer_13388,Female,28,Vadodara,Gujarat,Consumer,2023-07-17,Social Media
13389,Customer_13389,Female,41,Nashik,Maharashtra,Consumer,2025-11-24,Social Media
13390,Customer_13390,,36,Jaipur,Rajasthan,Home Office,2025-02-03,Social Media
13391,Customer_13391,Female,40,Mysuru,Karnataka,Consumer,2023-09-30,Email
13392,Customer_13392,Female,48,Indore,Madhya Pradesh,Consumer,2025-03-15,Paid Ads
13393,Customer_13393,Male,54,Indore,Madhya Pradesh,Consumer,2025-06-25,Direct
13394,Customer_13394,Female,54,Mysuru,Karnataka,Consumer,2022-10-05,Organic Search
13395,Customer_13395,Female,20,Bhopal,Madhya Pradesh,Consumer,2022-09-20,Email
13396,Customer_13396,Male,51,Ludhiana,Punjab,Home Office,2023-02-18,Social Media
13397,Customer_13397,Male,46,Lucknow,Uttar Pradesh,Consumer,2024-05-07,Referral
13398,Customer_13398,Male,20,Bhopal,Madhya Pradesh,Home Office,2022-08-06,Paid Ads
13399,Customer_13399,Female,32,Delhi,Delhi,Consumer,2025-05-20,Organic Search
13400,Customer_13400,Female,24,Ahmedabad,Gujarat,Home Office,2025-01-09,Paid Ads
13401,Customer_13401,Female,20,Nashik,Maharashtra,Consumer,2024-09-14,Social Media
13402,Customer_13402,Male,60,Pune,Maharashtra,Consumer,2022-02-17,Organic Search
13403,Customer_13403,Female,33,Ludhiana,Punjab,Consumer,2025-07-05,Social Media
13404,Customer_13404,Male,51,Mysuru,Karnataka,Consumer,2023-06-22,Paid Ads
13405,Customer_13405,Female,37,Lucknow,Uttar Pradesh,Consumer,2024-02-07,Social Media
13406,Customer_13406,Female,56,Noida,Uttar Pradesh,Consumer,2023-07-02,Referral
13407,Customer_13407,Female,50,Bhopal,Madhya Pradesh,Consumer,2022-05-26,Organic Search
13408,Customer_13408,Female,31,Amritsar,Punjab,Consumer,2023-08-30,Social Media
13409,Customer_13409,Female,59,Delhi,Delhi,Corporate,2023-07-16,Direct
13410,Customer_13410,Male,52,Nashik,Maharashtra,Consumer,2023-12-08,Direct
13411,Customer_13411,Male,28,Coimbatore,Tamil Nadu,Home Office,2022-03-02,Email
13412,Customer_13412,Female,37,Nagpur,Maharashtra,Home Office,2025-09-03,Social Media
13413,Customer_13413,Male,47,Nagpur,Maharashtra,Consumer,2024-06-03,Organic Search
13414,Customer_13414,Male,45,Bengaluru,Karnataka,Consumer,2025-11-30,Direct
13415,Customer_13415,Female,32,Noida,Uttar Pradesh,Consumer,2024-04-16,Social Media
13416,Customer_13416,Male,55,Ahmedabad,Gujarat,Consumer,2022-11-29,Email
13417,Customer_13417,Male,30,Mysuru,Karnataka,Consumer,2025-08-14,Referral
13418,Customer_13418,Female,52,Jaipur,Rajasthan,Consumer,2022-10-06,Email
13419,Customer_13419,Male,41,Delhi,Delhi,Consumer,2025-02-25,Organic Search
13420,Customer_13420,Male,18,Nashik,Maharashtra,Consumer,2022-08-30,Email
13421,Customer_13421,Male,59,Kanpur,Uttar Pradesh,Consumer,2024-03-22,Email
13422,Customer_13422,Female,41,Vadodara,Gujarat,Home Office,2024-06-27,Organic Search
13423,Customer_13423,Female,44,Lucknow,Uttar Pradesh,Consumer,2023-04-10,Referral
13424,Customer_13424,Female,35,Mumbai,Maharashtra,Consumer,2022-07-09,Organic Search
13425,Customer_13425,Male,43,Kanpur,Uttar Pradesh,Corporate,2023-10-04,Social Media
13426,Customer_13426,Female,46,Vadodara,Gujarat,Consumer,2024-05-10,Social Media
13427,Customer_13427,Female,25,Surat,Gujarat,Consumer,2022-07-10,Organic Search
13428,Customer_13428,Female,43,Vadodara,Gujarat,Consumer,2022-03-31,Social Media
13429,Customer_13429,Female,22,Bhopal,Madhya Pradesh,Consumer,2025-06-10,Referral
13430,Customer_13430,Male,50,Surat,Gujarat,Consumer,2023-06-13,Referral
13431,Customer_13431,Male,57,Vadodara,Gujarat,Consumer,2022-01-19,Social Media
13432,Customer_13432,Male,22,Ludhiana,Punjab,Consumer,2022-08-05,Organic Search
13433,Customer_13433,Male,53,Lucknow,Uttar Pradesh,Consumer,2025-11-22,Organic Search
13434,Customer_13434,Female,30,Coimbatore,Tamil Nadu,Consumer,2023-02-14,Email
13435,Customer_13435,Female,34,Kolkata,West Bengal,Consumer,2023-05-03,Referral
13436,Customer_13436,Female,30,Chennai,Tamil Nadu,Corporate,2024-01-07,Paid Ads
13437,Customer_13437,Male,42,Delhi,Delhi,Consumer,2022-04-21,Organic Search
13438,Customer_13438,Male,19,Surat,Gujarat,Consumer,2022-04-05,Social Media
13439,Customer_13439,Male,41,Faridabad,Haryana,Consumer,2022-12-31,Direct
13440,Customer_13440,Male,53,Gurugram,Haryana,Corporate,2025-07-17,Paid Ads
13441,Customer_13441,Male,42,Bengaluru,Karnataka,Corporate,2025-11-23,Paid Ads
13442,Customer_13442,Female,51,Hyderabad,Telangana,Corporate,2022-11-05,Social Media
13443,Customer_13443,Male,29,New Delhi,Delhi,Consumer,2022-04-19,Paid Ads
13444,Customer_13444,Other,36,Ludhiana,Punjab,Corporate,2024-10-14,Paid Ads
13445,Customer_13445,Male,59,Amritsar,Punjab,Consumer,2022-02-21,Organic Search
13446,Customer_13446,Female,47,Jaipur,Rajasthan,Consumer,2022-09-07,Organic Search
13447,Customer_13447,Male,54,Noida,Uttar Pradesh,Consumer,2024-03-05,Organic Search
13448,Customer_13448,Male,60,Kolkata,West Bengal,Consumer,2025-03-09,Organic Search
13449,Customer_13449,Female,18,Surat,Gujarat,Consumer,2025-07-30,Referral
13450,Customer_13450,Female,20,Nagpur,Maharashtra,Consumer,2022-08-12,Direct
13451,Customer_13451,Male,43,Coimbatore,Tamil Nadu,Corporate,2025-05-06,Paid Ads
13452,Customer_13452,Male,32,Udaipur,Rajasthan,Corporate,2023-06-02,Paid Ads
13453,Customer_13453,Male,45,Jaipur,Rajasthan,Consumer,2023-02-08,Email
13454,Customer_13454,Female,21,Mysuru,Karnataka,Consumer,2025-04-11,Direct
13455,Customer_13455,Female,36,Faridabad,Haryana,Corporate,2022-12-11,Social Media
13456,Customer_13456,Male,41,Nashik,Maharashtra,Corporate,2022-12-29,Organic Search
13457,Customer_13457,Male,57,Hyderabad,Telangana,Consumer,2023-05-19,Paid Ads
13458,Customer_13458,Female,23,Kolkata,West Bengal,Consumer,2023-03-24,Social Media
13459,Customer_13459,Male,33,Kolkata,West Bengal,Consumer,2022-03-06,Direct
13460,Customer_13460,Female,49,Udaipur,Rajasthan,Consumer,2022-02-12,Direct
13461,Customer_13461,Male,47,Mysuru,Karnataka,Consumer,2023-05-13,Direct
13462,Customer_13462,Female,52,Mumbai,Maharashtra,Consumer,2024-05-06,Paid Ads
13463,Customer_13463,Male,25,Jaipur,Rajasthan,Consumer,2025-01-05,Referral
13464,Customer_13464,Male,22,Ahmedabad,Gujarat,Consumer,2023-08-17,Paid Ads
13465,Customer_13465,Male,54,New Delhi,Delhi,Corporate,2022-01-10,Organic Search
13466,Customer_13466,Female,29,Kolkata,West Bengal,Consumer,2024-03-21,Organic Search
13467,Customer_13467,Female,42,Chennai,Tamil Nadu,Consumer,2023-09-12,Social Media
13468,Customer_13468,Female,50,,Rajasthan,Corporate,2023-04-20,Referral
13469,Customer_13469,Female,56,Kanpur,Uttar Pradesh,Consumer,2022-10-23,Email
13470,Customer_13470,Male,41,New Delhi,Delhi,Consumer,2023-08-25,Organic Search
13471,Customer_13471,Male,28,Mumbai,Maharashtra,Consumer,2024-10-08,Organic Search
13472,Customer_13472,Female,59,Kanpur,Uttar Pradesh,Corporate,2022-08-07,Direct
13473,Customer_13473,Male,52,Ahmedabad,Gujarat,Home Office,2022-01-15,Organic Search
13474,Customer_13474,Male,57,Kolkata,West Bengal,Consumer,2025-04-07,Paid Ads
13475,Customer_13475,Male,18,Kanpur,Uttar Pradesh,Corporate,2024-01-24,Organic Search
13476,Customer_13476,Male,25,Noida,Uttar Pradesh,Consumer,2024-04-10,Direct
13477,Customer_13477,Male,40,Ludhiana,Punjab,Home Office,2023-03-06,Paid Ads
13478,Customer_13478,Female,37,Hyderabad,Telangana,Home Office,2023-09-30,Organic Search
13479,Customer_13479,Female,49,Warangal,Telangana,Consumer,2022-02-04,Organic Search
13480,Customer_13480,Female,28,Chennai,Tamil Nadu,Corporate,2023-12-07,Direct
13481,Customer_13481,Female,24,Nashik,Maharashtra,Consumer,2023-06-17,Email
13482,Customer_13482,Female,47,Surat,Gujarat,Consumer,2023-07-02,Organic Search
13483,Customer_13483,Male,56,Bengaluru,Karnataka,Corporate,2025-05-29,Social Media
13484,Customer_13484,Male,30,Faridabad,Haryana,Consumer,2023-06-03,Social Media
13485,Customer_13485,Female,59,Vadodara,Gujarat,Consumer,2022-02-13,Social Media
13486,Customer_13486,Male,20,Vadodara,Gujarat,Consumer,2022-12-31,Organic Search
13487,Customer_13487,Male,24,Mysuru,Karnataka,Corporate,2024-08-02,Email
13488,Customer_13488,Male,60,Pune,Maharashtra,Corporate,2023-12-16,Social Media
13489,Customer_13489,Male,30,Mumbai,Maharashtra,Consumer,2023-09-23,Organic Search
13490,Customer_13490,Male,54,Chennai,Tamil Nadu,Consumer,2025-06-29,Social Media
13491,Customer_13491,Male,42,Pune,Maharashtra,Home Office,2022-12-15,Referral
13492,Customer_13492,Male,40,Ahmedabad,Gujarat,Consumer,2022-01-04,Paid Ads
13493,Customer_13493,Female,50,Indore,Madhya Pradesh,Home Office,2024-06-01,Organic Search
13494,Customer_13494,Female,22,Indore,Madhya Pradesh,Corporate,2023-05-31,Social Media
13495,Customer_13495,Female,49,Udaipur,Rajasthan,Consumer,2022-08-26,Social Media
13496,Customer_13496,Male,47,New Delhi,Delhi,Consumer,2023-01-08,Organic Search
13497,Customer_13497,Male,48,Indore,Madhya Pradesh,Consumer,2023-08-29,Organic Search
13498,Customer_13498,Female,30,Indore,Madhya Pradesh,Consumer,2025-08-16,Direct
13499,Customer_13499,Male,59,Delhi,Delhi,Consumer,2022-04-11,Social Media
13500,Customer_13500,Female,22,Noida,Uttar Pradesh,Corporate,2024-04-26,Referral
13501,Customer_13501,Female,40,Bengaluru,Karnataka,Corporate,2023-04-01,Organic Search
13502,Customer_13502,Female,18,Lucknow,Uttar Pradesh,Consumer,2022-05-17,Direct
13503,Customer_13503,Female,27,Amritsar,Punjab,Corporate,2022-02-25,Direct
13504,Customer_13504,Male,44,Nagpur,Maharashtra,Consumer,2023-11-27,Paid Ads
13505,Customer_13505,Male,25,Bhopal,Madhya Pradesh,Consumer,2023-05-19,Social Media
13506,Customer_13506,Female,20,Ahmedabad,Gujarat,Consumer,2025-11-22,Social Media
13507,Customer_13507,Male,36,Ludhiana,Punjab,Home Office,2024-06-30,Email
13508,Customer_13508,Male,19,Warangal,Telangana,Consumer,2022-05-28,Email
13509,Customer_13509,Male,48,Indore,Madhya Pradesh,Consumer,2025-07-21,Direct
13510,Customer_13510,Male,27,Pune,Maharashtra,Consumer,2025-11-02,Organic Search
13511,Customer_13511,Male,33,Mysuru,Karnataka,Consumer,2024-12-16,Paid Ads
13512,Customer_13512,Male,54,Mumbai,Maharashtra,Consumer,2023-03-07,Paid Ads
13513,Customer_13513,Female,37,Ludhiana,Punjab,Consumer,2025-10-15,Social Media
13514,Customer_13514,Female,20,Noida,Uttar Pradesh,Corporate,2023-02-03,Organic Search
13515,Customer_13515,Female,52,Bhopal,Madhya Pradesh,Consumer,2022-10-18,Organic Search
13516,Customer_13516,Female,51,Gurugram,Haryana,Consumer,2023-02-18,Email
13517,Customer_13517,Male,38,Nashik,Maharashtra,Consumer,2023-03-19,Social Media
13518,Customer_13518,Male,53,Chennai,Tamil Nadu,Home Office,2025-01-28,Email
13519,Customer_13519,Male,49,Nagpur,Maharashtra,Consumer,2023-12-25,Organic Search
13520,Customer_13520,Female,35,Delhi,Delhi,Corporate,2023-03-14,Organic Search
13521,Customer_13521,Female,51,Delhi,Delhi,Corporate,2024-03-02,Social Media
13522,Customer_13522,Male,55,,Telangana,Corporate,2023-01-30,Paid Ads
13523,Customer_13523,Male,20,New Delhi,Delhi,Corporate,2022-11-16,Referral
13524,Customer_13524,Female,20,Mumbai,Maharashtra,Consumer,2022-03-11,Organic Search
13525,Customer_13525,Female,44,Mumbai,Maharashtra,Consumer,2023-12-15,Direct
13526,Customer_13526,Female,19,Nashik,Maharashtra,Consumer,2022-12-04,Direct
13527,Customer_13527,Male,20,Ludhiana,Punjab,Corporate,2025-11-16,Organic Search
13528,Customer_13528,Male,34,Noida,Uttar Pradesh,Home Office,2025-01-19,Referral
13529,Customer_13529,Female,56,Amritsar,Punjab,Home Office,2022-05-28,Organic Search
13530,Customer_13530,Female,55,Chennai,Tamil Nadu,Consumer,2025-05-01,Direct
13531,Customer_13531,Female,57,Bengaluru,Karnataka,Consumer,2023-11-26,Social Media
13532,Customer_13532,Female,36,Noida,Uttar Pradesh,Consumer,2022-10-25,Direct
13533,Customer_13533,Female,36,Mysuru,Karnataka,Consumer,2023-06-08,Social Media
13534,Customer_13534,Female,22,Mysuru,Karnataka,Consumer,2025-03-06,Paid Ads
13535,Customer_13535,Male,22,Delhi,Delhi,Consumer,2025-12-26,Direct
13536,Customer_13536,Male,31,Mumbai,Maharashtra,Home Office,2022-02-15,Referral
13537,Customer_13537,Female,44,Delhi,Delhi,Consumer,2022-11-21,Organic Search
13538,Customer_13538,Male,53,Bengaluru,Karnataka,Consumer,2024-11-14,Paid Ads
13539,Customer_13539,Female,57,Jaipur,Rajasthan,Consumer,2023-08-24,Direct
13540,Customer_13540,Female,52,Nagpur,Maharashtra,Consumer,2023-09-10,Organic Search
13541,Customer_13541,Other,38,New Delhi,Delhi,Home Office,2024-07-28,Social Media
13542,Customer_13542,Male,22,Lucknow,Uttar Pradesh,Consumer,2022-04-21,Direct
13543,Customer_13543,Male,41,Pune,Maharashtra,Consumer,2024-11-09,Paid Ads
13544,Customer_13544,Female,56,Bengaluru,Karnataka,Consumer,2025-06-13,Organic Search
13545,Customer_13545,Female,41,Bhopal,Madhya Pradesh,Home Office,2023-06-09,Email
13546,Customer_13546,Female,57,Nashik,Maharashtra,Consumer,2023-03-12,Social Media
13547,Customer_13547,Male,60,Nashik,Maharashtra,Consumer,2024-08-08,Email
13548,Customer_13548,Male,30,Warangal,Telangana,Consumer,2022-04-13,Paid Ads
13549,Customer_13549,Female,55,Mysuru,Karnataka,Consumer,2024-04-12,Paid Ads
13550,Customer_13550,Female,18,Ahmedabad,Gujarat,Home Office,2024-02-08,Organic Search
13551,Customer_13551,Female,60,Lucknow,Uttar Pradesh,Consumer,2025-08-06,Referral
13552,Customer_13552,Male,56,Pune,Maharashtra,Consumer,2022-10-25,Email
13553,Customer_13553,Male,27,Vadodara,Gujarat,Consumer,2022-06-17,Email
13554,Customer_13554,Male,19,Hyderabad,Telangana,Home Office,2022-12-07,Organic Search
13555,Customer_13555,Female,33,Nagpur,Maharashtra,Consumer,2025-07-28,Social Media
13556,Customer_13556,Female,54,Surat,Gujarat,Corporate,2024-12-15,Social Media
13557,Customer_13557,Male,33,New Delhi,Delhi,Consumer,2024-08-03,Social Media
13558,Customer_13558,Male,40,Warangal,Telangana,Corporate,2025-04-09,Social Media
13559,Customer_13559,Female,43,Pune,Maharashtra,Home Office,2025-05-17,Organic Search
13560,Customer_13560,Male,33,Chennai,Tamil Nadu,Consumer,2024-03-11,Direct
13561,Customer_13561,Female,44,Bengaluru,Karnataka,Consumer,2022-08-24,Paid Ads
13562,Customer_13562,Female,58,Noida,Uttar Pradesh,Consumer,2022-01-26,Social Media
13563,Customer_13563,Male,47,Pune,Maharashtra,Corporate,2024-09-22,Direct
13564,Customer_13564,Male,50,Coimbatore,Tamil Nadu,Consumer,2024-10-07,Referral
13565,Customer_13565,Female,49,Coimbatore,Tamil Nadu,Consumer,2023-05-11,Organic Search
13566,Customer_13566,Male,26,Kolkata,West Bengal,Consumer,2023-10-31,Social Media
13567,Customer_13567,Male,28,Vadodara,Gujarat,Consumer,2024-03-16,Organic Search
13568,Customer_13568,Female,54,Udaipur,Rajasthan,Consumer,2025-09-14,Direct
13569,Customer_13569,Female,23,Noida,Uttar Pradesh,Corporate,2022-12-25,Organic Search
13570,Customer_13570,Female,47,Indore,Madhya Pradesh,Home Office,2025-04-28,Social Media
13571,Customer_13571,Male,57,Bengaluru,Karnataka,Consumer,2022-01-20,Paid Ads
13572,Customer_13572,Male,32,Vadodara,Gujarat,Consumer,2023-04-01,Organic Search
13573,Customer_13573,Male,47,Lucknow,Uttar Pradesh,Consumer,2024-02-07,Organic Search
13574,Customer_13574,Male,35,Ludhiana,Punjab,Corporate,2025-10-18,Social Media
13575,Customer_13575,Female,29,Bhopal,Madhya Pradesh,Consumer,2022-03-13,Email
13576,Customer_13576,Male,21,Mysuru,Karnataka,Consumer,2023-05-17,Referral
13577,Customer_13577,Female,33,Delhi,Delhi,Consumer,2022-08-10,Paid Ads
13578,Customer_13578,Male,40,Warangal,Telangana,Corporate,2025-07-29,Organic Search
13579,Customer_13579,Male,28,Kanpur,Uttar Pradesh,Consumer,2022-01-30,Email
13580,Customer_13580,Other,41,Warangal,Telangana,Consumer,2023-08-30,Referral
13581,Customer_13581,Male,39,Hyderabad,Telangana,Consumer,2025-05-08,Social Media
13582,Customer_13582,Male,56,Noida,Uttar Pradesh,Consumer,2025-11-12,Paid Ads
13583,Customer_13583,Male,32,Bengaluru,Karnataka,Consumer,2024-02-27,Social Media
13584,Customer_13584,Male,32,Bhopal,Madhya Pradesh,Consumer,2024-04-19,Organic Search
13585,Customer_13585,Male,27,Coimbatore,Tamil Nadu,Consumer,2022-11-20,Paid Ads
13586,Customer_13586,Male,45,Mysuru,Karnataka,Corporate,2022-10-26,Organic Search
13587,Customer_13587,Female,53,Chennai,Tamil Nadu,Consumer,2024-11-19,Paid Ads
13588,Customer_13588,Female,34,Kanpur,Uttar Pradesh,Consumer,2025-04-14,Referral
13589,Customer_13589,Female,53,Mumbai,Maharashtra,Consumer,2024-07-09,Referral
13590,Customer_13590,Male,39,Delhi,Delhi,Consumer,2025-10-12,Social Media
13591,Customer_13591,Female,40,Gurugram,Haryana,Consumer,2022-04-20,Organic Search
13592,Customer_13592,Male,46,Delhi,Delhi,Corporate,2023-03-30,Paid Ads
13593,Customer_13593,Female,39,Surat,Gujarat,Consumer,2022-08-10,Email
13594,Customer_13594,Female,28,Ahmedabad,Gujarat,Home Office,2025-10-24,Social Media
13595,Customer_13595,Male,53,Warangal,Telangana,Home Office,2025-07-26,Organic Search
13596,Customer_13596,Female,46,Jaipur,Rajasthan,Consumer,2024-11-17,Organic Search
13597,Customer_13597,Female,59,Delhi,Delhi,Corporate,2023-08-08,Referral
13598,Customer_13598,Female,49,Surat,Gujarat,Consumer,2025-10-15,Organic Search
13599,Customer_13599,Male,31,Mysuru,Karnataka,Consumer,2022-02-24,Social Media
13600,Customer_13600,Female,35,Jaipur,Rajasthan,Home Office,2024-08-02,Referral
13601,Customer_13601,Female,55,Nagpur,Maharashtra,Consumer,2023-12-31,Paid Ads
13602,Customer_13602,Male,54,Ahmedabad,Gujarat,Consumer,2025-07-31,Social Media
13603,Customer_13603,Female,51,New Delhi,Delhi,Consumer,2022-08-12,Paid Ads
13604,Customer_13604,Male,40,Mysuru,Karnataka,Consumer,2022-01-29,Direct
13605,Customer_13605,Male,49,Delhi,Delhi,Consumer,2023-06-03,Organic Search
13606,Customer_13606,Female,20,New Delhi,Delhi,Home Office,2023-02-23,Paid Ads
13607,Customer_13607,Female,60,Noida,Uttar Pradesh,Consumer,2025-01-10,Social Media
13608,Customer_13608,Female,39,Bengaluru,Karnataka,Corporate,2022-07-21,Organic Search
13609,Customer_13609,Female,40,Gurugram,Haryana,Consumer,2025-05-11,Organic Search
13610,Customer_13610,Male,21,Amritsar,Punjab,Consumer,2023-11-18,Paid Ads
13611,Customer_13611,Male,30,Vadodara,Gujarat,Consumer,2022-07-16,Organic Search
13612,Customer_13612,Female,49,Mumbai,Maharashtra,Consumer,2022-12-03,Direct
13613,Customer_13613,Male,46,Mysuru,Karnataka,Consumer,2022-12-20,Referral
13614,Customer_13614,Female,57,Kanpur,Uttar Pradesh,Home Office,2024-02-02,Social Media
13615,Customer_13615,Male,57,Bengaluru,Karnataka,Consumer,2023-11-24,Referral
13616,Customer_13616,Male,27,Pune,Maharashtra,Consumer,2023-03-26,Organic Search
13617,Customer_13617,Male,30,Surat,Gujarat,Consumer,2023-03-19,Organic Search
13618,Customer_13618,Male,34,Bhopal,Madhya Pradesh,Consumer,2025-01-28,Referral
13619,Customer_13619,Female,55,Noida,Uttar Pradesh,Consumer,2022-06-22,Organic Search
13620,Customer_13620,Female,19,New Delhi,Delhi,Consumer,2025-06-23,Organic Search
13621,Customer_13621,Female,34,Jaipur,Rajasthan,Home Office,2023-09-27,Referral
13622,Customer_13622,Male,43,Delhi,Delhi,Corporate,2023-02-05,Social Media
13623,Customer_13623,Male,55,Delhi,Delhi,Consumer,2023-03-25,Social Media
13624,Customer_13624,Male,54,Indore,Madhya Pradesh,Consumer,2024-05-14,Paid Ads
13625,Customer_13625,Male,22,New Delhi,Delhi,Consumer,2023-10-04,Paid Ads
13626,Customer_13626,Male,42,New Delhi,Delhi,Corporate,2025-05-08,Email
13627,Customer_13627,Male,26,Mumbai,Maharashtra,Corporate,2023-03-15,Organic Search
13628,Customer_13628,Male,45,Bhopal,Madhya Pradesh,Corporate,2025-05-19,Organic Search
13629,Customer_13629,Male,39,Kanpur,Uttar Pradesh,Consumer,2022-10-15,Referral
13630,Customer_13630,Male,46,Vadodara,Gujarat,Consumer,2025-11-05,Direct
13631,Customer_13631,Female,52,Lucknow,Uttar Pradesh,Consumer,2025-12-30,Paid Ads
13632,Customer_13632,Female,37,Pune,Maharashtra,Home Office,2025-02-13,Paid Ads
13633,Customer_13633,Male,22,Coimbatore,Tamil Nadu,Home Office,2023-05-22,Social Media
13634,Customer_13634,Female,56,Bengaluru,Karnataka,Consumer,2025-06-19,Referral
13635,Customer_13635,Male,49,Mumbai,Maharashtra,Corporate,2025-09-22,Paid Ads
13636,Customer_13636,Female,56,Warangal,Telangana,Home Office,2022-05-11,Referral
13637,Customer_13637,Male,27,Faridabad,Haryana,Consumer,2025-12-20,Organic Search
13638,Customer_13638,Female,57,Mumbai,Maharashtra,Corporate,2025-11-13,Paid Ads
13639,Customer_13639,Male,34,Mysuru,Karnataka,Consumer,2023-08-14,Referral
13640,Customer_13640,Female,54,New Delhi,Delhi,Consumer,2024-10-13,Organic Search
13641,Customer_13641,Male,32,Delhi,Delhi,Consumer,2024-03-19,Referral
13642,Customer_13642,Female,26,Gurugram,Haryana,Consumer,2023-07-09,Social Media
13643,Customer_13643,Male,49,Hyderabad,Telangana,Corporate,2023-10-05,Organic Search
13644,Customer_13644,Male,40,Warangal,Telangana,Consumer,2022-03-25,Social Media
13645,Customer_13645,Female,28,Lucknow,Uttar Pradesh,Consumer,2025-09-20,Direct
13646,Customer_13646,Male,30,Pune,Maharashtra,Consumer,2023-09-30,Organic Search
13647,Customer_13647,Female,35,Warangal,Telangana,Consumer,2022-05-08,Social Media
13648,Customer_13648,Male,26,Coimbatore,Tamil Nadu,Consumer,2024-09-29,Email
13649,Customer_13649,Male,59,Vadodara,Gujarat,Consumer,2023-08-28,Direct
13650,Customer_13650,Female,22,Ludhiana,Punjab,Consumer,2022-06-13,Organic Search
13651,Customer_13651,Male,60,Kanpur,Uttar Pradesh,Corporate,2023-12-12,Paid Ads
13652,Customer_13652,Male,39,Coimbatore,Tamil Nadu,Home Office,2025-10-03,Social Media
13653,Customer_13653,Female,49,Lucknow,Uttar Pradesh,Consumer,2024-11-11,Organic Search
13654,Customer_13654,Female,19,New Delhi,Delhi,Corporate,2025-03-22,Paid Ads
13655,Customer_13655,Female,38,Mumbai,Maharashtra,Home Office,2024-03-29,Social Media
13656,Customer_13656,Male,45,New Delhi,Delhi,Consumer,2024-09-01,Organic Search
13657,Customer_13657,Male,41,Mysuru,Karnataka,Consumer,2024-07-29,Paid Ads
13658,Customer_13658,Male,41,Hyderabad,Telangana,Corporate,2022-01-26,Organic Search
13659,Customer_13659,,31,Surat,Gujarat,Consumer,2024-12-11,Referral
13660,Customer_13660,Female,54,Faridabad,Haryana,Consumer,2024-09-08,Social Media
13661,Customer_13661,Male,44,Warangal,Telangana,Corporate,2022-05-22,Organic Search
13662,Customer_13662,Male,41,Warangal,Telangana,Consumer,2022-02-01,Organic Search
13663,Customer_13663,Male,23,Nagpur,Maharashtra,Home Office,2023-02-01,Organic Search
13664,Customer_13664,Female,43,Mumbai,Maharashtra,Consumer,2022-03-24,Direct
13665,Customer_13665,Female,32,Ahmedabad,Gujarat,Consumer,2024-01-03,Social Media
13666,Customer_13666,Female,46,Coimbatore,Tamil Nadu,Consumer,2024-07-03,Email
13667,Customer_13667,Male,53,Lucknow,Uttar Pradesh,Consumer,2023-10-03,Paid Ads
13668,Customer_13668,Female,27,Nashik,Maharashtra,Corporate,2023-12-17,Paid Ads
13669,Customer_13669,Female,45,Nagpur,Maharashtra,Consumer,2023-05-30,Paid Ads
13670,Customer_13670,Male,26,Chennai,Tamil Nadu,Home Office,2022-01-06,Organic Search
13671,Customer_13671,Male,38,New Delhi,Delhi,Consumer,2023-09-24,Organic Search
13672,Customer_13672,Male,27,Nashik,Maharashtra,Consumer,2022-08-08,Paid Ads
13673,Customer_13673,Male,21,Kolkata,West Bengal,Home Office,2022-12-03,Paid Ads
13674,Customer_13674,Female,21,Nagpur,Maharashtra,Consumer,2022-08-16,Email
13675,Customer_13675,Male,23,Surat,Gujarat,Corporate,2022-08-05,Paid Ads
13676,Customer_13676,Male,43,Mysuru,Karnataka,Consumer,2025-05-21,Paid Ads
13677,Customer_13677,Female,57,New Delhi,Delhi,Corporate,2022-09-16,Referral
13678,Customer_13678,Female,33,Chennai,Tamil Nadu,Consumer,2022-05-06,Email
13679,Customer_13679,Female,25,Noida,Uttar Pradesh,Home Office,2025-07-29,Social Media
13680,Customer_13680,Male,45,Coimbatore,Tamil Nadu,Home Office,2024-04-19,Organic Search
13681,Customer_13681,Male,33,Noida,Uttar Pradesh,Consumer,2023-04-21,Organic Search
13682,Customer_13682,Male,55,Pune,Maharashtra,Consumer,2024-12-30,Organic Search
13683,Customer_13683,Male,18,Lucknow,Uttar Pradesh,Consumer,2022-09-12,Social Media
13684,Customer_13684,Male,36,New Delhi,Delhi,Consumer,2022-01-01,Direct
13685,Customer_13685,Female,34,Jaipur,Rajasthan,Consumer,2024-01-28,Social Media
13686,Customer_13686,Male,45,Surat,Gujarat,Consumer,2024-09-18,Referral
13687,Customer_13687,Male,29,Gurugram,Haryana,Consumer,2024-06-10,Email
13688,Customer_13688,Male,23,Chennai,Tamil Nadu,Consumer,2022-11-03,Email
13689,Customer_13689,Female,24,Nashik,Maharashtra,Home Office,2025-10-13,Organic Search
13690,Customer_13690,Female,25,Pune,Maharashtra,Corporate,2023-02-04,Referral
13691,Customer_13691,Female,20,Noida,Uttar Pradesh,Corporate,2025-03-09,Organic Search
13692,Customer_13692,Male,38,Hyderabad,Telangana,Consumer,2022-04-28,Social Media
13693,Customer_13693,Male,25,Noida,Uttar Pradesh,Consumer,2025-05-27,Social Media
13694,Customer_13694,Male,45,Delhi,Delhi,Consumer,2025-02-23,Organic Search
13695,Customer_13695,Male,47,Bengaluru,Karnataka,Home Office,2025-12-12,Organic Search
13696,Customer_13696,Female,49,Pune,Maharashtra,Consumer,2024-12-18,Referral
13697,Customer_13697,Female,28,Ludhiana,Punjab,Consumer,2022-02-22,Organic Search
13698,Customer_13698,Female,37,Udaipur,Rajasthan,Consumer,2024-05-29,Organic Search
13699,Customer_13699,Female,33,Faridabad,Haryana,Consumer,2025-09-28,Social Media
13700,Customer_13700,Female,42,New Delhi,Delhi,Consumer,2025-01-03,Organic Search
13701,Customer_13701,Male,26,Ahmedabad,Gujarat,Consumer,2025-12-11,Paid Ads
13702,Customer_13702,Other,56,Udaipur,Rajasthan,Consumer,2022-05-03,Referral
13703,Customer_13703,Male,57,Bengaluru,Karnataka,Consumer,2022-06-07,Direct
13704,Customer_13704,Female,57,Bhopal,Madhya Pradesh,Consumer,2025-03-22,Social Media
13705,Customer_13705,Male,20,Gurugram,Haryana,Consumer,2023-05-21,Organic Search
13706,Customer_13706,Male,33,Indore,Madhya Pradesh,Corporate,2022-01-17,Email
13707,Customer_13707,Female,29,Kanpur,Uttar Pradesh,Corporate,2022-03-16,Organic Search
13708,Customer_13708,Male,32,Mysuru,Karnataka,Consumer,2024-09-03,Organic Search
13709,Customer_13709,Male,21,Bengaluru,Karnataka,Corporate,2023-02-28,Referral
13710,Customer_13710,Male,40,Amritsar,Punjab,Home Office,2024-05-12,Social Media
13711,Customer_13711,Male,44,Pune,Maharashtra,Consumer,2024-12-08,Paid Ads
13712,Customer_13712,Female,56,Kolkata,West Bengal,Consumer,2025-05-26,Organic Search
13713,Customer_13713,Female,60,Kolkata,West Bengal,Corporate,2024-02-16,Referral
13714,Customer_13714,Male,54,Surat,Gujarat,Consumer,2022-03-09,Social Media
13715,Customer_13715,Male,30,Ludhiana,Punjab,Home Office,2025-04-30,Referral
13716,Customer_13716,Female,60,Mysuru,Karnataka,Consumer,2023-09-07,Email
13717,Customer_13717,Male,54,Mysuru,Karnataka,Home Office,2024-04-29,Referral
13718,Customer_13718,Male,57,Nashik,Maharashtra,Consumer,2025-06-28,Paid Ads
13719,Customer_13719,Male,38,Coimbatore,Tamil Nadu,Corporate,2023-06-04,Paid Ads
13720,Customer_13720,Female,46,Delhi,Delhi,Consumer,2024-11-08,Paid Ads
13721,Customer_13721,Male,46,Bengaluru,Karnataka,Home Office,2024-01-21,Social Media
13722,Customer_13722,Male,28,Noida,Uttar Pradesh,Consumer,2023-10-28,Organic Search
13723,Customer_13723,Male,45,Gurugram,Haryana,Consumer,2022-02-26,Organic Search
13724,Customer_13724,Male,27,New Delhi,Delhi,Consumer,2023-12-30,Referral
13725,Customer_13725,Female,22,Mysuru,Karnataka,Home Office,2023-12-30,Organic Search
13726,Customer_13726,Male,42,Faridabad,Haryana,Consumer,2025-05-17,Organic Search
13727,Customer_13727,Male,50,Mumbai,Maharashtra,Consumer,2024-06-12,Organic Search
13728,Customer_13728,Male,34,Mumbai,Maharashtra,Corporate,2022-05-13,Organic Search
13729,Customer_13729,Male,50,Mumbai,Maharashtra,Home Office,2025-01-18,Direct
13730,Customer_13730,Female,42,Ahmedabad,Gujarat,Consumer,2022-04-03,Organic Search
13731,Customer_13731,Female,50,Nagpur,Maharashtra,Consumer,2022-11-02,Organic Search
13732,Customer_13732,Male,26,Amritsar,Punjab,Corporate,2025-08-26,Paid Ads
13733,Customer_13733,Male,44,Chennai,Tamil Nadu,Corporate,2024-01-09,Paid Ads
13734,Customer_13734,Male,42,Warangal,Telangana,Consumer,2024-03-13,Email
13735,Customer_13735,Female,21,New Delhi,Delhi,Consumer,2023-06-03,Referral
13736,Customer_13736,Female,26,Warangal,Telangana,Consumer,2022-02-21,Organic Search
13737,Customer_13737,Male,32,Jaipur,Rajasthan,Consumer,2023-03-07,Organic Search
13738,Customer_13738,Female,33,Noida,Uttar Pradesh,Consumer,2024-01-20,Email
13739,Customer_13739,Female,33,Kanpur,Uttar Pradesh,Consumer,2023-07-02,Organic Search
13740,Customer_13740,Female,30,Surat,Gujarat,Home Office,2023-10-05,Social Media
13741,Customer_13741,Male,31,Indore,Madhya Pradesh,Consumer,2024-09-30,Social Media
13742,Customer_13742,Male,39,Noida,Uttar Pradesh,Corporate,2022-03-11,Paid Ads
13743,Customer_13743,Male,38,Noida,Uttar Pradesh,Consumer,2025-03-06,Direct
13744,Customer_13744,Female,26,Nashik,Maharashtra,Consumer,2025-01-23,Social Media
13745,Customer_13745,Female,58,Nashik,Maharashtra,Consumer,2023-04-20,Paid Ads
13746,Customer_13746,Female,21,Delhi,Delhi,Home Office,2022-10-10,Email
13747,Customer_13747,Male,27,Jaipur,Rajasthan,Consumer,2023-06-30,Organic Search
13748,Customer_13748,Male,52,Chennai,Tamil Nadu,Consumer,2023-10-15,Referral
13749,Customer_13749,Male,26,Coimbatore,Tamil Nadu,Consumer,2023-12-30,Email
13750,Customer_13750,Female,33,Bhopal,Madhya Pradesh,Consumer,2023-02-27,Paid Ads
13751,Customer_13751,Male,35,Bhopal,Madhya Pradesh,Consumer,2023-03-04,Paid Ads
13752,Customer_13752,Male,27,Gurugram,Haryana,Corporate,2022-10-15,Email
13753,Customer_13753,Female,38,Mysuru,Karnataka,Corporate,2022-01-17,Organic Search
13754,Customer_13754,Male,32,Kolkata,West Bengal,Consumer,2025-01-01,Direct
13755,Customer_13755,Male,32,New Delhi,Delhi,Home Office,2025-01-11,Direct
13756,Customer_13756,Male,28,Delhi,Delhi,Consumer,2023-06-06,Referral
13757,Customer_13757,Female,57,Delhi,Delhi,Corporate,2025-08-14,Social Media
13758,Customer_13758,Female,59,Mysuru,Karnataka,Consumer,2023-10-08,Social Media
13759,Customer_13759,Female,58,Coimbatore,Tamil Nadu,Home Office,2023-06-22,Referral
13760,Customer_13760,Male,54,Lucknow,Uttar Pradesh,Corporate,2022-11-23,Organic Search
13761,Customer_13761,Female,37,Nashik,Maharashtra,Home Office,2024-05-28,Referral
13762,Customer_13762,Female,51,Kolkata,West Bengal,Consumer,2022-07-01,Referral
13763,Customer_13763,Female,39,Hyderabad,Telangana,Consumer,2025-09-26,Paid Ads
13764,Customer_13764,Female,35,Bengaluru,Karnataka,Corporate,2025-03-26,Organic Search
13765,Customer_13765,Male,33,Warangal,Telangana,Corporate,2024-04-09,Organic Search
13766,Customer_13766,Male,22,Mysuru,Karnataka,Consumer,2022-03-21,Direct
13767,Customer_13767,Male,18,Ahmedabad,Gujarat,Consumer,2025-02-06,Paid Ads
13768,Customer_13768,Female,36,Chennai,Tamil Nadu,Consumer,2022-05-04,Social Media
13769,Customer_13769,Female,27,Mumbai,Maharashtra,Consumer,2022-08-14,Organic Search
13770,Customer_13770,Female,38,Nashik,Maharashtra,Corporate,2023-07-10,Referral
13771,Customer_13771,Male,30,Ahmedabad,Gujarat,Corporate,2024-10-07,Organic Search
13772,Customer_13772,Male,41,Indore,Madhya Pradesh,Consumer,2025-06-03,Organic Search
13773,Customer_13773,Male,40,Bengaluru,Karnataka,Home Office,2025-09-28,Paid Ads
13774,Customer_13774,Female,40,Kolkata,West Bengal,Consumer,2025-03-31,Direct
13775,Customer_13775,Male,28,Udaipur,Rajasthan,Consumer,2023-06-25,Paid Ads
13776,Customer_13776,Female,19,Gurugram,Haryana,Consumer,2023-03-19,Organic Search
13777,Customer_13777,Male,23,Kanpur,Uttar Pradesh,Home Office,2022-12-23,Social Media
13778,Customer_13778,Male,28,Surat,Gujarat,Corporate,2024-06-27,Organic Search
13779,Customer_13779,Female,32,Jaipur,Rajasthan,Consumer,2024-08-19,Social Media
13780,Customer_13780,Male,26,Indore,Madhya Pradesh,Corporate,2023-09-10,Referral
13781,Customer_13781,Male,29,Chennai,Tamil Nadu,Consumer,2025-10-24,Referral
13782,Customer_13782,Male,53,Mysuru,Karnataka,Consumer,2024-05-25,Social Media
13783,Customer_13783,Male,45,Nagpur,Maharashtra,Consumer,2024-07-30,Paid Ads
13784,Customer_13784,Other,40,Lucknow,Uttar Pradesh,Consumer,2022-12-14,Paid Ads
13785,Customer_13785,Female,44,Lucknow,Uttar Pradesh,Home Office,2023-08-16,Direct
13786,Customer_13786,Male,41,Nagpur,Maharashtra,Consumer,2024-05-23,Social Media
13787,Customer_13787,Female,31,Surat,Gujarat,Consumer,2024-05-25,Social Media
13788,Customer_13788,Male,52,Hyderabad,Telangana,Consumer,2022-06-17,Email
13789,Customer_13789,Female,44,Nashik,Maharashtra,Consumer,2024-06-09,Organic Search
13790,Customer_13790,Female,38,Ludhiana,Punjab,Consumer,2024-12-03,Social Media
13791,Customer_13791,Female,30,New Delhi,Delhi,Consumer,2023-10-27,Referral
13792,Customer_13792,Male,25,Nagpur,Maharashtra,Consumer,2025-02-11,Organic Search
13793,Customer_13793,Male,51,Surat,Gujarat,Corporate,2022-12-14,Organic Search
13794,Customer_13794,Male,59,Noida,Uttar Pradesh,Consumer,2024-12-26,Social Media
13795,Customer_13795,Female,40,Mumbai,Maharashtra,Consumer,2022-02-14,Social Media
13796,Customer_13796,Male,26,Jaipur,Rajasthan,Home Office,2024-06-09,Paid Ads
13797,Customer_13797,Male,18,Warangal,Telangana,Consumer,2024-10-14,Referral
13798,Customer_13798,Female,53,Nagpur,Maharashtra,Consumer,2023-11-11,Organic Search
13799,Customer_13799,Male,33,Delhi,Delhi,Consumer,2024-08-18,Direct
13800,Customer_13800,Male,42,Ahmedabad,Gujarat,Consumer,2023-01-06,Email
13801,Customer_13801,Male,35,Mysuru,Karnataka,Consumer,2023-07-25,Organic Search
13802,Customer_13802,Male,51,Gurugram,Haryana,Consumer,2022-04-28,Organic Search
13803,Customer_13803,Male,55,Lucknow,Uttar Pradesh,Home Office,2022-01-29,Referral
13804,Customer_13804,Male,20,Amritsar,Punjab,Corporate,2025-05-12,Organic Search
13805,Customer_13805,Male,37,Delhi,Delhi,Corporate,2024-09-19,Direct
13806,Customer_13806,Male,36,Amritsar,Punjab,Consumer,2022-10-23,Social Media
13807,Customer_13807,Female,30,Coimbatore,Tamil Nadu,Consumer,2024-05-09,Paid Ads
13808,Customer_13808,Male,34,Bengaluru,Karnataka,Consumer,2022-07-25,Referral
13809,Customer_13809,Female,31,Nashik,Maharashtra,Consumer,2023-03-05,Social Media
13810,Customer_13810,Male,47,Nashik,Maharashtra,Consumer,2024-04-30,Paid Ads
13811,Customer_13811,Male,39,Kolkata,West Bengal,Consumer,2023-08-28,Social Media
13812,Customer_13812,Female,60,Chennai,Tamil Nadu,Consumer,2023-01-21,Referral
13813,Customer_13813,Male,60,Delhi,Delhi,Consumer,2025-11-30,Social Media
13814,Customer_13814,Male,46,Ahmedabad,Gujarat,Consumer,2025-08-20,Direct
13815,Customer_13815,Female,19,Delhi,Delhi,Consumer,2023-02-12,Organic Search
13816,Customer_13816,Female,25,Surat,Gujarat,Consumer,2024-07-04,Organic Search
13817,Customer_13817,Male,31,Mysuru,Karnataka,Consumer,2024-10-25,Organic Search
13818,Customer_13818,Male,51,Noida,Uttar Pradesh,Consumer,2022-10-08,Email
13819,Customer_13819,Female,30,Noida,Uttar Pradesh,Consumer,2025-12-08,Organic Search
13820,Customer_13820,Female,27,Hyderabad,Telangana,Consumer,2024-01-21,Organic Search
13821,Customer_13821,Male,25,Bengaluru,Karnataka,Consumer,2022-03-20,Organic Search
13822,Customer_13822,Male,24,Mysuru,Karnataka,Consumer,2023-07-20,Direct
13823,Customer_13823,Male,30,Noida,Uttar Pradesh,Corporate,2024-12-06,Email
13824,Customer_13824,,43,Bengaluru,Karnataka,Consumer,2022-11-16,Paid Ads
13825,Customer_13825,Male,49,New Delhi,Delhi,Consumer,2024-08-17,Social Media
13826,Customer_13826,Male,36,Pune,Maharashtra,Consumer,2022-01-21,Organic Search
13827,Customer_13827,Male,32,Warangal,Telangana,Consumer,2022-07-03,Direct
13828,Customer_13828,Male,19,Warangal,Telangana,Consumer,2022-01-03,Organic Search
13829,Customer_13829,Female,54,Kanpur,Uttar Pradesh,Home Office,2022-01-09,Organic Search
13830,Customer_13830,Male,36,Delhi,Delhi,Corporate,2024-05-01,Social Media
13831,Customer_13831,Male,50,Coimbatore,Tamil Nadu,Consumer,2022-05-28,Organic Search
13832,Customer_13832,Male,56,Lucknow,Uttar Pradesh,Consumer,2025-10-07,Direct
13833,Customer_13833,Female,50,Kanpur,Uttar Pradesh,Consumer,2025-04-01,Organic Search
13834,Customer_13834,Female,18,Chennai,Tamil Nadu,Consumer,2024-06-17,Direct
13835,Customer_13835,Female,56,Chennai,Tamil Nadu,Corporate,2023-09-18,Referral
13836,Customer_13836,Male,45,Mysuru,Karnataka,Consumer,2024-07-03,Organic Search
13837,Customer_13837,Female,34,Gurugram,Haryana,Consumer,2024-02-02,Email
13838,Customer_13838,Male,23,Mumbai,Maharashtra,Consumer,2024-11-03,Social Media
13839,Customer_13839,Male,37,Faridabad,Haryana,Consumer,2025-05-02,Referral
13840,Customer_13840,Female,30,Jaipur,Rajasthan,Home Office,2023-12-09,Organic Search
13841,Customer_13841,Female,29,Hyderabad,Telangana,Corporate,2022-05-02,Email
13842,Customer_13842,Female,47,Pune,Maharashtra,Corporate,2025-09-29,Email
13843,Customer_13843,Female,38,Warangal,Telangana,Consumer,2023-11-28,Paid Ads
13844,Customer_13844,Female,19,Coimbatore,Tamil Nadu,Consumer,2025-03-07,Paid Ads
13845,Customer_13845,Male,35,Nashik,Maharashtra,Corporate,2024-09-08,Organic Search
13846,Customer_13846,Male,45,Udaipur,Rajasthan,Home Office,2024-01-20,Social Media
13847,Customer_13847,Male,21,Amritsar,Punjab,Consumer,2023-06-21,Organic Search
13848,Customer_13848,Female,59,Ahmedabad,Gujarat,Home Office,2023-03-03,Referral
13849,Customer_13849,Male,60,Kolkata,West Bengal,Consumer,2023-07-28,Organic Search
13850,Customer_13850,Female,23,Mumbai,Maharashtra,Consumer,2022-11-15,Organic Search
13851,Customer_13851,Male,55,Coimbatore,Tamil Nadu,Consumer,2024-06-21,Email
13852,Customer_13852,Male,26,Nagpur,Maharashtra,Consumer,2024-10-13,Direct
13853,Customer_13853,Male,37,Surat,Gujarat,Corporate,2024-07-31,Social Media
13854,Customer_13854,Male,47,Gurugram,Haryana,Consumer,2024-03-08,Paid Ads
13855,Customer_13855,Female,54,Udaipur,Rajasthan,Home Office,2024-12-29,Organic Search
13856,Customer_13856,Male,55,Mumbai,Maharashtra,Consumer,2024-12-30,Referral
13857,Customer_13857,Male,21,Mysuru,Karnataka,Consumer,2024-08-28,Referral
13858,Customer_13858,Male,55,Vadodara,Gujarat,Corporate,2025-09-11,Email
13859,Customer_13859,Male,30,Coimbatore,Tamil Nadu,Consumer,2023-08-05,Organic Search
13860,Customer_13860,Male,52,Kanpur,Uttar Pradesh,Corporate,2024-10-04,Organic Search
13861,Customer_13861,Male,47,Kanpur,Uttar Pradesh,Consumer,2025-11-28,Social Media
13862,Customer_13862,Female,59,Surat,Gujarat,Consumer,2025-10-23,Paid Ads
13863,Customer_13863,Male,21,Bengaluru,Karnataka,Consumer,2022-07-28,Organic Search
13864,Customer_13864,Male,42,New Delhi,Delhi,Home Office,2023-08-08,Organic Search
13865,Customer_13865,Female,48,Mumbai,Maharashtra,Consumer,2025-08-26,Organic Search
13866,Customer_13866,Male,29,Bengaluru,Karnataka,Consumer,2023-12-18,Social Media
13867,Customer_13867,Male,32,Chennai,Tamil Nadu,Corporate,2022-11-23,Email
13868,Customer_13868,Female,43,Udaipur,Rajasthan,Consumer,2023-07-28,Organic Search
13869,Customer_13869,Male,27,Udaipur,Rajasthan,Corporate,2024-09-22,Organic Search
13870,Customer_13870,Female,29,Nagpur,Maharashtra,Consumer,2024-03-20,Organic Search
13871,Customer_13871,Male,39,Coimbatore,Tamil Nadu,Consumer,2022-05-06,Organic Search
13872,Customer_13872,Female,57,New Delhi,Delhi,Consumer,2024-12-26,Referral
13873,Customer_13873,Female,38,Pune,Maharashtra,Consumer,2025-05-18,Referral
13874,Customer_13874,Male,52,Kanpur,Uttar Pradesh,Consumer,2024-04-17,Organic Search
13875,Customer_13875,Male,24,Nagpur,Maharashtra,Consumer,2023-06-28,Email
13876,Customer_13876,Male,35,Chennai,Tamil Nadu,Consumer,2023-12-07,Social Media
13877,Customer_13877,Male,44,Nagpur,Maharashtra,Consumer,2023-05-26,Direct
13878,Customer_13878,Female,52,Bhopal,Madhya Pradesh,Consumer,2022-07-23,Organic Search
13879,Customer_13879,Female,19,Vadodara,Gujarat,Consumer,2025-10-06,Referral
13880,Customer_13880,Male,49,Delhi,Delhi,Consumer,2023-04-11,Paid Ads
13881,Customer_13881,Male,32,Warangal,Telangana,Corporate,2022-04-29,Organic Search
13882,Customer_13882,Male,41,Kolkata,West Bengal,Consumer,2023-01-07,Paid Ads
13883,Customer_13883,Female,37,Ludhiana,Punjab,Consumer,2022-04-03,Email
13884,Customer_13884,Female,27,New Delhi,Delhi,Consumer,2024-08-10,Paid Ads
13885,Customer_13885,Female,41,Indore,Madhya Pradesh,Consumer,2025-10-26,Email
13886,Customer_13886,Male,41,Faridabad,Haryana,Consumer,2022-04-02,Social Media
13887,Customer_13887,Female,41,Faridabad,Haryana,Corporate,2024-03-26,Social Media
13888,Customer_13888,Male,57,Jaipur,Rajasthan,Home Office,2023-01-31,Organic Search
13889,Customer_13889,Female,51,Vadodara,Gujarat,Corporate,2023-01-23,Paid Ads
13890,Customer_13890,Male,58,Coimbatore,Tamil Nadu,Consumer,2023-08-03,Organic Search
13891,Customer_13891,Male,57,Kanpur,Uttar Pradesh,Consumer,2022-10-01,Organic Search
13892,Customer_13892,Female,28,Warangal,Telangana,Home Office,2024-08-11,Referral
13893,Customer_13893,Female,43,Udaipur,Rajasthan,Consumer,2024-01-20,Referral
13894,Customer_13894,Male,18,Coimbatore,Tamil Nadu,Home Office,2025-03-26,Social Media
13895,Customer_13895,Female,47,Kolkata,West Bengal,Consumer,2024-06-09,Referral
13896,Customer_13896,Male,60,Kanpur,Uttar Pradesh,Home Office,2022-02-05,Social Media
13897,Customer_13897,Female,35,Mumbai,Maharashtra,Home Office,2023-04-05,Organic Search
13898,Customer_13898,Female,43,Kanpur,Uttar Pradesh,Consumer,2023-10-29,Organic Search
13899,Customer_13899,Male,26,Surat,Gujarat,Consumer,2023-04-01,Organic Search
13900,Customer_13900,Female,26,Indore,Madhya Pradesh,Consumer,2022-11-02,Social Media
13901,Customer_13901,Male,18,Coimbatore,Tamil Nadu,Home Office,2025-09-15,Paid Ads
13902,Customer_13902,Male,24,Chennai,Tamil Nadu,Home Office,2024-12-18,Social Media
13903,Customer_13903,Female,59,Gurugram,Haryana,Consumer,2024-07-06,Social Media
13904,Customer_13904,Female,33,Delhi,Delhi,Consumer,2022-01-31,Paid Ads
13905,Customer_13905,Female,55,Bhopal,Madhya Pradesh,Corporate,2025-09-28,Direct
13906,Customer_13906,Female,28,Hyderabad,Telangana,Consumer,2024-07-18,Organic Search
13907,Customer_13907,Male,42,Hyderabad,Telangana,Corporate,2023-03-01,Paid Ads
13908,Customer_13908,Male,46,Mysuru,Karnataka,Corporate,2023-09-15,Referral
13909,Customer_13909,Other,36,Ahmedabad,Gujarat,Home Office,2023-12-10,Referral
13910,Customer_13910,Male,35,Mysuru,Karnataka,Consumer,2025-11-23,Organic Search
13911,Customer_13911,Female,46,Mumbai,Maharashtra,Consumer,2022-01-01,Social Media
13912,Customer_13912,Male,33,New Delhi,Delhi,Consumer,2025-06-04,Organic Search
13913,Customer_13913,Female,57,Mumbai,Maharashtra,Home Office,2024-11-21,Organic Search
13914,Customer_13914,Male,25,Amritsar,Punjab,Consumer,2025-07-26,Organic Search
13915,Customer_13915,Female,51,Ludhiana,Punjab,Consumer,2022-07-24,Paid Ads
13916,Customer_13916,Female,23,Chennai,Tamil Nadu,Consumer,2024-12-15,Referral
13917,Customer_13917,Female,47,Kolkata,West Bengal,Consumer,2023-08-28,Social Media
13918,Customer_13918,Male,51,Mysuru,Karnataka,Corporate,2023-06-26,Organic Search
13919,Customer_13919,Female,38,Udaipur,Rajasthan,Corporate,2024-08-28,Paid Ads
13920,Customer_13920,Female,29,Noida,Uttar Pradesh,Corporate,2025-10-16,Social Media
13921,Customer_13921,Female,23,Gurugram,Haryana,Consumer,2024-02-27,Referral
13922,Customer_13922,Female,56,Coimbatore,Tamil Nadu,Home Office,2025-06-02,Organic Search
13923,Customer_13923,Male,23,Noida,Uttar Pradesh,Consumer,2022-05-06,Email
13924,Customer_13924,Male,21,New Delhi,Delhi,Consumer,2023-11-19,Referral
13925,Customer_13925,Male,26,Ludhiana,Punjab,Consumer,2023-01-04,Social Media
13926,Customer_13926,,22,Nagpur,Maharashtra,Consumer,2023-08-02,Email
13927,Customer_13927,Female,27,Vadodara,Gujarat,Consumer,2022-06-01,Email
13928,Customer_13928,Male,25,Udaipur,Rajasthan,Consumer,2024-05-14,Organic Search
13929,Customer_13929,Male,40,Kolkata,West Bengal,Consumer,2025-08-21,Social Media
13930,Customer_13930,Male,21,Mumbai,Maharashtra,Consumer,2025-12-28,Referral
13931,Customer_13931,Male,54,Faridabad,Haryana,Consumer,2023-11-06,Direct
13932,Customer_13932,Male,24,New Delhi,Delhi,Corporate,2023-08-02,Paid Ads
13933,Customer_13933,Male,23,Vadodara,Gujarat,Consumer,2022-05-11,Organic Search
13934,Customer_13934,Male,59,Delhi,Delhi,Consumer,2023-09-05,Paid Ads
13935,Customer_13935,Male,32,Mysuru,Karnataka,Consumer,2024-12-28,Social Media
13936,Customer_13936,Other,52,Ahmedabad,Gujarat,Corporate,2025-08-16,Organic Search
13937,Customer_13937,Male,49,Chennai,Tamil Nadu,Consumer,2025-02-20,Social Media
13938,Customer_13938,Female,31,Pune,Maharashtra,Home Office,2025-02-19,Social Media
13939,Customer_13939,Other,52,Delhi,Delhi,Consumer,2024-11-14,Organic Search
13940,Customer_13940,Female,28,Chennai,Tamil Nadu,Consumer,2023-12-23,Referral
13941,Customer_13941,Other,27,Noida,Uttar Pradesh,Consumer,2025-09-30,Direct
13942,Customer_13942,Female,34,Indore,Madhya Pradesh,Corporate,2022-05-31,Email
13943,Customer_13943,Male,30,Pune,Maharashtra,Consumer,2025-11-22,Referral
13944,Customer_13944,Female,51,Chennai,Tamil Nadu,Consumer,2022-03-19,Organic Search
13945,Customer_13945,Male,22,Nagpur,Maharashtra,Consumer,2025-02-22,Organic Search
13946,Customer_13946,Male,27,Nagpur,Maharashtra,Consumer,2022-12-29,Paid Ads
13947,Customer_13947,Female,49,Udaipur,Rajasthan,Corporate,2022-07-12,Social Media
13948,Customer_13948,Male,29,Surat,Gujarat,Corporate,2024-06-08,Referral
13949,Customer_13949,Female,30,Nashik,Maharashtra,Consumer,2025-01-08,Paid Ads
13950,Customer_13950,Female,38,Delhi,Delhi,Consumer,2022-12-06,Referral
13951,Customer_13951,Male,50,Mumbai,Maharashtra,Consumer,2025-12-13,Organic Search
13952,Customer_13952,Female,58,Lucknow,Uttar Pradesh,Consumer,2023-10-05,Direct
13953,Customer_13953,Male,49,Amritsar,Punjab,Consumer,2023-10-08,Organic Search
13954,Customer_13954,Male,29,Pune,Maharashtra,Consumer,2024-05-12,Direct
13955,Customer_13955,Female,52,Delhi,Delhi,Consumer,2025-04-04,Referral
13956,Customer_13956,Male,53,Bhopal,Madhya Pradesh,Corporate,2024-03-20,Email
13957,Customer_13957,Female,55,Gurugram,Haryana,Consumer,2025-01-06,Organic Search
13958,Customer_13958,Female,45,Coimbatore,Tamil Nadu,Consumer,2024-05-03,Email
13959,Customer_13959,Male,30,Nagpur,Maharashtra,Consumer,2022-06-05,Organic Search
13960,Customer_13960,Female,29,Nashik,Maharashtra,Home Office,2022-11-09,Email
13961,Customer_13961,Female,39,Vadodara,Gujarat,Corporate,2024-06-22,Social Media
13962,Customer_13962,Male,19,Coimbatore,Tamil Nadu,Consumer,2024-04-21,Email
13963,Customer_13963,Male,46,Nagpur,Maharashtra,Consumer,2024-05-28,Organic Search
13964,Customer_13964,Female,30,Vadodara,Gujarat,Consumer,2024-12-13,Paid Ads
13965,Customer_13965,Male,52,Nashik,Maharashtra,Consumer,2024-05-10,Paid Ads
13966,Customer_13966,Female,30,Lucknow,Uttar Pradesh,Consumer,2022-02-01,Social Media
13967,Customer_13967,Male,51,Bengaluru,Karnataka,Home Office,2023-05-14,Email
13968,Customer_13968,Female,36,Nagpur,Maharashtra,Consumer,2024-03-29,Paid Ads
13969,Customer_13969,Female,26,Vadodara,Gujarat,Consumer,2025-02-09,Social Media
13970,Customer_13970,Male,48,Chennai,Tamil Nadu,Corporate,2022-11-05,Direct
13971,Customer_13971,Female,50,Amritsar,Punjab,Corporate,2024-06-17,Social Media
13972,Customer_13972,Female,44,Ahmedabad,Gujarat,Consumer,2024-03-02,Paid Ads
13973,Customer_13973,Female,19,Bengaluru,Karnataka,Corporate,2023-05-13,Paid Ads
13974,Customer_13974,Male,32,Kolkata,West Bengal,Consumer,2023-10-07,Organic Search
13975,Customer_13975,Female,36,New Delhi,Delhi,Consumer,2024-11-20,Social Media
13976,Customer_13976,Female,48,Indore,Madhya Pradesh,Home Office,2022-10-30,Referral
13977,Customer_13977,Female,33,Mysuru,Karnataka,Home Office,2024-08-24,Organic Search
13978,Customer_13978,Female,60,Surat,Gujarat,Corporate,2023-01-26,Organic Search
13979,Customer_13979,Male,32,Mumbai,Maharashtra,Consumer,2024-12-20,Referral
13980,Customer_13980,Other,23,Coimbatore,Tamil Nadu,Corporate,2024-09-10,Organic Search
13981,Customer_13981,Male,31,Lucknow,Uttar Pradesh,Consumer,2023-09-18,Paid Ads
13982,Customer_13982,Male,44,Noida,Uttar Pradesh,Consumer,2023-06-20,Email
13983,Customer_13983,Male,55,Delhi,Delhi,Consumer,2025-12-28,Organic Search
13984,Customer_13984,Male,36,New Delhi,Delhi,Consumer,2024-01-14,Paid Ads
13985,Customer_13985,Male,54,Kanpur,Uttar Pradesh,Home Office,2022-07-01,Paid Ads
13986,Customer_13986,Male,60,Gurugram,Haryana,Consumer,2024-05-02,Organic Search
13987,Customer_13987,Male,21,Mumbai,Maharashtra,Consumer,2022-10-05,Referral
13988,Customer_13988,Female,43,Coimbatore,Tamil Nadu,Consumer,2024-05-30,Referral
13989,Customer_13989,Male,26,Mysuru,Karnataka,Corporate,2023-03-21,Referral
13990,Customer_13990,Male,58,Indore,Madhya Pradesh,Consumer,2024-01-13,Paid Ads
13991,Customer_13991,Male,57,Nashik,Maharashtra,Consumer,2023-01-08,Organic Search
13992,Customer_13992,Male,32,Delhi,Delhi,Corporate,2022-05-04,Organic Search
13993,Customer_13993,Male,58,Lucknow,Uttar Pradesh,Consumer,2025-09-08,Direct
13994,Customer_13994,Female,54,Mumbai,Maharashtra,Consumer,2024-05-31,Paid Ads
13995,Customer_13995,Female,21,Warangal,Telangana,Consumer,2024-11-16,Social Media
13996,Customer_13996,Female,43,Chennai,Tamil Nadu,Consumer,2025-04-19,Paid Ads
13997,Customer_13997,Female,35,Bengaluru,Karnataka,Home Office,2025-05-09,Paid Ads
13998,Customer_13998,Male,58,Coimbatore,Tamil Nadu,Consumer,2024-05-19,Social Media
13999,Customer_13999,Male,52,Warangal,Telangana,Home Office,2022-06-11,Referral
14000,Customer_14000,Male,58,Nagpur,Maharashtra,Consumer,2025-10-05,Organic Search
14001,Customer_14001,Female,58,Vadodara,Gujarat,Home Office,2024-01-04,Referral
14002,Customer_14002,Male,46,Kanpur,Uttar Pradesh,Consumer,2025-10-01,Paid Ads
14003,Customer_14003,Female,41,Noida,Uttar Pradesh,Consumer,2022-08-12,Paid Ads
14004,Customer_14004,Male,21,Nashik,Maharashtra,Consumer,2025-04-17,Direct
14005,Customer_14005,Male,38,Mumbai,Maharashtra,Consumer,2024-06-28,Organic Search
14006,Customer_14006,Other,56,New Delhi,Delhi,Consumer,2024-07-26,Organic Search
14007,Customer_14007,Female,24,Bengaluru,Karnataka,Consumer,2023-07-31,Direct
14008,Customer_14008,Female,40,Coimbatore,Tamil Nadu,Consumer,2024-06-17,Referral
14009,Customer_14009,Female,57,Jaipur,Rajasthan,Consumer,2025-10-19,Referral
14010,Customer_14010,Female,38,Nashik,Maharashtra,Consumer,2023-08-16,Social Media
14011,Customer_14011,Female,18,Mumbai,Maharashtra,Consumer,2024-04-29,Social Media
14012,Customer_14012,Female,58,Coimbatore,Tamil Nadu,Corporate,2022-12-08,Organic Search
14013,Customer_14013,Male,42,Kolkata,West Bengal,Consumer,2024-11-18,Referral
14014,Customer_14014,Female,48,New Delhi,Delhi,Home Office,2022-06-09,Organic Search
14015,Customer_14015,Female,55,Udaipur,Rajasthan,Consumer,2025-06-27,Referral
14016,Customer_14016,Male,22,New Delhi,Delhi,Home Office,2024-10-13,Organic Search
14017,Customer_14017,Female,48,Indore,Madhya Pradesh,Consumer,2023-12-27,Paid Ads
14018,Customer_14018,Female,18,Indore,Madhya Pradesh,Home Office,2023-10-13,Direct
14019,Customer_14019,Male,47,Bengaluru,Karnataka,Consumer,2024-02-27,Organic Search
14020,Customer_14020,Male,35,Delhi,Delhi,Corporate,2024-01-28,Organic Search
14021,Customer_14021,Male,25,Coimbatore,Tamil Nadu,Corporate,2025-04-14,Referral
14022,Customer_14022,Female,43,Delhi,Delhi,Consumer,2023-10-12,Social Media
14023,Customer_14023,Female,57,Udaipur,Rajasthan,Consumer,2023-01-12,Email
14024,Customer_14024,Male,32,Noida,Uttar Pradesh,Corporate,2024-03-13,Organic Search
14025,Customer_14025,Female,36,Jaipur,Rajasthan,Consumer,2025-05-31,Referral
14026,Customer_14026,Male,27,Noida,Uttar Pradesh,Consumer,2022-06-09,Direct
14027,Customer_14027,Female,41,Coimbatore,Tamil Nadu,Corporate,2023-10-28,Paid Ads
14028,Customer_14028,Male,33,Pune,Maharashtra,Consumer,2023-03-11,Organic Search
14029,Customer_14029,Male,60,Noida,Uttar Pradesh,Corporate,2025-08-28,Organic Search
14030,Customer_14030,Female,48,Bengaluru,Karnataka,Consumer,2022-12-31,Social Media
14031,Customer_14031,Male,33,Jaipur,Rajasthan,Consumer,2022-06-29,Social Media
14032,Customer_14032,Male,33,New Delhi,Delhi,Consumer,2025-09-12,Organic Search
14033,Customer_14033,Male,45,Mumbai,Maharashtra,Consumer,2024-04-24,Social Media
14034,Customer_14034,Male,37,Amritsar,Punjab,Home Office,2022-03-09,Paid Ads
14035,Customer_14035,Male,52,Nashik,Maharashtra,Consumer,2024-03-21,Social Media
14036,Customer_14036,Other,26,Ludhiana,Punjab,Consumer,2025-12-08,Organic Search
14037,Customer_14037,Female,57,Ludhiana,Punjab,Consumer,2025-07-06,Direct
14038,Customer_14038,Female,27,Noida,Uttar Pradesh,Corporate,2024-04-16,Organic Search
14039,Customer_14039,Female,35,Udaipur,Rajasthan,Consumer,2022-04-08,Referral
14040,Customer_14040,Male,32,Vadodara,Gujarat,Consumer,2023-04-26,Paid Ads
14041,Customer_14041,Male,47,Indore,Madhya Pradesh,Consumer,2025-05-22,Organic Search
14042,Customer_14042,Male,49,Bengaluru,Karnataka,Consumer,2025-07-12,Social Media
14043,Customer_14043,Female,57,Hyderabad,Telangana,Consumer,2022-07-04,Social Media
14044,Customer_14044,Female,44,Surat,Gujarat,Consumer,2022-01-19,Referral
14045,Customer_14045,Male,44,Coimbatore,Tamil Nadu,Corporate,2025-09-07,Referral
14046,Customer_14046,Male,36,Chennai,Tamil Nadu,Home Office,2022-10-13,Organic Search
14047,Customer_14047,Male,27,Mysuru,Karnataka,Corporate,2024-12-13,Email
14048,Customer_14048,Male,23,Surat,Gujarat,Consumer,2022-08-09,Social Media
14049,Customer_14049,Female,41,Indore,Madhya Pradesh,Consumer,2022-11-30,Social Media
14050,Customer_14050,Male,26,New Delhi,Delhi,Consumer,2023-02-27,Paid Ads
14051,Customer_14051,Female,44,Gurugram,Haryana,Corporate,2025-10-16,Referral
14052,Customer_14052,Male,24,Kolkata,West Bengal,Consumer,2024-03-05,Organic Search
14053,Customer_14053,Female,23,Kanpur,Uttar Pradesh,Home Office,2023-02-14,Direct
14054,Customer_14054,Female,50,Ahmedabad,Gujarat,Consumer,2024-06-11,Email
14055,Customer_14055,Female,38,Lucknow,Uttar Pradesh,Corporate,2023-01-08,Referral
14056,Customer_14056,Male,55,Pune,Maharashtra,Corporate,2024-11-16,Referral
14057,Customer_14057,Male,34,Noida,Uttar Pradesh,Consumer,2022-02-06,Paid Ads
14058,Customer_14058,Male,48,Pune,Maharashtra,Consumer,2023-12-27,Social Media
14059,Customer_14059,Male,54,Bhopal,Madhya Pradesh,Home Office,2025-12-09,Paid Ads
14060,Customer_14060,Female,28,Amritsar,Punjab,Home Office,2025-10-10,Organic Search
14061,Customer_14061,Female,45,Mysuru,Karnataka,Corporate,2024-04-30,Social Media
14062,Customer_14062,Male,22,New Delhi,Delhi,Consumer,2022-03-18,Referral
14063,Customer_14063,Male,29,Kanpur,Uttar Pradesh,Home Office,2023-03-30,Referral
14064,Customer_14064,Male,20,New Delhi,Delhi,Consumer,2023-05-03,Organic Search
14065,Customer_14065,Female,58,Bhopal,Madhya Pradesh,Consumer,2025-11-11,Paid Ads
14066,Customer_14066,Female,55,Pune,Maharashtra,Consumer,2024-07-22,Organic Search
14067,Customer_14067,Male,19,Nagpur,Maharashtra,Consumer,2022-03-24,Paid Ads
14068,Customer_14068,Male,43,Ludhiana,Punjab,Consumer,2022-04-20,Direct
14069,Customer_14069,Female,19,Jaipur,Rajasthan,Corporate,2025-08-22,Direct
14070,Customer_14070,Female,29,Indore,Madhya Pradesh,Consumer,2022-09-27,Referral
14071,Customer_14071,Male,57,Bengaluru,Karnataka,Consumer,2023-03-09,Paid Ads
14072,Customer_14072,Female,19,Udaipur,Rajasthan,Consumer,2023-09-21,Organic Search
14073,Customer_14073,Female,58,Surat,Gujarat,Consumer,2023-04-08,Social Media
14074,Customer_14074,Female,33,Ahmedabad,Gujarat,Consumer,2023-10-30,Organic Search
14075,Customer_14075,Female,47,Udaipur,Rajasthan,Consumer,2023-08-16,Paid Ads
14076,Customer_14076,Male,53,Vadodara,Gujarat,Consumer,2022-01-07,Paid Ads
14077,Customer_14077,Female,21,Coimbatore,Tamil Nadu,Consumer,2022-07-11,Organic Search
14078,Customer_14078,Male,28,Bengaluru,Karnataka,Consumer,2025-04-23,Social Media
14079,Customer_14079,Male,41,Kanpur,Uttar Pradesh,Consumer,2024-04-27,Paid Ads
14080,Customer_14080,Male,35,Delhi,Delhi,Consumer,2022-02-02,Paid Ads
14081,Customer_14081,Male,44,Kolkata,West Bengal,Consumer,2023-06-26,Social Media
14082,Customer_14082,Male,54,Delhi,Delhi,Consumer,2024-07-16,Social Media
14083,Customer_14083,Female,19,Surat,Gujarat,Consumer,2023-10-17,Organic Search
14084,Customer_14084,Female,32,Noida,Uttar Pradesh,Consumer,2023-04-02,Organic Search
14085,Customer_14085,Female,28,Delhi,Delhi,Consumer,2025-05-13,Social Media
14086,Customer_14086,Male,44,Mumbai,Maharashtra,Consumer,2022-04-17,Social Media
14087,Customer_14087,Male,40,Pune,Maharashtra,Corporate,2022-12-30,Direct
14088,Customer_14088,Female,52,Vadodara,Gujarat,Consumer,2024-05-25,Referral
14089,Customer_14089,Male,47,Bhopal,Madhya Pradesh,Home Office,2022-09-12,Organic Search
14090,Customer_14090,Other,41,Mumbai,Maharashtra,Corporate,2024-11-16,Organic Search
14091,Customer_14091,Male,36,Kolkata,West Bengal,Corporate,2023-02-05,Social Media
14092,Customer_14092,Female,46,Mysuru,Karnataka,Consumer,2025-10-01,Direct
14093,Customer_14093,Male,30,Warangal,Telangana,Corporate,2022-11-18,Paid Ads
14094,Customer_14094,Female,40,Gurugram,Haryana,Consumer,2025-08-26,Social Media
14095,Customer_14095,Female,29,Mysuru,Karnataka,Consumer,2023-06-14,Direct
14096,Customer_14096,Female,58,Warangal,Telangana,Consumer,2024-12-11,Organic Search
14097,Customer_14097,Other,46,Nashik,Maharashtra,Home Office,2022-07-13,Social Media
14098,Customer_14098,Male,23,Nashik,Maharashtra,Consumer,2023-12-27,Organic Search
14099,Customer_14099,Female,40,New Delhi,Delhi,Home Office,2023-09-15,Email
14100,Customer_14100,Male,48,Nagpur,Maharashtra,Consumer,2022-01-24,Organic Search
14101,Customer_14101,Female,38,Surat,Gujarat,Home Office,2023-05-03,Direct
14102,Customer_14102,Male,41,Coimbatore,Tamil Nadu,Home Office,2023-04-20,Referral
14103,Customer_14103,Female,25,Ahmedabad,Gujarat,Home Office,2025-08-14,Direct
14104,Customer_14104,Female,26,New Delhi,Delhi,Consumer,2023-06-15,Referral
14105,Customer_14105,Male,39,Mysuru,Karnataka,Home Office,2025-08-04,Social Media
14106,Customer_14106,Male,21,Jaipur,Rajasthan,Home Office,2022-12-26,Social Media
14107,Customer_14107,Male,30,Ludhiana,Punjab,Consumer,2024-06-05,Email
14108,Customer_14108,Female,51,Mumbai,Maharashtra,Consumer,2025-03-16,Social Media
14109,Customer_14109,Male,20,Indore,Madhya Pradesh,Corporate,2023-09-28,Email
14110,Customer_14110,Female,54,Ahmedabad,Gujarat,Consumer,2022-02-23,Email
14111,Customer_14111,Female,45,Surat,Gujarat,Corporate,2025-01-19,Organic Search
14112,Customer_14112,Female,43,Warangal,Telangana,Consumer,2023-08-09,Direct
14113,Customer_14113,Female,51,Nagpur,Maharashtra,Consumer,2025-09-11,Organic Search
14114,Customer_14114,Male,32,Pune,Maharashtra,Consumer,2022-03-20,Email
14115,Customer_14115,Female,25,Ahmedabad,Gujarat,Consumer,2023-02-20,Organic Search
14116,Customer_14116,Female,52,Bengaluru,Karnataka,Consumer,2024-07-30,Paid Ads
14117,Customer_14117,Other,41,Gurugram,Haryana,Corporate,2022-08-09,Direct
14118,Customer_14118,Male,54,Coimbatore,Tamil Nadu,Consumer,2023-01-25,Organic Search
14119,Customer_14119,Female,21,Pune,Maharashtra,Corporate,2024-03-27,Organic Search
14120,Customer_14120,Male,29,Kolkata,West Bengal,Corporate,2022-12-17,Social Media
14121,Customer_14121,Female,36,Mysuru,Karnataka,Consumer,2025-07-15,Social Media
14122,Customer_14122,Female,32,Warangal,Telangana,Consumer,2022-12-23,Organic Search
14123,Customer_14123,Female,47,Kolkata,West Bengal,Consumer,2024-11-25,Social Media
14124,Customer_14124,Female,54,Indore,Madhya Pradesh,Consumer,2023-07-20,Paid Ads
14125,Customer_14125,Male,29,Kanpur,Uttar Pradesh,Consumer,2022-10-01,Email
14126,Customer_14126,Female,36,Jaipur,Rajasthan,Consumer,2023-06-09,Social Media
14127,Customer_14127,Other,51,Jaipur,Rajasthan,Home Office,2022-03-02,Social Media
14128,Customer_14128,Male,24,Gurugram,Haryana,Consumer,2025-05-31,Organic Search
14129,Customer_14129,Female,45,Mysuru,Karnataka,Consumer,2023-04-08,Paid Ads
14130,Customer_14130,Male,45,Mumbai,Maharashtra,Home Office,2023-02-03,Organic Search
14131,Customer_14131,Female,46,Delhi,Delhi,Home Office,2025-02-28,Referral
14132,Customer_14132,Male,54,New Delhi,Delhi,Corporate,2024-09-20,Referral
14133,Customer_14133,Female,37,Jaipur,Rajasthan,Corporate,2022-07-10,Organic Search
14134,Customer_14134,Male,28,Jaipur,Rajasthan,Consumer,2023-06-12,Social Media
14135,Customer_14135,Male,56,Surat,Gujarat,Home Office,2023-02-14,Organic Search
14136,Customer_14136,Male,59,Nagpur,Maharashtra,Home Office,2025-09-21,Organic Search
14137,Customer_14137,Male,40,Kolkata,West Bengal,Consumer,2025-07-30,Organic Search
14138,Customer_14138,Female,37,Bengaluru,Karnataka,Consumer,2022-01-06,Organic Search
14139,Customer_14139,Male,37,Jaipur,Rajasthan,Consumer,2024-10-23,Referral
14140,Customer_14140,Female,28,Ahmedabad,Gujarat,Consumer,2022-07-03,Paid Ads
14141,Customer_14141,Other,19,Mysuru,Karnataka,Consumer,2024-11-18,Organic Search
14142,Customer_14142,Female,30,Pune,Maharashtra,Consumer,2024-09-16,Referral
14143,Customer_14143,Female,30,Nagpur,Maharashtra,Consumer,2023-06-23,Social Media
14144,Customer_14144,Male,58,Lucknow,Uttar Pradesh,Consumer,2023-01-16,Referral
14145,Customer_14145,Male,32,Faridabad,Haryana,Consumer,2022-05-19,Organic Search
14146,Customer_14146,Male,48,Udaipur,Rajasthan,Corporate,2025-06-09,Organic Search
14147,Customer_14147,Male,40,Pune,Maharashtra,Consumer,2022-06-09,Social Media
14148,Customer_14148,Female,39,Chennai,Tamil Nadu,Consumer,2025-02-22,Organic Search
14149,Customer_14149,Male,33,Kolkata,West Bengal,Consumer,2023-07-14,Paid Ads
14150,Customer_14150,Female,59,Lucknow,Uttar Pradesh,Consumer,2024-04-07,Paid Ads
14151,Customer_14151,Male,46,Nashik,Maharashtra,Consumer,2023-12-03,Organic Search
14152,Customer_14152,Female,37,Nashik,Maharashtra,Consumer,2022-06-13,Social Media
14153,Customer_14153,Male,45,Kolkata,West Bengal,Corporate,2024-04-17,Organic Search
14154,Customer_14154,Male,44,Bengaluru,Karnataka,Consumer,2023-10-14,Paid Ads
14155,Customer_14155,Female,46,Delhi,Delhi,Consumer,2022-10-25,Organic Search
14156,Customer_14156,Male,22,Mumbai,Maharashtra,Consumer,2025-07-03,Social Media
14157,Customer_14157,Female,59,,Gujarat,Consumer,2023-07-22,Organic Search
14158,Customer_14158,Female,55,Bhopal,Madhya Pradesh,Home Office,2024-12-02,Paid Ads
14159,Customer_14159,Male,55,Faridabad,Haryana,Consumer,2024-08-15,Organic Search
14160,Customer_14160,Female,19,Vadodara,Gujarat,Corporate,2022-05-31,Social Media
14161,Customer_14161,Male,37,Hyderabad,Telangana,Consumer,2025-02-20,Organic Search
14162,Customer_14162,Female,60,Nagpur,Maharashtra,Corporate,2024-02-09,Direct
14163,Customer_14163,Male,30,Ahmedabad,Gujarat,Home Office,2022-05-26,Paid Ads
14164,Customer_14164,Female,43,Coimbatore,Tamil Nadu,Corporate,2024-01-20,Organic Search
14165,Customer_14165,Male,52,Surat,Gujarat,Home Office,2023-04-15,Social Media
14166,Customer_14166,Male,25,Coimbatore,Tamil Nadu,Consumer,2023-10-28,Social Media
14167,Customer_14167,Female,45,Delhi,Delhi,Home Office,2024-01-01,Organic Search
14168,Customer_14168,Male,58,Pune,Maharashtra,Consumer,2022-12-30,Organic Search
14169,Customer_14169,Male,32,Bengaluru,Karnataka,Home Office,2025-05-14,Referral
14170,Customer_14170,Female,25,Nashik,Maharashtra,Consumer,2022-06-27,Email
14171,Customer_14171,Female,28,Delhi,Delhi,Consumer,2024-12-09,Referral
14172,Customer_14172,Male,46,Ludhiana,Punjab,Corporate,2023-12-03,Referral
14173,Customer_14173,Male,22,Coimbatore,Tamil Nadu,Consumer,2025-12-14,Referral
14174,Customer_14174,Male,24,Warangal,Telangana,Consumer,2025-03-31,Social Media
14175,Customer_14175,Male,35,Bhopal,Madhya Pradesh,Corporate,2023-09-13,Organic Search
14176,Customer_14176,Male,45,Ludhiana,Punjab,Consumer,2025-10-04,Organic Search
14177,Customer_14177,Male,29,Vadodara,Gujarat,Consumer,2023-06-27,Social Media
14178,Customer_14178,Other,29,Lucknow,Uttar Pradesh,Consumer,2022-12-09,Organic Search
14179,Customer_14179,Female,53,Mysuru,Karnataka,Consumer,2024-08-13,Referral
14180,Customer_14180,Male,46,Mysuru,Karnataka,Consumer,2022-07-16,Social Media
14181,Customer_14181,Male,28,Coimbatore,Tamil Nadu,Consumer,2025-07-14,Referral
14182,Customer_14182,Female,23,Jaipur,Rajasthan,Consumer,2024-03-14,Email
14183,Customer_14183,Male,38,Udaipur,Rajasthan,Consumer,2022-05-06,Organic Search
14184,Customer_14184,Female,27,Mysuru,Karnataka,Consumer,2023-07-12,Social Media
14185,Customer_14185,Female,49,Nashik,Maharashtra,Corporate,2022-04-10,Organic Search
14186,Customer_14186,Female,50,Udaipur,Rajasthan,Consumer,2024-10-01,Direct
14187,Customer_14187,Male,34,Nashik,Maharashtra,Corporate,2022-03-02,Referral
14188,Customer_14188,Female,20,Vadodara,Gujarat,Consumer,2025-04-22,Email
14189,Customer_14189,Female,60,Kolkata,West Bengal,Consumer,2022-06-05,Paid Ads
14190,Customer_14190,Female,35,Kolkata,West Bengal,Consumer,2024-03-28,Organic Search
14191,Customer_14191,Female,27,Kanpur,Uttar Pradesh,Corporate,2022-07-27,Email
14192,Customer_14192,Male,58,Bhopal,Madhya Pradesh,Corporate,2025-12-14,Social Media
14193,Customer_14193,Male,56,Hyderabad,Telangana,Home Office,2023-10-18,Paid Ads
14194,Customer_14194,Female,60,Kolkata,West Bengal,Consumer,2022-11-03,Referral
14195,Customer_14195,Female,25,Surat,Gujarat,Corporate,2024-01-12,Paid Ads
14196,Customer_14196,Female,51,Delhi,Delhi,Consumer,2023-06-02,Referral
14197,Customer_14197,Female,54,Nagpur,Maharashtra,Corporate,2025-07-26,Direct
14198,Customer_14198,Male,58,Bengaluru,Karnataka,Consumer,2023-12-01,Referral
14199,Customer_14199,Male,50,Coimbatore,Tamil Nadu,Consumer,2022-08-27,Organic Search
14200,Customer_14200,Male,27,Ahmedabad,Gujarat,Consumer,2023-02-02,Social Media
14201,Customer_14201,Male,57,Indore,Madhya Pradesh,Consumer,2022-04-29,Direct
14202,Customer_14202,Female,35,Delhi,Delhi,Consumer,2025-05-26,Paid Ads
14203,Customer_14203,Male,42,Pune,Maharashtra,Consumer,2023-09-05,Referral
14204,Customer_14204,Female,59,Amritsar,Punjab,Consumer,2023-09-15,Organic Search
14205,Customer_14205,Female,58,Nashik,Maharashtra,Home Office,2023-10-13,Organic Search
14206,Customer_14206,Male,53,Warangal,Telangana,Consumer,2025-11-03,Paid Ads
14207,Customer_14207,Male,19,Vadodara,Gujarat,Home Office,2024-09-09,Paid Ads
14208,Customer_14208,Female,36,Ahmedabad,Gujarat,Home Office,2025-03-31,Social Media
14209,Customer_14209,Other,27,Nashik,Maharashtra,Home Office,2023-09-11,Direct
14210,Customer_14210,Female,20,Nashik,Maharashtra,Home Office,2022-04-07,Paid Ads
14211,Customer_14211,Male,36,Mumbai,Maharashtra,Home Office,2025-09-20,Email
14212,Customer_14212,Male,43,Surat,Gujarat,Consumer,2023-12-31,Organic Search
14213,Customer_14213,Male,42,Vadodara,Gujarat,Consumer,2023-10-10,Referral
14214,Customer_14214,Male,34,New Delhi,Delhi,Consumer,2024-04-03,Paid Ads
14215,Customer_14215,Female,27,Jaipur,Rajasthan,Consumer,2024-03-27,Paid Ads
14216,Customer_14216,Female,28,Noida,Uttar Pradesh,Consumer,2023-02-18,Paid Ads
14217,Customer_14217,Male,28,Nashik,Maharashtra,Consumer,2024-01-08,Referral
14218,Customer_14218,Male,29,Warangal,Telangana,Consumer,2022-06-03,Paid Ads
14219,Customer_14219,Male,57,Kolkata,West Bengal,Home Office,2024-07-16,Organic Search
14220,Customer_14220,Female,25,Delhi,Delhi,Consumer,2023-10-23,Paid Ads
14221,Customer_14221,Male,41,Mysuru,Karnataka,Consumer,2023-01-18,Social Media
14222,Customer_14222,Female,31,Ahmedabad,Gujarat,Consumer,2024-05-28,Paid Ads
14223,Customer_14223,Male,40,Bhopal,Madhya Pradesh,Consumer,2025-10-10,Paid Ads
14224,Customer_14224,Female,53,Noida,Uttar Pradesh,Home Office,2022-09-25,Organic Search
14225,Customer_14225,Male,34,Vadodara,Gujarat,Consumer,2023-10-04,Paid Ads
14226,Customer_14226,Male,22,Kolkata,West Bengal,Consumer,2022-02-05,Social Media
14227,Customer_14227,Female,20,Bengaluru,Karnataka,Consumer,2023-03-24,Paid Ads
14228,Customer_14228,Female,26,Jaipur,Rajasthan,Consumer,2025-06-28,Organic Search
14229,Customer_14229,Male,37,Hyderabad,Telangana,Consumer,2023-01-23,Organic Search
14230,Customer_14230,Male,37,New Delhi,Delhi,Consumer,2024-03-16,Referral
14231,Customer_14231,Male,36,Kolkata,West Bengal,Consumer,2024-04-27,Organic Search
14232,Customer_14232,Male,38,Ahmedabad,Gujarat,Consumer,2022-06-16,Email
14233,Customer_14233,Female,33,Bengaluru,Karnataka,Home Office,2022-04-08,Organic Search
14234,Customer_14234,Female,50,Faridabad,Haryana,Consumer,2025-07-24,Referral
14235,Customer_14235,Male,22,Nashik,Maharashtra,Consumer,2024-06-01,Paid Ads
14236,Customer_14236,Male,41,Bengaluru,Karnataka,Consumer,2025-05-08,Organic Search
14237,Customer_14237,Male,32,,Maharashtra,Consumer,2024-03-05,Email
14238,Customer_14238,Male,43,Noida,Uttar Pradesh,Home Office,2023-11-11,Paid Ads
14239,Customer_14239,Male,42,Kolkata,West Bengal,Consumer,2025-04-03,Paid Ads
14240,Customer_14240,Female,45,Bengaluru,Karnataka,Home Office,2025-05-10,Organic Search
14241,Customer_14241,Male,50,Udaipur,Rajasthan,Consumer,2025-11-21,Social Media
14242,Customer_14242,Female,35,Chennai,Tamil Nadu,Corporate,2025-12-03,Referral
14243,Customer_14243,Female,35,Lucknow,Uttar Pradesh,Consumer,2023-01-09,Organic Search
14244,Customer_14244,Female,55,Coimbatore,Tamil Nadu,Consumer,2025-10-21,Email
14245,Customer_14245,Female,50,Chennai,Tamil Nadu,Consumer,2025-09-13,Social Media
14246,Customer_14246,Female,44,Gurugram,Haryana,Consumer,2023-09-14,Email
14247,Customer_14247,Female,32,Delhi,Delhi,Consumer,2025-07-04,Email
14248,Customer_14248,Male,30,Nashik,Maharashtra,Consumer,2022-10-15,Social Media
14249,Customer_14249,Male,51,Surat,Gujarat,Corporate,2025-04-17,Organic Search
14250,Customer_14250,Male,21,Ludhiana,Punjab,Consumer,2022-01-11,Social Media
14251,Customer_14251,Female,52,Mysuru,Karnataka,Consumer,2022-09-15,Social Media
14252,Customer_14252,Female,36,Nashik,Maharashtra,Corporate,2025-11-06,Social Media
14253,Customer_14253,Male,48,Bengaluru,Karnataka,Consumer,2022-05-20,Organic Search
14254,Customer_14254,Female,42,Hyderabad,Telangana,Corporate,2023-04-19,Organic Search
14255,Customer_14255,Female,57,Mumbai,Maharashtra,Consumer,2025-06-08,Social Media
14256,Customer_14256,Female,29,Jaipur,Rajasthan,Consumer,2024-10-30,Social Media
14257,Customer_14257,Female,29,Amritsar,Punjab,Consumer,2025-05-05,Email
14258,Customer_14258,Female,59,Coimbatore,Tamil Nadu,Home Office,2023-05-15,Organic Search
14259,Customer_14259,Male,42,Bengaluru,Karnataka,Home Office,2025-10-03,Direct
14260,Customer_14260,Male,50,Chennai,Tamil Nadu,Home Office,2024-10-04,Direct
14261,Customer_14261,Female,54,Mumbai,Maharashtra,Consumer,2024-10-18,Organic Search
14262,Customer_14262,Male,45,Indore,Madhya Pradesh,Corporate,2024-11-23,Organic Search
14263,Customer_14263,Male,60,Coimbatore,Tamil Nadu,Consumer,2024-07-03,Organic Search
14264,Customer_14264,Female,26,Chennai,Tamil Nadu,Consumer,2024-03-02,Social Media
14265,Customer_14265,Female,31,Udaipur,Rajasthan,Corporate,2024-10-24,Social Media
14266,Customer_14266,Female,20,Chennai,Tamil Nadu,Consumer,2022-09-13,Social Media
14267,Customer_14267,Male,22,Udaipur,Rajasthan,Consumer,2023-01-01,Paid Ads
14268,Customer_14268,Male,43,Pune,Maharashtra,Consumer,2023-12-25,Referral
14269,Customer_14269,Male,58,Noida,Uttar Pradesh,Corporate,2022-02-10,Social Media
14270,Customer_14270,Male,35,Gurugram,Haryana,Consumer,2025-03-31,Paid Ads
14271,Customer_14271,Female,55,Udaipur,Rajasthan,Consumer,2023-10-25,Social Media
14272,Customer_14272,Male,38,Gurugram,Haryana,Home Office,2022-01-15,Social Media
14273,Customer_14273,Male,56,Pune,Maharashtra,Consumer,2024-05-05,Social Media
14274,Customer_14274,Female,33,Warangal,Telangana,Consumer,2024-01-22,Social Media
14275,Customer_14275,Male,57,Ahmedabad,Gujarat,Consumer,2024-06-11,Paid Ads
14276,Customer_14276,Female,40,Vadodara,Gujarat,Corporate,2024-12-26,Organic Search
14277,Customer_14277,Male,46,Coimbatore,Tamil Nadu,Consumer,2024-04-27,Paid Ads
14278,Customer_14278,Other,27,Mysuru,Karnataka,Consumer,2022-11-06,Direct
14279,Customer_14279,Male,22,Nagpur,Maharashtra,Consumer,2022-08-04,Organic Search
14280,Customer_14280,Female,28,Coimbatore,Tamil Nadu,Consumer,2023-10-19,Paid Ads
14281,Customer_14281,Male,46,Nagpur,Maharashtra,Consumer,2023-06-14,Referral
14282,Customer_14282,Female,44,Kolkata,West Bengal,Consumer,2022-03-01,Organic Search
14283,Customer_14283,Male,51,New Delhi,Delhi,Consumer,2023-08-24,Organic Search
14284,Customer_14284,Male,31,Nagpur,Maharashtra,Home Office,2022-02-24,Direct
14285,Customer_14285,Female,58,Vadodara,Gujarat,Corporate,2023-11-26,Paid Ads
14286,Customer_14286,Male,59,Ahmedabad,Gujarat,Home Office,2025-12-12,Referral
14287,Customer_14287,Male,27,Indore,Madhya Pradesh,Consumer,2024-03-20,Direct
14288,Customer_14288,Male,59,Ahmedabad,Gujarat,Consumer,2023-04-05,Social Media
14289,Customer_14289,Female,28,Mysuru,Karnataka,Consumer,2024-11-22,Organic Search
14290,Customer_14290,Male,28,Lucknow,Uttar Pradesh,Home Office,2025-05-26,Social Media
14291,Customer_14291,Male,52,Ahmedabad,Gujarat,Consumer,2024-07-31,Organic Search
14292,Customer_14292,Male,36,Nashik,Maharashtra,Home Office,2023-10-31,Direct
14293,Customer_14293,Female,41,Surat,Gujarat,Consumer,2024-01-09,Paid Ads
14294,Customer_14294,Female,18,Faridabad,Haryana,Consumer,2024-01-11,Referral
14295,Customer_14295,Male,29,Coimbatore,Tamil Nadu,Consumer,2023-09-07,Email
14296,Customer_14296,Male,31,Mysuru,Karnataka,Consumer,2024-09-30,Referral
14297,Customer_14297,Male,20,Mumbai,Maharashtra,Consumer,2023-06-07,Organic Search
14298,Customer_14298,Male,49,Nagpur,Maharashtra,Consumer,2025-11-14,Organic Search
14299,Customer_14299,Male,33,Coimbatore,Tamil Nadu,Consumer,2023-06-12,Referral
14300,Customer_14300,Male,55,Ahmedabad,Gujarat,Consumer,2024-01-07,Email
14301,Customer_14301,Male,27,Mumbai,Maharashtra,Consumer,2025-09-16,Organic Search
14302,Customer_14302,Female,34,Gurugram,Haryana,Corporate,2022-06-11,Paid Ads
14303,Customer_14303,Male,57,Kanpur,Uttar Pradesh,Consumer,2025-06-19,Organic Search
14304,Customer_14304,Female,21,Vadodara,Gujarat,Consumer,2025-03-27,Social Media
14305,Customer_14305,Male,32,Kanpur,Uttar Pradesh,Consumer,2025-06-26,Organic Search
14306,Customer_14306,Male,50,Nagpur,Maharashtra,Home Office,2023-09-12,Referral
14307,Customer_14307,Female,56,Warangal,Telangana,Consumer,2024-07-14,Organic Search
14308,Customer_14308,Male,27,Vadodara,Gujarat,Home Office,2022-04-12,Email
14309,Customer_14309,Male,24,Kanpur,Uttar Pradesh,Consumer,2024-07-12,Direct
14310,Customer_14310,Female,50,Kanpur,Uttar Pradesh,Consumer,2023-07-20,Organic Search
14311,Customer_14311,Male,34,Mysuru,Karnataka,Consumer,2023-04-23,Referral
14312,Customer_14312,Male,29,Faridabad,Haryana,Consumer,2022-04-08,Paid Ads
14313,Customer_14313,Male,34,Nagpur,Maharashtra,Consumer,2024-10-16,Organic Search
14314,Customer_14314,Male,33,Bhopal,Madhya Pradesh,Corporate,2025-09-16,Referral
14315,Customer_14315,Female,31,Amritsar,Punjab,Consumer,2022-06-17,Direct
14316,Customer_14316,Male,20,New Delhi,Delhi,Consumer,2025-02-19,Referral
14317,Customer_14317,Male,47,Kolkata,West Bengal,Corporate,2022-03-06,Referral
14318,Customer_14318,Male,58,Nashik,Maharashtra,Consumer,2025-08-13,Social Media
14319,Customer_14319,Male,52,Chennai,Tamil Nadu,Consumer,2022-09-06,Referral
14320,Customer_14320,Female,43,Warangal,Telangana,Home Office,2025-11-08,Email
14321,Customer_14321,Male,29,Vadodara,Gujarat,Consumer,2025-07-31,Social Media
14322,Customer_14322,Female,48,Faridabad,Haryana,Consumer,2024-11-25,Paid Ads
14323,Customer_14323,Female,34,Jaipur,Rajasthan,Corporate,2025-11-14,Referral
14324,Customer_14324,Female,54,Hyderabad,Telangana,Consumer,2022-02-06,Organic Search
14325,Customer_14325,Male,25,Lucknow,Uttar Pradesh,Corporate,2024-11-06,Social Media
14326,Customer_14326,,36,Gurugram,Haryana,Consumer,2022-12-12,Social Media
14327,Customer_14327,Female,43,Nashik,Maharashtra,Consumer,2023-08-01,Social Media
14328,Customer_14328,Female,21,Ludhiana,Punjab,Consumer,2024-01-12,Organic Search
14329,Customer_14329,Male,32,Mumbai,Maharashtra,Consumer,2024-05-10,Organic Search
14330,Customer_14330,Male,31,Noida,Uttar Pradesh,Consumer,2025-09-24,Social Media
14331,Customer_14331,Male,47,Bengaluru,Karnataka,Consumer,2024-03-21,Referral
14332,Customer_14332,Female,59,Nashik,Maharashtra,Corporate,2024-11-08,Referral
14333,Customer_14333,Male,41,Chennai,Tamil Nadu,Corporate,2025-09-30,Direct
14334,Customer_14334,Female,60,Udaipur,Rajasthan,Corporate,2025-10-03,Referral
14335,Customer_14335,Female,51,Coimbatore,Tamil Nadu,Corporate,2022-04-26,Paid Ads
14336,Customer_14336,Female,36,Mumbai,Maharashtra,Consumer,2024-11-15,Social Media
14337,Customer_14337,Female,20,Surat,Gujarat,Home Office,2024-03-16,Referral
14338,Customer_14338,Male,21,Indore,Madhya Pradesh,Consumer,2024-11-05,Referral
14339,Customer_14339,Female,28,Chennai,Tamil Nadu,Consumer,2022-05-12,Referral
14340,Customer_14340,Female,30,Delhi,Delhi,Corporate,2023-11-02,Social Media
14341,Customer_14341,Female,35,Chennai,Tamil Nadu,Consumer,2024-12-18,Direct
14342,Customer_14342,Male,36,Mumbai,Maharashtra,Corporate,2024-04-14,Referral
14343,Customer_14343,Female,50,Lucknow,Uttar Pradesh,Consumer,2023-12-15,Social Media
14344,Customer_14344,Male,55,Lucknow,Uttar Pradesh,Consumer,2022-11-14,Paid Ads
14345,Customer_14345,Male,20,Surat,Gujarat,Consumer,2022-07-14,Organic Search
14346,Customer_14346,Female,52,Bengaluru,Karnataka,Consumer,2022-10-03,Direct
14347,Customer_14347,Male,18,Kanpur,Uttar Pradesh,Home Office,2023-06-29,Paid Ads
14348,Customer_14348,Female,52,Surat,Gujarat,Home Office,2025-09-14,Organic Search
14349,Customer_14349,Male,53,Kanpur,Uttar Pradesh,Consumer,2024-02-25,Email
14350,Customer_14350,Female,55,Ahmedabad,Gujarat,Consumer,2023-02-24,Organic Search
14351,Customer_14351,Male,56,Lucknow,Uttar Pradesh,Consumer,2023-09-28,Referral
14352,Customer_14352,Female,42,Ahmedabad,Gujarat,Corporate,2022-06-11,Organic Search
14353,Customer_14353,Male,57,Coimbatore,Tamil Nadu,Consumer,2024-12-03,Paid Ads
14354,Customer_14354,Female,30,Amritsar,Punjab,Home Office,2025-01-23,Paid Ads
14355,Customer_14355,Female,21,Ahmedabad,Gujarat,Consumer,2023-07-13,Email
14356,Customer_14356,Male,23,Ahmedabad,Gujarat,Home Office,2022-11-25,Social Media
14357,Customer_14357,Male,28,Delhi,Delhi,Consumer,2025-12-01,Referral
14358,Customer_14358,Female,18,Ahmedabad,Gujarat,Corporate,2023-09-08,Organic Search
14359,Customer_14359,Female,25,Ahmedabad,Gujarat,Consumer,2024-06-07,Referral
14360,Customer_14360,Female,51,New Delhi,Delhi,Corporate,2024-12-13,Referral
14361,Customer_14361,Female,57,Pune,Maharashtra,Corporate,2023-04-20,Email
14362,Customer_14362,Male,26,Ahmedabad,Gujarat,Consumer,2024-02-05,Paid Ads
14363,Customer_14363,Male,53,Lucknow,Uttar Pradesh,Consumer,2025-08-03,Paid Ads
14364,Customer_14364,Male,56,Warangal,Telangana,Home Office,2025-11-15,Organic Search
14365,Customer_14365,Male,59,Delhi,Delhi,Home Office,2025-11-09,Referral
14366,Customer_14366,Female,54,Udaipur,Rajasthan,Consumer,2023-10-05,Direct
14367,Customer_14367,Male,59,Mumbai,Maharashtra,Consumer,2025-06-02,Paid Ads
14368,Customer_14368,Female,38,Chennai,Tamil Nadu,Consumer,2025-01-27,Email
14369,Customer_14369,Female,37,Nashik,Maharashtra,Corporate,2022-08-04,Social Media
14370,Customer_14370,Female,55,New Delhi,Delhi,Consumer,2022-08-19,Email
14371,Customer_14371,Female,18,New Delhi,Delhi,Consumer,2024-08-22,Email
14372,Customer_14372,Male,52,Chennai,Tamil Nadu,Consumer,2024-06-19,Referral
14373,Customer_14373,Female,45,Nagpur,Maharashtra,Consumer,2025-10-19,Referral
14374,Customer_14374,Male,24,Coimbatore,Tamil Nadu,Consumer,2024-09-29,Organic Search
14375,Customer_14375,Male,60,Warangal,Telangana,Consumer,2024-11-01,Email
14376,Customer_14376,Female,26,Hyderabad,Telangana,Consumer,2024-02-01,Organic Search
14377,Customer_14377,Male,18,Coimbatore,Tamil Nadu,Corporate,2023-01-29,Social Media
14378,Customer_14378,Other,53,Kanpur,Uttar Pradesh,Home Office,2022-01-26,Paid Ads
14379,Customer_14379,Female,51,Mumbai,Maharashtra,Consumer,2024-05-12,Social Media
14380,Customer_14380,Female,51,Warangal,Telangana,Consumer,2024-10-18,Referral
14381,Customer_14381,Male,34,Nashik,Maharashtra,Consumer,2022-01-21,Organic Search
14382,Customer_14382,Female,49,Mumbai,Maharashtra,Corporate,2025-06-26,Organic Search
14383,Customer_14383,Male,19,Ahmedabad,Gujarat,Corporate,2025-05-28,Paid Ads
14384,Customer_14384,Female,53,Vadodara,Gujarat,Corporate,2025-06-24,Social Media
14385,Customer_14385,Male,42,Indore,Madhya Pradesh,Home Office,2024-05-09,Referral
14386,Customer_14386,Female,60,Surat,Gujarat,Consumer,2022-04-16,Social Media
14387,Customer_14387,Male,43,Ludhiana,Punjab,Consumer,2025-10-26,Direct
14388,Customer_14388,Male,43,Nagpur,Maharashtra,Consumer,2024-05-10,Email
14389,Customer_14389,Male,38,Nashik,Maharashtra,Corporate,2022-10-03,Organic Search
14390,Customer_14390,Male,35,Nagpur,Maharashtra,Consumer,2024-05-03,Direct
14391,Customer_14391,Female,46,Delhi,Delhi,Home Office,2023-07-10,Email
14392,Customer_14392,Male,41,Vadodara,Gujarat,Corporate,2023-04-04,Organic Search
14393,Customer_14393,Male,45,Udaipur,Rajasthan,Corporate,2023-10-24,Organic Search
14394,Customer_14394,Female,29,Mumbai,Maharashtra,Consumer,2022-02-21,Email
14395,Customer_14395,Male,28,Gurugram,Haryana,Consumer,2022-07-30,Paid Ads
14396,Customer_14396,Male,44,Indore,Madhya Pradesh,Corporate,2022-10-19,Organic Search
14397,Customer_14397,Female,40,Mysuru,Karnataka,Consumer,2022-07-19,Direct
14398,Customer_14398,Male,50,Pune,Maharashtra,Consumer,2023-06-01,Direct
14399,Customer_14399,Male,33,New Delhi,Delhi,Home Office,2022-10-08,Organic Search
14400,Customer_14400,Male,45,Nagpur,Maharashtra,Home Office,2022-06-19,Social Media
14401,Customer_14401,Male,45,Mumbai,Maharashtra,Consumer,2024-10-24,Organic Search
14402,Customer_14402,Female,55,Hyderabad,Telangana,Corporate,2022-10-17,Social Media
14403,Customer_14403,Male,23,Delhi,Delhi,Consumer,2022-03-27,Social Media
14404,Customer_14404,,59,Mysuru,Karnataka,Consumer,2025-03-29,Organic Search
14405,Customer_14405,Male,46,Amritsar,Punjab,Consumer,2022-06-08,Social Media
14406,Customer_14406,Male,51,Kolkata,West Bengal,Corporate,2025-12-07,Organic Search
14407,Customer_14407,Male,20,Gurugram,Haryana,Consumer,2024-10-27,Direct
14408,Customer_14408,Female,23,Mumbai,Maharashtra,Consumer,2023-12-19,Email
14409,Customer_14409,Female,55,Coimbatore,Tamil Nadu,Consumer,2022-11-07,Paid Ads
14410,Customer_14410,Male,30,Ahmedabad,Gujarat,Home Office,2025-12-25,Paid Ads
14411,Customer_14411,Other,53,Nashik,Maharashtra,Consumer,2025-10-05,Organic Search
14412,Customer_14412,Male,32,Pune,Maharashtra,Consumer,2025-06-02,Referral
14413,Customer_14413,Male,23,Udaipur,Rajasthan,Consumer,2023-07-14,Referral
14414,Customer_14414,Male,50,Udaipur,Rajasthan,Consumer,2025-11-20,Direct
14415,Customer_14415,Male,58,Chennai,Tamil Nadu,Consumer,2025-04-06,Referral
14416,Customer_14416,Male,29,Warangal,Telangana,Corporate,2024-05-17,Paid Ads
14417,Customer_14417,Male,60,Chennai,Tamil Nadu,Consumer,2025-05-22,Social Media
14418,Customer_14418,Male,30,Nashik,Maharashtra,Home Office,2023-08-14,Referral
14419,Customer_14419,Male,50,Mysuru,Karnataka,Consumer,2023-10-11,Social Media
14420,Customer_14420,Male,45,Delhi,Delhi,Consumer,2025-05-17,Direct
14421,Customer_14421,Male,53,Pune,Maharashtra,Consumer,2024-12-20,Organic Search
14422,Customer_14422,Female,22,Gurugram,Haryana,Consumer,2024-06-10,Organic Search
14423,Customer_14423,Male,42,Vadodara,Gujarat,Home Office,2024-09-26,Direct
14424,Customer_14424,Female,34,Kolkata,West Bengal,Corporate,2022-07-04,Direct
14425,Customer_14425,Female,54,Bengaluru,Karnataka,Consumer,2023-06-17,Referral
14426,Customer_14426,Male,36,Chennai,Tamil Nadu,Consumer,2022-06-13,Paid Ads
14427,Customer_14427,Male,52,Delhi,Delhi,Consumer,2025-05-13,Organic Search
14428,Customer_14428,Male,60,Mumbai,Maharashtra,Consumer,2023-08-19,Paid Ads
14429,Customer_14429,Female,51,New Delhi,Delhi,Corporate,2025-01-19,Social Media
14430,Customer_14430,Male,23,Lucknow,Uttar Pradesh,Corporate,2025-09-12,Email
14431,Customer_14431,Male,36,Jaipur,Rajasthan,Consumer,2024-08-23,Referral
14432,Customer_14432,Male,18,Ahmedabad,Gujarat,Consumer,2025-08-04,Paid Ads
14433,Customer_14433,Female,24,Hyderabad,Telangana,Consumer,2024-06-12,Social Media
14434,Customer_14434,,51,Faridabad,Haryana,Home Office,2025-07-10,Paid Ads
14435,Customer_14435,Female,36,Nashik,Maharashtra,Consumer,2024-02-04,Organic Search
14436,Customer_14436,Male,50,Bengaluru,Karnataka,Consumer,2024-01-26,Direct
14437,Customer_14437,Female,43,Mysuru,Karnataka,Consumer,2025-06-07,Paid Ads
14438,Customer_14438,Female,58,Kanpur,Uttar Pradesh,Consumer,2024-10-02,Social Media
14439,Customer_14439,Male,59,Ludhiana,Punjab,Consumer,2022-11-17,Referral
14440,Customer_14440,Female,44,New Delhi,Delhi,Corporate,2024-08-31,Referral
14441,Customer_14441,Female,55,Bhopal,Madhya Pradesh,Home Office,2024-06-24,Email
14442,Customer_14442,Male,43,Noida,Uttar Pradesh,Consumer,2024-08-16,Referral
14443,Customer_14443,Male,52,Delhi,Delhi,Consumer,2022-03-31,Referral
14444,Customer_14444,Female,37,Coimbatore,Tamil Nadu,Corporate,2025-05-06,Referral
14445,Customer_14445,Female,41,Coimbatore,Tamil Nadu,Corporate,2024-05-26,Paid Ads
14446,Customer_14446,Female,38,Amritsar,Punjab,Consumer,2022-05-26,Social Media
14447,Customer_14447,Female,43,New Delhi,Delhi,Corporate,2022-12-07,Organic Search
14448,Customer_14448,Female,37,Noida,Uttar Pradesh,Corporate,2023-03-22,Social Media
14449,Customer_14449,Male,23,Bengaluru,Karnataka,Consumer,2025-04-09,Social Media
14450,Customer_14450,Female,20,Kolkata,West Bengal,Consumer,2025-05-22,Organic Search
14451,Customer_14451,Male,27,Chennai,Tamil Nadu,Corporate,2023-10-28,Paid Ads
14452,Customer_14452,Female,29,Surat,Gujarat,Consumer,2024-11-04,Email
14453,Customer_14453,Female,50,Lucknow,Uttar Pradesh,Consumer,2025-10-31,Organic Search
14454,Customer_14454,Female,39,Lucknow,Uttar Pradesh,Consumer,2023-09-25,Social Media
14455,Customer_14455,Male,33,Indore,Madhya Pradesh,Consumer,2024-11-13,Social Media
14456,Customer_14456,Male,34,Nashik,Maharashtra,Corporate,2024-11-02,Referral
14457,Customer_14457,Male,27,Kolkata,West Bengal,Consumer,2023-12-04,Social Media
14458,Customer_14458,Female,29,Pune,Maharashtra,Consumer,2022-09-02,Email
14459,Customer_14459,Female,36,Chennai,Tamil Nadu,Corporate,2022-03-19,Social Media
14460,Customer_14460,Male,57,Ahmedabad,Gujarat,Consumer,2022-12-07,Organic Search
14461,Customer_14461,Female,40,Coimbatore,Tamil Nadu,Corporate,2023-09-11,Paid Ads
14462,Customer_14462,Female,57,Hyderabad,Telangana,Consumer,2022-12-17,Email
14463,Customer_14463,Male,27,Ludhiana,Punjab,Consumer,2022-10-01,Referral
14464,Customer_14464,Male,27,Pune,Maharashtra,Consumer,2023-09-20,Paid Ads
14465,Customer_14465,Female,27,Udaipur,Rajasthan,Home Office,2022-05-05,Organic Search
14466,Customer_14466,Female,56,Coimbatore,Tamil Nadu,Corporate,2023-09-09,Email
14467,Customer_14467,Female,47,Pune,Maharashtra,Consumer,2023-07-30,Organic Search
14468,Customer_14468,Male,21,Pune,Maharashtra,Home Office,2025-09-08,Email
14469,Customer_14469,Other,18,Gurugram,Haryana,Corporate,2022-06-22,Social Media
14470,Customer_14470,Male,60,Indore,Madhya Pradesh,Consumer,2024-09-17,Organic Search
14471,Customer_14471,Male,36,Gurugram,Haryana,Consumer,2023-08-03,Organic Search
14472,Customer_14472,Male,22,Amritsar,Punjab,Consumer,2023-08-19,Direct
14473,Customer_14473,Male,47,Delhi,Delhi,Consumer,2024-11-14,Social Media
14474,Customer_14474,Male,43,Bengaluru,Karnataka,Consumer,2023-01-25,Paid Ads
14475,Customer_14475,Male,57,Jaipur,Rajasthan,Consumer,2025-08-03,Social Media
14476,Customer_14476,Female,51,Hyderabad,Telangana,Consumer,2025-03-24,Referral
14477,Customer_14477,Female,19,Chennai,Tamil Nadu,Consumer,2023-11-27,Referral
14478,Customer_14478,Male,41,Mysuru,Karnataka,Consumer,2025-07-21,Referral
14479,Customer_14479,Female,31,Ahmedabad,Gujarat,Consumer,2025-06-03,Direct
14480,Customer_14480,Male,58,Surat,Gujarat,Consumer,2024-11-29,Referral
14481,Customer_14481,Female,59,Nagpur,Maharashtra,Consumer,2022-09-13,Referral
14482,Customer_14482,Female,30,Warangal,Telangana,Home Office,2025-07-31,Social Media
14483,Customer_14483,Male,46,Surat,Gujarat,Consumer,2025-06-04,Organic Search
14484,Customer_14484,Female,18,Surat,Gujarat,Consumer,2022-11-27,Social Media
14485,Customer_14485,Female,51,Delhi,Delhi,Consumer,2022-11-16,Referral
14486,Customer_14486,Male,21,Kanpur,Uttar Pradesh,Consumer,2022-08-21,Social Media
14487,Customer_14487,Female,45,Nagpur,Maharashtra,Corporate,2024-07-19,Social Media
14488,Customer_14488,Female,36,Bengaluru,Karnataka,Consumer,2023-12-29,Email
14489,Customer_14489,Male,18,Noida,Uttar Pradesh,Consumer,2024-10-14,Social Media
14490,Customer_14490,Female,53,Vadodara,Gujarat,Consumer,2023-02-24,Referral
14491,Customer_14491,Other,60,New Delhi,Delhi,Consumer,2023-05-24,Direct
14492,Customer_14492,Male,30,Kolkata,West Bengal,Consumer,2022-12-30,Referral
14493,Customer_14493,Male,59,Vadodara,Gujarat,Consumer,2025-02-13,Social Media
14494,Customer_14494,Male,22,Noida,Uttar Pradesh,Consumer,2024-02-27,Referral
14495,Customer_14495,Female,50,Kolkata,West Bengal,Corporate,2023-01-23,Email
14496,Customer_14496,Female,31,Surat,Gujarat,Consumer,2025-06-10,Organic Search
14497,Customer_14497,Male,33,Hyderabad,Telangana,Consumer,2022-07-31,Email
14498,Customer_14498,Other,49,Nagpur,Maharashtra,Consumer,2022-12-17,Organic Search
14499,Customer_14499,Female,44,New Delhi,Delhi,Home Office,2025-06-28,Direct
14500,Customer_14500,Female,52,Coimbatore,Tamil Nadu,Consumer,2024-10-04,Organic Search
14501,Customer_14501,Male,20,Ahmedabad,Gujarat,Consumer,2024-03-19,Social Media
14502,Customer_14502,Male,21,Warangal,Telangana,Consumer,2023-08-28,Direct
14503,Customer_14503,Female,24,Mysuru,Karnataka,Consumer,2023-10-06,Organic Search
14504,Customer_14504,Female,30,Pune,Maharashtra,Consumer,2023-05-12,Referral
14505,Customer_14505,Female,58,Warangal,Telangana,Home Office,2024-02-05,Paid Ads
14506,Customer_14506,Female,20,Bengaluru,Karnataka,Consumer,2022-08-05,Organic Search
14507,Customer_14507,Male,34,Kolkata,West Bengal,Home Office,2024-01-12,Referral
14508,Customer_14508,Female,27,Nagpur,Maharashtra,Consumer,2022-05-15,Paid Ads
14509,Customer_14509,Male,18,Vadodara,Gujarat,Corporate,2025-01-18,Direct
14510,Customer_14510,Male,45,Faridabad,Haryana,Consumer,2025-03-28,Organic Search
14511,Customer_14511,Male,27,New Delhi,Delhi,Consumer,2023-08-17,Email
14512,Customer_14512,Male,24,Hyderabad,Telangana,Home Office,2025-07-01,Referral
14513,Customer_14513,Male,56,Pune,Maharashtra,Consumer,2022-01-02,Paid Ads
14514,Customer_14514,Female,20,Surat,Gujarat,Home Office,2024-03-02,Paid Ads
14515,Customer_14515,Female,24,Surat,Gujarat,Consumer,2023-06-15,Paid Ads
14516,Customer_14516,Male,26,Coimbatore,Tamil Nadu,Home Office,2024-05-07,Direct
14517,Customer_14517,Female,57,Hyderabad,Telangana,Consumer,2024-10-04,Organic Search
14518,Customer_14518,Male,52,Bhopal,Madhya Pradesh,Corporate,2023-05-22,Organic Search
14519,Customer_14519,Male,43,New Delhi,Delhi,Consumer,2022-10-19,Direct
14520,Customer_14520,Female,22,Pune,Maharashtra,Consumer,2023-06-22,Social Media
14521,Customer_14521,Female,30,Indore,Madhya Pradesh,Corporate,2022-11-05,Social Media
14522,Customer_14522,Female,47,Vadodara,Gujarat,Corporate,2022-07-06,Referral
14523,Customer_14523,Male,57,Indore,Madhya Pradesh,Consumer,2024-03-17,Social Media
14524,Customer_14524,Female,56,Ahmedabad,Gujarat,Consumer,2022-04-28,Referral
14525,Customer_14525,Female,27,Noida,Uttar Pradesh,Consumer,2022-02-18,Email
14526,Customer_14526,Female,59,Coimbatore,Tamil Nadu,Consumer,2024-03-11,Social Media
14527,Customer_14527,Male,40,Noida,Uttar Pradesh,Consumer,2024-08-11,Organic Search
14528,Customer_14528,Female,28,Gurugram,Haryana,Corporate,2023-01-31,Organic Search
14529,Customer_14529,Female,29,Ahmedabad,Gujarat,Consumer,2024-11-08,Paid Ads
14530,Customer_14530,Other,30,New Delhi,Delhi,Consumer,2024-04-07,Organic Search
14531,Customer_14531,Male,57,Delhi,Delhi,Home Office,2025-04-07,Organic Search
14532,Customer_14532,Male,33,New Delhi,Delhi,Consumer,2023-12-03,Direct
14533,Customer_14533,Male,26,New Delhi,Delhi,Consumer,2025-10-10,Paid Ads
14534,Customer_14534,Male,27,Mysuru,Karnataka,Corporate,2023-06-21,Organic Search
14535,Customer_14535,Male,46,Vadodara,Gujarat,Corporate,2025-08-26,Referral
14536,Customer_14536,Male,26,Surat,Gujarat,Corporate,2023-12-01,Referral
14537,Customer_14537,Female,50,Coimbatore,Tamil Nadu,Corporate,2023-01-30,Paid Ads
14538,Customer_14538,Male,41,Ahmedabad,Gujarat,Consumer,2025-07-05,Social Media
14539,Customer_14539,Male,52,Nagpur,Maharashtra,Consumer,2022-05-15,Organic Search
14540,Customer_14540,Male,28,Mumbai,Maharashtra,Corporate,2025-12-25,Social Media
14541,Customer_14541,Male,56,New Delhi,Delhi,Consumer,2022-12-12,Paid Ads
14542,Customer_14542,Female,30,Hyderabad,Telangana,Consumer,2023-07-11,Direct
14543,Customer_14543,Female,40,Delhi,Delhi,Corporate,2025-02-24,Email
14544,Customer_14544,Female,42,Bengaluru,Karnataka,Corporate,2022-09-12,Organic Search
14545,Customer_14545,Male,33,Chennai,Tamil Nadu,Consumer,2024-04-28,Organic Search
14546,Customer_14546,Female,38,Noida,Uttar Pradesh,Home Office,2025-04-30,Referral
14547,Customer_14547,Male,27,Pune,Maharashtra,Corporate,2025-08-17,Organic Search
14548,Customer_14548,Female,58,Udaipur,Rajasthan,Home Office,2022-08-16,Referral
14549,Customer_14549,Male,57,Jaipur,Rajasthan,Home Office,2022-06-28,Social Media
14550,Customer_14550,Female,36,Noida,Uttar Pradesh,Consumer,2025-03-10,Paid Ads
14551,Customer_14551,Female,52,Faridabad,Haryana,Corporate,2025-03-25,Organic Search
14552,Customer_14552,Male,45,Nashik,Maharashtra,Consumer,2025-07-27,Organic Search
14553,Customer_14553,Male,58,Nagpur,Maharashtra,Corporate,2023-11-01,Direct
14554,Customer_14554,Female,19,Bhopal,Madhya Pradesh,Corporate,2022-05-10,Social Media
14555,Customer_14555,Male,47,Coimbatore,Tamil Nadu,Consumer,2025-08-01,Direct
14556,Customer_14556,Male,57,Ahmedabad,Gujarat,Consumer,2022-08-24,Organic Search
14557,Customer_14557,Male,57,Udaipur,Rajasthan,Consumer,2025-03-10,Paid Ads
14558,Customer_14558,Male,22,Jaipur,Rajasthan,Corporate,2024-09-10,Organic Search
14559,Customer_14559,Female,55,Gurugram,Haryana,Corporate,2024-04-08,Paid Ads
14560,Customer_14560,Male,59,Amritsar,Punjab,Consumer,2022-06-28,Organic Search
14561,Customer_14561,Male,32,Kolkata,West Bengal,Consumer,2022-10-29,Social Media
14562,Customer_14562,Female,53,Bengaluru,Karnataka,Corporate,2025-11-16,Referral
14563,Customer_14563,Female,20,Bhopal,Madhya Pradesh,Consumer,2023-12-28,Organic Search
14564,Customer_14564,Male,41,Pune,Maharashtra,Consumer,2023-09-13,Organic Search
14565,Customer_14565,Female,58,Delhi,Delhi,Consumer,2025-04-02,Email
14566,Customer_14566,Male,58,Bhopal,Madhya Pradesh,Home Office,2025-08-12,Social Media
14567,Customer_14567,Male,29,New Delhi,Delhi,Corporate,2022-01-15,Direct
14568,Customer_14568,Female,25,Delhi,Delhi,Consumer,2025-08-09,Organic Search
14569,Customer_14569,Female,31,Pune,Maharashtra,Consumer,2023-08-29,Paid Ads
14570,Customer_14570,Male,35,Bhopal,Madhya Pradesh,Consumer,2023-07-17,Organic Search
14571,Customer_14571,Male,37,Hyderabad,Telangana,Corporate,2025-07-22,Paid Ads
14572,Customer_14572,Male,40,Jaipur,Rajasthan,Consumer,2024-11-26,Organic Search
14573,Customer_14573,Male,22,Delhi,Delhi,Consumer,2022-02-11,Email
14574,Customer_14574,Male,18,Kanpur,Uttar Pradesh,Consumer,2023-08-27,Referral
14575,Customer_14575,Male,19,Lucknow,Uttar Pradesh,Home Office,2025-04-10,Email
14576,Customer_14576,Female,33,Mysuru,Karnataka,Consumer,2025-10-06,Referral
14577,Customer_14577,Female,22,Coimbatore,Tamil Nadu,Consumer,2025-04-02,Email
14578,Customer_14578,Male,39,Delhi,Delhi,Corporate,2024-12-14,Email
14579,Customer_14579,Female,18,Amritsar,Punjab,Home Office,2024-10-08,Social Media
14580,Customer_14580,Male,29,Udaipur,Rajasthan,Consumer,2022-11-23,Paid Ads
14581,Customer_14581,Male,36,Gurugram,Haryana,Consumer,2025-04-21,Organic Search
14582,Customer_14582,Male,39,Mysuru,Karnataka,Consumer,2022-07-06,Social Media
14583,Customer_14583,Female,59,Noida,Uttar Pradesh,Consumer,2023-02-10,Organic Search
14584,Customer_14584,Male,34,Noida,Uttar Pradesh,Consumer,2025-02-17,Organic Search
14585,Customer_14585,Female,30,Kolkata,West Bengal,Consumer,2023-03-26,Direct
14586,Customer_14586,Female,56,Amritsar,Punjab,Consumer,2025-03-16,Direct
14587,Customer_14587,Male,45,Coimbatore,Tamil Nadu,Home Office,2025-01-22,Organic Search
14588,Customer_14588,Male,20,Mumbai,Maharashtra,Consumer,2022-01-28,Email
14589,Customer_14589,Female,22,Udaipur,Rajasthan,Consumer,2022-04-05,Email
14590,Customer_14590,Female,53,Kolkata,West Bengal,Consumer,2025-06-22,Direct
14591,Customer_14591,Female,32,Ahmedabad,Gujarat,Consumer,2023-04-11,Social Media
14592,Customer_14592,Male,34,Delhi,Delhi,Consumer,2022-04-16,Direct
14593,Customer_14593,Female,46,Warangal,Telangana,Home Office,2024-05-30,Paid Ads
14594,Customer_14594,Male,21,Mysuru,Karnataka,Consumer,2023-06-15,Paid Ads
14595,Customer_14595,Other,49,Chennai,Tamil Nadu,Corporate,2022-07-16,Organic Search
14596,Customer_14596,Female,60,Udaipur,Rajasthan,Consumer,2022-06-18,Social Media
14597,Customer_14597,Female,55,Noida,Uttar Pradesh,Consumer,2024-10-23,Paid Ads
14598,Customer_14598,Male,21,Delhi,Delhi,Consumer,2023-07-28,Email
14599,Customer_14599,Female,30,Coimbatore,Tamil Nadu,Consumer,2024-07-06,Organic Search
14600,Customer_14600,Male,37,Delhi,Delhi,Home Office,2025-07-19,Social Media
14601,Customer_14601,Male,35,New Delhi,Delhi,Home Office,2025-06-18,Organic Search
14602,Customer_14602,Male,59,Noida,Uttar Pradesh,Consumer,2025-03-10,Organic Search
14603,Customer_14603,Female,54,Faridabad,Haryana,Consumer,2024-06-16,Organic Search
14604,Customer_14604,Female,29,Mysuru,Karnataka,Consumer,2024-10-12,Direct
14605,Customer_14605,Male,42,Lucknow,Uttar Pradesh,Home Office,2023-06-12,Social Media
14606,Customer_14606,Female,47,Indore,Madhya Pradesh,Consumer,2024-02-03,Social Media
14607,Customer_14607,Male,32,Bhopal,Madhya Pradesh,Consumer,2025-04-25,Organic Search
14608,Customer_14608,Male,53,New Delhi,Delhi,Consumer,2025-12-20,Paid Ads
14609,Customer_14609,Male,25,Faridabad,Haryana,Consumer,2023-04-24,Organic Search
14610,Customer_14610,Female,45,Mysuru,Karnataka,Consumer,2024-09-17,Paid Ads
14611,Customer_14611,Female,39,Bengaluru,Karnataka,Consumer,2022-10-24,Organic Search
14612,Customer_14612,Male,55,Nashik,Maharashtra,Consumer,2025-04-02,Social Media
14613,Customer_14613,Female,33,Hyderabad,Telangana,Consumer,2025-04-22,Referral
14614,Customer_14614,Male,22,Nagpur,Maharashtra,Consumer,2022-01-01,Referral
14615,Customer_14615,Female,51,New Delhi,Delhi,Consumer,2022-12-24,Organic Search
14616,Customer_14616,Male,55,Mysuru,Karnataka,Consumer,2024-03-03,Social Media
14617,Customer_14617,Female,28,Noida,Uttar Pradesh,Consumer,2025-08-13,Organic Search
14618,Customer_14618,Female,19,Bhopal,Madhya Pradesh,Consumer,2022-02-09,Organic Search
14619,Customer_14619,Female,42,Mysuru,Karnataka,Consumer,2022-01-04,Social Media
14620,Customer_14620,Male,42,Bhopal,Madhya Pradesh,Consumer,2022-08-20,Direct
14621,Customer_14621,Female,18,Bhopal,Madhya Pradesh,Consumer,2025-01-03,Email
14622,Customer_14622,Male,48,Kanpur,Uttar Pradesh,Consumer,2024-01-25,Referral
14623,Customer_14623,Female,22,Pune,Maharashtra,Corporate,2025-08-16,Referral
14624,Customer_14624,Male,57,Kolkata,West Bengal,Consumer,2022-07-14,Organic Search
14625,Customer_14625,Male,21,Faridabad,Haryana,Home Office,2025-04-18,Paid Ads
14626,Customer_14626,Female,22,Udaipur,Rajasthan,Consumer,2025-11-01,Organic Search
14627,Customer_14627,Female,22,Bengaluru,Karnataka,Home Office,2025-09-05,Organic Search
14628,Customer_14628,Male,33,Hyderabad,Telangana,Corporate,2024-03-04,Direct
14629,Customer_14629,Female,35,Jaipur,Rajasthan,Corporate,2024-01-05,Social Media
14630,Customer_14630,Female,60,Warangal,Telangana,Home Office,2025-02-19,Referral
14631,Customer_14631,Female,34,Mumbai,Maharashtra,Consumer,2024-01-17,Organic Search
14632,Customer_14632,Male,52,Bengaluru,Karnataka,Consumer,2025-01-26,Referral
14633,Customer_14633,Female,35,Noida,Uttar Pradesh,Consumer,2022-06-25,Direct
14634,Customer_14634,Male,21,Bhopal,Madhya Pradesh,Consumer,2025-08-18,Email
14635,Customer_14635,Male,48,Pune,Maharashtra,Consumer,2022-06-08,Referral
14636,Customer_14636,Female,48,Gurugram,Haryana,Consumer,2025-06-09,Email
14637,Customer_14637,Female,26,Mysuru,Karnataka,Consumer,2023-10-01,Social Media
14638,Customer_14638,Female,48,Udaipur,Rajasthan,Consumer,2024-10-14,Organic Search
14639,Customer_14639,Male,22,Noida,Uttar Pradesh,Consumer,2022-04-11,Social Media
14640,Customer_14640,Male,53,Lucknow,Uttar Pradesh,Consumer,2024-05-12,Email
14641,Customer_14641,Male,33,Faridabad,Haryana,Home Office,2025-07-05,Paid Ads
14642,Customer_14642,Male,59,Bengaluru,Karnataka,Consumer,2024-05-05,Social Media
14643,Customer_14643,Male,58,Indore,Madhya Pradesh,Consumer,2024-04-24,Social Media
14644,Customer_14644,Male,33,Pune,Maharashtra,Consumer,2025-04-28,Direct
14645,Customer_14645,Female,37,Kolkata,West Bengal,Corporate,2025-02-24,Organic Search
14646,Customer_14646,Female,47,Lucknow,Uttar Pradesh,Consumer,2023-08-31,Social Media
14647,Customer_14647,Female,43,Jaipur,Rajasthan,Home Office,2025-08-19,Social Media
14648,Customer_14648,Female,48,New Delhi,Delhi,Consumer,2022-05-30,Paid Ads
14649,Customer_14649,Male,32,Bhopal,Madhya Pradesh,Consumer,2025-07-29,Email
14650,Customer_14650,Male,58,New Delhi,Delhi,Home Office,2024-02-09,Organic Search
14651,Customer_14651,Female,55,Nagpur,Maharashtra,Home Office,2022-08-28,Social Media
14652,Customer_14652,Male,55,Kolkata,West Bengal,Consumer,2024-04-04,Email
14653,Customer_14653,Female,60,Hyderabad,Telangana,Consumer,2024-06-15,Social Media
14654,Customer_14654,Male,37,Indore,Madhya Pradesh,Corporate,2025-06-19,Social Media
14655,Customer_14655,Male,52,Coimbatore,Tamil Nadu,Consumer,2025-03-24,Referral
14656,Customer_14656,Female,40,Pune,Maharashtra,Consumer,2023-08-11,Referral
14657,Customer_14657,Female,56,Lucknow,Uttar Pradesh,Consumer,2023-06-28,Social Media
14658,Customer_14658,Female,42,Surat,Gujarat,Consumer,2022-02-12,Referral
14659,Customer_14659,Male,39,New Delhi,Delhi,Corporate,2022-09-09,Paid Ads
14660,Customer_14660,Female,25,Kolkata,West Bengal,Consumer,2025-08-29,Organic Search
14661,Customer_14661,Female,26,Warangal,Telangana,Home Office,2023-07-08,Direct
14662,Customer_14662,Male,32,,Gujarat,Consumer,2023-08-17,Direct
14663,Customer_14663,Male,37,Chennai,Tamil Nadu,Consumer,2022-05-26,Organic Search
14664,Customer_14664,Female,52,Kanpur,Uttar Pradesh,Consumer,2025-11-23,Social Media
14665,Customer_14665,Female,54,Noida,Uttar Pradesh,Corporate,2025-04-21,Organic Search
14666,Customer_14666,Female,20,Kolkata,West Bengal,Home Office,2025-03-23,Organic Search
14667,Customer_14667,Male,51,Nashik,Maharashtra,Corporate,2025-11-09,Referral
14668,Customer_14668,Male,51,Noida,Uttar Pradesh,Consumer,2023-01-29,Organic Search
14669,Customer_14669,Female,53,Jaipur,Rajasthan,Home Office,2022-08-21,Organic Search
14670,Customer_14670,Male,52,Kolkata,West Bengal,Home Office,2023-04-25,Organic Search
14671,Customer_14671,Female,26,Bengaluru,Karnataka,Consumer,2022-01-29,Paid Ads
14672,Customer_14672,Male,47,Indore,Madhya Pradesh,Consumer,2024-01-30,Organic Search
14673,Customer_14673,Female,43,Kolkata,West Bengal,Consumer,2024-08-28,Referral
14674,Customer_14674,Female,29,Nagpur,Maharashtra,Consumer,2024-07-04,Organic Search
14675,Customer_14675,Male,41,Chennai,Tamil Nadu,Home Office,2024-06-24,Organic Search
14676,Customer_14676,Male,58,Bhopal,Madhya Pradesh,Consumer,2024-06-26,Direct
14677,Customer_14677,Female,36,Pune,Maharashtra,Consumer,2024-01-17,Referral
14678,Customer_14678,Female,33,Ludhiana,Punjab,Consumer,2024-10-13,Organic Search
14679,Customer_14679,Male,43,Jaipur,Rajasthan,Consumer,2023-12-04,Referral
14680,Customer_14680,Female,40,Ahmedabad,Gujarat,Corporate,2023-10-22,Social Media
14681,Customer_14681,Male,50,Delhi,Delhi,Consumer,2025-04-09,Organic Search
14682,Customer_14682,Male,59,Delhi,Delhi,Consumer,2022-11-02,Direct
14683,Customer_14683,Male,47,Faridabad,Haryana,Home Office,2024-02-07,Email
14684,Customer_14684,Female,40,Bengaluru,Karnataka,Corporate,2023-05-17,Social Media
14685,Customer_14685,Male,27,Lucknow,Uttar Pradesh,Consumer,2022-02-22,Email
14686,Customer_14686,Male,53,Chennai,Tamil Nadu,Consumer,2024-07-31,Organic Search
14687,Customer_14687,Female,48,Mumbai,Maharashtra,Consumer,2022-03-04,Organic Search
14688,Customer_14688,Male,60,Mumbai,Maharashtra,Corporate,2025-08-15,Referral
14689,Customer_14689,Male,39,Surat,Gujarat,Corporate,2024-12-13,Social Media
14690,Customer_14690,Male,60,Ludhiana,Punjab,Consumer,2024-07-01,Organic Search
14691,Customer_14691,Female,60,Mysuru,Karnataka,Consumer,2022-03-14,Referral
14692,Customer_14692,Female,55,Mysuru,Karnataka,Consumer,2022-05-21,Email
14693,Customer_14693,Female,19,Mysuru,Karnataka,Consumer,2022-05-10,Referral
14694,Customer_14694,Female,40,Warangal,Telangana,Consumer,2024-08-01,Organic Search
14695,Customer_14695,Female,52,Coimbatore,Tamil Nadu,Consumer,2024-12-30,Social Media
14696,Customer_14696,Female,54,Indore,Madhya Pradesh,Consumer,2022-06-09,Organic Search
14697,Customer_14697,Female,49,Hyderabad,Telangana,Corporate,2023-04-09,Organic Search
14698,Customer_14698,Male,60,Hyderabad,Telangana,Consumer,2023-05-07,Social Media
14699,Customer_14699,Female,29,Nashik,Maharashtra,Corporate,2024-03-24,Organic Search
14700,Customer_14700,Female,52,Amritsar,Punjab,Consumer,2022-05-06,Organic Search
14701,Customer_14701,Male,58,Delhi,Delhi,Corporate,2025-02-13,Paid Ads
14702,Customer_14702,Male,20,Nashik,Maharashtra,Consumer,2025-12-14,Social Media
14703,Customer_14703,Male,51,Udaipur,Rajasthan,Consumer,2024-06-05,Paid Ads
14704,Customer_14704,Male,55,Ahmedabad,Gujarat,Consumer,2023-07-28,Social Media
14705,Customer_14705,Male,41,Coimbatore,Tamil Nadu,Consumer,2025-10-19,Social Media
14706,Customer_14706,Male,55,Coimbatore,Tamil Nadu,Corporate,2022-07-24,Social Media
14707,Customer_14707,Male,34,Lucknow,Uttar Pradesh,Consumer,2025-09-26,Social Media
14708,Customer_14708,Female,57,Delhi,Delhi,Consumer,2024-01-31,Referral
14709,Customer_14709,Male,18,Kanpur,Uttar Pradesh,Consumer,2023-09-20,Organic Search
14710,Customer_14710,Female,25,Jaipur,Rajasthan,Home Office,2024-11-23,Referral
14711,Customer_14711,Female,32,Chennai,Tamil Nadu,Consumer,2022-02-28,Paid Ads
14712,Customer_14712,Female,42,Coimbatore,Tamil Nadu,Consumer,2023-01-02,Direct
14713,Customer_14713,Female,25,New Delhi,Delhi,Corporate,2022-11-04,Referral
14714,Customer_14714,Male,49,Kanpur,Uttar Pradesh,Consumer,2022-10-17,Paid Ads
14715,Customer_14715,Female,30,Warangal,Telangana,Consumer,2023-09-26,Referral
14716,Customer_14716,Female,32,Bengaluru,Karnataka,Consumer,2025-10-10,Direct
14717,Customer_14717,Male,23,Surat,Gujarat,Consumer,2023-04-13,Email
14718,Customer_14718,Male,50,Ludhiana,Punjab,Consumer,2022-04-08,Referral
14719,Customer_14719,Male,24,Coimbatore,Tamil Nadu,Consumer,2022-12-06,Social Media
14720,Customer_14720,Male,50,Faridabad,Haryana,Home Office,2022-11-09,Social Media
14721,Customer_14721,Male,46,Bengaluru,Karnataka,Corporate,2022-02-11,Paid Ads
14722,Customer_14722,Female,55,Mumbai,Maharashtra,Home Office,2022-02-18,Direct
14723,Customer_14723,Female,54,New Delhi,Delhi,Consumer,2022-11-11,Direct
14724,Customer_14724,Female,49,Chennai,Tamil Nadu,Consumer,2025-04-28,Organic Search
14725,Customer_14725,Female,20,Delhi,Delhi,Home Office,2023-02-11,Referral
14726,Customer_14726,Female,37,Mumbai,Maharashtra,Consumer,2023-05-11,Paid Ads
14727,Customer_14727,Female,31,Gurugram,Haryana,Corporate,2023-08-09,Social Media
14728,Customer_14728,Female,45,Indore,Madhya Pradesh,Consumer,2022-05-05,Organic Search
14729,Customer_14729,Male,55,Lucknow,Uttar Pradesh,Corporate,2023-04-01,Organic Search
14730,Customer_14730,Female,21,Pune,Maharashtra,Home Office,2023-03-14,Referral
14731,Customer_14731,Female,32,Nashik,Maharashtra,Consumer,2022-10-11,Organic Search
14732,Customer_14732,Male,34,Pune,Maharashtra,Consumer,2023-12-02,Social Media
14733,Customer_14733,Female,54,Kolkata,West Bengal,Consumer,2023-09-02,Organic Search
14734,Customer_14734,Female,41,Gurugram,Haryana,Consumer,2025-09-10,Social Media
14735,Customer_14735,Female,55,Chennai,Tamil Nadu,Consumer,2022-11-21,Paid Ads
14736,Customer_14736,Male,59,Nashik,Maharashtra,Consumer,2024-10-23,Social Media
14737,Customer_14737,,58,Hyderabad,Telangana,Consumer,2022-09-11,Social Media
14738,Customer_14738,Male,53,Mysuru,Karnataka,Consumer,2022-07-03,Organic Search
14739,Customer_14739,Male,58,Bengaluru,Karnataka,Consumer,2025-10-14,Paid Ads
14740,Customer_14740,Male,25,Vadodara,Gujarat,Consumer,2023-04-05,Paid Ads
14741,Customer_14741,Male,20,Kolkata,West Bengal,Consumer,2023-06-23,Social Media
14742,Customer_14742,Female,47,Pune,Maharashtra,Corporate,2024-02-02,Organic Search
14743,Customer_14743,Male,39,Nagpur,Maharashtra,Home Office,2024-10-10,Email
14744,Customer_14744,Male,50,Amritsar,Punjab,Consumer,2024-04-18,Email
14745,Customer_14745,Male,42,Delhi,Delhi,Consumer,2024-05-22,Email
14746,Customer_14746,Male,47,Pune,Maharashtra,Corporate,2023-12-22,Social Media
14747,Customer_14747,Male,54,New Delhi,Delhi,Consumer,2024-03-13,Organic Search
14748,Customer_14748,Male,20,Mumbai,Maharashtra,Consumer,2023-12-13,Email
14749,Customer_14749,Female,21,Coimbatore,Tamil Nadu,Consumer,2025-10-09,Direct
14750,Customer_14750,Male,46,Noida,Uttar Pradesh,Consumer,2025-12-15,Organic Search
14751,Customer_14751,Male,49,Bengaluru,Karnataka,Consumer,2025-05-18,Referral
14752,Customer_14752,Female,40,Coimbatore,Tamil Nadu,Home Office,2022-09-01,Social Media
14753,Customer_14753,Female,36,Jaipur,Rajasthan,Consumer,2025-06-14,Social Media
14754,Customer_14754,Male,32,Hyderabad,Telangana,Home Office,2022-09-12,Referral
14755,Customer_14755,Female,33,Indore,Madhya Pradesh,Consumer,2025-06-23,Referral
14756,Customer_14756,Female,40,Bhopal,Madhya Pradesh,Corporate,2025-10-12,Paid Ads
14757,Customer_14757,Female,57,Nashik,Maharashtra,Consumer,2022-04-24,Direct
14758,Customer_14758,Male,54,Lucknow,Uttar Pradesh,Consumer,2025-08-10,Organic Search
14759,Customer_14759,Female,18,Coimbatore,Tamil Nadu,Corporate,2025-11-08,Paid Ads
14760,Customer_14760,Female,36,Amritsar,Punjab,Home Office,2025-05-14,Referral
14761,Customer_14761,Male,54,Hyderabad,Telangana,Consumer,2022-05-18,Social Media
14762,Customer_14762,Female,52,Ludhiana,Punjab,Corporate,2023-12-13,Paid Ads
14763,Customer_14763,Female,47,Lucknow,Uttar Pradesh,Consumer,2023-10-08,Email
14764,Customer_14764,Female,34,Delhi,Delhi,Corporate,2022-04-17,Referral
14765,Customer_14765,Female,56,Vadodara,Gujarat,Corporate,2025-09-28,Email
14766,Customer_14766,Female,43,Ludhiana,Punjab,Consumer,2023-12-12,Organic Search
14767,Customer_14767,Female,30,Bhopal,Madhya Pradesh,Consumer,2024-03-30,Social Media
14768,Customer_14768,Female,39,Pune,Maharashtra,Consumer,2023-03-06,Organic Search
14769,Customer_14769,Female,40,Kolkata,West Bengal,Home Office,2024-03-24,Referral
14770,Customer_14770,Female,60,Mysuru,Karnataka,Consumer,2025-04-04,Paid Ads
14771,Customer_14771,Male,50,Nashik,Maharashtra,Consumer,2023-11-09,Referral
14772,Customer_14772,,44,Coimbatore,Tamil Nadu,Consumer,2023-11-27,Direct
14773,Customer_14773,Female,52,New Delhi,Delhi,Corporate,2023-06-14,Email
14774,Customer_14774,Male,29,Kanpur,Uttar Pradesh,Consumer,2022-12-30,Social Media
14775,Customer_14775,Female,26,Mysuru,Karnataka,Corporate,2024-03-23,Referral
14776,Customer_14776,Female,51,Kanpur,Uttar Pradesh,Home Office,2024-09-13,Referral
14777,Customer_14777,Female,31,Nashik,Maharashtra,Consumer,2024-02-07,Email
14778,Customer_14778,Other,54,Bengaluru,Karnataka,Consumer,2025-09-29,Organic Search
14779,Customer_14779,Female,20,New Delhi,Delhi,Home Office,2025-10-05,Email
14780,Customer_14780,Male,38,Delhi,Delhi,Consumer,2024-02-12,Organic Search
14781,Customer_14781,Female,24,Pune,Maharashtra,Corporate,2023-09-03,Paid Ads
14782,Customer_14782,Male,50,Delhi,Delhi,Corporate,2022-01-02,Social Media
14783,Customer_14783,Male,52,Vadodara,Gujarat,Corporate,2023-12-13,Organic Search
14784,Customer_14784,Male,28,Mysuru,Karnataka,Consumer,2023-07-11,Paid Ads
14785,Customer_14785,Male,49,Coimbatore,Tamil Nadu,Consumer,2023-08-07,Email
14786,Customer_14786,Male,39,Mysuru,Karnataka,Consumer,2024-08-18,Email
14787,Customer_14787,Male,59,,Madhya Pradesh,Consumer,2022-12-08,Organic Search
14788,Customer_14788,Female,36,Faridabad,Haryana,Consumer,2022-12-08,Referral
14789,Customer_14789,Female,53,Warangal,Telangana,Consumer,2023-01-01,Paid Ads
14790,Customer_14790,Male,54,Bengaluru,Karnataka,Consumer,2025-09-22,Organic Search
14791,Customer_14791,Male,28,Nagpur,Maharashtra,Consumer,2023-08-07,Social Media
14792,Customer_14792,Female,58,Gurugram,Haryana,Home Office,2025-09-03,Organic Search
14793,Customer_14793,Female,30,Mumbai,Maharashtra,Consumer,2022-11-12,Social Media
14794,Customer_14794,Female,45,Mysuru,Karnataka,Consumer,2022-01-27,Paid Ads
14795,Customer_14795,Male,32,Mysuru,Karnataka,Home Office,2025-06-26,Email
14796,Customer_14796,Female,30,Bengaluru,Karnataka,Consumer,2025-10-14,Paid Ads
14797,Customer_14797,Male,60,Nagpur,Maharashtra,Home Office,2024-09-15,Organic Search
14798,Customer_14798,Female,50,Lucknow,Uttar Pradesh,Consumer,2025-05-01,Organic Search
14799,Customer_14799,Male,25,Pune,Maharashtra,Corporate,2022-09-12,Email
14800,Customer_14800,Male,49,Udaipur,Rajasthan,Consumer,2025-11-06,Paid Ads
14801,Customer_14801,Male,54,Nashik,Maharashtra,Corporate,2024-08-10,Paid Ads
14802,Customer_14802,Male,21,Nagpur,Maharashtra,Corporate,2023-09-11,Organic Search
14803,Customer_14803,Male,35,Gurugram,Haryana,Consumer,2025-03-01,Referral
14804,Customer_14804,Female,40,New Delhi,Delhi,Consumer,2023-08-14,Email
14805,Customer_14805,Female,46,Kanpur,Uttar Pradesh,Corporate,2024-10-25,Email
14806,Customer_14806,Female,19,Ahmedabad,Gujarat,Consumer,2023-07-14,Organic Search
14807,Customer_14807,Male,30,Pune,Maharashtra,Corporate,2022-10-28,Direct
14808,Customer_14808,Male,33,Faridabad,Haryana,Consumer,2023-06-16,Social Media
14809,Customer_14809,Female,25,Delhi,Delhi,Home Office,2022-03-28,Referral
14810,Customer_14810,Female,36,Bhopal,Madhya Pradesh,Consumer,2024-05-02,Paid Ads
14811,Customer_14811,Male,49,Delhi,Delhi,Consumer,2023-07-04,Organic Search
14812,Customer_14812,Male,20,Indore,Madhya Pradesh,Consumer,2023-01-31,Social Media
14813,Customer_14813,Female,49,Pune,Maharashtra,Consumer,2022-06-01,Direct
14814,Customer_14814,Male,58,Hyderabad,Telangana,Consumer,2022-04-23,Organic Search
14815,Customer_14815,Male,38,Noida,Uttar Pradesh,Consumer,2023-09-04,Organic Search
14816,Customer_14816,Female,42,Gurugram,Haryana,Consumer,2024-06-24,Direct
14817,Customer_14817,Female,34,Gurugram,Haryana,Home Office,2023-11-28,Email
14818,Customer_14818,Female,42,Lucknow,Uttar Pradesh,Consumer,2022-05-22,Email
14819,Customer_14819,Male,50,Indore,Madhya Pradesh,Corporate,2023-02-05,Social Media
14820,Customer_14820,Male,48,New Delhi,Delhi,Consumer,2025-11-10,Social Media
14821,Customer_14821,Female,53,Bengaluru,Karnataka,Consumer,2024-09-28,Email
14822,Customer_14822,Female,40,Mysuru,Karnataka,Consumer,2023-06-30,Direct
14823,Customer_14823,Male,42,Bengaluru,Karnataka,Consumer,2023-01-16,Organic Search
14824,Customer_14824,Male,47,Chennai,Tamil Nadu,Consumer,2024-06-07,Social Media
14825,Customer_14825,Male,30,Vadodara,Gujarat,Consumer,2025-01-31,Social Media
14826,Customer_14826,Male,60,Nashik,Maharashtra,Consumer,2025-07-12,Paid Ads
14827,Customer_14827,Female,46,Kolkata,West Bengal,Consumer,2022-12-18,Social Media
14828,Customer_14828,Female,33,Pune,Maharashtra,Consumer,2023-12-05,Organic Search
14829,Customer_14829,Male,55,Bengaluru,Karnataka,Consumer,2023-06-27,Organic Search
14830,Customer_14830,Male,44,Hyderabad,Telangana,Consumer,2022-01-30,Social Media
14831,Customer_14831,Female,43,Kanpur,Uttar Pradesh,Consumer,2025-10-16,Paid Ads
14832,Customer_14832,Male,28,Lucknow,Uttar Pradesh,Consumer,2025-12-17,Paid Ads
14833,Customer_14833,Female,54,Udaipur,Rajasthan,Consumer,2025-04-30,Paid Ads
14834,Customer_14834,Female,20,Nagpur,Maharashtra,Consumer,2022-05-14,Paid Ads
14835,Customer_14835,Female,43,Vadodara,Gujarat,Consumer,2022-07-12,Social Media
14836,Customer_14836,Male,51,Pune,Maharashtra,Consumer,2022-04-26,Referral
14837,Customer_14837,Male,50,Mysuru,Karnataka,Consumer,2023-05-21,Organic Search
14838,Customer_14838,Male,32,Coimbatore,Tamil Nadu,Corporate,2023-12-04,Organic Search
14839,Customer_14839,Male,19,Pune,Maharashtra,Consumer,2023-04-06,Social Media
14840,Customer_14840,Male,45,Bengaluru,Karnataka,Consumer,2024-05-10,Referral
14841,Customer_14841,Female,37,Faridabad,Haryana,Consumer,2023-01-17,Organic Search
14842,Customer_14842,Female,55,Faridabad,Haryana,Consumer,2023-11-30,Email
14843,Customer_14843,Female,33,Bengaluru,Karnataka,Home Office,2022-07-06,Referral
14844,Customer_14844,Male,21,Nagpur,Maharashtra,Corporate,2024-12-20,Referral
14845,Customer_14845,Female,25,Delhi,Delhi,Consumer,2022-06-29,Organic Search
14846,Customer_14846,Female,37,Chennai,Tamil Nadu,Home Office,2023-08-04,Referral
14847,Customer_14847,Male,43,Faridabad,Haryana,Consumer,2023-04-21,Direct
14848,Customer_14848,Female,49,Nagpur,Maharashtra,Consumer,2023-08-15,Organic Search
14849,Customer_14849,Male,30,Noida,Uttar Pradesh,Consumer,2022-12-27,Organic Search
14850,Customer_14850,Male,22,Mumbai,Maharashtra,Consumer,2024-04-22,Direct
14851,Customer_14851,Male,59,Amritsar,Punjab,Home Office,2025-02-09,Email
14852,Customer_14852,Female,30,Coimbatore,Tamil Nadu,Home Office,2023-07-19,Paid Ads
14853,Customer_14853,Female,58,Kanpur,Uttar Pradesh,Consumer,2023-02-04,Paid Ads
14854,Customer_14854,Male,28,Bengaluru,Karnataka,Consumer,2023-01-12,Organic Search
14855,Customer_14855,Male,54,Ahmedabad,Gujarat,Consumer,2023-09-07,Paid Ads
14856,Customer_14856,Male,49,New Delhi,Delhi,Corporate,2025-01-18,Paid Ads
14857,Customer_14857,Male,59,Mumbai,Maharashtra,Consumer,2023-04-09,Organic Search
14858,Customer_14858,Male,35,Gurugram,Haryana,Consumer,2024-02-13,Paid Ads
14859,Customer_14859,Male,46,Gurugram,Haryana,Corporate,2024-09-30,Referral
14860,Customer_14860,Male,32,Indore,Madhya Pradesh,Home Office,2022-09-01,Referral
14861,Customer_14861,Female,37,Vadodara,Gujarat,Corporate,2023-01-17,Referral
14862,Customer_14862,Male,53,Kanpur,Uttar Pradesh,Consumer,2022-01-29,Referral
14863,Customer_14863,Female,22,Mumbai,Maharashtra,Consumer,2024-01-27,Organic Search
14864,Customer_14864,Male,57,Mysuru,Karnataka,Corporate,2023-10-09,Organic Search
14865,Customer_14865,Male,54,Bengaluru,Karnataka,Corporate,2022-02-21,Direct
14866,Customer_14866,Male,50,Jaipur,Rajasthan,Consumer,2025-07-12,Social Media
14867,Customer_14867,Male,35,Mysuru,Karnataka,Consumer,2022-11-08,Organic Search
14868,Customer_14868,Male,36,Pune,Maharashtra,Home Office,2025-10-05,Social Media
14869,Customer_14869,Female,49,Surat,Gujarat,Home Office,2025-10-21,Social Media
14870,Customer_14870,Female,59,Noida,Uttar Pradesh,Corporate,2025-06-20,Email
14871,Customer_14871,Male,39,Chennai,Tamil Nadu,Consumer,2023-05-06,Social Media
14872,Customer_14872,Male,58,Pune,Maharashtra,Corporate,2022-08-07,Email
14873,Customer_14873,Female,18,Delhi,Delhi,Consumer,2023-07-07,Social Media
14874,Customer_14874,Male,42,Delhi,Delhi,Home Office,2025-09-04,Organic Search
14875,Customer_14875,Female,37,Bengaluru,Karnataka,Consumer,2024-09-14,Organic Search
14876,Customer_14876,Female,52,Udaipur,Rajasthan,Consumer,2023-08-25,Email
14877,Customer_14877,Female,23,Ahmedabad,Gujarat,Consumer,2025-08-27,Organic Search
14878,Customer_14878,Male,23,Kolkata,West Bengal,Corporate,2024-04-02,Referral
14879,Customer_14879,Male,54,Mysuru,Karnataka,Consumer,2023-08-21,Paid Ads
14880,Customer_14880,Male,20,,Uttar Pradesh,Consumer,2023-08-02,Social Media
14881,Customer_14881,Female,54,New Delhi,Delhi,Corporate,2023-05-01,Email
14882,Customer_14882,Female,48,Warangal,Telangana,Consumer,2022-03-28,Social Media
14883,Customer_14883,Female,52,Kanpur,Uttar Pradesh,Consumer,2025-11-30,Organic Search
14884,Customer_14884,Female,32,New Delhi,Delhi,Home Office,2022-07-05,Organic Search
14885,Customer_14885,Female,34,Pune,Maharashtra,Consumer,2024-11-12,Referral
14886,Customer_14886,Female,32,Bhopal,Madhya Pradesh,Corporate,2025-03-20,Referral
14887,Customer_14887,Female,22,Mysuru,Karnataka,Consumer,2023-03-05,Paid Ads
14888,Customer_14888,Female,39,Jaipur,Rajasthan,Corporate,2022-05-19,Social Media
14889,Customer_14889,Male,28,Pune,Maharashtra,Corporate,2024-09-16,Organic Search
14890,Customer_14890,Male,45,Kolkata,West Bengal,Consumer,2024-06-10,Organic Search
14891,Customer_14891,Female,31,Mysuru,Karnataka,Home Office,2022-12-25,Social Media
14892,Customer_14892,Male,56,Nagpur,Maharashtra,Consumer,2022-07-16,Referral
14893,Customer_14893,Male,20,Vadodara,Gujarat,Corporate,2024-08-27,Direct
14894,Customer_14894,Female,59,Delhi,Delhi,Corporate,2022-04-30,Social Media
14895,Customer_14895,Female,28,Chennai,Tamil Nadu,Consumer,2022-05-03,Direct
14896,Customer_14896,Female,47,Nashik,Maharashtra,Consumer,2022-03-22,Referral
14897,Customer_14897,Male,55,Nagpur,Maharashtra,Home Office,2022-01-18,Organic Search
14898,Customer_14898,Female,22,Mysuru,Karnataka,Consumer,2025-11-03,Organic Search
14899,Customer_14899,Male,39,Mumbai,Maharashtra,Consumer,2022-07-10,Direct
14900,Customer_14900,Female,30,Gurugram,Haryana,Consumer,2024-08-22,Organic Search
14901,Customer_14901,Male,38,Nagpur,Maharashtra,Consumer,2025-03-31,Social Media
14902,Customer_14902,Female,54,Hyderabad,Telangana,Home Office,2023-08-25,Organic Search
14903,Customer_14903,Female,42,Nashik,Maharashtra,Consumer,2024-06-18,Organic Search
14904,Customer_14904,Male,38,Bengaluru,Karnataka,Consumer,2022-11-17,Direct
14905,Customer_14905,Female,45,Faridabad,Haryana,Corporate,2023-01-28,Organic Search
14906,Customer_14906,Female,58,Mumbai,Maharashtra,Consumer,2022-02-13,Email
14907,Customer_14907,Male,21,Ludhiana,Punjab,Consumer,2025-07-13,Organic Search
14908,Customer_14908,Male,46,Delhi,Delhi,Corporate,2022-10-30,Paid Ads
14909,Customer_14909,Male,52,Kanpur,Uttar Pradesh,Corporate,2024-03-26,Social Media
14910,Customer_14910,Male,40,Ahmedabad,Gujarat,Corporate,2025-05-31,Paid Ads
14911,Customer_14911,Female,24,Bhopal,Madhya Pradesh,Consumer,2024-08-12,Paid Ads
14912,Customer_14912,Female,26,Vadodara,Gujarat,Consumer,2025-07-07,Paid Ads
14913,Customer_14913,Male,40,Warangal,Telangana,Consumer,2023-12-11,Organic Search
14914,Customer_14914,Male,20,New Delhi,Delhi,Consumer,2022-09-03,Referral
14915,Customer_14915,Female,26,Nagpur,Maharashtra,Consumer,2023-12-23,Referral
14916,Customer_14916,Male,21,Gurugram,Haryana,Consumer,2023-06-12,Email
14917,Customer_14917,Male,42,Mysuru,Karnataka,Consumer,2024-05-08,Organic Search
14918,Customer_14918,Male,23,Bengaluru,Karnataka,Consumer,2025-02-13,Referral
14919,Customer_14919,Male,35,Kanpur,Uttar Pradesh,Consumer,2024-05-23,Organic Search
14920,Customer_14920,Female,24,Bengaluru,Karnataka,Consumer,2022-12-12,Paid Ads
14921,Customer_14921,Female,52,Gurugram,Haryana,Consumer,2022-02-03,Referral
14922,Customer_14922,Male,48,Kanpur,Uttar Pradesh,Consumer,2024-11-01,Organic Search
14923,Customer_14923,Female,55,Vadodara,Gujarat,Consumer,2025-08-08,Organic Search
14924,Customer_14924,Female,49,Indore,Madhya Pradesh,Corporate,2023-12-06,Paid Ads
14925,Customer_14925,Female,52,Mumbai,Maharashtra,Home Office,2022-04-24,Email
14926,Customer_14926,Male,45,New Delhi,Delhi,Corporate,2023-01-12,Social Media
14927,Customer_14927,Female,22,Warangal,Telangana,Corporate,2024-02-19,Referral
14928,Customer_14928,Female,47,New Delhi,Delhi,Consumer,2023-06-10,Email
14929,Customer_14929,Male,39,Noida,Uttar Pradesh,Consumer,2025-05-24,Paid Ads
14930,Customer_14930,Male,34,Faridabad,Haryana,Corporate,2024-08-21,Paid Ads
14931,Customer_14931,Female,27,Chennai,Tamil Nadu,Consumer,2022-06-04,Referral
14932,Customer_14932,Female,24,Mysuru,Karnataka,Consumer,2024-02-29,Organic Search
14933,Customer_14933,Female,21,Amritsar,Punjab,Consumer,2023-05-25,Direct
14934,Customer_14934,Female,59,Coimbatore,Tamil Nadu,Consumer,2022-05-23,Social Media
14935,Customer_14935,Female,44,Hyderabad,Telangana,Corporate,2024-07-13,Organic Search
14936,Customer_14936,Male,24,Mysuru,Karnataka,Consumer,2025-05-17,Email
14937,Customer_14937,Male,40,Gurugram,Haryana,Consumer,2023-11-12,Email
14938,Customer_14938,Female,28,Surat,Gujarat,Consumer,2025-10-31,Email
14939,Customer_14939,Male,25,Kanpur,Uttar Pradesh,Consumer,2023-05-29,Referral
14940,Customer_14940,Male,25,Lucknow,Uttar Pradesh,Corporate,2022-10-05,Social Media
14941,Customer_14941,Female,54,Mysuru,Karnataka,Consumer,2022-01-11,Email
14942,Customer_14942,Female,22,Coimbatore,Tamil Nadu,Corporate,2025-03-03,Direct
14943,Customer_14943,Male,24,Bhopal,Madhya Pradesh,Consumer,2022-12-20,Organic Search
14944,Customer_14944,Male,39,Bengaluru,Karnataka,Corporate,2022-10-31,Direct
14945,Customer_14945,Male,53,Kanpur,Uttar Pradesh,Corporate,2024-03-22,Organic Search
14946,Customer_14946,Male,19,Faridabad,Haryana,Home Office,2024-06-23,Paid Ads
14947,Customer_14947,Female,41,Vadodara,Gujarat,Consumer,2022-05-19,Email
14948,Customer_14948,Male,19,Lucknow,Uttar Pradesh,Consumer,2024-06-05,Referral
14949,Customer_14949,Female,29,,Uttar Pradesh,Consumer,2023-04-22,Social Media
14950,Customer_14950,Female,59,Indore,Madhya Pradesh,Consumer,2024-05-13,Organic Search
14951,Customer_14951,Female,43,Coimbatore,Tamil Nadu,Consumer,2022-06-18,Organic Search
14952,Customer_14952,Male,55,Mumbai,Maharashtra,Consumer,2022-10-12,Social Media
14953,Customer_14953,Male,23,Coimbatore,Tamil Nadu,Consumer,2024-06-07,Organic Search
14954,Customer_14954,Male,40,Udaipur,Rajasthan,Home Office,2023-10-09,Paid Ads
14955,Customer_14955,Male,19,Coimbatore,Tamil Nadu,Consumer,2024-08-05,Organic Search
14956,Customer_14956,Female,43,Kanpur,Uttar Pradesh,Home Office,2023-05-27,Organic Search
14957,Customer_14957,Male,31,Mysuru,Karnataka,Corporate,2023-09-30,Referral
14958,Customer_14958,Female,35,Udaipur,Rajasthan,Home Office,2024-11-13,Organic Search
14959,Customer_14959,Male,55,New Delhi,Delhi,Home Office,2024-03-27,Social Media
14960,Customer_14960,Male,49,Noida,Uttar Pradesh,Corporate,2022-06-14,Referral
14961,Customer_14961,Female,31,Ahmedabad,Gujarat,Corporate,2023-09-20,Social Media
14962,Customer_14962,Female,47,New Delhi,Delhi,Consumer,2022-08-23,Email
14963,Customer_14963,Male,30,Bengaluru,Karnataka,Consumer,2024-06-12,Social Media
14964,Customer_14964,Male,57,Kanpur,Uttar Pradesh,Home Office,2022-07-09,Email
14965,Customer_14965,Male,48,Warangal,Telangana,Consumer,2022-12-05,Email
14966,Customer_14966,Female,54,New Delhi,Delhi,Consumer,2025-06-06,Email
14967,Customer_14967,Male,55,Ludhiana,Punjab,Corporate,2022-05-12,Organic Search
14968,Customer_14968,Female,39,Kolkata,West Bengal,Consumer,2022-05-04,Organic Search
14969,Customer_14969,Female,45,Gurugram,Haryana,Corporate,2024-03-25,Referral
14970,Customer_14970,Female,36,Coimbatore,Tamil Nadu,Consumer,2022-11-30,Social Media
14971,Customer_14971,Male,60,Warangal,Telangana,Consumer,2025-08-28,Paid Ads
14972,Customer_14972,Male,33,Bhopal,Madhya Pradesh,Consumer,2025-02-06,Direct
14973,Customer_14973,Female,22,Hyderabad,Telangana,Home Office,2025-07-12,Organic Search
14974,Customer_14974,Male,19,Kolkata,West Bengal,Consumer,2025-01-02,Referral
14975,Customer_14975,Male,27,Delhi,Delhi,Corporate,2025-07-23,Referral
14976,Customer_14976,Male,36,Coimbatore,Tamil Nadu,Consumer,2022-09-30,Email
14977,Customer_14977,Male,37,Mumbai,Maharashtra,Consumer,2022-07-13,Social Media
14978,Customer_14978,Male,46,Delhi,Delhi,Consumer,2024-05-05,Referral
14979,Customer_14979,Male,42,Mumbai,Maharashtra,Consumer,2024-10-17,Direct
14980,Customer_14980,Female,34,Mumbai,Maharashtra,Consumer,2023-06-24,Direct
14981,Customer_14981,Female,30,Amritsar,Punjab,Consumer,2025-11-12,Referral
14982,Customer_14982,Male,33,New Delhi,Delhi,Consumer,2023-06-14,Organic Search
14983,Customer_14983,Male,52,Jaipur,Rajasthan,Consumer,2023-07-12,Paid Ads
14984,Customer_14984,Female,53,Kanpur,Uttar Pradesh,Corporate,2022-06-01,Social Media
14985,Customer_14985,Female,56,Ahmedabad,Gujarat,Consumer,2025-06-17,Direct
14986,Customer_14986,Male,20,Nagpur,Maharashtra,Consumer,2024-06-12,Paid Ads
14987,Customer_14987,Female,26,Kolkata,West Bengal,Consumer,2023-09-21,Direct
14988,Customer_14988,Female,57,Ahmedabad,Gujarat,Home Office,2024-11-14,Organic Search
14989,Customer_14989,Female,46,Kolkata,West Bengal,Home Office,2025-07-14,Social Media
14990,Customer_14990,Female,22,Noida,Uttar Pradesh,Home Office,2024-07-31,Organic Search
14991,Customer_14991,Female,20,Ludhiana,Punjab,Consumer,2023-02-11,Direct
14992,Customer_14992,Female,27,Ahmedabad,Gujarat,Corporate,2024-03-31,Paid Ads
14993,Customer_14993,Male,48,Bengaluru,Karnataka,Corporate,2023-03-01,Organic Search
14994,Customer_14994,Female,28,Jaipur,Rajasthan,Home Office,2023-10-14,Organic Search
14995,Customer_14995,Female,34,Pune,Maharashtra,Consumer,2025-11-29,Paid Ads
14996,Customer_14996,Male,57,Bhopal,Madhya Pradesh,Home Office,2023-05-13,Paid Ads
14997,Customer_14997,Female,58,Nagpur,Maharashtra,Consumer,2023-09-02,Organic Search
14998,Customer_14998,Male,25,Mysuru,Karnataka,Consumer,2025-06-14,Social Media
14999,Customer_14999,Male,19,Kanpur,Uttar Pradesh,Consumer,2025-10-17,Paid Ads
15000,Customer_15000,Male,21,Vadodara,Gujarat,Consumer,2024-10-25,Social Media
15001,Customer_15001,Female,33,Chennai,Tamil Nadu,Consumer,2025-09-04,Organic Search
15002,Customer_15002,Female,58,Hyderabad,Telangana,Consumer,2024-12-13,Paid Ads
15003,Customer_15003,Male,58,Bhopal,Madhya Pradesh,Corporate,2024-11-29,Paid Ads
15004,Customer_15004,Female,38,Mysuru,Karnataka,Consumer,2022-03-19,Organic Search
15005,Customer_15005,Male,22,Indore,Madhya Pradesh,Corporate,2025-03-23,Direct
15006,Customer_15006,Female,52,Nagpur,Maharashtra,Consumer,2024-08-30,Social Media
15007,Customer_15007,Female,31,Noida,Uttar Pradesh,Home Office,2025-02-21,Email
15008,Customer_15008,Female,32,Bhopal,Madhya Pradesh,Consumer,2025-02-24,Social Media
15009,Customer_15009,Female,23,New Delhi,Delhi,Consumer,2023-07-19,Social Media
15010,Customer_15010,Male,33,Coimbatore,Tamil Nadu,Corporate,2025-06-04,Organic Search
15011,Customer_15011,Male,40,Nagpur,Maharashtra,Consumer,2025-06-08,Paid Ads
15012,Customer_15012,Female,48,Kolkata,West Bengal,Consumer,2022-05-19,Organic Search
15013,Customer_15013,Male,59,Warangal,Telangana,Consumer,2023-03-10,Organic Search
15014,Customer_15014,Female,29,Udaipur,Rajasthan,Consumer,2025-02-05,Organic Search
15015,Customer_15015,Female,58,Delhi,Delhi,Consumer,2025-05-23,Paid Ads
15016,Customer_15016,Male,36,Delhi,Delhi,Consumer,2023-01-01,Paid Ads
15017,Customer_15017,Female,29,Nagpur,Maharashtra,Home Office,2023-02-15,Social Media
15018,Customer_15018,Female,30,Bengaluru,Karnataka,Consumer,2022-09-24,Paid Ads
15019,Customer_15019,Female,19,Surat,Gujarat,Consumer,2022-03-06,Organic Search
15020,Customer_15020,Male,37,Indore,Madhya Pradesh,Home Office,2025-06-29,Social Media
15021,Customer_15021,Male,48,Udaipur,Rajasthan,Consumer,2023-01-28,Email
15022,Customer_15022,Male,26,Coimbatore,Tamil Nadu,Corporate,2025-07-04,Paid Ads
15023,Customer_15023,Female,38,Gurugram,Haryana,Consumer,2023-09-12,Paid Ads
15024,Customer_15024,Female,25,Kolkata,West Bengal,Consumer,2022-05-02,Organic Search
15025,Customer_15025,Female,56,Gurugram,Haryana,Consumer,2022-12-11,Organic Search
15026,Customer_15026,Male,54,Hyderabad,Telangana,Home Office,2025-07-21,Social Media
15027,Customer_15027,Male,46,Delhi,Delhi,Consumer,2022-10-23,Organic Search
15028,Customer_15028,Female,36,Mumbai,Maharashtra,Consumer,2025-11-23,Referral
15029,Customer_15029,Female,52,Kolkata,West Bengal,Home Office,2025-03-25,Referral
15030,Customer_15030,Female,55,Nagpur,Maharashtra,Home Office,2023-03-10,Social Media
15031,Customer_15031,Female,43,Bengaluru,Karnataka,Consumer,2022-01-24,Social Media
15032,Customer_15032,Female,28,Hyderabad,Telangana,Corporate,2025-05-28,Organic Search
15033,Customer_15033,Female,53,Surat,Gujarat,Consumer,2023-03-29,Paid Ads
15034,Customer_15034,Female,52,Surat,Gujarat,Consumer,2024-04-24,Organic Search
15035,Customer_15035,Male,21,Pune,Maharashtra,Consumer,2022-10-23,Paid Ads
15036,Customer_15036,Female,20,Coimbatore,Tamil Nadu,Consumer,2023-09-25,Paid Ads
15037,Customer_15037,Female,29,Vadodara,Gujarat,Consumer,2025-03-17,Referral
15038,Customer_15038,Male,49,Amritsar,Punjab,Consumer,2023-11-22,Social Media
15039,Customer_15039,Male,43,Kolkata,West Bengal,Consumer,2023-12-15,Organic Search
15040,Customer_15040,Male,60,Faridabad,Haryana,Consumer,2025-04-29,Direct
15041,Customer_15041,Female,60,Lucknow,Uttar Pradesh,Consumer,2022-02-18,Email
15042,Customer_15042,Male,30,Surat,Gujarat,Home Office,2023-01-11,Paid Ads
15043,Customer_15043,Male,55,New Delhi,Delhi,Corporate,2025-11-25,Direct
15044,Customer_15044,Male,46,Udaipur,Rajasthan,Consumer,2025-12-17,Email
15045,Customer_15045,Male,36,Surat,Gujarat,Home Office,2023-11-14,Referral
15046,Customer_15046,Female,52,Surat,Gujarat,Consumer,2025-03-23,Organic Search
15047,Customer_15047,Male,58,Warangal,Telangana,Consumer,2025-02-08,Organic Search
15048,Customer_15048,Female,44,Hyderabad,Telangana,Consumer,2025-06-09,Social Media
15049,Customer_15049,Male,48,Bengaluru,Karnataka,Consumer,2024-02-26,Paid Ads
15050,Customer_15050,Male,20,Warangal,Telangana,Corporate,2025-04-27,Social Media
15051,Customer_15051,Male,52,New Delhi,Delhi,Home Office,2025-12-15,Social Media
15052,Customer_15052,Female,41,Lucknow,Uttar Pradesh,Consumer,2024-11-28,Organic Search
15053,Customer_15053,Female,24,Delhi,Delhi,Consumer,2023-05-11,Paid Ads
15054,Customer_15054,Male,52,Mumbai,Maharashtra,Consumer,2025-03-03,Organic Search
15055,Customer_15055,Female,38,Coimbatore,Tamil Nadu,Consumer,2025-07-16,Email
15056,Customer_15056,Male,18,Jaipur,Rajasthan,Corporate,2024-03-24,Organic Search
15057,Customer_15057,Other,23,Chennai,Tamil Nadu,Consumer,2023-12-24,Paid Ads
15058,Customer_15058,Female,56,Mysuru,Karnataka,Consumer,2022-12-08,Paid Ads
15059,Customer_15059,Female,51,Ahmedabad,Gujarat,Corporate,2023-08-26,Email
15060,Customer_15060,Female,35,Bengaluru,Karnataka,Consumer,2022-03-04,Referral
15061,Customer_15061,Female,42,Faridabad,Haryana,Home Office,2025-12-23,Social Media
15062,Customer_15062,Female,32,Gurugram,Haryana,Consumer,2024-01-25,Organic Search
15063,Customer_15063,Female,49,Warangal,Telangana,Consumer,2023-12-09,Email
15064,Customer_15064,Female,59,Bengaluru,Karnataka,Consumer,2025-04-29,Social Media
15065,Customer_15065,Female,35,Kanpur,Uttar Pradesh,Consumer,2023-05-31,Direct
15066,Customer_15066,Female,48,,Maharashtra,Corporate,2024-10-03,Organic Search
15067,Customer_15067,Female,46,Warangal,Telangana,Consumer,2022-06-19,Social Media
15068,Customer_15068,Female,32,Mysuru,Karnataka,Home Office,2022-03-05,Social Media
15069,Customer_15069,Female,40,Gurugram,Haryana,Consumer,2022-01-17,Social Media
15070,Customer_15070,Male,55,Mumbai,Maharashtra,Home Office,2022-03-16,Organic Search
15071,Customer_15071,Male,58,Vadodara,Gujarat,Home Office,2022-05-02,Organic Search
15072,Customer_15072,Male,28,Noida,Uttar Pradesh,Consumer,2022-03-26,Social Media
15073,Customer_15073,Male,32,Hyderabad,Telangana,Consumer,2023-02-05,Paid Ads
15074,Customer_15074,Male,40,Mumbai,Maharashtra,Corporate,2023-12-03,Paid Ads
15075,Customer_15075,Other,20,Amritsar,Punjab,Consumer,2022-05-15,Organic Search
15076,Customer_15076,Female,36,Hyderabad,Telangana,Home Office,2025-02-28,Referral
15077,Customer_15077,Female,18,Vadodara,Gujarat,Consumer,2023-06-26,Referral
15078,Customer_15078,Male,41,Delhi,Delhi,Corporate,2023-12-17,Referral
15079,Customer_15079,Female,28,Warangal,Telangana,Consumer,2024-06-16,Social Media
15080,Customer_15080,Female,47,Coimbatore,Tamil Nadu,Corporate,2023-07-18,Paid Ads
15081,Customer_15081,Female,28,Nashik,Maharashtra,Consumer,2025-01-08,Organic Search
15082,Customer_15082,Male,56,Nashik,Maharashtra,Corporate,2024-11-01,Social Media
15083,Customer_15083,Female,18,Noida,Uttar Pradesh,Consumer,2024-10-04,Organic Search
15084,Customer_15084,Female,29,Delhi,Delhi,Consumer,2022-08-23,Organic Search
15085,Customer_15085,Female,21,Delhi,Delhi,Home Office,2023-04-26,Email
15086,Customer_15086,Female,42,Warangal,Telangana,Corporate,2023-08-17,Social Media
15087,Customer_15087,Female,25,Lucknow,Uttar Pradesh,Home Office,2023-09-08,Paid Ads
15088,Customer_15088,Female,32,Pune,Maharashtra,Consumer,2023-01-13,Paid Ads
15089,Customer_15089,Female,60,Surat,Gujarat,Consumer,2022-09-13,Referral
15090,Customer_15090,Female,47,Mumbai,Maharashtra,Consumer,2022-09-03,Email
15091,Customer_15091,Female,57,Pune,Maharashtra,Corporate,2022-09-21,Organic Search
15092,Customer_15092,Male,49,Mumbai,Maharashtra,Consumer,2023-07-25,Organic Search
15093,Customer_15093,Male,52,Lucknow,Uttar Pradesh,Consumer,2023-04-28,Email
15094,Customer_15094,Male,38,Pune,Maharashtra,Home Office,2023-10-18,Direct
15095,Customer_15095,Male,48,Nagpur,Maharashtra,Consumer,2024-06-05,Referral
15096,Customer_15096,Male,53,Coimbatore,Tamil Nadu,Home Office,2025-05-07,Paid Ads
15097,Customer_15097,Male,44,Bhopal,Madhya Pradesh,Consumer,2025-06-16,Organic Search
15098,Customer_15098,Female,25,New Delhi,Delhi,Home Office,2025-04-02,Paid Ads
15099,Customer_15099,Male,40,Chennai,Tamil Nadu,Corporate,2024-07-31,Referral
15100,Customer_15100,Male,40,Nagpur,Maharashtra,Corporate,2025-03-18,Organic Search
15101,Customer_15101,Female,59,,Tamil Nadu,Consumer,2022-10-17,Paid Ads
15102,Customer_15102,Female,50,Surat,Gujarat,Home Office,2025-10-16,Organic Search
15103,Customer_15103,Female,30,Vadodara,Gujarat,Consumer,2025-12-05,Direct
15104,Customer_15104,Female,56,Mysuru,Karnataka,Corporate,2022-06-23,Direct
15105,Customer_15105,Male,52,Mysuru,Karnataka,Consumer,2024-03-29,Paid Ads
15106,Customer_15106,Male,33,Nagpur,Maharashtra,Consumer,2022-09-19,Social Media
15107,Customer_15107,Male,29,Bengaluru,Karnataka,Home Office,2024-11-27,Organic Search
15108,Customer_15108,Male,48,Nagpur,Maharashtra,Consumer,2023-03-04,Social Media
15109,Customer_15109,Male,22,Kanpur,Uttar Pradesh,Corporate,2024-06-18,Organic Search
15110,Customer_15110,Other,57,Ludhiana,Punjab,Consumer,2024-12-07,Paid Ads
15111,Customer_15111,Male,42,Ludhiana,Punjab,Home Office,2024-01-07,Direct
15112,Customer_15112,Male,38,Indore,Madhya Pradesh,Home Office,2022-09-23,Organic Search
15113,Customer_15113,Male,20,Ahmedabad,Gujarat,Consumer,2022-10-04,Direct
15114,Customer_15114,Female,27,Kolkata,West Bengal,Consumer,2022-08-14,Social Media
15115,Customer_15115,Male,40,Bengaluru,Karnataka,Consumer,2025-07-31,Organic Search
15116,Customer_15116,Male,34,Vadodara,Gujarat,Consumer,2023-12-21,Paid Ads
15117,Customer_15117,Male,59,Coimbatore,Tamil Nadu,Consumer,2024-02-02,Email
15118,Customer_15118,Male,52,Warangal,Telangana,Consumer,2025-12-02,Social Media
15119,Customer_15119,Male,42,Lucknow,Uttar Pradesh,Consumer,2025-02-11,Direct
15120,Customer_15120,Male,19,Mysuru,Karnataka,Consumer,2023-03-13,Referral
15121,Customer_15121,Male,44,Mysuru,Karnataka,Consumer,2022-06-24,Organic Search
15122,Customer_15122,Female,26,Faridabad,Haryana,Consumer,2025-11-17,Social Media
15123,Customer_15123,Female,21,Nashik,Maharashtra,Consumer,2024-04-27,Paid Ads
15124,Customer_15124,Female,43,Warangal,Telangana,Consumer,2025-07-14,Organic Search
15125,Customer_15125,Male,49,Faridabad,Haryana,Consumer,2022-05-23,Organic Search
15126,Customer_15126,Male,46,Ahmedabad,Gujarat,Consumer,2025-03-03,Referral
15127,Customer_15127,Male,39,Vadodara,Gujarat,Home Office,2023-09-21,Organic Search
15128,Customer_15128,Male,30,Delhi,Delhi,Consumer,2025-03-19,Referral
15129,Customer_15129,Male,40,Mysuru,Karnataka,Corporate,2024-11-16,Social Media
15130,Customer_15130,Male,48,Indore,Madhya Pradesh,Consumer,2025-11-05,Paid Ads
15131,Customer_15131,Female,58,Surat,Gujarat,Consumer,2024-01-23,Social Media
15132,Customer_15132,Female,53,Warangal,Telangana,Consumer,2024-10-20,Direct
15133,Customer_15133,Female,57,Nashik,Maharashtra,Consumer,2024-06-17,Social Media
15134,Customer_15134,Male,48,Nashik,Maharashtra,Corporate,2024-07-03,Organic Search
15135,Customer_15135,Female,32,Amritsar,Punjab,Consumer,2025-01-09,Referral
15136,Customer_15136,Male,31,Bengaluru,Karnataka,Home Office,2023-05-08,Paid Ads
15137,Customer_15137,Female,52,Vadodara,Gujarat,Corporate,2025-08-07,Social Media
15138,Customer_15138,Male,41,Pune,Maharashtra,Consumer,2023-06-18,Paid Ads
15139,Customer_15139,Male,47,Jaipur,Rajasthan,Consumer,2022-02-08,Social Media
15140,Customer_15140,Female,47,Faridabad,Haryana,Consumer,2024-08-09,Organic Search
15141,Customer_15141,Female,44,Surat,Gujarat,Consumer,2024-06-01,Organic Search
15142,Customer_15142,Male,57,Pune,Maharashtra,Consumer,2022-09-30,Social Media
15143,Customer_15143,Male,31,Surat,Gujarat,Corporate,2025-03-02,Direct
15144,Customer_15144,Male,28,Noida,Uttar Pradesh,Corporate,2023-11-28,Referral
15145,Customer_15145,Female,43,Coimbatore,Tamil Nadu,Consumer,2022-02-09,Referral
15146,Customer_15146,Female,38,Bhopal,Madhya Pradesh,Consumer,2022-12-27,Email
15147,Customer_15147,Female,26,Jaipur,Rajasthan,Consumer,2024-06-10,Direct
15148,Customer_15148,Male,18,Bhopal,Madhya Pradesh,Consumer,2023-12-14,Organic Search
15149,Customer_15149,Female,23,Vadodara,Gujarat,Corporate,2022-05-23,Organic Search
15150,Customer_15150,Female,18,Mumbai,Maharashtra,Consumer,2023-10-01,Paid Ads
15151,Customer_15151,,39,Mysuru,Karnataka,Corporate,2025-04-04,Referral
15152,Customer_15152,Male,30,New Delhi,Delhi,Home Office,2022-02-03,Social Media
15153,Customer_15153,Female,55,Faridabad,Haryana,Consumer,2024-10-02,Email
15154,Customer_15154,Female,58,Lucknow,Uttar Pradesh,Consumer,2023-03-21,Referral
15155,Customer_15155,Female,57,Jaipur,Rajasthan,Consumer,2024-06-08,Organic Search
15156,Customer_15156,Female,48,Mysuru,Karnataka,Consumer,2025-05-10,Social Media
15157,Customer_15157,Female,32,New Delhi,Delhi,Consumer,2023-08-31,Email
15158,Customer_15158,Female,19,Kanpur,Uttar Pradesh,Corporate,2025-02-17,Organic Search
15159,Customer_15159,Male,48,Hyderabad,Telangana,Consumer,2024-11-03,Email
15160,Customer_15160,Male,43,Delhi,Delhi,Corporate,2024-06-26,Direct
15161,Customer_15161,Female,19,Vadodara,Gujarat,Corporate,2022-03-10,Social Media
15162,Customer_15162,Female,28,Nagpur,Maharashtra,Corporate,2025-05-11,Organic Search
15163,Customer_15163,Male,50,Bengaluru,Karnataka,Consumer,2024-04-17,Organic Search
15164,Customer_15164,Male,35,Warangal,Telangana,Home Office,2025-01-12,Organic Search
15165,Customer_15165,Male,38,Mumbai,Maharashtra,Consumer,2022-11-07,Paid Ads
15166,Customer_15166,Male,48,Ludhiana,Punjab,Consumer,2025-05-02,Organic Search
15167,Customer_15167,Male,43,Delhi,Delhi,Home Office,2024-09-13,Email
15168,Customer_15168,Female,47,Mumbai,Maharashtra,Home Office,2022-07-15,Social Media
15169,Customer_15169,Male,56,Delhi,Delhi,Consumer,2024-07-23,Direct
15170,Customer_15170,Female,38,Noida,Uttar Pradesh,Corporate,2022-01-29,Direct
15171,Customer_15171,Female,33,Coimbatore,Tamil Nadu,Consumer,2022-08-18,Email
15172,Customer_15172,Female,24,Surat,Gujarat,Consumer,2022-09-28,Social Media
15173,Customer_15173,Male,39,Pune,Maharashtra,Consumer,2022-04-13,Social Media
15174,Customer_15174,Female,24,Pune,Maharashtra,Consumer,2024-11-22,Direct
15175,Customer_15175,Male,19,Chennai,Tamil Nadu,Consumer,2024-11-23,Paid Ads
15176,Customer_15176,Male,54,Kanpur,Uttar Pradesh,Consumer,2022-06-06,Social Media
15177,Customer_15177,Female,31,Indore,Madhya Pradesh,Consumer,2023-07-26,Email
15178,Customer_15178,Female,25,Pune,Maharashtra,Consumer,2022-12-24,Organic Search
15179,Customer_15179,Male,46,Vadodara,Gujarat,Consumer,2024-05-17,Direct
15180,Customer_15180,Female,24,Gurugram,Haryana,Consumer,2024-01-05,Organic Search
15181,Customer_15181,Female,55,Chennai,Tamil Nadu,Consumer,2022-09-29,Paid Ads
15182,Customer_15182,Female,39,Noida,Uttar Pradesh,Consumer,2022-05-22,Referral
15183,Customer_15183,Female,34,Nagpur,Maharashtra,Consumer,2025-05-28,Referral
15184,Customer_15184,Male,33,Gurugram,Haryana,Consumer,2023-10-27,Social Media
15185,Customer_15185,Female,50,Noida,Uttar Pradesh,Consumer,2022-04-14,Referral
15186,Customer_15186,Male,56,Gurugram,Haryana,Consumer,2025-07-31,Paid Ads
15187,Customer_15187,Female,52,Jaipur,Rajasthan,Home Office,2022-10-10,Referral
15188,Customer_15188,Male,55,Bengaluru,Karnataka,Consumer,2024-02-06,Organic Search
15189,Customer_15189,Male,49,Faridabad,Haryana,Corporate,2025-03-27,Organic Search
15190,Customer_15190,Female,20,Bengaluru,Karnataka,Consumer,2024-05-02,Referral
15191,Customer_15191,Male,20,Bengaluru,Karnataka,Consumer,2025-11-22,Organic Search
15192,Customer_15192,Male,25,Kolkata,West Bengal,Consumer,2022-09-21,Direct
15193,Customer_15193,Male,48,Kanpur,Uttar Pradesh,Home Office,2024-09-13,Email
15194,Customer_15194,Female,26,Faridabad,Haryana,Consumer,2024-09-05,Social Media
15195,Customer_15195,Male,22,Delhi,Delhi,Corporate,2023-08-31,Referral
15196,Customer_15196,Male,45,Noida,Uttar Pradesh,Consumer,2025-12-08,Social Media
15197,Customer_15197,Male,32,Lucknow,Uttar Pradesh,Consumer,2022-12-01,Organic Search
15198,Customer_15198,Male,44,Pune,Maharashtra,Home Office,2025-07-17,Referral
15199,Customer_15199,Male,59,Coimbatore,Tamil Nadu,Consumer,2022-10-02,Direct
15200,Customer_15200,Female,48,Mysuru,Karnataka,Consumer,2025-01-22,Organic Search
15201,Customer_15201,Male,57,Mysuru,Karnataka,Consumer,2022-08-06,Referral
15202,Customer_15202,Male,35,Amritsar,Punjab,Consumer,2025-11-07,Direct
15203,Customer_15203,Male,55,Jaipur,Rajasthan,Consumer,2025-07-10,Direct
15204,Customer_15204,Male,21,Kolkata,West Bengal,Consumer,2025-05-25,Social Media
15205,Customer_15205,Male,38,Ludhiana,Punjab,Consumer,2025-04-16,Organic Search
15206,Customer_15206,Female,59,Mysuru,Karnataka,Consumer,2023-02-15,Organic Search
15207,Customer_15207,Male,40,Noida,Uttar Pradesh,Consumer,2022-01-04,Paid Ads
15208,Customer_15208,Male,39,Coimbatore,Tamil Nadu,Home Office,2024-03-22,Organic Search
15209,Customer_15209,Female,18,Indore,Madhya Pradesh,Consumer,2022-03-03,Referral
15210,Customer_15210,Male,42,New Delhi,Delhi,Consumer,2023-08-20,Social Media
15211,Customer_15211,Female,58,Gurugram,Haryana,Corporate,2025-06-19,Organic Search
15212,Customer_15212,Female,45,New Delhi,Delhi,Consumer,2022-09-17,Organic Search
15213,Customer_15213,Male,54,Mysuru,Karnataka,Consumer,2023-07-15,Paid Ads
15214,Customer_15214,Female,28,Noida,Uttar Pradesh,Consumer,2023-11-09,Organic Search
15215,Customer_15215,Male,39,Coimbatore,Tamil Nadu,Consumer,2025-02-11,Referral
15216,Customer_15216,Female,42,Surat,Gujarat,Consumer,2024-08-12,Social Media
15217,Customer_15217,Female,38,Chennai,Tamil Nadu,Consumer,2022-07-03,Paid Ads
15218,Customer_15218,Female,53,Noida,Uttar Pradesh,Consumer,2024-07-01,Social Media
15219,Customer_15219,Female,37,New Delhi,Delhi,Consumer,2023-04-17,Direct
15220,Customer_15220,Female,33,Nagpur,Maharashtra,Consumer,2025-10-26,Email
15221,Customer_15221,Female,45,Mysuru,Karnataka,Home Office,2023-06-23,Email
15222,Customer_15222,Female,46,Hyderabad,Telangana,Consumer,2022-05-20,Organic Search
15223,Customer_15223,Male,43,Nagpur,Maharashtra,Consumer,2022-07-09,Direct
15224,Customer_15224,Female,57,Mysuru,Karnataka,Consumer,2024-02-23,Referral
15225,Customer_15225,Male,19,Chennai,Tamil Nadu,Consumer,2025-04-24,Direct
15226,Customer_15226,Male,27,Mumbai,Maharashtra,Consumer,2022-11-18,Email
15227,Customer_15227,Female,30,Vadodara,Gujarat,Corporate,2023-08-20,Email
15228,Customer_15228,Male,32,Indore,Madhya Pradesh,Consumer,2025-11-05,Paid Ads
15229,Customer_15229,Male,26,Nashik,Maharashtra,Consumer,2023-04-15,Organic Search
15230,Customer_15230,Female,44,Vadodara,Gujarat,Home Office,2022-11-12,Direct
15231,Customer_15231,Male,25,Udaipur,Rajasthan,Consumer,2023-06-16,Social Media
15232,Customer_15232,Male,23,Chennai,Tamil Nadu,Consumer,2024-09-12,Direct
15233,Customer_15233,Female,53,,West Bengal,Consumer,2023-07-25,Email
15234,Customer_15234,Female,41,Chennai,Tamil Nadu,Consumer,2023-11-09,Email
15235,Customer_15235,Female,20,Warangal,Telangana,Consumer,2023-01-21,Organic Search
15236,Customer_15236,Male,43,Nashik,Maharashtra,Consumer,2022-06-14,Referral
15237,Customer_15237,Male,53,Kolkata,West Bengal,Consumer,2022-12-05,Organic Search
15238,Customer_15238,Female,38,Jaipur,Rajasthan,Consumer,2025-10-24,Email
15239,Customer_15239,Male,30,Nashik,Maharashtra,Corporate,2022-05-29,Paid Ads
15240,Customer_15240,Female,28,Bengaluru,Karnataka,Home Office,2023-06-15,Referral
15241,Customer_15241,Female,25,Amritsar,Punjab,Consumer,2024-07-20,Direct
15242,Customer_15242,Male,31,Chennai,Tamil Nadu,Corporate,2022-12-17,Organic Search
15243,Customer_15243,Male,50,Hyderabad,Telangana,Home Office,2024-05-24,Organic Search
15244,Customer_15244,Male,19,Gurugram,Haryana,Home Office,2022-03-14,Social Media
15245,Customer_15245,Female,18,Kolkata,West Bengal,Consumer,2025-07-01,Organic Search
15246,Customer_15246,Male,28,Ahmedabad,Gujarat,Corporate,2023-09-14,Organic Search
15247,Customer_15247,Male,23,Kanpur,Uttar Pradesh,Consumer,2023-07-14,Referral
15248,Customer_15248,Female,49,Bhopal,Madhya Pradesh,Consumer,2025-10-27,Social Media
15249,Customer_15249,Female,32,Coimbatore,Tamil Nadu,Corporate,2025-02-09,Direct
15250,Customer_15250,Male,29,Hyderabad,Telangana,Corporate,2023-10-19,Social Media
15251,Customer_15251,Female,54,Chennai,Tamil Nadu,Consumer,2022-05-26,Organic Search
15252,Customer_15252,Male,46,Amritsar,Punjab,Corporate,2022-04-06,Email
15253,Customer_15253,Female,39,Kolkata,West Bengal,Consumer,2022-05-11,Organic Search
15254,Customer_15254,Female,31,Pune,Maharashtra,Consumer,2022-09-23,Organic Search
15255,Customer_15255,Male,36,Bhopal,Madhya Pradesh,Consumer,2025-07-03,Paid Ads
15256,Customer_15256,Female,22,Warangal,Telangana,Home Office,2022-06-02,Organic Search
15257,Customer_15257,Male,52,Nashik,Maharashtra,Home Office,2023-08-07,Organic Search
15258,Customer_15258,Other,42,Ahmedabad,Gujarat,Corporate,2023-04-05,Paid Ads
15259,Customer_15259,Male,55,Chennai,Tamil Nadu,Consumer,2025-01-24,Organic Search
15260,Customer_15260,Male,26,Bhopal,Madhya Pradesh,Consumer,2025-09-25,Organic Search
15261,Customer_15261,Male,24,Delhi,Delhi,Consumer,2025-06-22,Paid Ads
15262,Customer_15262,Male,35,Noida,Uttar Pradesh,Consumer,2024-05-24,Social Media
15263,Customer_15263,Female,19,Surat,Gujarat,Consumer,2024-06-16,Email
15264,Customer_15264,Female,27,Pune,Maharashtra,Consumer,2022-10-13,Organic Search
15265,Customer_15265,Female,19,Amritsar,Punjab,Consumer,2023-09-25,Referral
15266,Customer_15266,Male,25,Hyderabad,Telangana,Home Office,2023-09-03,Organic Search
15267,Customer_15267,Male,24,Mysuru,Karnataka,Consumer,2022-12-24,Social Media
15268,Customer_15268,Female,52,Warangal,Telangana,Corporate,2023-07-29,Social Media
15269,Customer_15269,Male,40,Indore,Madhya Pradesh,Consumer,2025-03-31,Referral
15270,Customer_15270,Female,25,Bengaluru,Karnataka,Consumer,2023-05-23,Referral
15271,Customer_15271,Female,38,New Delhi,Delhi,Consumer,2022-02-04,Organic Search
15272,Customer_15272,Male,50,Nashik,Maharashtra,Consumer,2025-08-25,Organic Search
15273,Customer_15273,Female,18,Mysuru,Karnataka,Consumer,2022-05-29,Organic Search
15274,Customer_15274,Female,29,Kanpur,Uttar Pradesh,Consumer,2023-05-17,Direct
15275,Customer_15275,Female,28,Warangal,Telangana,Corporate,2024-04-23,Paid Ads
15276,Customer_15276,Male,47,Delhi,Delhi,Home Office,2022-07-09,Direct
15277,Customer_15277,Male,21,Mumbai,Maharashtra,Consumer,2022-08-24,Referral
15278,Customer_15278,Male,51,Mysuru,Karnataka,Consumer,2024-02-06,Email
15279,Customer_15279,Male,40,Faridabad,Haryana,Home Office,2025-10-05,Paid Ads
15280,Customer_15280,Male,49,Mysuru,Karnataka,Corporate,2025-07-20,Organic Search
15281,Customer_15281,Female,20,Amritsar,Punjab,Consumer,2024-01-25,Paid Ads
15282,Customer_15282,Female,45,Hyderabad,Telangana,Corporate,2023-03-19,Referral
15283,Customer_15283,Female,21,New Delhi,Delhi,Consumer,2023-09-05,Organic Search
15284,Customer_15284,Male,29,Indore,Madhya Pradesh,Consumer,2022-06-14,Organic Search
15285,Customer_15285,Female,41,Chennai,Tamil Nadu,Consumer,2022-07-02,Social Media
15286,Customer_15286,Male,50,Kolkata,West Bengal,Consumer,2022-08-16,Referral
15287,Customer_15287,Female,20,Amritsar,Punjab,Consumer,2023-09-02,Referral
15288,Customer_15288,Female,21,Nashik,Maharashtra,Consumer,2022-04-23,Social Media
15289,Customer_15289,Female,47,Pune,Maharashtra,Corporate,2023-08-21,Social Media
15290,Customer_15290,Other,23,Kolkata,West Bengal,Consumer,2025-09-15,Organic Search
15291,Customer_15291,Female,47,Bengaluru,Karnataka,Consumer,2022-08-05,Organic Search
15292,Customer_15292,Male,25,New Delhi,Delhi,Consumer,2024-12-07,Social Media
15293,Customer_15293,Male,35,Nagpur,Maharashtra,Consumer,2025-02-04,Referral
15294,Customer_15294,Male,33,Pune,Maharashtra,Consumer,2024-11-24,Paid Ads
15295,Customer_15295,Male,23,Noida,Uttar Pradesh,Corporate,2025-10-30,Paid Ads
15296,Customer_15296,Female,41,Nagpur,Maharashtra,Corporate,2024-02-18,Direct
15297,Customer_15297,Male,45,Hyderabad,Telangana,Consumer,2025-08-23,Social Media
15298,Customer_15298,Female,49,Surat,Gujarat,Consumer,2022-10-08,Organic Search
15299,Customer_15299,Male,42,Chennai,Tamil Nadu,Corporate,2024-01-29,Social Media
15300,Customer_15300,Male,45,Nagpur,Maharashtra,Consumer,2022-11-14,Paid Ads
15301,Customer_15301,Female,38,Kanpur,Uttar Pradesh,Consumer,2024-09-06,Organic Search
15302,Customer_15302,Male,25,Mumbai,Maharashtra,Consumer,2025-05-26,Email
15303,Customer_15303,Female,53,Noida,Uttar Pradesh,Home Office,2023-01-22,Email
15304,Customer_15304,Female,26,Bhopal,Madhya Pradesh,Consumer,2022-01-12,Social Media
15305,Customer_15305,Male,57,Coimbatore,Tamil Nadu,Home Office,2023-05-06,Paid Ads
15306,Customer_15306,Male,38,Hyderabad,Telangana,Consumer,2024-08-20,Email
15307,Customer_15307,Male,18,Warangal,Telangana,Consumer,2023-06-08,Paid Ads
15308,Customer_15308,Female,21,Coimbatore,Tamil Nadu,Corporate,2022-01-12,Social Media
15309,Customer_15309,Female,27,Bhopal,Madhya Pradesh,Consumer,2025-02-10,Organic Search
15310,Customer_15310,Male,43,Bhopal,Madhya Pradesh,Consumer,2023-05-14,Organic Search
15311,Customer_15311,Female,57,Mysuru,Karnataka,Consumer,2022-07-18,Direct
15312,Customer_15312,Male,20,Ahmedabad,Gujarat,Consumer,2022-04-30,Organic Search
15313,Customer_15313,Female,26,Faridabad,Haryana,Consumer,2022-07-29,Social Media
15314,Customer_15314,Female,49,Amritsar,Punjab,Corporate,2022-05-01,Organic Search
15315,Customer_15315,Female,20,Hyderabad,Telangana,Corporate,2022-02-15,Paid Ads
15316,Customer_15316,Female,21,Chennai,Tamil Nadu,Home Office,2024-02-15,Referral
15317,Customer_15317,Male,23,Mysuru,Karnataka,Corporate,2025-07-25,Organic Search
15318,Customer_15318,Other,26,Amritsar,Punjab,Corporate,2022-12-07,Direct
15319,Customer_15319,Male,43,Pune,Maharashtra,Corporate,2025-10-31,Email
15320,Customer_15320,Female,19,Surat,Gujarat,Home Office,2025-03-16,Organic Search
15321,Customer_15321,Male,19,Bengaluru,Karnataka,Consumer,2023-05-13,Email
15322,Customer_15322,Other,38,Mysuru,Karnataka,Consumer,2025-09-24,Email
15323,Customer_15323,Female,39,Chennai,Tamil Nadu,Corporate,2024-04-25,Paid Ads
15324,Customer_15324,Female,20,Amritsar,Punjab,Consumer,2023-09-19,Social Media
15325,Customer_15325,Male,52,Pune,Maharashtra,Home Office,2025-05-18,Organic Search
15326,Customer_15326,Female,55,Surat,Gujarat,Consumer,2022-10-10,Referral
15327,Customer_15327,Female,50,Nagpur,Maharashtra,Consumer,2022-08-04,Social Media
15328,Customer_15328,Female,32,Nashik,Maharashtra,Corporate,2024-06-14,Referral
15329,Customer_15329,Male,28,Coimbatore,Tamil Nadu,Consumer,2023-12-06,Social Media
15330,Customer_15330,Male,27,Hyderabad,Telangana,Home Office,2025-08-24,Organic Search
15331,Customer_15331,Male,53,,Delhi,Home Office,2022-04-13,Referral
15332,Customer_15332,Male,31,Bengaluru,Karnataka,Consumer,2023-01-16,Referral
15333,Customer_15333,Male,19,Nashik,Maharashtra,Consumer,2022-01-29,Direct
15334,Customer_15334,Male,54,Bengaluru,Karnataka,Consumer,2024-03-31,Referral
15335,Customer_15335,Male,46,Ludhiana,Punjab,Consumer,2023-04-25,Paid Ads
15336,Customer_15336,Male,52,Gurugram,Haryana,Corporate,2022-04-25,Social Media
15337,Customer_15337,Male,37,Mysuru,Karnataka,Consumer,2024-04-19,Email
15338,Customer_15338,Female,38,Vadodara,Gujarat,Consumer,2024-07-29,Social Media
15339,Customer_15339,Male,51,Gurugram,Haryana,Consumer,2023-08-28,Direct
15340,Customer_15340,Male,60,Nashik,Maharashtra,Consumer,2022-11-13,Email
15341,Customer_15341,Male,50,Lucknow,Uttar Pradesh,Home Office,2023-01-03,Organic Search
15342,Customer_15342,Female,36,Faridabad,Haryana,Consumer,2025-09-17,Email
15343,Customer_15343,Female,25,Nashik,Maharashtra,Consumer,2022-04-12,Referral
15344,Customer_15344,Male,48,Nagpur,Maharashtra,Corporate,2025-05-01,Referral
15345,Customer_15345,Male,28,Ludhiana,Punjab,Corporate,2024-01-24,Direct
15346,Customer_15346,Female,25,Surat,Gujarat,Corporate,2022-08-29,Paid Ads
15347,Customer_15347,Male,42,Mumbai,Maharashtra,Corporate,2025-10-07,Organic Search
15348,Customer_15348,Male,37,New Delhi,Delhi,Consumer,2022-01-01,Paid Ads
15349,Customer_15349,Male,55,Chennai,Tamil Nadu,Consumer,2022-10-18,Organic Search
15350,Customer_15350,Male,24,Kolkata,West Bengal,Home Office,2022-05-19,Direct
15351,Customer_15351,Other,30,Kolkata,West Bengal,Home Office,2022-12-28,Organic Search
15352,Customer_15352,Male,56,Ludhiana,Punjab,Consumer,2024-03-03,Social Media
15353,Customer_15353,Female,60,Mysuru,Karnataka,Corporate,2025-07-11,Email
15354,Customer_15354,Other,27,Vadodara,Gujarat,Home Office,2024-06-27,Direct
15355,Customer_15355,Female,25,Warangal,Telangana,Consumer,2022-03-09,Organic Search
15356,Customer_15356,Male,59,Chennai,Tamil Nadu,Consumer,2023-05-09,Organic Search
15357,Customer_15357,Male,60,New Delhi,Delhi,Consumer,2025-04-06,Paid Ads
15358,Customer_15358,Male,37,Ludhiana,Punjab,Home Office,2022-04-15,Email
15359,Customer_15359,Male,34,Indore,Madhya Pradesh,Corporate,2025-12-28,Referral
15360,Customer_15360,Female,28,Warangal,Telangana,Corporate,2022-08-03,Organic Search
15361,Customer_15361,Male,33,Vadodara,Gujarat,Consumer,2022-10-16,Organic Search
15362,Customer_15362,Female,54,Delhi,Delhi,Consumer,2022-03-07,Social Media
15363,Customer_15363,Male,59,Ahmedabad,Gujarat,Consumer,2024-08-29,Organic Search
15364,Customer_15364,Female,49,Kolkata,West Bengal,Home Office,2023-12-10,Social Media
15365,Customer_15365,Female,43,Warangal,Telangana,Consumer,2023-02-20,Paid Ads
15366,Customer_15366,Male,54,Amritsar,Punjab,Consumer,2023-11-10,Organic Search
15367,Customer_15367,Male,26,Ahmedabad,Gujarat,Home Office,2022-07-09,Social Media
15368,Customer_15368,Male,52,Mysuru,Karnataka,Consumer,2022-11-07,Social Media
15369,Customer_15369,Male,20,Kanpur,Uttar Pradesh,Corporate,2023-11-28,Organic Search
15370,Customer_15370,Male,48,Delhi,Delhi,Consumer,2022-07-13,Paid Ads
15371,Customer_15371,Male,59,Coimbatore,Tamil Nadu,Consumer,2023-12-30,Social Media
15372,Customer_15372,Male,24,Mysuru,Karnataka,Consumer,2023-08-31,Direct
15373,Customer_15373,Other,19,Chennai,Tamil Nadu,Home Office,2022-04-29,Social Media
15374,Customer_15374,Male,42,Lucknow,Uttar Pradesh,Consumer,2022-01-28,Direct
15375,Customer_15375,Female,57,Hyderabad,Telangana,Corporate,2022-06-30,Referral
15376,Customer_15376,Male,29,Lucknow,Uttar Pradesh,Consumer,2023-10-01,Referral
15377,Customer_15377,Male,47,Surat,Gujarat,Consumer,2023-03-03,Organic Search
15378,Customer_15378,Male,47,Mysuru,Karnataka,Consumer,2025-01-31,Direct
15379,Customer_15379,Female,46,Noida,Uttar Pradesh,Home Office,2024-09-06,Social Media
15380,Customer_15380,Male,58,Delhi,Delhi,Consumer,2023-02-01,Referral
15381,Customer_15381,Male,28,Delhi,Delhi,Consumer,2023-11-05,Direct
15382,Customer_15382,Male,40,Hyderabad,Telangana,Corporate,2025-01-31,Email
15383,Customer_15383,Male,34,Delhi,Delhi,Consumer,2025-03-01,Social Media
15384,Customer_15384,Male,30,Mumbai,Maharashtra,Consumer,2025-09-04,Email
15385,Customer_15385,Female,50,Jaipur,Rajasthan,Consumer,2025-04-15,Paid Ads
15386,Customer_15386,Male,18,Warangal,Telangana,Corporate,2025-08-09,Organic Search
15387,Customer_15387,Male,57,Coimbatore,Tamil Nadu,Consumer,2024-05-06,Social Media
15388,Customer_15388,Female,30,Ludhiana,Punjab,Home Office,2022-11-13,Social Media
15389,Customer_15389,Male,55,Ahmedabad,Gujarat,Consumer,2022-01-16,Paid Ads
15390,Customer_15390,Male,20,Bhopal,Madhya Pradesh,Consumer,2024-09-02,Paid Ads
15391,Customer_15391,Other,33,Nagpur,Maharashtra,Corporate,2023-03-24,Paid Ads
15392,Customer_15392,Male,59,Ahmedabad,Gujarat,Consumer,2025-01-18,Social Media
15393,Customer_15393,Female,24,Indore,Madhya Pradesh,Home Office,2024-09-23,Direct
15394,Customer_15394,Male,20,Ahmedabad,Gujarat,Consumer,2024-04-13,Organic Search
15395,Customer_15395,Male,31,Kolkata,West Bengal,Consumer,2022-10-07,Referral
15396,Customer_15396,Male,33,Mysuru,Karnataka,Consumer,2023-08-20,Social Media
15397,Customer_15397,Male,21,Nashik,Maharashtra,Consumer,2022-12-31,Organic Search
15398,Customer_15398,Male,48,Chennai,Tamil Nadu,Consumer,2022-01-20,Organic Search
15399,Customer_15399,Male,30,Chennai,Tamil Nadu,Consumer,2024-08-15,Social Media
15400,Customer_15400,Female,44,Indore,Madhya Pradesh,Consumer,2022-02-23,Social Media
15401,Customer_15401,Female,18,Delhi,Delhi,Consumer,2025-12-14,Organic Search
15402,Customer_15402,Male,42,Amritsar,Punjab,Consumer,2025-03-13,Organic Search
15403,Customer_15403,Female,54,Ludhiana,Punjab,Consumer,2025-07-28,Social Media
15404,Customer_15404,Female,28,New Delhi,Delhi,Consumer,2023-01-26,Direct
15405,Customer_15405,Female,26,Bengaluru,Karnataka,Consumer,2023-05-03,Referral
15406,Customer_15406,Male,24,Bhopal,Madhya Pradesh,Consumer,2025-10-17,Organic Search
15407,Customer_15407,Female,31,Ludhiana,Punjab,Corporate,2022-08-21,Direct
15408,Customer_15408,Male,47,Chennai,Tamil Nadu,Consumer,2024-04-19,Paid Ads
15409,Customer_15409,Male,41,Bengaluru,Karnataka,Consumer,2024-06-08,Referral
15410,Customer_15410,Male,20,Hyderabad,Telangana,Consumer,2022-09-25,Direct
15411,Customer_15411,Female,56,Kolkata,West Bengal,Consumer,2022-04-06,Paid Ads
15412,Customer_15412,Female,44,New Delhi,Delhi,Home Office,2025-03-07,Referral
15413,Customer_15413,Female,18,Kolkata,West Bengal,Consumer,2025-06-01,Organic Search
15414,Customer_15414,Male,55,Pune,Maharashtra,Consumer,2024-07-11,Social Media
15415,Customer_15415,Female,43,Pune,Maharashtra,Consumer,2022-03-02,Paid Ads
15416,Customer_15416,Male,23,Coimbatore,Tamil Nadu,Home Office,2024-12-08,Organic Search
15417,Customer_15417,Male,59,Bengaluru,Karnataka,Corporate,2024-02-02,Organic Search
15418,Customer_15418,Male,29,Mysuru,Karnataka,Consumer,2024-12-20,Referral
15419,Customer_15419,Male,55,Hyderabad,Telangana,Consumer,2024-10-01,Email
15420,Customer_15420,Female,52,Mysuru,Karnataka,Home Office,2022-07-07,Direct
15421,Customer_15421,Male,27,Delhi,Delhi,Consumer,2023-11-12,Organic Search
15422,Customer_15422,Female,26,Bengaluru,Karnataka,Consumer,2025-10-12,Direct
15423,Customer_15423,Male,40,Ludhiana,Punjab,Corporate,2023-03-22,Social Media
15424,Customer_15424,Male,47,Chennai,Tamil Nadu,Consumer,2024-02-10,Paid Ads
15425,Customer_15425,Female,39,Coimbatore,Tamil Nadu,Consumer,2022-10-01,Organic Search
15426,Customer_15426,Male,26,Vadodara,Gujarat,Consumer,2023-07-30,Paid Ads
15427,Customer_15427,Female,36,Amritsar,Punjab,Home Office,2025-06-04,Paid Ads
15428,Customer_15428,Female,25,Delhi,Delhi,Consumer,2022-12-21,Organic Search
15429,Customer_15429,Male,21,Udaipur,Rajasthan,Corporate,2024-05-18,Social Media
15430,Customer_15430,Female,22,Kolkata,West Bengal,Consumer,2025-09-14,Social Media
15431,Customer_15431,Male,36,Vadodara,Gujarat,Home Office,2022-07-19,Paid Ads
15432,Customer_15432,Female,35,Nagpur,Maharashtra,Home Office,2024-09-20,Direct
15433,Customer_15433,Male,46,Jaipur,Rajasthan,Consumer,2022-12-22,Referral
15434,Customer_15434,Male,36,Nashik,Maharashtra,Consumer,2025-05-07,Referral
15435,Customer_15435,Male,23,Ahmedabad,Gujarat,Consumer,2025-07-30,Social Media
15436,Customer_15436,Female,22,Noida,Uttar Pradesh,Consumer,2025-12-24,Paid Ads
15437,Customer_15437,Female,60,Delhi,Delhi,Consumer,2022-11-20,Email
15438,Customer_15438,Female,22,Kanpur,Uttar Pradesh,Corporate,2024-11-20,Organic Search
15439,Customer_15439,Female,25,Pune,Maharashtra,Consumer,2023-06-06,Organic Search
15440,Customer_15440,Female,44,Bhopal,Madhya Pradesh,Consumer,2023-09-27,Referral
15441,Customer_15441,Female,54,Chennai,Tamil Nadu,Corporate,2025-12-03,Organic Search
15442,Customer_15442,Male,60,New Delhi,Delhi,Consumer,2025-02-25,Social Media
15443,Customer_15443,Female,55,Mumbai,Maharashtra,Consumer,2024-05-22,Social Media
15444,Customer_15444,Female,54,Gurugram,Haryana,Home Office,2024-02-16,Email
15445,Customer_15445,Male,35,Nagpur,Maharashtra,Consumer,2023-07-26,Referral
15446,Customer_15446,Female,43,New Delhi,Delhi,Home Office,2024-05-21,Social Media
15447,Customer_15447,Male,59,Mysuru,Karnataka,Corporate,2023-08-23,Organic Search
15448,Customer_15448,Female,33,Surat,Gujarat,Corporate,2023-01-11,Organic Search
15449,Customer_15449,Female,39,Surat,Gujarat,Consumer,2024-09-12,Referral
15450,Customer_15450,Female,40,Pune,Maharashtra,Consumer,2025-02-28,Email
15451,Customer_15451,Female,20,Bengaluru,Karnataka,Consumer,2025-01-08,Social Media
15452,Customer_15452,Male,20,Delhi,Delhi,Consumer,2022-02-08,Organic Search
15453,Customer_15453,Female,29,New Delhi,Delhi,Home Office,2023-01-07,Social Media
15454,Customer_15454,Male,40,Chennai,Tamil Nadu,Consumer,2024-06-07,Organic Search
15455,Customer_15455,Male,28,Kolkata,West Bengal,Consumer,2023-05-13,Referral
15456,Customer_15456,Female,59,Delhi,Delhi,Consumer,2024-10-31,Organic Search
15457,Customer_15457,Female,46,Mysuru,Karnataka,Consumer,2022-02-21,Email
15458,Customer_15458,Female,23,Chennai,Tamil Nadu,Consumer,2024-02-04,Paid Ads
15459,Customer_15459,Male,33,Ludhiana,Punjab,Consumer,2022-12-25,Paid Ads
15460,Customer_15460,Female,51,Gurugram,Haryana,Corporate,2025-06-02,Direct
15461,Customer_15461,Female,54,Lucknow,Uttar Pradesh,Consumer,2025-06-26,Email
15462,Customer_15462,Male,28,Delhi,Delhi,Consumer,2025-07-05,Organic Search
15463,Customer_15463,Male,28,Mumbai,Maharashtra,Consumer,2024-06-08,Paid Ads
15464,Customer_15464,Female,42,Mysuru,Karnataka,Consumer,2023-02-19,Referral
15465,Customer_15465,Female,36,New Delhi,Delhi,Consumer,2025-07-17,Social Media
15466,Customer_15466,Other,49,Hyderabad,Telangana,Home Office,2024-09-27,Organic Search
15467,Customer_15467,Male,25,Lucknow,Uttar Pradesh,Consumer,2025-10-01,Organic Search
15468,Customer_15468,Female,29,Bhopal,Madhya Pradesh,Consumer,2024-01-25,Email
15469,Customer_15469,Female,58,Indore,Madhya Pradesh,Home Office,2025-06-13,Social Media
15470,Customer_15470,Male,52,Mysuru,Karnataka,Corporate,2024-04-10,Social Media
15471,Customer_15471,Female,23,Kolkata,West Bengal,Consumer,2022-10-09,Paid Ads
15472,Customer_15472,Female,38,Mysuru,Karnataka,Consumer,2022-01-26,Paid Ads
15473,Customer_15473,Male,43,Pune,Maharashtra,Home Office,2022-06-17,Referral
15474,Customer_15474,Male,18,Kolkata,West Bengal,Consumer,2025-05-14,Social Media
15475,Customer_15475,Male,34,Nagpur,Maharashtra,Consumer,2022-01-12,Organic Search
15476,Customer_15476,Female,52,Coimbatore,Tamil Nadu,Consumer,2024-05-19,Referral
15477,Customer_15477,Female,44,Mysuru,Karnataka,Consumer,2022-07-01,Email
15478,Customer_15478,Male,19,Kolkata,West Bengal,Consumer,2023-04-06,Organic Search
15479,Customer_15479,Male,53,Lucknow,Uttar Pradesh,Consumer,2025-01-23,Social Media
15480,Customer_15480,Male,18,Bengaluru,Karnataka,Consumer,2024-07-30,Organic Search
15481,Customer_15481,Female,27,Noida,Uttar Pradesh,Corporate,2025-01-23,Referral
15482,Customer_15482,Female,48,Mysuru,Karnataka,Consumer,2022-04-01,Organic Search
15483,Customer_15483,Female,54,Chennai,Tamil Nadu,Consumer,2022-07-21,Email
15484,Customer_15484,Female,22,Kolkata,West Bengal,Consumer,2024-02-28,Paid Ads
15485,Customer_15485,Female,58,Kolkata,West Bengal,Corporate,2024-10-22,Organic Search
15486,Customer_15486,Male,30,Amritsar,Punjab,Consumer,2024-09-15,Email
15487,Customer_15487,Female,41,Delhi,Delhi,Corporate,2023-05-25,Paid Ads
15488,Customer_15488,Female,44,Udaipur,Rajasthan,Consumer,2022-05-02,Direct
15489,Customer_15489,Female,18,Vadodara,Gujarat,Consumer,2024-06-12,Organic Search
15490,Customer_15490,Female,37,Faridabad,Haryana,Corporate,2024-02-01,Email
15491,Customer_15491,Female,25,Nagpur,Maharashtra,Home Office,2023-11-21,Organic Search
15492,Customer_15492,Female,20,Kanpur,Uttar Pradesh,Consumer,2023-04-03,Paid Ads
15493,Customer_15493,Female,49,Vadodara,Gujarat,Consumer,2024-04-25,Organic Search
15494,Customer_15494,Other,42,Mysuru,Karnataka,Consumer,2023-07-02,Paid Ads
15495,Customer_15495,Female,42,Hyderabad,Telangana,Consumer,2024-03-24,Organic Search
15496,Customer_15496,Male,31,Mysuru,Karnataka,Consumer,2023-10-02,Paid Ads
15497,Customer_15497,Male,60,Vadodara,Gujarat,Consumer,2023-02-10,Social Media
15498,Customer_15498,Female,44,Bhopal,Madhya Pradesh,Home Office,2025-01-08,Organic Search
15499,Customer_15499,Male,49,Surat,Gujarat,Home Office,2022-12-25,Referral
15500,Customer_15500,Male,44,Jaipur,Rajasthan,Consumer,2023-07-12,Organic Search
15501,Customer_15501,Male,21,Warangal,Telangana,Consumer,2022-03-10,Organic Search
15502,Customer_15502,Female,56,Nashik,Maharashtra,Corporate,2024-05-25,Organic Search
15503,Customer_15503,Male,28,New Delhi,Delhi,Consumer,2022-01-29,Direct
15504,Customer_15504,Male,20,Hyderabad,Telangana,Consumer,2025-05-14,Paid Ads
15505,Customer_15505,Male,42,Mysuru,Karnataka,Consumer,2024-11-27,Social Media
15506,Customer_15506,Female,41,New Delhi,Delhi,Consumer,2022-03-16,Social Media
15507,Customer_15507,Male,26,Hyderabad,Telangana,Consumer,2024-03-19,Social Media
15508,Customer_15508,Male,25,Bengaluru,Karnataka,Home Office,2022-12-21,Paid Ads
15509,Customer_15509,Female,56,Delhi,Delhi,Consumer,2025-03-29,Paid Ads
15510,Customer_15510,Female,48,Hyderabad,Telangana,Consumer,2025-08-29,Referral
15511,Customer_15511,Male,34,Pune,Maharashtra,Consumer,2022-05-15,Social Media
15512,Customer_15512,Female,60,Gurugram,Haryana,Home Office,2025-07-08,Organic Search
15513,Customer_15513,Male,48,Indore,Madhya Pradesh,Home Office,2024-11-17,Social Media
15514,Customer_15514,Female,21,Kolkata,West Bengal,Consumer,2023-04-01,Paid Ads
15515,Customer_15515,Male,21,Nashik,Maharashtra,Home Office,2024-06-18,Social Media
15516,Customer_15516,Male,54,Kanpur,Uttar Pradesh,Consumer,2022-12-17,Referral
15517,Customer_15517,Female,25,Kanpur,Uttar Pradesh,Consumer,2024-01-10,Social Media
15518,Customer_15518,Female,59,Lucknow,Uttar Pradesh,Consumer,2025-07-21,Social Media
15519,Customer_15519,Male,23,Mumbai,Maharashtra,Consumer,2024-12-20,Paid Ads
15520,Customer_15520,Male,26,Udaipur,Rajasthan,Consumer,2023-05-26,Direct
15521,Customer_15521,Female,59,Noida,Uttar Pradesh,Consumer,2022-10-07,Social Media
15522,Customer_15522,Female,25,Surat,Gujarat,Consumer,2025-06-14,Organic Search
15523,Customer_15523,Male,49,Udaipur,Rajasthan,Consumer,2024-02-07,Paid Ads
15524,Customer_15524,Female,32,Coimbatore,Tamil Nadu,Consumer,2024-12-14,Paid Ads
15525,Customer_15525,Male,35,Hyderabad,Telangana,Consumer,2022-09-24,Paid Ads
15526,Customer_15526,Male,40,Nashik,Maharashtra,Consumer,2025-08-17,Referral
15527,Customer_15527,Male,22,Udaipur,Rajasthan,Consumer,2023-07-07,Social Media
15528,Customer_15528,Male,44,Pune,Maharashtra,Corporate,2025-09-18,Paid Ads
15529,Customer_15529,Male,50,Chennai,Tamil Nadu,Home Office,2025-06-17,Direct
15530,Customer_15530,Male,19,Mysuru,Karnataka,Consumer,2024-05-24,Social Media
15531,Customer_15531,Male,59,Surat,Gujarat,Consumer,2023-07-25,Organic Search
15532,Customer_15532,Male,55,Pune,Maharashtra,Consumer,2022-01-15,Organic Search
15533,Customer_15533,Male,45,Kolkata,West Bengal,Home Office,2023-03-26,Organic Search
15534,Customer_15534,Male,41,Lucknow,Uttar Pradesh,Consumer,2025-06-02,Referral
15535,Customer_15535,Female,38,Nashik,Maharashtra,Corporate,2022-05-04,Paid Ads
15536,Customer_15536,Male,48,Mumbai,Maharashtra,Consumer,2023-07-31,Social Media
15537,Customer_15537,Female,28,Nagpur,Maharashtra,Home Office,2024-03-28,Paid Ads
15538,Customer_15538,Male,45,Indore,Madhya Pradesh,Consumer,2022-09-02,Organic Search
15539,Customer_15539,Male,57,Hyderabad,Telangana,Home Office,2022-08-17,Email
15540,Customer_15540,Female,21,Warangal,Telangana,Consumer,2022-11-25,Organic Search
15541,Customer_15541,Female,60,Mumbai,Maharashtra,Home Office,2023-04-14,Email
15542,Customer_15542,Male,59,Jaipur,Rajasthan,Consumer,2024-04-01,Paid Ads
15543,Customer_15543,Male,33,Bhopal,Madhya Pradesh,Consumer,2023-12-23,Referral
15544,Customer_15544,Female,29,Kanpur,Uttar Pradesh,Corporate,2024-07-13,Organic Search
15545,Customer_15545,Female,39,Ahmedabad,Gujarat,Corporate,2024-09-16,Referral
15546,Customer_15546,Other,52,Nagpur,Maharashtra,Consumer,2024-09-26,Organic Search
15547,Customer_15547,Male,60,Nagpur,Maharashtra,Consumer,2023-06-03,Social Media
15548,Customer_15548,Male,33,Mumbai,Maharashtra,Corporate,2023-09-25,Organic Search
15549,Customer_15549,Female,41,New Delhi,Delhi,Home Office,2024-08-05,Organic Search
15550,Customer_15550,Female,52,Pune,Maharashtra,Consumer,2023-02-11,Referral
15551,Customer_15551,Female,45,Delhi,Delhi,Consumer,2023-07-28,Organic Search
15552,Customer_15552,Female,59,Coimbatore,Tamil Nadu,Home Office,2022-01-29,Paid Ads
15553,Customer_15553,Female,46,Faridabad,Haryana,Consumer,2022-01-16,Organic Search
15554,Customer_15554,Male,38,Ahmedabad,Gujarat,Corporate,2025-06-21,Social Media
15555,Customer_15555,Male,42,Kanpur,Uttar Pradesh,Home Office,2024-12-10,Referral
15556,Customer_15556,Female,56,Kolkata,West Bengal,Corporate,2022-05-11,Organic Search
15557,Customer_15557,Male,48,Nagpur,Maharashtra,Corporate,2025-06-15,Email
15558,Customer_15558,Male,32,Kolkata,West Bengal,Home Office,2025-05-13,Organic Search
15559,Customer_15559,Male,59,Mysuru,Karnataka,Home Office,2025-08-15,Organic Search
15560,Customer_15560,Male,52,Udaipur,Rajasthan,Corporate,2023-03-21,Paid Ads
15561,Customer_15561,Male,55,Bengaluru,Karnataka,Consumer,2022-04-07,Paid Ads
15562,Customer_15562,Female,39,Ludhiana,Punjab,Consumer,2023-02-07,Referral
15563,Customer_15563,Male,22,Delhi,Delhi,Consumer,2023-03-06,Email
15564,Customer_15564,Male,30,Mysuru,Karnataka,Corporate,2025-08-27,Direct
15565,Customer_15565,Male,49,Faridabad,Haryana,Consumer,2023-10-25,Organic Search
15566,Customer_15566,Male,20,Nashik,Maharashtra,Consumer,2022-10-13,Social Media
15567,Customer_15567,Female,32,Kolkata,West Bengal,Consumer,2023-02-13,Social Media
15568,Customer_15568,Female,44,Kolkata,West Bengal,Corporate,2024-05-27,Organic Search
15569,Customer_15569,Male,44,Lucknow,Uttar Pradesh,Home Office,2023-06-10,Organic Search
15570,Customer_15570,Female,47,Amritsar,Punjab,Home Office,2022-07-29,Social Media
15571,Customer_15571,Male,23,Amritsar,Punjab,Consumer,2024-07-09,Organic Search
15572,Customer_15572,Other,42,Mumbai,Maharashtra,Consumer,2024-03-16,Paid Ads
15573,Customer_15573,Male,45,Kanpur,Uttar Pradesh,Consumer,2024-01-18,Referral
15574,Customer_15574,Male,39,Jaipur,Rajasthan,Consumer,2022-01-07,Direct
15575,Customer_15575,Female,21,Udaipur,Rajasthan,Consumer,2022-06-18,Organic Search
15576,Customer_15576,Female,32,Pune,Maharashtra,Consumer,2023-07-14,Paid Ads
15577,Customer_15577,Male,43,Udaipur,Rajasthan,Consumer,2023-08-08,Paid Ads
15578,Customer_15578,Female,35,Amritsar,Punjab,Consumer,2025-12-04,Referral
15579,Customer_15579,Male,26,Gurugram,Haryana,Consumer,2023-10-08,Direct
15580,Customer_15580,Female,21,Chennai,Tamil Nadu,Consumer,2022-04-17,Organic Search
15581,Customer_15581,Male,22,Pune,Maharashtra,Consumer,2025-05-25,Referral
15582,Customer_15582,Female,23,Mysuru,Karnataka,Consumer,2025-08-13,Social Media
15583,Customer_15583,Male,29,Noida,Uttar Pradesh,Consumer,2025-12-29,Direct
15584,Customer_15584,Male,48,Kolkata,West Bengal,Consumer,2023-11-19,Direct
15585,Customer_15585,Female,26,Chennai,Tamil Nadu,Consumer,2023-11-19,Organic Search
15586,Customer_15586,Other,24,Pune,Maharashtra,Home Office,2023-04-03,Social Media
15587,Customer_15587,Female,46,Chennai,Tamil Nadu,Consumer,2024-08-06,Organic Search
15588,Customer_15588,Male,31,Warangal,Telangana,Consumer,2022-03-27,Email
15589,Customer_15589,Male,37,Gurugram,Haryana,Home Office,2023-06-25,Direct
15590,Customer_15590,Male,49,Jaipur,Rajasthan,Consumer,2023-04-01,Email
15591,Customer_15591,Male,39,Mysuru,Karnataka,Consumer,2025-04-18,Social Media
15592,Customer_15592,Female,53,Hyderabad,Telangana,Consumer,2024-02-16,Social Media
15593,Customer_15593,Male,35,Nagpur,Maharashtra,Consumer,2022-08-06,Paid Ads
15594,Customer_15594,Female,57,Amritsar,Punjab,Consumer,2025-12-26,Direct
15595,Customer_15595,Female,42,Bengaluru,Karnataka,Consumer,2023-08-31,Organic Search
15596,Customer_15596,Male,48,Warangal,Telangana,Corporate,2025-03-04,Organic Search
15597,Customer_15597,Female,52,Bengaluru,Karnataka,Consumer,2025-01-01,Social Media
15598,Customer_15598,Female,43,Jaipur,Rajasthan,Home Office,2023-06-02,Social Media
15599,Customer_15599,Female,21,Jaipur,Rajasthan,Home Office,2023-02-28,Social Media
15600,Customer_15600,Male,59,Kolkata,West Bengal,Home Office,2023-07-06,Social Media
15601,Customer_15601,Female,37,New Delhi,Delhi,Corporate,2023-03-19,Social Media
15602,Customer_15602,Male,51,Mysuru,Karnataka,Consumer,2025-08-20,Paid Ads
15603,Customer_15603,Male,29,Nashik,Maharashtra,Corporate,2024-05-24,Paid Ads
15604,Customer_15604,Female,33,Udaipur,Rajasthan,Consumer,2025-01-24,Paid Ads
15605,Customer_15605,Female,59,Nagpur,Maharashtra,Home Office,2022-03-12,Social Media
15606,Customer_15606,Male,22,Vadodara,Gujarat,Consumer,2023-08-21,Organic Search
15607,Customer_15607,Female,52,Bhopal,Madhya Pradesh,Consumer,2025-01-10,Email
15608,Customer_15608,Female,44,Bhopal,Madhya Pradesh,Home Office,2024-07-30,Direct
15609,Customer_15609,Male,18,Coimbatore,Tamil Nadu,Consumer,2022-12-27,Referral
15610,Customer_15610,Female,51,Coimbatore,Tamil Nadu,Consumer,2025-03-08,Organic Search
15611,Customer_15611,Female,60,Mumbai,Maharashtra,Consumer,2022-02-08,Organic Search
15612,Customer_15612,Female,49,Udaipur,Rajasthan,Corporate,2023-09-07,Email
15613,Customer_15613,Male,56,Lucknow,Uttar Pradesh,Consumer,2023-04-29,Paid Ads
15614,Customer_15614,Male,50,Delhi,Delhi,Consumer,2023-07-05,Organic Search
15615,Customer_15615,Female,48,Chennai,Tamil Nadu,Home Office,2023-08-19,Organic Search
15616,Customer_15616,Male,30,Noida,Uttar Pradesh,Consumer,2024-12-05,Organic Search
15617,Customer_15617,Male,19,Bhopal,Madhya Pradesh,Consumer,2022-12-14,Social Media
15618,Customer_15618,Female,47,New Delhi,Delhi,Corporate,2023-08-27,Email
15619,Customer_15619,Male,27,Ahmedabad,Gujarat,Consumer,2025-05-21,Email
15620,Customer_15620,Female,40,Delhi,Delhi,Consumer,2024-07-13,Organic Search
15621,Customer_15621,Female,50,Nagpur,Maharashtra,Consumer,2024-01-14,Organic Search
15622,Customer_15622,Female,56,Faridabad,Haryana,Consumer,2024-09-10,Referral
15623,Customer_15623,Female,46,Lucknow,Uttar Pradesh,Consumer,2025-09-21,Referral
15624,Customer_15624,Male,47,Noida,Uttar Pradesh,Consumer,2023-11-11,Organic Search
15625,Customer_15625,Male,51,Nashik,Maharashtra,Consumer,2024-04-04,Email
15626,Customer_15626,Female,56,Bhopal,Madhya Pradesh,Consumer,2022-03-04,Direct
15627,Customer_15627,Male,34,Coimbatore,Tamil Nadu,Consumer,2023-12-14,Organic Search
15628,Customer_15628,Female,39,Mysuru,Karnataka,Corporate,2023-12-06,Paid Ads
15629,Customer_15629,Female,22,Surat,Gujarat,Home Office,2024-04-03,Referral
15630,Customer_15630,Male,28,Nashik,Maharashtra,Consumer,2025-02-12,Organic Search
15631,Customer_15631,Female,39,Kanpur,Uttar Pradesh,Consumer,2024-07-14,Social Media
15632,Customer_15632,Male,49,Ahmedabad,Gujarat,Home Office,2024-04-11,Referral
15633,Customer_15633,Male,41,New Delhi,Delhi,Consumer,2024-04-05,Referral
15634,Customer_15634,Female,28,Delhi,Delhi,Home Office,2022-01-19,Organic Search
15635,Customer_15635,Female,28,Delhi,Delhi,Consumer,2023-09-06,Paid Ads
15636,Customer_15636,Male,34,Pune,Maharashtra,Home Office,2023-09-06,Referral
15637,Customer_15637,Male,49,Ahmedabad,Gujarat,Consumer,2024-11-01,Referral
15638,Customer_15638,Male,36,Lucknow,Uttar Pradesh,Consumer,2022-06-28,Email
15639,Customer_15639,Male,44,Nagpur,Maharashtra,Home Office,2024-05-24,Referral
15640,Customer_15640,Male,49,Nagpur,Maharashtra,Home Office,2024-02-14,Email
15641,Customer_15641,Male,42,Ahmedabad,Gujarat,Consumer,2024-05-07,Paid Ads
15642,Customer_15642,Female,45,Kanpur,Uttar Pradesh,Home Office,2022-12-01,Referral
15643,Customer_15643,Female,57,Mysuru,Karnataka,Consumer,2022-09-21,Referral
15644,Customer_15644,Male,44,Mysuru,Karnataka,Corporate,2022-05-16,Social Media
15645,Customer_15645,Male,31,Ahmedabad,Gujarat,Consumer,2025-09-11,Email
15646,Customer_15646,Female,59,Bengaluru,Karnataka,Consumer,2024-02-06,Social Media
15647,Customer_15647,Female,56,Pune,Maharashtra,Corporate,2023-07-09,Organic Search
15648,Customer_15648,Female,19,Kolkata,West Bengal,Consumer,2023-06-23,Organic Search
15649,Customer_15649,Male,34,Ahmedabad,Gujarat,Consumer,2023-03-23,Direct
15650,Customer_15650,Male,18,Vadodara,Gujarat,Consumer,2023-07-10,Organic Search
15651,Customer_15651,Female,49,Noida,Uttar Pradesh,Consumer,2025-03-23,Paid Ads
15652,Customer_15652,Female,36,Udaipur,Rajasthan,Corporate,2024-11-22,Email
15653,Customer_15653,Male,31,Delhi,Delhi,Consumer,2022-03-19,Referral
15654,Customer_15654,Female,48,Mysuru,Karnataka,Corporate,2025-06-18,Email
15655,Customer_15655,Male,35,Nagpur,Maharashtra,Consumer,2024-11-10,Organic Search
15656,Customer_15656,Male,31,Nashik,Maharashtra,Consumer,2025-10-21,Direct
15657,Customer_15657,Female,31,Jaipur,Rajasthan,Consumer,2023-12-04,Referral
15658,Customer_15658,Male,41,Indore,Madhya Pradesh,Consumer,2024-08-21,Email
15659,Customer_15659,Female,22,Amritsar,Punjab,Consumer,2023-10-01,Organic Search
15660,Customer_15660,Male,33,Ahmedabad,Gujarat,Consumer,2025-05-19,Social Media
15661,Customer_15661,Male,22,Delhi,Delhi,Consumer,2022-04-04,Organic Search
15662,Customer_15662,Male,30,Mumbai,Maharashtra,Home Office,2022-04-22,Paid Ads
15663,Customer_15663,Male,33,Noida,Uttar Pradesh,Consumer,2023-09-26,Organic Search
15664,Customer_15664,Male,32,Surat,Gujarat,Corporate,2024-01-28,Organic Search
15665,Customer_15665,Female,48,Ahmedabad,Gujarat,Consumer,2025-10-21,Organic Search
15666,Customer_15666,Female,22,Lucknow,Uttar Pradesh,Consumer,2024-04-13,Paid Ads
15667,Customer_15667,Male,38,Kolkata,West Bengal,Consumer,2024-08-30,Paid Ads
15668,Customer_15668,Male,47,Noida,Uttar Pradesh,Consumer,2023-04-13,Referral
15669,Customer_15669,Other,40,Pune,Maharashtra,Consumer,2023-04-26,Social Media
15670,Customer_15670,Male,55,Noida,Uttar Pradesh,Home Office,2024-08-04,Direct
15671,Customer_15671,Male,46,Indore,Madhya Pradesh,Consumer,2025-10-20,Direct
15672,Customer_15672,Male,30,Mysuru,Karnataka,Consumer,2025-07-23,Social Media
15673,Customer_15673,Female,49,Udaipur,Rajasthan,Consumer,2024-03-25,Referral
15674,Customer_15674,Male,59,Mysuru,Karnataka,Consumer,2025-04-09,Paid Ads
15675,Customer_15675,Female,44,Amritsar,Punjab,Consumer,2024-06-21,Organic Search
15676,Customer_15676,Male,51,Mumbai,Maharashtra,Home Office,2024-05-21,Paid Ads
15677,Customer_15677,Male,50,Ahmedabad,Gujarat,Consumer,2022-12-17,Paid Ads
15678,Customer_15678,Male,21,Mumbai,Maharashtra,Corporate,2022-08-07,Referral
15679,Customer_15679,Female,35,Kolkata,West Bengal,Consumer,2025-10-13,Social Media
15680,Customer_15680,Female,23,Delhi,Delhi,Consumer,2025-10-09,Referral
15681,Customer_15681,Male,45,Delhi,Delhi,Consumer,2024-08-09,Organic Search
15682,Customer_15682,Male,44,Warangal,Telangana,Consumer,2023-05-12,Email
15683,Customer_15683,Female,43,Gurugram,Haryana,Consumer,2024-08-09,Email
15684,Customer_15684,Female,37,New Delhi,Delhi,Consumer,2022-10-16,Referral
15685,Customer_15685,Male,30,Mumbai,Maharashtra,Consumer,2023-04-20,Organic Search
15686,Customer_15686,Female,45,Kanpur,Uttar Pradesh,Corporate,2023-10-24,Social Media
15687,Customer_15687,Male,51,Warangal,Telangana,Consumer,2024-03-14,Social Media
15688,Customer_15688,Male,40,Gurugram,Haryana,Corporate,2024-10-08,Email
15689,Customer_15689,Male,27,Mumbai,Maharashtra,Consumer,2022-12-07,Organic Search
15690,Customer_15690,Female,47,Udaipur,Rajasthan,Home Office,2023-11-18,Referral
15691,Customer_15691,Male,39,New Delhi,Delhi,Consumer,2023-11-22,Social Media
15692,Customer_15692,Female,22,Nashik,Maharashtra,Consumer,2025-04-22,Organic Search
15693,Customer_15693,Female,26,Udaipur,Rajasthan,Home Office,2022-04-24,Organic Search
15694,Customer_15694,Female,60,Surat,Gujarat,Consumer,2022-06-02,Referral
15695,Customer_15695,Male,21,Lucknow,Uttar Pradesh,Consumer,2022-12-15,Direct
15696,Customer_15696,Male,59,Bengaluru,Karnataka,Consumer,2024-10-30,Paid Ads
15697,Customer_15697,Female,18,Coimbatore,Tamil Nadu,Consumer,2023-01-28,Referral
15698,Customer_15698,Female,51,Chennai,Tamil Nadu,Home Office,2025-08-22,Referral
15699,Customer_15699,Female,58,Amritsar,Punjab,Corporate,2024-06-03,Referral
15700,Customer_15700,Male,43,Bengaluru,Karnataka,Corporate,2025-01-20,Paid Ads
15701,Customer_15701,Male,35,Bengaluru,Karnataka,Home Office,2025-04-25,Social Media
15702,Customer_15702,Female,33,Bengaluru,Karnataka,Consumer,2024-05-10,Paid Ads
15703,Customer_15703,Male,40,Vadodara,Gujarat,Consumer,2022-06-01,Organic Search
15704,Customer_15704,Female,53,New Delhi,Delhi,Corporate,2025-08-13,Email
15705,Customer_15705,Male,43,Gurugram,Haryana,Consumer,2022-07-08,Direct
15706,Customer_15706,Male,19,New Delhi,Delhi,Consumer,2023-02-08,Referral
15707,Customer_15707,Male,22,Bhopal,Madhya Pradesh,Consumer,2022-02-11,Organic Search
15708,Customer_15708,Male,46,Nashik,Maharashtra,Home Office,2025-07-31,Paid Ads
15709,Customer_15709,Male,21,Udaipur,Rajasthan,Consumer,2025-04-17,Direct
15710,Customer_15710,Female,52,Gurugram,Haryana,Corporate,2024-03-10,Direct
15711,Customer_15711,Male,39,New Delhi,Delhi,Consumer,2023-06-05,Direct
15712,Customer_15712,Male,25,Amritsar,Punjab,Consumer,2022-02-16,Referral
15713,Customer_15713,Female,38,Coimbatore,Tamil Nadu,Corporate,2025-03-10,Direct
15714,Customer_15714,Male,25,Gurugram,Haryana,Home Office,2022-03-08,Organic Search
15715,Customer_15715,Male,22,Udaipur,Rajasthan,Consumer,2025-03-30,Organic Search
15716,Customer_15716,Female,38,Mysuru,Karnataka,Consumer,2025-11-05,Social Media
15717,Customer_15717,Female,44,Delhi,Delhi,Consumer,2023-05-05,Organic Search
15718,Customer_15718,Male,55,Mysuru,Karnataka,Corporate,2024-02-05,Organic Search
15719,Customer_15719,Male,22,Nagpur,Maharashtra,Consumer,2025-12-21,Referral
15720,Customer_15720,Female,38,Nashik,Maharashtra,Consumer,2024-09-24,Paid Ads
15721,Customer_15721,Male,25,Pune,Maharashtra,Corporate,2024-02-22,Organic Search
15722,Customer_15722,Female,39,Coimbatore,Tamil Nadu,Consumer,2024-02-15,Social Media
15723,Customer_15723,Female,35,Noida,Uttar Pradesh,Consumer,2023-03-19,Email
15724,Customer_15724,Female,21,Nagpur,Maharashtra,Home Office,2024-08-03,Organic Search
15725,Customer_15725,Male,21,Nashik,Maharashtra,Home Office,2025-05-31,Email
15726,Customer_15726,Male,54,Udaipur,Rajasthan,Home Office,2023-12-15,Referral
15727,Customer_15727,Female,32,Delhi,Delhi,Consumer,2024-05-21,Referral
15728,Customer_15728,Male,55,Pune,Maharashtra,Home Office,2023-08-08,Organic Search
15729,Customer_15729,Male,44,Pune,Maharashtra,Corporate,2022-12-04,Organic Search
15730,Customer_15730,Female,38,Gurugram,Haryana,Consumer,2024-03-06,Social Media
15731,Customer_15731,Male,21,Lucknow,Uttar Pradesh,Consumer,2025-05-20,Organic Search
15732,Customer_15732,Male,28,Mysuru,Karnataka,Consumer,2023-02-03,Organic Search
15733,Customer_15733,Female,36,,Rajasthan,Corporate,2023-12-14,Direct
15734,Customer_15734,Male,36,Surat,Gujarat,Corporate,2025-10-26,Organic Search
15735,Customer_15735,Male,44,Jaipur,Rajasthan,Corporate,2023-01-06,Social Media
15736,Customer_15736,Male,57,Jaipur,Rajasthan,Consumer,2025-11-07,Paid Ads
15737,Customer_15737,Female,59,Surat,Gujarat,Consumer,2022-01-16,Organic Search
15738,Customer_15738,Male,45,New Delhi,Delhi,Consumer,2022-07-27,Social Media
15739,Customer_15739,Male,22,Pune,Maharashtra,Home Office,2022-05-22,Social Media
15740,Customer_15740,Female,42,Chennai,Tamil Nadu,Consumer,2022-02-16,Paid Ads
15741,Customer_15741,Female,20,Indore,Madhya Pradesh,Consumer,2025-02-27,Referral
15742,Customer_15742,Male,43,Ahmedabad,Gujarat,Consumer,2022-06-15,Social Media
15743,Customer_15743,Female,27,Kanpur,Uttar Pradesh,Consumer,2023-06-24,Referral
15744,Customer_15744,Male,41,Ludhiana,Punjab,Consumer,2023-06-15,Organic Search
15745,Customer_15745,Female,46,Nashik,Maharashtra,Corporate,2025-11-11,Paid Ads
15746,Customer_15746,Male,24,Kolkata,West Bengal,Consumer,2022-07-21,Paid Ads
15747,Customer_15747,Male,40,Udaipur,Rajasthan,Consumer,2023-07-24,Organic Search
15748,Customer_15748,Female,44,Ludhiana,Punjab,Consumer,2024-03-28,Paid Ads
15749,Customer_15749,Male,59,Amritsar,Punjab,Consumer,2022-06-20,Referral
15750,Customer_15750,Male,26,Kolkata,West Bengal,Home Office,2025-09-22,Organic Search
15751,Customer_15751,Male,20,Delhi,Delhi,Consumer,2024-04-28,Organic Search
15752,Customer_15752,Female,30,Lucknow,Uttar Pradesh,Consumer,2022-03-10,Direct
15753,Customer_15753,Male,23,Nagpur,Maharashtra,Home Office,2025-04-15,Social Media
15754,Customer_15754,Male,55,Noida,Uttar Pradesh,Consumer,2025-01-18,Social Media
15755,Customer_15755,Male,38,Gurugram,Haryana,Corporate,2024-05-09,Email
15756,Customer_15756,Male,36,Coimbatore,Tamil Nadu,Consumer,2023-04-08,Social Media
15757,Customer_15757,Male,42,Surat,Gujarat,Consumer,2024-09-06,Email
15758,Customer_15758,Male,56,Coimbatore,Tamil Nadu,Consumer,2023-10-17,Referral
15759,Customer_15759,Male,21,Coimbatore,Tamil Nadu,Consumer,2022-09-04,Organic Search
15760,Customer_15760,Male,39,Bengaluru,Karnataka,Corporate,2025-12-23,Social Media
15761,Customer_15761,Female,22,Noida,Uttar Pradesh,Home Office,2022-07-14,Organic Search
15762,Customer_15762,Female,18,Gurugram,Haryana,Consumer,2023-01-27,Social Media
15763,Customer_15763,Female,34,Faridabad,Haryana,Consumer,2024-10-01,Direct
15764,Customer_15764,Male,26,New Delhi,Delhi,Home Office,2023-11-27,Referral
15765,Customer_15765,Female,26,Indore,Madhya Pradesh,Consumer,2023-02-19,Referral
15766,Customer_15766,Male,41,Kanpur,Uttar Pradesh,Consumer,2022-03-05,Email
15767,Customer_15767,Other,27,Delhi,Delhi,Consumer,2025-12-24,Organic Search
15768,Customer_15768,Male,37,Nagpur,Maharashtra,Consumer,2025-06-13,Paid Ads
15769,Customer_15769,Male,34,New Delhi,Delhi,Consumer,2024-05-15,Paid Ads
15770,Customer_15770,Male,30,Faridabad,Haryana,Consumer,2022-04-09,Referral
15771,Customer_15771,Male,46,Jaipur,Rajasthan,Consumer,2022-11-02,Social Media
15772,Customer_15772,Female,53,Kolkata,West Bengal,Home Office,2024-03-29,Organic Search
15773,Customer_15773,Female,40,New Delhi,Delhi,Consumer,2023-06-13,Referral
15774,Customer_15774,Other,44,Kolkata,West Bengal,Consumer,2023-06-22,Referral
15775,Customer_15775,Female,35,Pune,Maharashtra,Consumer,2022-08-06,Organic Search
15776,Customer_15776,Male,35,Bengaluru,Karnataka,Corporate,2025-01-29,Organic Search
15777,Customer_15777,Male,26,Vadodara,Gujarat,Consumer,2023-09-11,Social Media
15778,Customer_15778,Other,20,Pune,Maharashtra,Consumer,2023-04-08,Social Media
15779,Customer_15779,Female,24,Kanpur,Uttar Pradesh,Corporate,2023-02-03,Paid Ads
15780,Customer_15780,Female,32,New Delhi,Delhi,Consumer,2024-04-27,Referral
15781,Customer_15781,Male,47,Jaipur,Rajasthan,Consumer,2023-10-24,Organic Search
15782,Customer_15782,Female,26,Chennai,Tamil Nadu,Home Office,2023-02-02,Email
15783,Customer_15783,Female,58,Surat,Gujarat,Consumer,2025-04-10,Social Media
15784,Customer_15784,Male,44,Nashik,Maharashtra,Consumer,2022-04-01,Email
15785,Customer_15785,Male,53,Nashik,Maharashtra,Consumer,2022-07-04,Referral
15786,Customer_15786,Male,35,Gurugram,Haryana,Corporate,2022-08-13,Referral
15787,Customer_15787,Female,48,Delhi,Delhi,Consumer,2023-06-28,Social Media
15788,Customer_15788,Male,34,,Uttar Pradesh,Corporate,2022-03-17,Direct
15789,Customer_15789,Male,23,Ludhiana,Punjab,Corporate,2023-05-29,Direct
15790,Customer_15790,Male,56,New Delhi,Delhi,Consumer,2022-03-20,Social Media
15791,Customer_15791,Male,42,Delhi,Delhi,Corporate,2025-03-01,Paid Ads
15792,Customer_15792,Male,59,Jaipur,Rajasthan,Consumer,2022-07-22,Organic Search
15793,Customer_15793,Male,59,Ludhiana,Punjab,Consumer,2022-11-07,Referral
15794,Customer_15794,Female,55,Gurugram,Haryana,Corporate,2024-02-25,Paid Ads
15795,Customer_15795,Female,55,Warangal,Telangana,Consumer,2023-04-26,Direct
15796,Customer_15796,Male,48,Noida,Uttar Pradesh,Consumer,2022-02-06,Organic Search
15797,Customer_15797,Female,46,Pune,Maharashtra,Consumer,2024-07-04,Paid Ads
15798,Customer_15798,Female,57,Amritsar,Punjab,Consumer,2025-06-01,Organic Search
15799,Customer_15799,Male,26,Amritsar,Punjab,Consumer,2024-01-20,Organic Search
15800,Customer_15800,Male,18,Pune,Maharashtra,Corporate,2025-04-26,Organic Search
15801,Customer_15801,Male,33,Mysuru,Karnataka,Consumer,2022-06-06,Paid Ads
15802,Customer_15802,Male,55,Mumbai,Maharashtra,Home Office,2024-12-29,Direct
15803,Customer_15803,Male,40,New Delhi,Delhi,Corporate,2022-09-09,Organic Search
15804,Customer_15804,Female,25,Lucknow,Uttar Pradesh,Consumer,2024-06-07,Organic Search
15805,Customer_15805,Male,29,Mysuru,Karnataka,Consumer,2025-05-26,Social Media
15806,Customer_15806,Female,27,Pune,Maharashtra,Consumer,2025-08-12,Social Media
15807,Customer_15807,Male,33,Bengaluru,Karnataka,Home Office,2024-05-07,Direct
15808,Customer_15808,Male,60,Ludhiana,Punjab,Consumer,2024-07-23,Organic Search
15809,Customer_15809,Male,41,Surat,Gujarat,Consumer,2022-07-02,Email
15810,Customer_15810,Male,56,Coimbatore,Tamil Nadu,Consumer,2023-07-10,Referral
15811,Customer_15811,Female,25,Nashik,Maharashtra,Consumer,2022-12-06,Organic Search
15812,Customer_15812,Female,28,Amritsar,Punjab,Corporate,2024-05-26,Organic Search
15813,Customer_15813,Male,58,Noida,Uttar Pradesh,Consumer,2023-01-13,Organic Search
15814,Customer_15814,Female,43,Mysuru,Karnataka,Consumer,2025-10-12,Organic Search
15815,Customer_15815,Female,24,Pune,Maharashtra,Home Office,2025-01-03,Direct
15816,Customer_15816,Female,32,Pune,Maharashtra,Home Office,2022-03-14,Paid Ads
15817,Customer_15817,Male,32,Nagpur,Maharashtra,Consumer,2025-04-08,Direct
15818,Customer_15818,Female,20,Surat,Gujarat,Corporate,2025-04-17,Organic Search
15819,Customer_15819,Male,33,Faridabad,Haryana,Home Office,2022-08-01,Referral
15820,Customer_15820,Female,32,Hyderabad,Telangana,Consumer,2025-12-21,Direct
15821,Customer_15821,Male,42,Indore,Madhya Pradesh,Consumer,2023-02-16,Paid Ads
15822,Customer_15822,Male,50,Coimbatore,Tamil Nadu,Home Office,2024-11-01,Organic Search
15823,Customer_15823,Male,31,Kolkata,West Bengal,Consumer,2025-03-22,Organic Search
15824,Customer_15824,Male,41,Kolkata,West Bengal,Home Office,2024-12-14,Social Media
15825,Customer_15825,Female,28,New Delhi,Delhi,Consumer,2022-09-04,Social Media
15826,Customer_15826,Male,20,Bengaluru,Karnataka,Consumer,2022-02-03,Email
15827,Customer_15827,Male,26,Jaipur,Rajasthan,Consumer,2024-10-16,Paid Ads
15828,Customer_15828,Female,23,Nashik,Maharashtra,Consumer,2025-11-20,Organic Search
15829,Customer_15829,Male,48,Mysuru,Karnataka,Consumer,2024-10-06,Organic Search
15830,Customer_15830,Male,33,Warangal,Telangana,Consumer,2023-03-01,Email
15831,Customer_15831,Female,28,Amritsar,Punjab,Consumer,2022-02-06,Social Media
15832,Customer_15832,Male,34,Warangal,Telangana,Consumer,2023-07-26,Organic Search
15833,Customer_15833,Male,20,Noida,Uttar Pradesh,Consumer,2024-12-27,Email
15834,Customer_15834,Male,36,Coimbatore,Tamil Nadu,Corporate,2024-09-02,Paid Ads
15835,Customer_15835,Female,41,Kanpur,Uttar Pradesh,Consumer,2024-06-22,Organic Search
15836,Customer_15836,Female,59,Surat,Gujarat,Corporate,2022-09-28,Referral
15837,Customer_15837,Male,25,Bhopal,Madhya Pradesh,Corporate,2025-11-03,Social Media
15838,Customer_15838,Male,53,Coimbatore,Tamil Nadu,Consumer,2023-04-18,Organic Search
15839,Customer_15839,Male,57,Surat,Gujarat,Consumer,2022-12-03,Referral
15840,Customer_15840,Female,19,Surat,Gujarat,Home Office,2024-08-21,Social Media
15841,Customer_15841,Male,40,Chennai,Tamil Nadu,Corporate,2022-01-08,Referral
15842,Customer_15842,Female,57,Mumbai,Maharashtra,Consumer,2025-10-12,Organic Search
15843,Customer_15843,Male,47,Nashik,Maharashtra,Corporate,2024-12-17,Paid Ads
15844,Customer_15844,Female,42,Nashik,Maharashtra,Consumer,2024-11-01,Social Media
15845,Customer_15845,Female,24,Indore,Madhya Pradesh,Consumer,2023-05-11,Email
15846,Customer_15846,Female,45,Delhi,Delhi,Consumer,2025-09-22,Referral
15847,Customer_15847,Male,58,Delhi,Delhi,Consumer,2022-02-15,Organic Search
15848,Customer_15848,Female,34,Kolkata,West Bengal,Home Office,2022-04-06,Social Media
15849,Customer_15849,Male,49,Bengaluru,Karnataka,Home Office,2025-02-05,Organic Search
15850,Customer_15850,Male,18,Warangal,Telangana,Consumer,2023-01-30,Social Media
15851,Customer_15851,Male,44,Nashik,Maharashtra,Consumer,2024-06-20,Organic Search
15852,Customer_15852,Female,53,Amritsar,Punjab,Consumer,2023-04-17,Social Media
15853,Customer_15853,Female,24,Indore,Madhya Pradesh,Consumer,2025-08-14,Organic Search
15854,Customer_15854,Male,20,Indore,Madhya Pradesh,Consumer,2022-04-20,Social Media
15855,Customer_15855,Female,47,Coimbatore,Tamil Nadu,Consumer,2023-07-04,Social Media
15856,Customer_15856,Male,18,Lucknow,Uttar Pradesh,Consumer,2025-01-29,Paid Ads
15857,Customer_15857,Female,51,Mumbai,Maharashtra,Consumer,2023-12-21,Email
15858,Customer_15858,Female,55,Mumbai,Maharashtra,Home Office,2023-05-12,Paid Ads
15859,Customer_15859,Female,60,Pune,Maharashtra,Home Office,2025-02-12,Organic Search
15860,Customer_15860,Male,53,Ahmedabad,Gujarat,Consumer,2024-02-17,Paid Ads
15861,Customer_15861,Female,50,Chennai,Tamil Nadu,Consumer,2025-09-22,Email
15862,Customer_15862,Female,60,Hyderabad,Telangana,Consumer,2025-12-10,Referral
15863,Customer_15863,Female,33,Nashik,Maharashtra,Consumer,2022-02-06,Direct
15864,Customer_15864,Male,55,Chennai,Tamil Nadu,Home Office,2024-02-11,Email
15865,Customer_15865,Female,28,Kolkata,West Bengal,Corporate,2023-10-18,Email
15866,Customer_15866,Female,25,Chennai,Tamil Nadu,Consumer,2023-11-19,Direct
15867,Customer_15867,Male,18,Kolkata,West Bengal,Consumer,2024-10-28,Paid Ads
15868,Customer_15868,Male,31,Delhi,Delhi,Home Office,2022-10-16,Paid Ads
15869,Customer_15869,Male,47,Lucknow,Uttar Pradesh,Consumer,2025-01-18,Paid Ads
15870,Customer_15870,Female,38,Ahmedabad,Gujarat,Consumer,2025-10-22,Social Media
15871,Customer_15871,Male,38,New Delhi,Delhi,Home Office,2023-01-01,Organic Search
15872,Customer_15872,Male,51,Delhi,Delhi,Consumer,2024-05-18,Organic Search
15873,Customer_15873,Female,55,Vadodara,Gujarat,Consumer,2024-02-18,Email
15874,Customer_15874,Male,43,Kanpur,Uttar Pradesh,Consumer,2023-12-28,Social Media
15875,Customer_15875,Male,58,Chennai,Tamil Nadu,Home Office,2024-05-22,Social Media
15876,Customer_15876,Male,31,New Delhi,Delhi,Corporate,2025-10-17,Referral
15877,Customer_15877,Female,57,Indore,Madhya Pradesh,Consumer,2024-08-01,Organic Search
15878,Customer_15878,Female,52,Jaipur,Rajasthan,Consumer,2022-09-20,Referral
15879,Customer_15879,Male,59,Coimbatore,Tamil Nadu,Consumer,2025-03-26,Email
15880,Customer_15880,Female,35,Hyderabad,Telangana,Consumer,2023-01-05,Social Media
15881,Customer_15881,Male,37,New Delhi,Delhi,Consumer,2023-01-13,Referral
15882,Customer_15882,Female,26,Ahmedabad,Gujarat,Consumer,2025-07-28,Organic Search
15883,Customer_15883,Male,58,Mysuru,Karnataka,Consumer,2024-04-17,Paid Ads
15884,Customer_15884,Male,50,Ludhiana,Punjab,Home Office,2024-10-09,Referral
15885,Customer_15885,Male,21,Warangal,Telangana,Consumer,2022-09-25,Referral
15886,Customer_15886,Male,21,Hyderabad,Telangana,Consumer,2024-07-01,Organic Search
15887,Customer_15887,Male,33,Vadodara,Gujarat,Consumer,2022-03-02,Direct
15888,Customer_15888,Female,43,Gurugram,Haryana,Corporate,2024-11-18,Social Media
15889,Customer_15889,Female,23,Kanpur,Uttar Pradesh,Consumer,2024-01-22,Direct
15890,Customer_15890,Male,54,Chennai,Tamil Nadu,Consumer,2023-06-17,Social Media
15891,Customer_15891,Male,39,Kolkata,West Bengal,Corporate,2024-09-11,Direct
15892,Customer_15892,Male,59,Vadodara,Gujarat,Home Office,2022-05-16,Referral
15893,Customer_15893,Male,56,Warangal,Telangana,Corporate,2022-02-23,Organic Search
15894,Customer_15894,Female,24,New Delhi,Delhi,Consumer,2022-11-11,Direct
15895,Customer_15895,Male,59,Hyderabad,Telangana,Consumer,2025-08-14,Social Media
15896,Customer_15896,Female,47,New Delhi,Delhi,Corporate,2025-05-17,Email
15897,Customer_15897,Male,27,Faridabad,Haryana,Consumer,2023-11-20,Referral
15898,Customer_15898,Male,32,Bengaluru,Karnataka,Consumer,2023-06-30,Organic Search
15899,Customer_15899,Male,23,Faridabad,Haryana,Home Office,2024-06-03,Organic Search
15900,Customer_15900,Male,41,Hyderabad,Telangana,Corporate,2025-02-21,Organic Search
15901,Customer_15901,Male,19,Vadodara,Gujarat,Corporate,2025-03-31,Referral
15902,Customer_15902,Female,57,Surat,Gujarat,Home Office,2022-01-03,Referral
15903,Customer_15903,Male,32,Mumbai,Maharashtra,Consumer,2024-10-22,Organic Search
15904,Customer_15904,Male,38,Mysuru,Karnataka,Corporate,2024-04-05,Organic Search
15905,Customer_15905,Female,35,Pune,Maharashtra,Consumer,2023-08-04,Social Media
15906,Customer_15906,Male,22,Ahmedabad,Gujarat,Home Office,2023-12-04,Organic Search
15907,Customer_15907,Female,42,Chennai,Tamil Nadu,Consumer,2024-11-28,Referral
15908,Customer_15908,Male,53,Kanpur,Uttar Pradesh,Consumer,2023-12-12,Social Media
15909,Customer_15909,Male,27,Delhi,Delhi,Consumer,2023-12-29,Social Media
15910,Customer_15910,Female,40,Mumbai,Maharashtra,Consumer,2024-01-11,Organic Search
15911,Customer_15911,Female,41,Chennai,Tamil Nadu,Consumer,2024-12-05,Organic Search
15912,Customer_15912,Male,27,Faridabad,Haryana,Consumer,2025-09-24,Referral
15913,Customer_15913,Male,23,Kolkata,West Bengal,Consumer,2022-06-27,Direct
15914,Customer_15914,Female,30,Coimbatore,Tamil Nadu,Consumer,2022-11-30,Paid Ads
15915,Customer_15915,Male,38,Hyderabad,Telangana,Consumer,2024-02-27,Email
15916,Customer_15916,Female,49,Nashik,Maharashtra,Consumer,2024-02-11,Organic Search
15917,Customer_15917,Female,60,Amritsar,Punjab,Consumer,2023-06-20,Organic Search
15918,Customer_15918,Female,32,Udaipur,Rajasthan,Corporate,2024-05-07,Paid Ads
15919,Customer_15919,Female,19,Bengaluru,Karnataka,Consumer,2024-10-07,Social Media
15920,Customer_15920,Female,32,Vadodara,Gujarat,Consumer,2023-10-30,Email
15921,Customer_15921,Female,34,Nagpur,Maharashtra,Consumer,2025-03-17,Social Media
15922,Customer_15922,Female,37,Amritsar,Punjab,Home Office,2024-12-15,Organic Search
15923,Customer_15923,Female,23,New Delhi,Delhi,Consumer,2024-01-24,Social Media
15924,Customer_15924,Male,32,Jaipur,Rajasthan,Consumer,2023-11-29,Paid Ads
15925,Customer_15925,Male,34,Delhi,Delhi,Home Office,2023-12-15,Referral
15926,Customer_15926,Female,43,Kolkata,West Bengal,Corporate,2023-05-17,Organic Search
15927,Customer_15927,Female,39,Lucknow,Uttar Pradesh,Corporate,2022-03-30,Direct
15928,Customer_15928,Male,26,Udaipur,Rajasthan,Consumer,2025-11-21,Paid Ads
15929,Customer_15929,Male,29,Vadodara,Gujarat,Corporate,2023-08-13,Referral
15930,Customer_15930,Female,39,Indore,Madhya Pradesh,Consumer,2025-01-06,Social Media
15931,Customer_15931,Female,40,Mumbai,Maharashtra,Corporate,2022-06-19,Referral
15932,Customer_15932,Male,54,Mysuru,Karnataka,Home Office,2024-11-24,Social Media
15933,Customer_15933,Female,31,Delhi,Delhi,Home Office,2024-01-06,Social Media
15934,Customer_15934,Other,41,Ludhiana,Punjab,Consumer,2022-09-15,Social Media
15935,Customer_15935,Female,25,Chennai,Tamil Nadu,Corporate,2024-04-29,Organic Search
15936,Customer_15936,Female,43,Kolkata,West Bengal,Consumer,2024-08-28,Paid Ads
15937,Customer_15937,Male,49,Kolkata,West Bengal,Consumer,2024-04-12,Email
15938,Customer_15938,Female,45,New Delhi,Delhi,Consumer,2022-08-18,Paid Ads
15939,Customer_15939,Male,49,New Delhi,Delhi,Consumer,2023-01-13,Social Media
15940,Customer_15940,Female,39,Mysuru,Karnataka,Consumer,2023-07-12,Organic Search
15941,Customer_15941,Male,26,Chennai,Tamil Nadu,Consumer,2025-03-22,Direct
15942,Customer_15942,Male,20,New Delhi,Delhi,Consumer,2024-09-22,Paid Ads
15943,Customer_15943,Male,42,Nashik,Maharashtra,Consumer,2022-12-31,Paid Ads
15944,Customer_15944,Male,56,Indore,Madhya Pradesh,Corporate,2023-05-08,Referral
15945,Customer_15945,Female,29,Ludhiana,Punjab,Corporate,2022-12-25,Organic Search
15946,Customer_15946,Female,46,Bengaluru,Karnataka,Consumer,2023-02-04,Organic Search
15947,Customer_15947,Female,20,Bengaluru,Karnataka,Home Office,2022-09-04,Organic Search
15948,Customer_15948,Female,58,,Maharashtra,Consumer,2022-01-22,Referral
15949,Customer_15949,Male,40,Udaipur,Rajasthan,Corporate,2024-07-27,Organic Search
15950,Customer_15950,Female,40,Noida,Uttar Pradesh,Consumer,2023-01-04,Social Media
15951,Customer_15951,Female,35,Mumbai,Maharashtra,Home Office,2022-11-24,Email
15952,Customer_15952,Female,28,Nashik,Maharashtra,Corporate,2024-07-19,Organic Search
15953,Customer_15953,Male,53,Noida,Uttar Pradesh,Consumer,2022-05-14,Organic Search
15954,Customer_15954,Female,43,Surat,Gujarat,Consumer,2024-08-02,Paid Ads
15955,Customer_15955,Female,25,Pune,Maharashtra,Corporate,2024-10-04,Referral
15956,Customer_15956,Male,45,Vadodara,Gujarat,Consumer,2024-08-03,Referral
15957,Customer_15957,Female,35,Mysuru,Karnataka,Consumer,2022-11-08,Organic Search
15958,Customer_15958,Female,30,Bengaluru,Karnataka,Consumer,2025-09-22,Organic Search
15959,Customer_15959,Male,53,Noida,Uttar Pradesh,Consumer,2025-07-04,Social Media
15960,Customer_15960,Female,59,Kanpur,Uttar Pradesh,Consumer,2023-02-06,Direct
15961,Customer_15961,Female,57,Chennai,Tamil Nadu,Corporate,2023-08-22,Organic Search
15962,Customer_15962,Female,29,Faridabad,Haryana,Corporate,2024-05-04,Email
15963,Customer_15963,Female,39,Chennai,Tamil Nadu,Consumer,2024-10-15,Organic Search
15964,Customer_15964,Female,19,Noida,Uttar Pradesh,Consumer,2022-08-08,Direct
15965,Customer_15965,Male,57,Hyderabad,Telangana,Consumer,2022-05-24,Organic Search
15966,Customer_15966,Male,45,Indore,Madhya Pradesh,Consumer,2025-06-29,Organic Search
15967,Customer_15967,Female,30,Gurugram,Haryana,Consumer,2024-05-18,Email
15968,Customer_15968,Female,50,Nashik,Maharashtra,Corporate,2023-09-11,Social Media
15969,Customer_15969,Female,20,Gurugram,Haryana,Home Office,2025-02-04,Referral
15970,Customer_15970,Male,51,Lucknow,Uttar Pradesh,Consumer,2022-08-01,Referral
15971,Customer_15971,Male,40,Noida,Uttar Pradesh,Consumer,2022-06-06,Paid Ads
15972,Customer_15972,Female,49,New Delhi,Delhi,Corporate,2023-08-14,Email
15973,Customer_15973,Male,37,Lucknow,Uttar Pradesh,Home Office,2025-09-29,Organic Search
15974,Customer_15974,Female,45,Bhopal,Madhya Pradesh,Home Office,2022-04-08,Email
15975,Customer_15975,Female,25,Bengaluru,Karnataka,Consumer,2023-04-10,Direct
15976,Customer_15976,Female,20,Gurugram,Haryana,Consumer,2023-05-08,Paid Ads
15977,Customer_15977,Male,47,Nashik,Maharashtra,Consumer,2022-12-30,Referral
15978,Customer_15978,Female,42,Mumbai,Maharashtra,Consumer,2024-12-09,Direct
15979,Customer_15979,Female,47,Ahmedabad,Gujarat,Corporate,2022-03-22,Organic Search
15980,Customer_15980,Male,46,Surat,Gujarat,Consumer,2025-03-11,Social Media
15981,Customer_15981,Male,47,Udaipur,Rajasthan,Corporate,2022-09-02,Organic Search
15982,Customer_15982,Male,51,Nagpur,Maharashtra,Consumer,2023-09-17,Organic Search
15983,Customer_15983,Male,42,Amritsar,Punjab,Home Office,2025-05-19,Email
15984,Customer_15984,Female,34,Pune,Maharashtra,Consumer,2025-04-09,Social Media
15985,Customer_15985,Female,41,Pune,Maharashtra,Consumer,2024-01-14,Organic Search
15986,Customer_15986,Other,55,Nashik,Maharashtra,Consumer,2024-07-15,Social Media
15987,Customer_15987,Female,45,Ahmedabad,Gujarat,Consumer,2023-08-06,Social Media
15988,Customer_15988,Female,50,Gurugram,Haryana,Corporate,2025-03-01,Organic Search
15989,Customer_15989,Male,53,Udaipur,Rajasthan,Consumer,2022-04-14,Referral
15990,Customer_15990,Female,24,Lucknow,Uttar Pradesh,Corporate,2023-08-22,Organic Search
15991,Customer_15991,Female,40,Pune,Maharashtra,Consumer,2023-03-26,Organic Search
15992,Customer_15992,Female,43,Ahmedabad,Gujarat,Consumer,2024-09-20,Paid Ads
15993,Customer_15993,Female,31,Chennai,Tamil Nadu,Corporate,2024-06-27,Social Media
15994,Customer_15994,Female,59,Hyderabad,Telangana,Home Office,2023-01-17,Referral
15995,Customer_15995,Female,45,Mumbai,Maharashtra,Consumer,2024-01-18,Organic Search
15996,Customer_15996,Female,41,Kolkata,West Bengal,Home Office,2022-03-29,Referral
15997,Customer_15997,Male,24,Warangal,Telangana,Consumer,2022-01-03,Organic Search
15998,Customer_15998,Female,53,Noida,Uttar Pradesh,Consumer,2024-09-20,Organic Search
15999,Customer_15999,Female,56,Hyderabad,Telangana,Corporate,2023-09-16,Referral
16000,Customer_16000,Male,32,Pune,Maharashtra,Consumer,2023-01-04,Paid Ads
16001,Customer_16001,Male,20,Jaipur,Rajasthan,Consumer,2024-07-06,Paid Ads
16002,Customer_16002,Female,19,New Delhi,Delhi,Consumer,2022-03-23,Paid Ads
16003,Customer_16003,Male,24,Indore,Madhya Pradesh,Consumer,2022-11-23,Social Media
16004,Customer_16004,Male,33,Surat,Gujarat,Consumer,2022-01-02,Paid Ads
16005,Customer_16005,,38,Pune,Maharashtra,Consumer,2023-03-10,Organic Search
16006,Customer_16006,Female,26,Ludhiana,Punjab,Corporate,2025-10-24,Email
16007,Customer_16007,Female,29,Hyderabad,Telangana,Consumer,2022-01-02,Social Media
16008,Customer_16008,Male,46,Mumbai,Maharashtra,Consumer,2024-01-05,Email
16009,Customer_16009,Male,41,Vadodara,Gujarat,Home Office,2022-01-08,Referral
16010,Customer_16010,Male,50,Delhi,Delhi,Consumer,2022-07-05,Organic Search
16011,Customer_16011,Male,31,Noida,Uttar Pradesh,Corporate,2024-09-03,Social Media
16012,Customer_16012,Male,60,Kanpur,Uttar Pradesh,Home Office,2022-07-06,Email
16013,Customer_16013,Female,35,Ludhiana,Punjab,Corporate,2022-11-04,Organic Search
16014,Customer_16014,Female,22,Warangal,Telangana,Consumer,2023-06-05,Organic Search
16015,Customer_16015,Male,32,Chennai,Tamil Nadu,Corporate,2024-10-22,Organic Search
16016,Customer_16016,Male,24,Kanpur,Uttar Pradesh,Consumer,2025-12-18,Paid Ads
16017,Customer_16017,Female,42,Pune,Maharashtra,Consumer,2024-11-19,Social Media
16018,Customer_16018,Male,31,Surat,Gujarat,Consumer,2022-01-16,Organic Search
16019,Customer_16019,Male,57,Surat,Gujarat,Consumer,2025-12-11,Referral
16020,Customer_16020,Female,53,Pune,Maharashtra,Consumer,2023-04-23,Organic Search
16021,Customer_16021,Male,52,Chennai,Tamil Nadu,Consumer,2023-03-31,Paid Ads
16022,Customer_16022,Male,41,Bhopal,Madhya Pradesh,Consumer,2022-01-19,Referral
16023,Customer_16023,Male,32,Bhopal,Madhya Pradesh,Home Office,2023-08-08,Organic Search
16024,Customer_16024,Female,28,Nashik,Maharashtra,Consumer,2024-01-02,Email
16025,Customer_16025,Male,41,Nagpur,Maharashtra,Consumer,2022-04-01,Referral
16026,Customer_16026,Male,28,New Delhi,Delhi,Consumer,2025-08-14,Organic Search
16027,Customer_16027,Male,34,Indore,Madhya Pradesh,Consumer,2023-08-13,Paid Ads
16028,Customer_16028,Female,23,Pune,Maharashtra,Consumer,2022-05-22,Social Media
16029,Customer_16029,Male,38,Kolkata,West Bengal,Consumer,2024-07-28,Paid Ads
16030,Customer_16030,Male,25,Mumbai,Maharashtra,Consumer,2025-03-08,Social Media
16031,Customer_16031,Male,32,Vadodara,Gujarat,Corporate,2022-05-10,Organic Search
16032,Customer_16032,Male,49,Bengaluru,Karnataka,Consumer,2024-07-05,Referral
16033,Customer_16033,Male,27,Kanpur,Uttar Pradesh,Consumer,2023-02-08,Social Media
16034,Customer_16034,Male,45,New Delhi,Delhi,Consumer,2023-07-04,Direct
16035,Customer_16035,Male,32,Jaipur,Rajasthan,Consumer,2023-09-23,Email
16036,Customer_16036,Male,29,Delhi,Delhi,Consumer,2022-01-15,Social Media
16037,Customer_16037,Male,60,Kolkata,West Bengal,Consumer,2024-03-18,Organic Search
16038,Customer_16038,Male,35,Bhopal,Madhya Pradesh,Home Office,2022-11-28,Referral
16039,Customer_16039,Male,54,Mumbai,Maharashtra,Consumer,2023-03-30,Referral
16040,Customer_16040,Female,41,Indore,Madhya Pradesh,Consumer,2024-08-09,Paid Ads
16041,Customer_16041,Female,54,Vadodara,Gujarat,Consumer,2024-11-25,Social Media
16042,Customer_16042,Female,46,Pune,Maharashtra,Home Office,2024-07-02,Organic Search
16043,Customer_16043,Female,27,Coimbatore,Tamil Nadu,Consumer,2025-11-20,Referral
16044,Customer_16044,Female,31,Mumbai,Maharashtra,Consumer,2022-10-23,Social Media
16045,Customer_16045,Female,33,Kolkata,West Bengal,Corporate,2022-04-19,Direct
16046,Customer_16046,Female,54,Kanpur,Uttar Pradesh,Home Office,2025-11-14,Referral
16047,Customer_16047,Male,28,Pune,Maharashtra,Corporate,2024-06-07,Organic Search
16048,Customer_16048,Male,43,Hyderabad,Telangana,Consumer,2023-10-06,Social Media
16049,Customer_16049,Female,57,Kanpur,Uttar Pradesh,Consumer,2025-07-28,Referral
16050,Customer_16050,Other,36,Faridabad,Haryana,Consumer,2022-09-11,Email
16051,Customer_16051,Male,35,Hyderabad,Telangana,Consumer,2024-01-27,Social Media
16052,Customer_16052,Female,47,Gurugram,Haryana,Corporate,2024-11-25,Email
16053,Customer_16053,Male,49,Hyderabad,Telangana,Corporate,2024-07-10,Organic Search
16054,Customer_16054,Male,40,Chennai,Tamil Nadu,Consumer,2025-04-08,Social Media
16055,Customer_16055,Male,29,Bhopal,Madhya Pradesh,Corporate,2024-12-19,Referral
16056,Customer_16056,Male,30,Hyderabad,Telangana,Home Office,2023-03-16,Organic Search
16057,Customer_16057,Male,38,Warangal,Telangana,Home Office,2025-01-19,Paid Ads
16058,Customer_16058,Female,38,Warangal,Telangana,Corporate,2024-09-09,Email
16059,Customer_16059,Female,46,Indore,Madhya Pradesh,Consumer,2025-05-26,Social Media
16060,Customer_16060,Female,46,Kanpur,Uttar Pradesh,Consumer,2024-05-17,Direct
16061,Customer_16061,Male,44,Chennai,Tamil Nadu,Consumer,2022-10-22,Paid Ads
16062,Customer_16062,Female,46,Bengaluru,Karnataka,Consumer,2023-08-08,Email
16063,Customer_16063,Male,32,Warangal,Telangana,Consumer,2025-06-09,Paid Ads
16064,Customer_16064,Male,29,Surat,Gujarat,Consumer,2025-05-09,Email
16065,Customer_16065,,58,Delhi,Delhi,Consumer,2023-10-18,Direct
16066,Customer_16066,Male,36,Lucknow,Uttar Pradesh,Consumer,2024-09-18,Email
16067,Customer_16067,Male,29,Warangal,Telangana,Consumer,2022-03-27,Social Media
16068,Customer_16068,Male,40,Bengaluru,Karnataka,Consumer,2023-02-03,Referral
16069,Customer_16069,Female,22,Nagpur,Maharashtra,Consumer,2022-07-27,Referral
16070,Customer_16070,Male,43,Delhi,Delhi,Consumer,2024-06-25,Referral
16071,Customer_16071,Female,27,Faridabad,Haryana,Consumer,2025-02-26,Paid Ads
16072,Customer_16072,Female,39,Mysuru,Karnataka,Home Office,2024-03-08,Social Media
16073,Customer_16073,Female,56,Delhi,Delhi,Consumer,2022-01-16,Social Media
16074,Customer_16074,Female,40,Coimbatore,Tamil Nadu,Consumer,2024-12-19,Organic Search
16075,Customer_16075,Male,28,Mysuru,Karnataka,Consumer,2025-10-25,Organic Search
16076,Customer_16076,Male,45,Nagpur,Maharashtra,Consumer,2024-03-13,Organic Search
16077,Customer_16077,Male,48,Bengaluru,Karnataka,Consumer,2023-09-15,Organic Search
16078,Customer_16078,Male,25,Vadodara,Gujarat,Consumer,2024-05-01,Organic Search
16079,Customer_16079,Female,56,Surat,Gujarat,Home Office,2022-04-06,Paid Ads
16080,Customer_16080,Male,45,Bengaluru,Karnataka,Corporate,2024-02-01,Paid Ads
16081,Customer_16081,Male,33,Chennai,Tamil Nadu,Consumer,2024-09-01,Social Media
16082,Customer_16082,Female,48,Ludhiana,Punjab,Consumer,2025-04-07,Direct
16083,Customer_16083,Female,58,Bengaluru,Karnataka,Consumer,2022-04-30,Referral
16084,Customer_16084,Female,33,New Delhi,Delhi,Consumer,2025-01-01,Organic Search
16085,Customer_16085,Female,22,New Delhi,Delhi,Corporate,2022-07-20,Social Media
16086,Customer_16086,Female,52,Coimbatore,Tamil Nadu,Consumer,2024-02-27,Referral
16087,Customer_16087,Female,42,Noida,Uttar Pradesh,Consumer,2022-07-30,Direct
16088,Customer_16088,Male,30,Delhi,Delhi,Consumer,2024-05-09,Paid Ads
16089,Customer_16089,Other,46,Kolkata,West Bengal,Consumer,2025-05-08,Organic Search
16090,Customer_16090,Female,44,Mumbai,Maharashtra,Home Office,2025-07-08,Paid Ads
16091,Customer_16091,Male,57,Coimbatore,Tamil Nadu,Consumer,2022-11-16,Paid Ads
16092,Customer_16092,Male,34,Kanpur,Uttar Pradesh,Consumer,2024-06-03,Email
16093,Customer_16093,Female,54,Mysuru,Karnataka,Consumer,2025-01-18,Organic Search
16094,Customer_16094,Female,55,Ahmedabad,Gujarat,Consumer,2022-06-30,Email
16095,Customer_16095,Male,46,Delhi,Delhi,Consumer,2025-11-27,Email
16096,Customer_16096,Male,51,Kanpur,Uttar Pradesh,Consumer,2022-11-26,Email
16097,Customer_16097,Female,47,Mumbai,Maharashtra,Consumer,2024-01-26,Social Media
16098,Customer_16098,Female,48,Bhopal,Madhya Pradesh,Consumer,2023-12-10,Paid Ads
16099,Customer_16099,Male,39,New Delhi,Delhi,Consumer,2023-09-28,Email
16100,Customer_16100,Male,42,Bhopal,Madhya Pradesh,Consumer,2023-08-24,Direct
16101,Customer_16101,Female,21,Bengaluru,Karnataka,Consumer,2023-07-23,Social Media
16102,Customer_16102,Male,52,Kolkata,West Bengal,Consumer,2022-01-17,Organic Search
16103,Customer_16103,Female,58,Mysuru,Karnataka,Home Office,2024-07-01,Paid Ads
16104,Customer_16104,Male,26,Faridabad,Haryana,Consumer,2024-01-19,Organic Search
16105,Customer_16105,Male,43,Mumbai,Maharashtra,Corporate,2024-12-05,Referral
16106,Customer_16106,Male,44,Delhi,Delhi,Corporate,2023-05-08,Email
16107,Customer_16107,Male,44,Warangal,Telangana,Consumer,2024-02-25,Organic Search
16108,Customer_16108,Male,35,Nashik,Maharashtra,Corporate,2025-07-07,Social Media
16109,Customer_16109,Male,47,New Delhi,Delhi,Corporate,2023-06-22,Email
16110,Customer_16110,Female,48,Gurugram,Haryana,Consumer,2025-02-28,Referral
16111,Customer_16111,Male,59,Amritsar,Punjab,Home Office,2023-10-07,Organic Search
16112,Customer_16112,Female,20,Mysuru,Karnataka,Consumer,2022-03-03,Organic Search
16113,Customer_16113,Male,46,Gurugram,Haryana,Consumer,2025-02-02,Referral
16114,Customer_16114,Female,24,Vadodara,Gujarat,Corporate,2022-08-26,Organic Search
16115,Customer_16115,Male,35,Delhi,Delhi,Consumer,2022-04-16,Social Media
16116,Customer_16116,Male,33,Kolkata,West Bengal,Corporate,2023-10-13,Referral
16117,Customer_16117,Female,49,Jaipur,Rajasthan,Corporate,2025-08-12,Organic Search
16118,Customer_16118,Female,55,Ludhiana,Punjab,Home Office,2024-11-20,Email
16119,Customer_16119,Female,42,Delhi,Delhi,Consumer,2023-03-09,Direct
16120,Customer_16120,Female,49,Jaipur,Rajasthan,Home Office,2022-10-01,Social Media
16121,Customer_16121,Female,36,Mumbai,Maharashtra,Consumer,2024-11-30,Organic Search
16122,Customer_16122,Male,20,Nagpur,Maharashtra,Consumer,2023-06-10,Organic Search
16123,Customer_16123,Female,52,Pune,Maharashtra,Consumer,2024-04-01,Paid Ads
16124,Customer_16124,Female,46,Ludhiana,Punjab,Consumer,2023-01-22,Organic Search
16125,Customer_16125,Other,28,Noida,Uttar Pradesh,Consumer,2023-01-28,Email
16126,Customer_16126,Female,23,Lucknow,Uttar Pradesh,Consumer,2024-09-04,Email
16127,Customer_16127,Male,36,Hyderabad,Telangana,Consumer,2023-05-16,Social Media
16128,Customer_16128,Male,54,Mysuru,Karnataka,Consumer,2022-10-28,Paid Ads
16129,Customer_16129,Female,44,Pune,Maharashtra,Home Office,2023-03-05,Organic Search
16130,Customer_16130,Female,22,Mysuru,Karnataka,Consumer,2025-09-21,Direct
16131,Customer_16131,Female,43,Mysuru,Karnataka,Consumer,2024-04-17,Social Media
16132,Customer_16132,Female,52,Lucknow,Uttar Pradesh,Corporate,2022-08-15,Direct
16133,Customer_16133,Male,36,Surat,Gujarat,Consumer,2025-08-07,Referral
16134,Customer_16134,Male,34,Pune,Maharashtra,Corporate,2023-11-11,Paid Ads
16135,Customer_16135,Male,52,Nashik,Maharashtra,Consumer,2023-02-17,Paid Ads
16136,Customer_16136,Female,30,Nagpur,Maharashtra,Consumer,2024-08-01,Paid Ads
16137,Customer_16137,Female,31,Chennai,Tamil Nadu,Consumer,2024-03-29,Paid Ads
16138,Customer_16138,Male,47,Faridabad,Haryana,Consumer,2024-06-04,Organic Search
16139,Customer_16139,Female,60,Udaipur,Rajasthan,Consumer,2022-07-17,Social Media
16140,Customer_16140,Male,34,Noida,Uttar Pradesh,Consumer,2025-09-23,Referral
16141,Customer_16141,Male,54,Warangal,Telangana,Home Office,2023-10-26,Paid Ads
16142,Customer_16142,Female,32,Bengaluru,Karnataka,Consumer,2025-01-03,Social Media
16143,Customer_16143,Male,35,Nashik,Maharashtra,Consumer,2025-06-13,Referral
16144,Customer_16144,Female,31,Indore,Madhya Pradesh,Corporate,2024-11-01,Social Media
16145,Customer_16145,Female,31,Noida,Uttar Pradesh,Consumer,2022-12-24,Paid Ads
16146,Customer_16146,Female,50,Pune,Maharashtra,Corporate,2024-03-01,Organic Search
16147,Customer_16147,Male,55,Hyderabad,Telangana,Consumer,2024-05-27,Paid Ads
16148,Customer_16148,Male,28,Warangal,Telangana,Consumer,2022-09-02,Email
16149,Customer_16149,Female,28,Surat,Gujarat,Consumer,2024-07-28,Organic Search
16150,Customer_16150,Female,43,Gurugram,Haryana,Consumer,2022-04-29,Referral
16151,Customer_16151,Female,20,Surat,Gujarat,Consumer,2022-05-10,Organic Search
16152,Customer_16152,Male,42,Surat,Gujarat,Home Office,2024-07-31,Social Media
16153,Customer_16153,Male,34,Nagpur,Maharashtra,Consumer,2022-12-17,Paid Ads
16154,Customer_16154,Female,39,Nashik,Maharashtra,Consumer,2022-06-21,Paid Ads
16155,Customer_16155,Female,46,New Delhi,Delhi,Consumer,2022-04-12,Social Media
16156,Customer_16156,Male,43,Pune,Maharashtra,Consumer,2024-03-08,Organic Search
16157,Customer_16157,Male,51,Noida,Uttar Pradesh,Consumer,2022-04-09,Referral
16158,Customer_16158,Female,43,Kolkata,West Bengal,Consumer,2022-01-26,Organic Search
16159,Customer_16159,Male,26,Mumbai,Maharashtra,Consumer,2025-11-05,Organic Search
16160,Customer_16160,Male,57,Kanpur,Uttar Pradesh,Consumer,2022-09-15,Social Media
16161,Customer_16161,Male,28,Nashik,Maharashtra,Corporate,2022-10-25,Referral
16162,Customer_16162,Male,24,Bengaluru,Karnataka,Consumer,2024-10-06,Direct
16163,Customer_16163,Female,47,Delhi,Delhi,Consumer,2025-11-25,Organic Search
16164,Customer_16164,Male,19,,Karnataka,Corporate,2022-07-06,Paid Ads
16165,Customer_16165,Male,47,Delhi,Delhi,Home Office,2023-01-10,Email
16166,Customer_16166,Male,21,Hyderabad,Telangana,Consumer,2023-04-23,Organic Search
16167,Customer_16167,Male,31,Coimbatore,Tamil Nadu,Home Office,2024-12-24,Organic Search
16168,Customer_16168,Female,30,Ludhiana,Punjab,Consumer,2023-08-07,Direct
16169,Customer_16169,Male,42,Nagpur,Maharashtra,Consumer,2023-03-12,Organic Search
16170,Customer_16170,Female,30,Mumbai,Maharashtra,Corporate,2023-03-04,Organic Search
16171,Customer_16171,Male,30,Mumbai,Maharashtra,Home Office,2024-09-28,Social Media
16172,Customer_16172,Male,54,Vadodara,Gujarat,Consumer,2022-12-15,Organic Search
16173,Customer_16173,Male,23,Nashik,Maharashtra,Consumer,2023-04-19,Direct
16174,Customer_16174,Male,43,Kanpur,Uttar Pradesh,Consumer,2025-06-02,Email
16175,Customer_16175,Female,31,Warangal,Telangana,Consumer,2023-08-24,Referral
16176,Customer_16176,Male,25,Hyderabad,Telangana,Corporate,2023-12-26,Organic Search
16177,Customer_16177,Female,41,Vadodara,Gujarat,Consumer,2025-02-09,Organic Search
16178,Customer_16178,Male,39,New Delhi,Delhi,Consumer,2024-04-10,Organic Search
16179,Customer_16179,Male,57,New Delhi,Delhi,Consumer,2022-07-14,Organic Search
16180,Customer_16180,Male,56,Bengaluru,Karnataka,Home Office,2025-06-25,Direct
16181,Customer_16181,Female,38,Ahmedabad,Gujarat,Consumer,2024-12-03,Social Media
16182,Customer_16182,Male,60,Delhi,Delhi,Corporate,2024-11-15,Email
16183,Customer_16183,Male,43,Mumbai,Maharashtra,Home Office,2025-03-17,Social Media
16184,Customer_16184,Male,27,Amritsar,Punjab,Consumer,2024-04-29,Paid Ads
16185,Customer_16185,Male,30,Mumbai,Maharashtra,Corporate,2022-10-27,Direct
16186,Customer_16186,Female,59,Kanpur,Uttar Pradesh,Corporate,2024-02-17,Referral
16187,Customer_16187,Female,31,Kanpur,Uttar Pradesh,Consumer,2023-02-14,Social Media
16188,Customer_16188,Female,26,Mysuru,Karnataka,Consumer,2025-03-11,Social Media
16189,Customer_16189,Female,24,Nashik,Maharashtra,Consumer,2025-09-22,Social Media
16190,Customer_16190,Male,56,Nagpur,Maharashtra,Consumer,2022-05-28,Email
16191,Customer_16191,Male,48,Kolkata,West Bengal,Consumer,2025-04-01,Social Media
16192,Customer_16192,Female,33,Udaipur,Rajasthan,Consumer,2025-03-22,Organic Search
16193,Customer_16193,Male,25,Noida,Uttar Pradesh,Consumer,2024-04-28,Paid Ads
16194,Customer_16194,Male,32,Faridabad,Haryana,Consumer,2025-06-04,Email
16195,Customer_16195,Female,42,Kolkata,West Bengal,Consumer,2024-08-12,Referral
16196,Customer_16196,Female,55,Pune,Maharashtra,Consumer,2025-12-03,Organic Search
16197,Customer_16197,Female,58,Delhi,Delhi,Consumer,2025-10-31,Organic Search
16198,Customer_16198,Female,32,Bhopal,Madhya Pradesh,Consumer,2025-01-27,Email
16199,Customer_16199,Male,42,New Delhi,Delhi,Consumer,2025-03-31,Organic Search
16200,Customer_16200,Male,24,Mumbai,Maharashtra,Consumer,2023-01-10,Referral
16201,Customer_16201,Male,43,Kolkata,West Bengal,Consumer,2025-02-19,Social Media
16202,Customer_16202,Female,25,Chennai,Tamil Nadu,Consumer,2022-12-05,Organic Search
16203,Customer_16203,Female,35,Gurugram,Haryana,Consumer,2022-06-14,Organic Search
16204,Customer_16204,Male,38,Udaipur,Rajasthan,Corporate,2024-07-25,Organic Search
16205,Customer_16205,Male,33,Nagpur,Maharashtra,Consumer,2022-11-20,Paid Ads
16206,Customer_16206,Male,20,Faridabad,Haryana,Consumer,2024-12-01,Referral
16207,Customer_16207,Female,18,Delhi,Delhi,Consumer,2022-09-06,Organic Search
16208,Customer_16208,Female,30,Bengaluru,Karnataka,Home Office,2022-04-22,Paid Ads
16209,Customer_16209,Male,49,Chennai,Tamil Nadu,Consumer,2024-12-04,Social Media
16210,Customer_16210,Female,29,Nashik,Maharashtra,Consumer,2025-11-06,Organic Search
16211,Customer_16211,Female,48,Hyderabad,Telangana,Home Office,2023-04-15,Email
16212,Customer_16212,Male,58,Nagpur,Maharashtra,Corporate,2025-02-26,Referral
16213,Customer_16213,Female,19,Coimbatore,Tamil Nadu,Consumer,2023-01-01,Paid Ads
16214,Customer_16214,Male,58,Mysuru,Karnataka,Consumer,2025-03-07,Social Media
16215,Customer_16215,Male,25,Noida,Uttar Pradesh,Consumer,2024-10-24,Paid Ads
16216,Customer_16216,Male,42,Noida,Uttar Pradesh,Consumer,2024-07-09,Organic Search
16217,Customer_16217,Female,22,Pune,Maharashtra,Consumer,2022-10-24,Paid Ads
16218,Customer_16218,Female,19,Mysuru,Karnataka,Corporate,2023-01-20,Organic Search
16219,Customer_16219,Male,59,Bengaluru,Karnataka,Consumer,2024-06-02,Referral
16220,Customer_16220,Female,55,Nagpur,Maharashtra,Corporate,2023-03-28,Social Media
16221,Customer_16221,Male,56,Kanpur,Uttar Pradesh,Corporate,2023-01-14,Organic Search
16222,Customer_16222,Female,20,Kolkata,West Bengal,Consumer,2023-10-13,Referral
16223,Customer_16223,Female,55,Delhi,Delhi,Consumer,2024-04-05,Organic Search
16224,Customer_16224,Male,39,Mysuru,Karnataka,Consumer,2022-03-08,Paid Ads
16225,Customer_16225,Male,57,Mumbai,Maharashtra,Consumer,2025-08-17,Direct
16226,Customer_16226,Female,50,Ahmedabad,Gujarat,Consumer,2022-10-04,Email
16227,Customer_16227,Male,49,Nagpur,Maharashtra,Consumer,2024-09-18,Direct
16228,Customer_16228,Female,34,Amritsar,Punjab,Corporate,2025-09-28,Social Media
16229,Customer_16229,Male,35,Kanpur,Uttar Pradesh,Consumer,2023-11-13,Email
16230,Customer_16230,Female,20,Chennai,Tamil Nadu,Consumer,2024-09-24,Organic Search
16231,Customer_16231,Male,23,Ahmedabad,Gujarat,Corporate,2025-12-28,Organic Search
16232,Customer_16232,Male,30,Faridabad,Haryana,Consumer,2023-04-04,Organic Search
16233,Customer_16233,Male,48,Ahmedabad,Gujarat,Consumer,2023-04-23,Social Media
16234,Customer_16234,Female,34,New Delhi,Delhi,Consumer,2024-01-28,Organic Search
16235,Customer_16235,Male,38,Mysuru,Karnataka,Consumer,2022-04-15,Social Media
16236,Customer_16236,Male,33,Bhopal,Madhya Pradesh,Consumer,2024-12-07,Organic Search
16237,Customer_16237,Female,34,Udaipur,Rajasthan,Home Office,2022-06-22,Organic Search
16238,Customer_16238,Female,49,Udaipur,Rajasthan,Consumer,2022-10-14,Direct
16239,Customer_16239,Male,18,Bhopal,Madhya Pradesh,Consumer,2023-02-12,Referral
16240,Customer_16240,Other,55,Indore,Madhya Pradesh,Consumer,2023-09-18,Paid Ads
16241,Customer_16241,Female,25,Gurugram,Haryana,Consumer,2025-12-17,Social Media
16242,Customer_16242,Male,18,Nashik,Maharashtra,Consumer,2022-06-17,Organic Search
16243,Customer_16243,Male,19,Surat,Gujarat,Consumer,2022-05-25,Paid Ads
16244,Customer_16244,Female,54,Noida,Uttar Pradesh,Consumer,2023-12-22,Social Media
16245,Customer_16245,Female,41,Noida,Uttar Pradesh,Consumer,2024-08-23,Email
16246,Customer_16246,Male,44,Vadodara,Gujarat,Consumer,2025-09-04,Organic Search
16247,Customer_16247,Male,37,Mumbai,Maharashtra,Home Office,2025-01-05,Social Media
16248,Customer_16248,Male,38,Noida,Uttar Pradesh,Corporate,2024-05-03,Organic Search
16249,Customer_16249,Female,59,Kolkata,West Bengal,Consumer,2025-10-20,Paid Ads
16250,Customer_16250,Male,54,Pune,Maharashtra,Consumer,2024-02-29,Social Media
16251,Customer_16251,Male,52,Warangal,Telangana,Consumer,2024-11-09,Social Media
16252,Customer_16252,Female,55,Delhi,Delhi,Corporate,2022-01-31,Social Media
16253,Customer_16253,Female,32,Bengaluru,Karnataka,Consumer,2024-11-28,Email
16254,Customer_16254,Male,59,Nashik,Maharashtra,Home Office,2025-01-14,Referral
16255,Customer_16255,Male,47,Coimbatore,Tamil Nadu,Corporate,2022-03-09,Paid Ads
16256,Customer_16256,Male,21,Ahmedabad,Gujarat,Consumer,2023-06-02,Paid Ads
16257,Customer_16257,Male,60,Ahmedabad,Gujarat,Corporate,2022-03-24,Paid Ads
16258,Customer_16258,Female,56,Udaipur,Rajasthan,Corporate,2024-07-03,Direct
16259,Customer_16259,Female,32,Noida,Uttar Pradesh,Consumer,2024-05-07,Paid Ads
16260,Customer_16260,Male,40,New Delhi,Delhi,Consumer,2025-04-29,Referral
16261,Customer_16261,Male,58,Nashik,Maharashtra,Consumer,2023-02-21,Email
16262,Customer_16262,Female,32,Indore,Madhya Pradesh,Consumer,2022-11-21,Organic Search
16263,Customer_16263,Female,43,Nagpur,Maharashtra,Consumer,2024-06-09,Organic Search
16264,Customer_16264,Male,29,Ludhiana,Punjab,Consumer,2024-03-30,Organic Search
16265,Customer_16265,Female,35,Bhopal,Madhya Pradesh,Consumer,2024-11-02,Organic Search
16266,Customer_16266,Female,23,Warangal,Telangana,Consumer,2023-08-20,Organic Search
16267,Customer_16267,Male,35,Ludhiana,Punjab,Home Office,2022-01-29,Referral
16268,Customer_16268,Female,41,Pune,Maharashtra,Corporate,2024-09-01,Organic Search
16269,Customer_16269,Female,55,Mysuru,Karnataka,Corporate,2022-07-11,Direct
16270,Customer_16270,Female,45,Udaipur,Rajasthan,Consumer,2024-09-25,Organic Search
16271,Customer_16271,Female,32,Bengaluru,Karnataka,Corporate,2023-06-12,Organic Search
16272,Customer_16272,Male,36,Gurugram,Haryana,Home Office,2022-07-29,Referral
16273,Customer_16273,Male,22,Pune,Maharashtra,Consumer,2024-12-27,Organic Search
16274,Customer_16274,Female,21,Ahmedabad,Gujarat,Corporate,2023-01-31,Paid Ads
16275,Customer_16275,Female,34,Surat,Gujarat,Consumer,2024-02-22,Email
16276,Customer_16276,Female,27,Udaipur,Rajasthan,Corporate,2023-11-27,Social Media
16277,Customer_16277,Male,29,Delhi,Delhi,Corporate,2022-11-25,Social Media
16278,Customer_16278,Female,22,Bengaluru,Karnataka,Home Office,2024-09-25,Paid Ads
16279,Customer_16279,Male,24,Indore,Madhya Pradesh,Consumer,2022-01-20,Email
16280,Customer_16280,Male,40,Delhi,Delhi,Consumer,2022-01-26,Social Media
16281,Customer_16281,Male,19,Kanpur,Uttar Pradesh,Consumer,2023-05-20,Email
16282,Customer_16282,Male,47,Ahmedabad,Gujarat,Consumer,2023-02-28,Paid Ads
16283,Customer_16283,Male,54,Lucknow,Uttar Pradesh,Consumer,2022-08-31,Social Media
16284,Customer_16284,Female,22,Kolkata,West Bengal,Consumer,2022-09-10,Social Media
16285,Customer_16285,Male,37,New Delhi,Delhi,Corporate,2025-08-09,Organic Search
16286,Customer_16286,Male,43,Surat,Gujarat,Consumer,2025-01-08,Organic Search
16287,Customer_16287,Male,56,Indore,Madhya Pradesh,Corporate,2024-08-20,Paid Ads
16288,Customer_16288,Male,23,Coimbatore,Tamil Nadu,Consumer,2023-01-23,Referral
16289,Customer_16289,Female,46,Amritsar,Punjab,Consumer,2025-01-16,Social Media
16290,Customer_16290,Male,27,Coimbatore,Tamil Nadu,Consumer,2022-12-26,Organic Search
16291,Customer_16291,Male,33,Pune,Maharashtra,Consumer,2022-12-31,Organic Search
16292,Customer_16292,Female,51,Chennai,Tamil Nadu,Consumer,2023-09-07,Direct
16293,Customer_16293,Female,48,Gurugram,Haryana,Corporate,2025-07-18,Paid Ads
16294,Customer_16294,Female,53,Mysuru,Karnataka,Consumer,2024-11-24,Social Media
16295,Customer_16295,Female,58,Indore,Madhya Pradesh,Home Office,2022-11-16,Paid Ads
16296,Customer_16296,Female,22,Indore,Madhya Pradesh,Home Office,2023-08-09,Organic Search
16297,Customer_16297,Male,50,Bengaluru,Karnataka,Consumer,2025-05-05,Social Media
16298,Customer_16298,Other,60,Mumbai,Maharashtra,Home Office,2023-05-08,Social Media
16299,Customer_16299,Female,36,Kolkata,West Bengal,Corporate,2022-02-21,Organic Search
16300,Customer_16300,Female,49,Bengaluru,Karnataka,Home Office,2024-04-23,Direct
16301,Customer_16301,Female,40,Lucknow,Uttar Pradesh,Corporate,2023-05-16,Social Media
16302,Customer_16302,Female,20,Coimbatore,Tamil Nadu,Corporate,2025-03-02,Direct
16303,Customer_16303,Male,18,Warangal,Telangana,Consumer,2022-05-09,Referral
16304,Customer_16304,Male,53,Noida,Uttar Pradesh,Consumer,2022-09-30,Direct
16305,Customer_16305,Female,58,Chennai,Tamil Nadu,Home Office,2023-09-01,Organic Search
16306,Customer_16306,Male,45,Chennai,Tamil Nadu,Corporate,2022-10-15,Direct
16307,Customer_16307,Male,56,Bengaluru,Karnataka,Consumer,2025-08-02,Social Media
16308,Customer_16308,Female,22,Bengaluru,Karnataka,Consumer,2022-11-22,Organic Search
16309,Customer_16309,Male,30,Warangal,Telangana,Corporate,2023-09-13,Paid Ads
16310,Customer_16310,Male,28,Noida,Uttar Pradesh,Consumer,2025-07-31,Paid Ads
16311,Customer_16311,Female,39,Mysuru,Karnataka,Consumer,2022-12-16,Referral
16312,Customer_16312,Female,40,Hyderabad,Telangana,Consumer,2024-01-06,Referral
16313,Customer_16313,Male,29,Udaipur,Rajasthan,Corporate,2022-04-22,Email
16314,Customer_16314,Female,38,Delhi,Delhi,Consumer,2025-05-10,Paid Ads
16315,Customer_16315,Male,36,Mysuru,Karnataka,Consumer,2024-08-06,Referral
16316,Customer_16316,Male,22,Gurugram,Haryana,Corporate,2025-09-05,Social Media
16317,Customer_16317,Male,41,Kolkata,West Bengal,Corporate,2024-12-20,Email
16318,Customer_16318,Female,47,Surat,Gujarat,Consumer,2025-02-12,Paid Ads
16319,Customer_16319,Male,25,Udaipur,Rajasthan,Consumer,2023-05-24,Email
16320,Customer_16320,Male,19,Mumbai,Maharashtra,Consumer,2023-02-18,Referral
16321,Customer_16321,Female,51,Vadodara,Gujarat,Corporate,2023-12-16,Paid Ads
16322,Customer_16322,Male,40,Warangal,Telangana,Consumer,2025-07-28,Email
16323,Customer_16323,Female,20,Ahmedabad,Gujarat,Consumer,2022-10-12,Referral
16324,Customer_16324,Female,41,Bengaluru,Karnataka,Home Office,2022-05-26,Paid Ads
16325,Customer_16325,Other,35,Nagpur,Maharashtra,Home Office,2025-11-06,Referral
16326,Customer_16326,Female,54,Delhi,Delhi,Consumer,2022-08-01,Paid Ads
16327,Customer_16327,Male,48,Faridabad,Haryana,Consumer,2022-10-26,Referral
16328,Customer_16328,Male,31,Chennai,Tamil Nadu,Consumer,2024-08-19,Email
16329,Customer_16329,Female,18,Hyderabad,Telangana,Consumer,2023-03-30,Email
16330,Customer_16330,Female,31,Mumbai,Maharashtra,Consumer,2023-11-20,Organic Search
16331,Customer_16331,Male,58,Nagpur,Maharashtra,Consumer,2022-04-02,Organic Search
16332,Customer_16332,Female,22,Kolkata,West Bengal,Consumer,2022-04-02,Organic Search
16333,Customer_16333,Male,48,Ahmedabad,Gujarat,Consumer,2023-05-31,Social Media
16334,Customer_16334,Female,48,Hyderabad,Telangana,Home Office,2023-10-19,Social Media
16335,Customer_16335,Female,47,New Delhi,Delhi,Consumer,2022-10-07,Paid Ads
16336,Customer_16336,Other,53,Kanpur,Uttar Pradesh,Consumer,2025-10-02,Social Media
16337,Customer_16337,Female,18,Nagpur,Maharashtra,Home Office,2022-10-21,Paid Ads
16338,Customer_16338,Female,20,New Delhi,Delhi,Consumer,2024-06-11,Email
16339,Customer_16339,Male,37,Chennai,Tamil Nadu,Home Office,2023-06-05,Social Media
16340,Customer_16340,Female,60,Bengaluru,Karnataka,Consumer,2022-05-29,Paid Ads
16341,Customer_16341,Female,60,Delhi,Delhi,Consumer,2025-03-07,Email
16342,Customer_16342,Female,38,Jaipur,Rajasthan,Consumer,2024-11-15,Paid Ads
16343,Customer_16343,Female,47,Udaipur,Rajasthan,Consumer,2023-12-30,Organic Search
16344,Customer_16344,Male,59,Noida,Uttar Pradesh,Consumer,2022-08-04,Organic Search
16345,Customer_16345,Female,47,Coimbatore,Tamil Nadu,Corporate,2022-08-22,Organic Search
16346,Customer_16346,Female,22,Nagpur,Maharashtra,Consumer,2025-03-28,Organic Search
16347,Customer_16347,Male,27,Delhi,Delhi,Corporate,2023-10-30,Organic Search
16348,Customer_16348,Male,41,Ludhiana,Punjab,Consumer,2022-08-05,Referral
16349,Customer_16349,Female,56,Surat,Gujarat,Corporate,2022-08-08,Organic Search
16350,Customer_16350,Male,23,Kolkata,West Bengal,Consumer,2023-09-04,Social Media
16351,Customer_16351,Male,27,Mumbai,Maharashtra,Home Office,2023-07-15,Social Media
16352,Customer_16352,Male,59,Hyderabad,Telangana,Consumer,2025-09-20,Referral
16353,Customer_16353,Female,60,Nashik,Maharashtra,Home Office,2024-12-09,Organic Search
16354,Customer_16354,Female,27,Vadodara,Gujarat,Consumer,2022-10-25,Email
16355,Customer_16355,Male,42,Faridabad,Haryana,Corporate,2023-06-15,Referral
16356,Customer_16356,Female,31,Ludhiana,Punjab,Consumer,2025-02-01,Paid Ads
16357,Customer_16357,Female,56,Ahmedabad,Gujarat,Corporate,2025-08-29,Social Media
16358,Customer_16358,Male,30,Chennai,Tamil Nadu,Corporate,2025-06-17,Organic Search
16359,Customer_16359,Male,28,Faridabad,Haryana,Corporate,2025-11-12,Referral
16360,Customer_16360,Female,56,Jaipur,Rajasthan,Consumer,2024-05-27,Email
16361,Customer_16361,Male,28,Mumbai,Maharashtra,Corporate,2025-06-23,Paid Ads
16362,Customer_16362,Female,33,Hyderabad,Telangana,Consumer,2022-10-03,Paid Ads
16363,Customer_16363,Male,50,New Delhi,Delhi,Consumer,2024-06-23,Social Media
16364,Customer_16364,Male,58,Warangal,Telangana,Consumer,2022-05-14,Organic Search
16365,Customer_16365,Female,58,Coimbatore,Tamil Nadu,Consumer,2023-12-13,Email
16366,Customer_16366,Male,49,Surat,Gujarat,Corporate,2022-09-04,Organic Search
16367,Customer_16367,Female,27,Mysuru,Karnataka,Consumer,2022-01-15,Social Media
16368,Customer_16368,Male,32,Mumbai,Maharashtra,Consumer,2023-07-11,Organic Search
16369,Customer_16369,Male,33,Hyderabad,Telangana,Consumer,2023-02-02,Email
16370,Customer_16370,Male,60,Kanpur,Uttar Pradesh,Home Office,2024-06-11,Organic Search
16371,Customer_16371,Male,44,Jaipur,Rajasthan,Consumer,2022-05-22,Paid Ads
16372,Customer_16372,Male,49,Bengaluru,Karnataka,Corporate,2022-10-08,Organic Search
16373,Customer_16373,Male,23,Gurugram,Haryana,Consumer,2025-11-07,Direct
16374,Customer_16374,Female,53,Faridabad,Haryana,Corporate,2025-08-15,Organic Search
16375,Customer_16375,Female,25,New Delhi,Delhi,Home Office,2025-07-03,Email
16376,Customer_16376,Male,42,Nagpur,Maharashtra,Consumer,2023-05-18,Organic Search
16377,Customer_16377,Female,24,Kanpur,Uttar Pradesh,Consumer,2022-11-08,Paid Ads
16378,Customer_16378,Male,34,Noida,Uttar Pradesh,Home Office,2023-04-08,Referral
16379,Customer_16379,Male,47,Ludhiana,Punjab,Home Office,2024-01-11,Email
16380,Customer_16380,Female,19,Indore,Madhya Pradesh,Consumer,2025-06-22,Social Media
16381,Customer_16381,Male,34,Ahmedabad,Gujarat,Consumer,2024-09-12,Referral
16382,Customer_16382,Male,21,Warangal,Telangana,Corporate,2022-09-09,Social Media
16383,Customer_16383,Male,43,Nagpur,Maharashtra,Consumer,2022-04-09,Paid Ads
16384,Customer_16384,Female,31,New Delhi,Delhi,Consumer,2023-10-09,Social Media
16385,Customer_16385,,25,Coimbatore,Tamil Nadu,Consumer,2024-01-21,Referral
16386,Customer_16386,Male,22,Ahmedabad,Gujarat,Consumer,2022-10-20,Paid Ads
16387,Customer_16387,Male,22,Surat,Gujarat,Consumer,2024-10-17,Organic Search
16388,Customer_16388,,22,Kanpur,Uttar Pradesh,Home Office,2023-01-26,Social Media
16389,Customer_16389,Female,44,Mysuru,Karnataka,Consumer,2025-09-11,Organic Search
16390,Customer_16390,Male,22,Ahmedabad,Gujarat,Home Office,2023-10-04,Organic Search
16391,Customer_16391,Male,20,Nagpur,Maharashtra,Corporate,2025-08-03,Organic Search
16392,Customer_16392,Male,55,Coimbatore,Tamil Nadu,Consumer,2022-03-21,Paid Ads
16393,Customer_16393,Male,47,Kanpur,Uttar Pradesh,Corporate,2023-01-12,Direct
16394,Customer_16394,Female,18,Kolkata,West Bengal,Consumer,2025-12-09,Referral
16395,Customer_16395,Male,25,Ludhiana,Punjab,Consumer,2023-04-22,Social Media
16396,Customer_16396,Male,30,Mysuru,Karnataka,Consumer,2022-09-13,Paid Ads
16397,Customer_16397,Female,37,Hyderabad,Telangana,Consumer,2024-04-14,Referral
16398,Customer_16398,Female,23,Mysuru,Karnataka,Consumer,2025-06-02,Organic Search
16399,Customer_16399,Female,25,Chennai,Tamil Nadu,Consumer,2022-10-16,Email
16400,Customer_16400,Male,47,Bhopal,Madhya Pradesh,Consumer,2022-05-28,Organic Search
16401,Customer_16401,Female,57,Jaipur,Rajasthan,Consumer,2025-11-22,Direct
16402,Customer_16402,Female,32,Indore,Madhya Pradesh,Home Office,2025-03-19,Social Media
16403,Customer_16403,Male,27,Delhi,Delhi,Home Office,2024-06-25,Paid Ads
16404,Customer_16404,Other,50,Indore,Madhya Pradesh,Consumer,2024-04-29,Direct
16405,Customer_16405,Female,26,Pune,Maharashtra,Consumer,2025-06-25,Referral
16406,Customer_16406,Female,50,Bhopal,Madhya Pradesh,Consumer,2023-10-23,Direct
16407,Customer_16407,Male,26,Mysuru,Karnataka,Consumer,2025-10-05,Organic Search
16408,Customer_16408,Male,31,Bengaluru,Karnataka,Corporate,2022-10-06,Organic Search
16409,Customer_16409,Male,49,Hyderabad,Telangana,Home Office,2024-08-13,Referral
16410,Customer_16410,Male,54,Gurugram,Haryana,Consumer,2023-08-15,Organic Search
16411,Customer_16411,Female,23,Pune,Maharashtra,Consumer,2025-06-29,Referral
16412,Customer_16412,Male,22,Mysuru,Karnataka,Consumer,2022-02-28,Paid Ads
16413,Customer_16413,Female,21,Bhopal,Madhya Pradesh,Consumer,2023-01-18,Email
16414,Customer_16414,Male,33,Chennai,Tamil Nadu,Corporate,2025-11-13,Referral
16415,Customer_16415,Male,27,Delhi,Delhi,Consumer,2024-11-16,Social Media
16416,Customer_16416,Female,48,Chennai,Tamil Nadu,Corporate,2025-06-07,Organic Search
16417,Customer_16417,Male,48,Chennai,Tamil Nadu,Consumer,2023-04-17,Paid Ads
16418,Customer_16418,Female,31,Gurugram,Haryana,Consumer,2025-04-25,Paid Ads
16419,Customer_16419,Other,30,Lucknow,Uttar Pradesh,Consumer,2023-02-04,Social Media
16420,Customer_16420,Male,21,Hyderabad,Telangana,Consumer,2024-01-12,Referral
16421,Customer_16421,Male,43,Ludhiana,Punjab,Corporate,2022-02-06,Organic Search
16422,Customer_16422,Male,41,Hyderabad,Telangana,Corporate,2025-10-29,Social Media
16423,Customer_16423,Female,26,Nagpur,Maharashtra,Corporate,2022-04-05,Referral
16424,Customer_16424,Male,52,Delhi,Delhi,Consumer,2023-01-28,Paid Ads
16425,Customer_16425,Female,59,Chennai,Tamil Nadu,Corporate,2023-06-27,Organic Search
16426,Customer_16426,Male,32,Nagpur,Maharashtra,Consumer,2022-12-05,Social Media
16427,Customer_16427,Female,41,Faridabad,Haryana,Consumer,2022-03-28,Organic Search
16428,Customer_16428,Female,48,Noida,Uttar Pradesh,Consumer,2023-02-18,Direct
16429,Customer_16429,Female,36,Delhi,Delhi,Consumer,2023-03-04,Referral
16430,Customer_16430,Male,19,Surat,Gujarat,Corporate,2024-05-07,Social Media
16431,Customer_16431,Male,19,Kolkata,West Bengal,Consumer,2025-02-07,Organic Search
16432,Customer_16432,Male,58,Gurugram,Haryana,Consumer,2025-06-08,Referral
16433,Customer_16433,Female,53,Bhopal,Madhya Pradesh,Consumer,2025-01-11,Referral
16434,Customer_16434,Male,54,Warangal,Telangana,Consumer,2025-03-07,Social Media
16435,Customer_16435,Female,51,Noida,Uttar Pradesh,Consumer,2023-06-27,Organic Search
16436,Customer_16436,Female,56,Ahmedabad,Gujarat,Consumer,2025-12-27,Direct
16437,Customer_16437,Female,36,Surat,Gujarat,Corporate,2025-11-24,Organic Search
16438,Customer_16438,Male,55,Pune,Maharashtra,Consumer,2024-05-04,Direct
16439,Customer_16439,Female,40,Nagpur,Maharashtra,Corporate,2023-12-22,Organic Search
16440,Customer_16440,Male,33,Warangal,Telangana,Consumer,2022-10-07,Referral
16441,Customer_16441,Male,23,Delhi,Delhi,Consumer,2023-07-20,Social Media
16442,Customer_16442,Male,43,Pune,Maharashtra,Consumer,2025-10-29,Organic Search
16443,Customer_16443,Male,39,Kolkata,West Bengal,Corporate,2022-07-23,Social Media
16444,Customer_16444,Male,41,Nagpur,Maharashtra,Consumer,2025-07-23,Referral
16445,Customer_16445,Male,57,Surat,Gujarat,Consumer,2025-08-06,Social Media
16446,Customer_16446,Female,38,Vadodara,Gujarat,Home Office,2024-06-05,Organic Search
16447,Customer_16447,Male,47,Amritsar,Punjab,Consumer,2023-11-26,Referral
16448,Customer_16448,Female,28,Hyderabad,Telangana,Home Office,2025-03-11,Direct
16449,Customer_16449,Male,26,Mumbai,Maharashtra,Consumer,2025-05-31,Direct
16450,Customer_16450,Male,29,Surat,Gujarat,Corporate,2025-09-28,Email
16451,Customer_16451,Male,43,Lucknow,Uttar Pradesh,Consumer,2024-06-29,Organic Search
16452,Customer_16452,Female,55,Ludhiana,Punjab,Consumer,2025-07-11,Organic Search
16453,Customer_16453,Male,20,Coimbatore,Tamil Nadu,Consumer,2022-06-14,Organic Search
16454,Customer_16454,Male,50,Bengaluru,Karnataka,Consumer,2023-05-28,Email
16455,Customer_16455,Male,32,Gurugram,Haryana,Corporate,2024-07-28,Organic Search
16456,Customer_16456,Male,22,Delhi,Delhi,Home Office,2022-10-13,Direct
16457,Customer_16457,Female,41,Vadodara,Gujarat,Consumer,2025-07-16,Social Media
16458,Customer_16458,Male,28,Chennai,Tamil Nadu,Consumer,2022-11-30,Organic Search
16459,Customer_16459,Male,50,Mumbai,Maharashtra,Consumer,2023-06-04,Referral
16460,Customer_16460,Female,40,Bengaluru,Karnataka,Corporate,2025-03-22,Organic Search
16461,Customer_16461,Male,27,New Delhi,Delhi,Consumer,2024-07-01,Paid Ads
16462,Customer_16462,Female,60,Kolkata,West Bengal,Consumer,2025-04-10,Paid Ads
16463,Customer_16463,Female,45,Gurugram,Haryana,Consumer,2025-11-09,Organic Search
16464,Customer_16464,Female,56,Delhi,Delhi,Consumer,2022-01-24,Email
16465,Customer_16465,Male,34,Lucknow,Uttar Pradesh,Consumer,2024-11-10,Social Media
16466,Customer_16466,Female,43,Pune,Maharashtra,Consumer,2022-10-28,Social Media
16467,Customer_16467,Male,42,Surat,Gujarat,Corporate,2022-03-12,Paid Ads
16468,Customer_16468,Female,53,Nashik,Maharashtra,Consumer,2022-02-14,Direct
16469,Customer_16469,Male,29,Faridabad,Haryana,Home Office,2025-10-11,Direct
16470,Customer_16470,Male,20,Noida,Uttar Pradesh,Consumer,2023-08-18,Email
16471,Customer_16471,Female,46,Udaipur,Rajasthan,Consumer,2025-10-24,Paid Ads
16472,Customer_16472,Male,41,Noida,Uttar Pradesh,Corporate,2025-09-02,Referral
16473,Customer_16473,Female,36,Jaipur,Rajasthan,Consumer,2024-06-05,Referral
16474,Customer_16474,Female,30,Amritsar,Punjab,Consumer,2024-06-29,Referral
16475,Customer_16475,Male,33,Kolkata,West Bengal,Consumer,2024-11-03,Direct
16476,Customer_16476,Male,57,Faridabad,Haryana,Consumer,2023-08-05,Organic Search
16477,Customer_16477,Male,44,Warangal,Telangana,Consumer,2025-09-24,Social Media
16478,Customer_16478,Other,23,Mumbai,Maharashtra,Consumer,2023-05-09,Organic Search
16479,Customer_16479,Male,59,Warangal,Telangana,Corporate,2025-07-04,Referral
16480,Customer_16480,Female,27,Mumbai,Maharashtra,Consumer,2022-07-28,Referral
16481,Customer_16481,Female,55,Vadodara,Gujarat,Consumer,2022-08-08,Direct
16482,Customer_16482,Female,25,Warangal,Telangana,Corporate,2024-08-03,Social Media
16483,Customer_16483,Female,35,Ahmedabad,Gujarat,Consumer,2025-03-26,Paid Ads
16484,Customer_16484,Female,49,Nagpur,Maharashtra,Consumer,2023-09-01,Paid Ads
16485,Customer_16485,Male,34,Delhi,Delhi,Consumer,2024-03-04,Social Media
16486,Customer_16486,Male,59,Warangal,Telangana,Consumer,2023-08-21,Referral
16487,Customer_16487,Male,19,Gurugram,Haryana,Corporate,2023-12-30,Social Media
16488,Customer_16488,Female,37,Chennai,Tamil Nadu,Corporate,2025-06-26,Direct
16489,Customer_16489,Female,27,Coimbatore,Tamil Nadu,Consumer,2025-12-17,Organic Search
16490,Customer_16490,Female,26,Kolkata,West Bengal,Home Office,2022-11-18,Referral
16491,Customer_16491,Female,56,Surat,Gujarat,Consumer,2024-07-19,Social Media
16492,Customer_16492,Male,58,Bengaluru,Karnataka,Consumer,2024-08-30,Organic Search
16493,Customer_16493,Male,42,Coimbatore,Tamil Nadu,Consumer,2025-06-05,Organic Search
16494,Customer_16494,Male,42,New Delhi,Delhi,Consumer,2022-12-02,Referral
16495,Customer_16495,Male,41,Amritsar,Punjab,Consumer,2025-10-30,Paid Ads
16496,Customer_16496,Female,23,Nagpur,Maharashtra,Consumer,2023-07-10,Referral
16497,Customer_16497,Male,47,Bengaluru,Karnataka,Consumer,2025-09-14,Referral
16498,Customer_16498,Female,27,Nashik,Maharashtra,Home Office,2025-01-09,Referral
16499,Customer_16499,Female,56,New Delhi,Delhi,Corporate,2025-07-02,Organic Search
16500,Customer_16500,Male,48,Kanpur,Uttar Pradesh,Consumer,2023-04-12,Organic Search
16501,Customer_16501,Male,35,New Delhi,Delhi,Consumer,2025-01-02,Direct
16502,Customer_16502,Male,60,Nagpur,Maharashtra,Consumer,2022-06-09,Direct
16503,Customer_16503,Male,50,Hyderabad,Telangana,Home Office,2025-05-07,Paid Ads
16504,Customer_16504,Female,36,Nashik,Maharashtra,Home Office,2022-11-03,Paid Ads
16505,Customer_16505,,40,Pune,Maharashtra,Corporate,2022-05-26,Organic Search
16506,Customer_16506,Female,22,Lucknow,Uttar Pradesh,Consumer,2025-12-09,Social Media
16507,Customer_16507,Female,43,Noida,Uttar Pradesh,Consumer,2022-10-22,Social Media
16508,Customer_16508,Male,46,Gurugram,Haryana,Consumer,2022-08-21,Organic Search
16509,Customer_16509,Female,41,Indore,Madhya Pradesh,Consumer,2024-10-27,Organic Search
16510,Customer_16510,Female,23,Udaipur,Rajasthan,Consumer,2025-11-05,Organic Search
16511,Customer_16511,Female,56,Mumbai,Maharashtra,Corporate,2023-03-05,Direct
16512,Customer_16512,Male,21,Lucknow,Uttar Pradesh,Consumer,2025-04-19,Direct
16513,Customer_16513,Male,59,Indore,Madhya Pradesh,Consumer,2023-10-23,Organic Search
16514,Customer_16514,Male,43,Noida,Uttar Pradesh,Corporate,2023-07-01,Direct
16515,Customer_16515,Male,32,Warangal,Telangana,Consumer,2024-09-15,Social Media
16516,Customer_16516,Female,30,New Delhi,Delhi,Corporate,2022-12-27,Paid Ads
16517,Customer_16517,Female,57,Indore,Madhya Pradesh,Consumer,2025-08-20,Social Media
16518,Customer_16518,Female,39,Kolkata,West Bengal,Consumer,2023-09-15,Organic Search
16519,Customer_16519,Male,30,Ludhiana,Punjab,Consumer,2024-09-28,Direct
16520,Customer_16520,Male,56,Nagpur,Maharashtra,Home Office,2023-04-09,Organic Search
16521,Customer_16521,Female,34,New Delhi,Delhi,Consumer,2023-04-07,Organic Search
16522,Customer_16522,Male,53,Delhi,Delhi,Consumer,2023-11-06,Direct
16523,Customer_16523,Male,56,Noida,Uttar Pradesh,Consumer,2025-12-02,Referral
16524,Customer_16524,Female,42,Delhi,Delhi,Corporate,2022-03-15,Social Media
16525,Customer_16525,Male,51,Pune,Maharashtra,Consumer,2022-10-30,Email
16526,Customer_16526,Female,38,Ludhiana,Punjab,Home Office,2025-04-29,Paid Ads
16527,Customer_16527,Male,42,Mumbai,Maharashtra,Home Office,2023-09-18,Social Media
16528,Customer_16528,Female,42,Noida,Uttar Pradesh,Corporate,2025-09-27,Organic Search
16529,Customer_16529,Female,39,Mysuru,Karnataka,Home Office,2025-08-01,Paid Ads
16530,Customer_16530,Male,40,Lucknow,Uttar Pradesh,Consumer,2025-01-28,Email
16531,Customer_16531,Female,42,Ahmedabad,Gujarat,Consumer,2023-03-15,Referral
16532,Customer_16532,Male,31,Indore,Madhya Pradesh,Consumer,2024-06-07,Referral
16533,Customer_16533,Female,31,Gurugram,Haryana,Consumer,2025-05-09,Email
16534,Customer_16534,Male,43,Nashik,Maharashtra,Home Office,2022-08-19,Direct
16535,Customer_16535,Female,57,Pune,Maharashtra,Consumer,2023-07-21,Referral
16536,Customer_16536,Male,47,Delhi,Delhi,Corporate,2022-05-14,Organic Search
16537,Customer_16537,Female,43,Udaipur,Rajasthan,Corporate,2022-05-19,Organic Search
16538,Customer_16538,Female,55,Bhopal,Madhya Pradesh,Consumer,2023-05-07,Direct
16539,Customer_16539,Male,39,Chennai,Tamil Nadu,Consumer,2025-09-20,Email
16540,Customer_16540,Female,56,Surat,Gujarat,Consumer,2024-12-02,Referral
16541,Customer_16541,Male,56,New Delhi,Delhi,Consumer,2024-06-15,Social Media
16542,Customer_16542,Male,51,Kanpur,Uttar Pradesh,Consumer,2024-07-02,Social Media
16543,Customer_16543,Female,42,Ludhiana,Punjab,Consumer,2025-04-13,Organic Search
16544,Customer_16544,Female,53,Delhi,Delhi,Consumer,2023-07-08,Email
16545,Customer_16545,Male,30,Warangal,Telangana,Corporate,2024-06-09,Social Media
16546,Customer_16546,Male,46,Pune,Maharashtra,Consumer,2023-06-24,Referral
16547,Customer_16547,Female,59,Surat,Gujarat,Consumer,2023-09-30,Referral
16548,Customer_16548,Female,26,Warangal,Telangana,Corporate,2024-03-26,Email
16549,Customer_16549,Male,32,Nashik,Maharashtra,Consumer,2025-02-13,Organic Search
16550,Customer_16550,Male,48,Chennai,Tamil Nadu,Consumer,2024-01-15,Social Media
16551,Customer_16551,Female,44,Mysuru,Karnataka,Corporate,2025-12-28,Direct
16552,Customer_16552,Female,48,Hyderabad,Telangana,Home Office,2024-01-02,Paid Ads
16553,Customer_16553,Female,27,Ahmedabad,Gujarat,Home Office,2022-08-19,Social Media
16554,Customer_16554,Male,54,Nagpur,Maharashtra,Consumer,2024-09-26,Referral
16555,Customer_16555,Female,24,Kanpur,Uttar Pradesh,Consumer,2022-09-23,Referral
16556,Customer_16556,Female,49,Kolkata,West Bengal,Consumer,2024-06-27,Referral
16557,Customer_16557,Male,28,Mysuru,Karnataka,Home Office,2025-03-08,Referral
16558,Customer_16558,Female,45,Pune,Maharashtra,Consumer,2022-03-12,Paid Ads
16559,Customer_16559,Female,21,Lucknow,Uttar Pradesh,Consumer,2024-08-16,Email
16560,Customer_16560,Male,48,Gurugram,Haryana,Home Office,2024-09-02,Social Media
16561,Customer_16561,Female,46,New Delhi,Delhi,Home Office,2024-05-29,Direct
16562,Customer_16562,Female,50,Mysuru,Karnataka,Corporate,2024-08-16,Social Media
16563,Customer_16563,Female,21,New Delhi,Delhi,Consumer,2022-05-28,Paid Ads
16564,Customer_16564,Female,43,Ahmedabad,Gujarat,Consumer,2024-08-26,Organic Search
16565,Customer_16565,Male,48,Pune,Maharashtra,Corporate,2024-10-26,Paid Ads
16566,Customer_16566,Male,48,Bengaluru,Karnataka,Consumer,2023-11-23,Social Media
16567,Customer_16567,Female,44,Kolkata,West Bengal,Consumer,2024-03-05,Social Media
16568,Customer_16568,Male,42,Vadodara,Gujarat,Consumer,2022-12-11,Organic Search
16569,Customer_16569,Male,53,Chennai,Tamil Nadu,Home Office,2025-05-23,Organic Search
16570,Customer_16570,Male,48,Chennai,Tamil Nadu,Consumer,2025-04-02,Social Media
16571,Customer_16571,Male,60,Vadodara,Gujarat,Corporate,2025-02-03,Referral
16572,Customer_16572,Female,54,Nagpur,Maharashtra,Consumer,2023-05-01,Organic Search
16573,Customer_16573,Male,40,Nagpur,Maharashtra,Consumer,2023-04-07,Organic Search
16574,Customer_16574,Male,52,Indore,Madhya Pradesh,Home Office,2023-09-05,Organic Search
16575,Customer_16575,Female,21,Nagpur,Maharashtra,Consumer,2023-11-06,Organic Search
16576,Customer_16576,Female,45,Kolkata,West Bengal,Consumer,2025-10-31,Organic Search
16577,Customer_16577,Female,59,Gurugram,Haryana,Consumer,2023-03-27,Organic Search
16578,Customer_16578,Female,58,Delhi,Delhi,Consumer,2023-06-12,Direct
16579,Customer_16579,Female,59,Mysuru,Karnataka,Corporate,2025-07-19,Paid Ads
16580,Customer_16580,Female,30,Surat,Gujarat,Corporate,2023-11-07,Direct
16581,Customer_16581,Female,18,Indore,Madhya Pradesh,Consumer,2022-07-09,Email
16582,Customer_16582,Female,29,Faridabad,Haryana,Consumer,2025-06-14,Social Media
16583,Customer_16583,Male,60,Noida,Uttar Pradesh,Consumer,2023-06-14,Social Media
16584,Customer_16584,Female,57,Nashik,Maharashtra,Home Office,2024-12-11,Paid Ads
16585,Customer_16585,Male,43,Jaipur,Rajasthan,Consumer,2025-12-12,Direct
16586,Customer_16586,Male,40,Chennai,Tamil Nadu,Corporate,2025-03-21,Paid Ads
16587,Customer_16587,Male,39,Warangal,Telangana,Consumer,2023-01-26,Referral
16588,Customer_16588,Female,45,Nagpur,Maharashtra,Home Office,2023-09-20,Referral
16589,Customer_16589,Female,34,New Delhi,Delhi,Home Office,2022-08-28,Social Media
16590,Customer_16590,Other,23,Kanpur,Uttar Pradesh,Consumer,2024-07-07,Social Media
16591,Customer_16591,Female,31,Chennai,Tamil Nadu,Corporate,2024-10-16,Organic Search
16592,Customer_16592,Female,34,Mysuru,Karnataka,Consumer,2025-12-07,Organic Search
16593,Customer_16593,Male,55,Chennai,Tamil Nadu,Consumer,2024-09-17,Organic Search
16594,Customer_16594,Other,22,Bhopal,Madhya Pradesh,Consumer,2022-08-12,Social Media
16595,Customer_16595,Male,30,Lucknow,Uttar Pradesh,Consumer,2023-04-17,Organic Search
16596,Customer_16596,Female,26,New Delhi,Delhi,Consumer,2023-10-05,Social Media
16597,Customer_16597,Male,59,Mumbai,Maharashtra,Consumer,2025-02-07,Direct
16598,Customer_16598,Male,43,Delhi,Delhi,Consumer,2022-07-09,Paid Ads
16599,Customer_16599,Female,30,Faridabad,Haryana,Consumer,2023-08-11,Organic Search
16600,Customer_16600,Female,36,Surat,Gujarat,Consumer,2023-01-30,Email
16601,Customer_16601,Female,34,Warangal,Telangana,Consumer,2025-01-19,Social Media
16602,Customer_16602,Female,33,Surat,Gujarat,Corporate,2024-03-16,Email
16603,Customer_16603,Male,47,Mysuru,Karnataka,Consumer,2023-10-25,Paid Ads
16604,Customer_16604,Female,49,Noida,Uttar Pradesh,Home Office,2025-01-26,Referral
16605,Customer_16605,Female,31,Hyderabad,Telangana,Consumer,2022-08-22,Paid Ads
16606,Customer_16606,Male,32,Pune,Maharashtra,Consumer,2024-07-08,Direct
16607,Customer_16607,Male,29,Nashik,Maharashtra,Consumer,2022-11-24,Referral
16608,Customer_16608,Male,54,Ahmedabad,Gujarat,Consumer,2025-02-06,Organic Search
16609,Customer_16609,Female,28,Faridabad,Haryana,Consumer,2023-11-21,Referral
16610,Customer_16610,Male,22,Mysuru,Karnataka,Corporate,2022-08-23,Organic Search
16611,Customer_16611,Male,28,Indore,Madhya Pradesh,Consumer,2023-02-06,Social Media
16612,Customer_16612,Male,51,Lucknow,Uttar Pradesh,Consumer,2024-03-20,Organic Search
16613,Customer_16613,Female,36,Delhi,Delhi,Consumer,2022-11-12,Referral
16614,Customer_16614,Female,43,Nashik,Maharashtra,Consumer,2025-06-24,Social Media
16615,Customer_16615,Female,43,Pune,Maharashtra,Consumer,2025-01-19,Referral
16616,Customer_16616,Male,34,Kolkata,West Bengal,Consumer,2024-03-06,Email
16617,Customer_16617,Male,48,Delhi,Delhi,Consumer,2025-01-10,Social Media
16618,Customer_16618,Male,36,Mysuru,Karnataka,Consumer,2025-11-02,Direct
16619,Customer_16619,Female,37,Warangal,Telangana,Consumer,2025-03-27,Organic Search
16620,Customer_16620,Male,40,Kolkata,West Bengal,Home Office,2023-09-20,Email
16621,Customer_16621,Male,42,Nagpur,Maharashtra,Corporate,2023-12-06,Social Media
16622,Customer_16622,Female,45,Chennai,Tamil Nadu,Consumer,2024-12-10,Paid Ads
16623,Customer_16623,Male,54,Warangal,Telangana,Consumer,2024-04-16,Social Media
16624,Customer_16624,Female,29,Surat,Gujarat,Consumer,2025-05-29,Referral
16625,Customer_16625,Male,18,Noida,Uttar Pradesh,Consumer,2024-06-03,Referral
16626,Customer_16626,Female,19,New Delhi,Delhi,Consumer,2023-05-12,Organic Search
16627,Customer_16627,Male,27,Noida,Uttar Pradesh,Consumer,2022-12-25,Organic Search
16628,Customer_16628,Male,51,,West Bengal,Consumer,2025-10-29,Paid Ads
16629,Customer_16629,Male,49,Ahmedabad,Gujarat,Consumer,2022-12-15,Organic Search
16630,Customer_16630,Female,42,Kolkata,West Bengal,Consumer,2022-06-21,Paid Ads
16631,Customer_16631,Female,27,Chennai,Tamil Nadu,Consumer,2023-05-23,Social Media
16632,Customer_16632,Male,18,Nashik,Maharashtra,Home Office,2023-06-30,Social Media
16633,Customer_16633,Female,49,Jaipur,Rajasthan,Consumer,2022-04-06,Paid Ads
16634,Customer_16634,Female,54,Warangal,Telangana,Consumer,2024-04-12,Organic Search
16635,Customer_16635,Female,29,Jaipur,Rajasthan,Consumer,2024-08-07,Referral
16636,Customer_16636,Female,35,Mysuru,Karnataka,Consumer,2025-09-28,Referral
16637,Customer_16637,Male,47,Faridabad,Haryana,Consumer,2023-10-02,Social Media
16638,Customer_16638,Female,30,Vadodara,Gujarat,Consumer,2023-10-31,Referral
16639,Customer_16639,Male,20,Nagpur,Maharashtra,Consumer,2022-01-13,Social Media
16640,Customer_16640,Male,38,Chennai,Tamil Nadu,Corporate,2025-10-02,Organic Search
16641,Customer_16641,Male,59,Noida,Uttar Pradesh,Consumer,2025-02-27,Organic Search
16642,Customer_16642,Female,31,Kanpur,Uttar Pradesh,Consumer,2022-04-21,Referral
16643,Customer_16643,Female,57,Hyderabad,Telangana,Home Office,2024-12-05,Direct
16644,Customer_16644,Female,27,Bhopal,Madhya Pradesh,Consumer,2025-08-18,Email
16645,Customer_16645,Other,19,Delhi,Delhi,Corporate,2024-11-06,Organic Search
16646,Customer_16646,Female,54,Chennai,Tamil Nadu,Corporate,2025-06-16,Organic Search
16647,Customer_16647,Male,28,Indore,Madhya Pradesh,Consumer,2025-03-15,Referral
16648,Customer_16648,Male,18,Indore,Madhya Pradesh,Consumer,2024-02-24,Organic Search
16649,Customer_16649,Male,43,Kolkata,West Bengal,Corporate,2022-04-17,Referral
16650,Customer_16650,Male,59,Bhopal,Madhya Pradesh,Corporate,2022-04-25,Direct
16651,Customer_16651,Male,30,Pune,Maharashtra,Consumer,2022-10-11,Social Media
16652,Customer_16652,Male,45,Indore,Madhya Pradesh,Consumer,2024-07-15,Email
16653,Customer_16653,Female,53,Mysuru,Karnataka,Consumer,2023-06-11,Organic Search
16654,Customer_16654,Female,38,New Delhi,Delhi,Corporate,2025-07-09,Organic Search
16655,Customer_16655,Female,27,New Delhi,Delhi,Consumer,2024-06-01,Social Media
16656,Customer_16656,Female,29,Coimbatore,Tamil Nadu,Home Office,2024-06-08,Referral
16657,Customer_16657,Male,44,New Delhi,Delhi,Home Office,2023-06-18,Email
16658,Customer_16658,Female,20,Bengaluru,Karnataka,Corporate,2022-07-01,Organic Search
16659,Customer_16659,Male,45,Nashik,Maharashtra,Consumer,2024-07-13,Organic Search
16660,Customer_16660,Male,19,Bengaluru,Karnataka,Consumer,2023-10-26,Social Media
16661,Customer_16661,Female,45,Ahmedabad,Gujarat,Consumer,2024-02-01,Social Media
16662,Customer_16662,Male,48,Coimbatore,Tamil Nadu,Consumer,2024-07-04,Organic Search
16663,Customer_16663,Male,60,Bengaluru,Karnataka,Consumer,2022-06-15,Social Media
16664,Customer_16664,Male,38,Kanpur,Uttar Pradesh,Consumer,2023-10-17,Organic Search
16665,Customer_16665,Female,24,Bhopal,Madhya Pradesh,Corporate,2024-06-09,Referral
16666,Customer_16666,Other,48,Noida,Uttar Pradesh,Consumer,2025-04-07,Organic Search
16667,Customer_16667,Male,31,Bengaluru,Karnataka,Corporate,2024-02-17,Paid Ads
16668,Customer_16668,Female,56,Noida,Uttar Pradesh,Consumer,2025-02-17,Organic Search
16669,Customer_16669,Male,56,Nagpur,Maharashtra,Consumer,2024-04-23,Organic Search
16670,Customer_16670,Male,26,Nashik,Maharashtra,Consumer,2022-08-30,Social Media
16671,Customer_16671,Male,40,Bengaluru,Karnataka,Home Office,2025-05-16,Social Media
16672,Customer_16672,Female,29,Lucknow,Uttar Pradesh,Corporate,2023-07-06,Email
16673,Customer_16673,Male,46,Delhi,Delhi,Consumer,2025-10-10,Paid Ads
16674,Customer_16674,Female,55,Mumbai,Maharashtra,Consumer,2022-07-18,Organic Search
16675,Customer_16675,Male,56,Nagpur,Maharashtra,Home Office,2025-01-20,Paid Ads
16676,Customer_16676,Male,39,Bhopal,Madhya Pradesh,Consumer,2025-12-03,Organic Search
16677,Customer_16677,Female,21,Jaipur,Rajasthan,Consumer,2024-03-15,Social Media
16678,Customer_16678,Male,24,New Delhi,Delhi,Consumer,2025-12-30,Social Media
16679,Customer_16679,Male,57,Ahmedabad,Gujarat,Consumer,2024-04-14,Referral
16680,Customer_16680,Male,25,Warangal,Telangana,Consumer,2024-04-20,Social Media
16681,Customer_16681,Female,52,Udaipur,Rajasthan,Consumer,2022-02-08,Referral
16682,Customer_16682,Female,26,Delhi,Delhi,Consumer,2025-12-12,Paid Ads
16683,Customer_16683,Male,30,Bhopal,Madhya Pradesh,Consumer,2024-01-24,Direct
16684,Customer_16684,Male,56,Mysuru,Karnataka,Consumer,2023-10-21,Direct
16685,Customer_16685,Male,37,Kolkata,West Bengal,Consumer,2023-01-31,Referral
16686,Customer_16686,Male,38,Pune,Maharashtra,Consumer,2023-02-20,Paid Ads
16687,Customer_16687,Female,36,Mysuru,Karnataka,Consumer,2023-08-25,Social Media
16688,Customer_16688,Female,19,Mysuru,Karnataka,Consumer,2024-01-25,Direct
16689,Customer_16689,Female,57,Ahmedabad,Gujarat,Consumer,2023-12-22,Organic Search
16690,Customer_16690,Male,47,Mumbai,Maharashtra,Consumer,2023-07-04,Organic Search
16691,Customer_16691,Female,40,Lucknow,Uttar Pradesh,Consumer,2025-09-08,Organic Search
16692,Customer_16692,Female,57,New Delhi,Delhi,Consumer,2023-05-05,Organic Search
16693,Customer_16693,Female,30,,Rajasthan,Consumer,2025-02-18,Organic Search
16694,Customer_16694,Female,50,Kanpur,Uttar Pradesh,Consumer,2024-10-28,Referral
16695,Customer_16695,Female,49,Vadodara,Gujarat,Consumer,2025-08-03,Email
16696,Customer_16696,Female,45,Lucknow,Uttar Pradesh,Consumer,2023-06-04,Organic Search
16697,Customer_16697,Male,41,Jaipur,Rajasthan,Consumer,2022-06-25,Email
16698,Customer_16698,Female,59,Bengaluru,Karnataka,Corporate,2024-11-02,Social Media
16699,Customer_16699,Male,45,Noida,Uttar Pradesh,Corporate,2023-10-07,Referral
16700,Customer_16700,Female,47,Mysuru,Karnataka,Corporate,2025-06-26,Paid Ads
16701,Customer_16701,Female,58,Ahmedabad,Gujarat,Consumer,2024-12-10,Referral
16702,Customer_16702,Female,46,Kanpur,Uttar Pradesh,Consumer,2024-08-02,Organic Search
16703,Customer_16703,Male,51,Chennai,Tamil Nadu,Corporate,2024-09-28,Social Media
16704,Customer_16704,Male,39,Bengaluru,Karnataka,Consumer,2023-06-17,Organic Search
16705,Customer_16705,Male,42,Coimbatore,Tamil Nadu,Consumer,2025-10-20,Organic Search
16706,Customer_16706,Female,31,Lucknow,Uttar Pradesh,Consumer,2023-01-26,Organic Search
16707,Customer_16707,Female,27,Faridabad,Haryana,Home Office,2023-09-19,Organic Search
16708,Customer_16708,Female,27,Vadodara,Gujarat,Consumer,2025-02-07,Paid Ads
16709,Customer_16709,Male,25,Udaipur,Rajasthan,Consumer,2025-08-09,Social Media
16710,Customer_16710,Female,31,Bhopal,Madhya Pradesh,Corporate,2023-05-02,Social Media
16711,Customer_16711,Other,55,Pune,Maharashtra,Consumer,2024-12-22,Referral
16712,Customer_16712,Male,49,New Delhi,Delhi,Home Office,2024-07-06,Organic Search
16713,Customer_16713,Female,49,Kolkata,West Bengal,Consumer,2025-06-06,Social Media
16714,Customer_16714,Female,20,Kanpur,Uttar Pradesh,Consumer,2025-07-30,Social Media
16715,Customer_16715,Female,37,Bhopal,Madhya Pradesh,Consumer,2022-09-09,Organic Search
16716,Customer_16716,Female,30,Chennai,Tamil Nadu,Corporate,2022-09-09,Social Media
16717,Customer_16717,Male,40,Mumbai,Maharashtra,Home Office,2025-10-14,Social Media
16718,Customer_16718,Female,36,Coimbatore,Tamil Nadu,Corporate,2022-08-06,Referral
16719,Customer_16719,Female,33,New Delhi,Delhi,Corporate,2024-05-16,Organic Search
16720,Customer_16720,Female,53,Mysuru,Karnataka,Consumer,2025-09-22,Paid Ads
16721,Customer_16721,Female,52,Lucknow,Uttar Pradesh,Home Office,2024-05-22,Email
16722,Customer_16722,Female,24,Mumbai,Maharashtra,Consumer,2024-01-06,Organic Search
16723,Customer_16723,Male,54,Noida,Uttar Pradesh,Home Office,2025-07-13,Organic Search
16724,Customer_16724,Female,25,Coimbatore,Tamil Nadu,Corporate,2023-12-11,Social Media
16725,Customer_16725,Male,42,Ahmedabad,Gujarat,Consumer,2025-05-10,Organic Search
16726,Customer_16726,Male,40,Nagpur,Maharashtra,Consumer,2022-02-10,Referral
16727,Customer_16727,Male,27,Bengaluru,Karnataka,Consumer,2023-08-29,Organic Search
16728,Customer_16728,Female,47,Pune,Maharashtra,Corporate,2024-11-12,Direct
16729,Customer_16729,Other,50,Ludhiana,Punjab,Consumer,2025-06-03,Organic Search
16730,Customer_16730,Male,28,Lucknow,Uttar Pradesh,Consumer,2025-01-17,Paid Ads
16731,Customer_16731,Male,52,Chennai,Tamil Nadu,Home Office,2023-08-07,Paid Ads
16732,Customer_16732,Female,44,Delhi,Delhi,Home Office,2025-11-03,Social Media
16733,Customer_16733,Female,20,Faridabad,Haryana,Home Office,2025-11-30,Referral
16734,Customer_16734,Female,25,Bengaluru,Karnataka,Corporate,2022-10-30,Organic Search
16735,Customer_16735,Male,30,Nagpur,Maharashtra,Corporate,2025-09-22,Organic Search
16736,Customer_16736,Male,59,Surat,Gujarat,Consumer,2024-10-08,Direct
16737,Customer_16737,Male,20,Faridabad,Haryana,Consumer,2025-12-08,Organic Search
16738,Customer_16738,Male,37,Nashik,Maharashtra,Home Office,2023-08-29,Referral
16739,Customer_16739,Male,52,Delhi,Delhi,Home Office,2024-12-29,Email
16740,Customer_16740,Male,30,Gurugram,Haryana,Corporate,2024-07-07,Organic Search
16741,Customer_16741,Male,37,Delhi,Delhi,Home Office,2023-02-09,Social Media
16742,Customer_16742,Male,41,Nagpur,Maharashtra,Consumer,2025-03-03,Social Media
16743,Customer_16743,Female,26,Surat,Gujarat,Consumer,2025-02-25,Organic Search
16744,Customer_16744,Male,47,Indore,Madhya Pradesh,Home Office,2022-09-22,Organic Search
16745,Customer_16745,Male,42,Hyderabad,Telangana,Consumer,2024-11-14,Social Media
16746,Customer_16746,Female,33,Amritsar,Punjab,Consumer,2025-04-19,Organic Search
16747,Customer_16747,Female,25,Jaipur,Rajasthan,Consumer,2023-09-05,Organic Search
16748,Customer_16748,Female,45,Nagpur,Maharashtra,Consumer,2025-04-25,Referral
16749,Customer_16749,Female,29,Ludhiana,Punjab,Corporate,2025-05-05,Organic Search
16750,Customer_16750,Female,41,Coimbatore,Tamil Nadu,Consumer,2025-04-30,Organic Search
16751,Customer_16751,Female,46,Mysuru,Karnataka,Consumer,2024-05-12,Email
16752,Customer_16752,Female,32,Vadodara,Gujarat,Consumer,2024-07-19,Social Media
16753,Customer_16753,Female,35,Bengaluru,Karnataka,Consumer,2022-02-14,Email
16754,Customer_16754,Male,24,Nagpur,Maharashtra,Home Office,2022-12-08,Organic Search
16755,Customer_16755,Male,30,Mumbai,Maharashtra,Consumer,2022-11-05,Referral
16756,Customer_16756,Female,36,Coimbatore,Tamil Nadu,Consumer,2025-03-08,Email
16757,Customer_16757,Female,60,Kanpur,Uttar Pradesh,Consumer,2025-09-18,Paid Ads
16758,Customer_16758,Female,22,Vadodara,Gujarat,Home Office,2022-08-09,Email
16759,Customer_16759,Male,43,Ludhiana,Punjab,Consumer,2025-06-05,Organic Search
16760,Customer_16760,Male,19,Mysuru,Karnataka,Home Office,2022-01-18,Organic Search
16761,Customer_16761,Female,50,Bengaluru,Karnataka,Consumer,2022-02-04,Organic Search
16762,Customer_16762,Male,54,Pune,Maharashtra,Consumer,2024-05-21,Referral
16763,Customer_16763,Female,42,Nashik,Maharashtra,Corporate,2023-02-21,Direct
16764,Customer_16764,Female,42,Bengaluru,Karnataka,Consumer,2025-11-09,Social Media
16765,Customer_16765,Female,56,Kanpur,Uttar Pradesh,Consumer,2024-03-27,Direct
16766,Customer_16766,Female,47,Gurugram,Haryana,Consumer,2022-04-21,Email
16767,Customer_16767,Female,58,Ludhiana,Punjab,Consumer,2023-09-27,Email
16768,Customer_16768,Female,21,Delhi,Delhi,Consumer,2024-08-05,Social Media
16769,Customer_16769,Female,36,Bhopal,Madhya Pradesh,Consumer,2025-04-30,Social Media
16770,Customer_16770,Female,44,Mysuru,Karnataka,Consumer,2023-09-16,Organic Search
16771,Customer_16771,Other,56,Nashik,Maharashtra,Consumer,2023-11-03,Social Media
16772,Customer_16772,Female,41,Bhopal,Madhya Pradesh,Corporate,2023-04-27,Email
16773,Customer_16773,Female,54,Udaipur,Rajasthan,Consumer,2022-02-20,Social Media
16774,Customer_16774,Male,42,Nashik,Maharashtra,Consumer,2023-06-25,Organic Search
16775,Customer_16775,Male,46,Coimbatore,Tamil Nadu,Consumer,2022-12-05,Paid Ads
16776,Customer_16776,Male,48,Mysuru,Karnataka,Consumer,2024-11-25,Organic Search
16777,Customer_16777,Male,52,Kolkata,West Bengal,Consumer,2022-01-12,Organic Search
16778,Customer_16778,Female,45,Coimbatore,Tamil Nadu,Home Office,2022-03-17,Organic Search
16779,Customer_16779,Male,55,Ludhiana,Punjab,Corporate,2022-10-06,Organic Search
16780,Customer_16780,Female,21,Nagpur,Maharashtra,Consumer,2023-10-11,Paid Ads
16781,Customer_16781,Male,45,Bengaluru,Karnataka,Consumer,2023-04-19,Direct
16782,Customer_16782,Male,48,Warangal,Telangana,Consumer,2025-02-17,Organic Search
16783,Customer_16783,Male,40,Hyderabad,Telangana,Home Office,2025-11-04,Social Media
16784,Customer_16784,Female,31,Mysuru,Karnataka,Consumer,2023-08-04,Referral
16785,Customer_16785,Male,45,Kolkata,West Bengal,Consumer,2024-12-26,Social Media
16786,Customer_16786,Male,31,Bhopal,Madhya Pradesh,Consumer,2025-04-24,Social Media
16787,Customer_16787,Female,18,Gurugram,Haryana,Consumer,2024-05-05,Organic Search
16788,Customer_16788,Male,60,Lucknow,Uttar Pradesh,Consumer,2025-04-08,Referral
16789,Customer_16789,Male,49,Bhopal,Madhya Pradesh,Corporate,2025-02-05,Referral
16790,Customer_16790,Female,58,Surat,Gujarat,Consumer,2025-04-25,Direct
16791,Customer_16791,Male,35,Kanpur,Uttar Pradesh,Consumer,2024-10-11,Social Media
16792,Customer_16792,Male,22,Bengaluru,Karnataka,Consumer,2024-12-03,Email
16793,Customer_16793,Male,59,Chennai,Tamil Nadu,Consumer,2025-10-14,Direct
16794,Customer_16794,Male,32,Bengaluru,Karnataka,Consumer,2023-09-11,Social Media
16795,Customer_16795,Female,59,Hyderabad,Telangana,Corporate,2025-07-12,Organic Search
16796,Customer_16796,Male,33,Bengaluru,Karnataka,Consumer,2022-12-18,Direct
16797,Customer_16797,Female,53,Amritsar,Punjab,Consumer,2025-05-09,Referral
16798,Customer_16798,Female,53,Mysuru,Karnataka,Corporate,2025-07-30,Organic Search
16799,Customer_16799,Male,57,Pune,Maharashtra,Consumer,2022-05-30,Organic Search
16800,Customer_16800,Other,47,Warangal,Telangana,Consumer,2024-01-20,Organic Search
16801,Customer_16801,Male,55,Nagpur,Maharashtra,Consumer,2022-08-22,Social Media
16802,Customer_16802,Male,40,Pune,Maharashtra,Corporate,2023-09-22,Referral
16803,Customer_16803,Male,28,Delhi,Delhi,Consumer,2023-08-23,Social Media
16804,Customer_16804,Male,42,Hyderabad,Telangana,Consumer,2022-06-22,Organic Search
16805,Customer_16805,Female,60,Coimbatore,Tamil Nadu,Consumer,2024-12-05,Organic Search
16806,Customer_16806,Male,19,Lucknow,Uttar Pradesh,Consumer,2022-08-26,Email
16807,Customer_16807,Female,52,Lucknow,Uttar Pradesh,Corporate,2024-05-12,Referral
16808,Customer_16808,Female,41,Chennai,Tamil Nadu,Consumer,2022-02-14,Direct
16809,Customer_16809,Male,30,Mysuru,Karnataka,Home Office,2024-08-02,Organic Search
16810,Customer_16810,Female,59,Bengaluru,Karnataka,Consumer,2024-11-26,Direct
16811,Customer_16811,Female,54,Noida,Uttar Pradesh,Consumer,2022-08-18,Referral
16812,Customer_16812,Male,47,Nashik,Maharashtra,Corporate,2022-10-07,Organic Search
16813,Customer_16813,Male,28,Nashik,Maharashtra,Consumer,2025-12-18,Organic Search
16814,Customer_16814,Male,40,Lucknow,Uttar Pradesh,Consumer,2023-04-24,Organic Search
16815,Customer_16815,Male,45,Hyderabad,Telangana,Consumer,2022-12-23,Organic Search
16816,Customer_16816,Female,46,Nagpur,Maharashtra,Consumer,2025-01-30,Organic Search
16817,Customer_16817,Male,32,Delhi,Delhi,Consumer,2023-06-18,Referral
16818,Customer_16818,Female,20,Faridabad,Haryana,Home Office,2024-10-03,Organic Search
16819,Customer_16819,Female,26,Indore,Madhya Pradesh,Corporate,2023-02-10,Social Media
16820,Customer_16820,Female,25,Kolkata,West Bengal,Home Office,2024-10-27,Referral
16821,Customer_16821,Male,50,Warangal,Telangana,Home Office,2022-04-28,Paid Ads
16822,Customer_16822,Male,51,Hyderabad,Telangana,Consumer,2025-05-28,Email
16823,Customer_16823,Male,26,Ludhiana,Punjab,Consumer,2023-05-30,Organic Search
16824,Customer_16824,Male,34,Amritsar,Punjab,Consumer,2024-04-22,Referral
16825,Customer_16825,Female,58,Delhi,Delhi,Home Office,2022-03-09,Organic Search
16826,Customer_16826,Male,18,Kanpur,Uttar Pradesh,Consumer,2024-05-27,Organic Search
16827,Customer_16827,Male,57,Delhi,Delhi,Consumer,2024-01-18,Referral
16828,Customer_16828,Male,22,New Delhi,Delhi,Consumer,2025-08-12,Direct
16829,Customer_16829,Female,47,Jaipur,Rajasthan,Consumer,2023-01-03,Referral
16830,Customer_16830,Female,28,Coimbatore,Tamil Nadu,Consumer,2024-09-16,Email
16831,Customer_16831,Male,45,Gurugram,Haryana,Consumer,2024-10-24,Paid Ads
16832,Customer_16832,Male,55,Nashik,Maharashtra,Home Office,2025-05-05,Paid Ads
16833,Customer_16833,Male,34,Hyderabad,Telangana,Consumer,2025-01-27,Organic Search
16834,Customer_16834,Female,40,Faridabad,Haryana,Home Office,2022-06-29,Social Media
16835,Customer_16835,Other,35,Bhopal,Madhya Pradesh,Consumer,2025-05-22,Email
16836,Customer_16836,Female,54,Nagpur,Maharashtra,Home Office,2025-03-12,Paid Ads
16837,Customer_16837,Female,44,Mysuru,Karnataka,Consumer,2024-09-26,Organic Search
16838,Customer_16838,Male,42,Surat,Gujarat,Corporate,2022-01-05,Paid Ads
16839,Customer_16839,Male,22,Mumbai,Maharashtra,Consumer,2023-06-30,Organic Search
16840,Customer_16840,Female,36,Amritsar,Punjab,Consumer,2022-02-12,Direct
16841,Customer_16841,Male,44,Gurugram,Haryana,Home Office,2022-05-12,Direct
16842,Customer_16842,Other,30,Pune,Maharashtra,Consumer,2022-10-29,Email
16843,Customer_16843,Male,24,Mumbai,Maharashtra,Consumer,2022-10-02,Organic Search
16844,Customer_16844,Male,43,Mumbai,Maharashtra,Consumer,2025-02-22,Organic Search
16845,Customer_16845,Female,31,Gurugram,Haryana,Consumer,2025-07-14,Email
16846,Customer_16846,Male,44,New Delhi,Delhi,Consumer,2022-03-18,Social Media
16847,Customer_16847,Male,25,Coimbatore,Tamil Nadu,Consumer,2022-11-23,Email
16848,Customer_16848,Male,48,Chennai,Tamil Nadu,Consumer,2025-05-20,Email
16849,Customer_16849,Female,52,Vadodara,Gujarat,Consumer,2023-10-31,Email
16850,Customer_16850,Male,44,Pune,Maharashtra,Home Office,2024-06-07,Organic Search
16851,Customer_16851,Male,21,New Delhi,Delhi,Consumer,2023-10-22,Paid Ads
16852,Customer_16852,Female,59,Faridabad,Haryana,Consumer,2024-07-28,Direct
16853,Customer_16853,Male,21,Faridabad,Haryana,Consumer,2025-03-25,Social Media
16854,Customer_16854,Female,35,Lucknow,Uttar Pradesh,Consumer,2024-11-14,Paid Ads
16855,Customer_16855,Male,40,Nagpur,Maharashtra,Consumer,2022-01-02,Social Media
16856,Customer_16856,Female,49,Bengaluru,Karnataka,Consumer,2022-12-01,Organic Search
16857,Customer_16857,Male,29,Surat,Gujarat,Home Office,2024-12-19,Email
16858,Customer_16858,Female,37,Mysuru,Karnataka,Corporate,2024-10-07,Organic Search
16859,Customer_16859,Female,29,Faridabad,Haryana,Consumer,2025-04-13,Organic Search
16860,Customer_16860,Female,25,Udaipur,Rajasthan,Consumer,2023-11-19,Organic Search
16861,Customer_16861,Male,39,Mumbai,Maharashtra,Consumer,2022-09-08,Social Media
16862,Customer_16862,Male,44,Gurugram,Haryana,Home Office,2025-02-02,Paid Ads
16863,Customer_16863,Female,58,Gurugram,Haryana,Home Office,2023-05-19,Organic Search
16864,Customer_16864,Male,58,Nagpur,Maharashtra,Consumer,2025-04-18,Direct
16865,Customer_16865,Male,34,Warangal,Telangana,Consumer,2023-07-01,Referral
16866,Customer_16866,Female,49,Mysuru,Karnataka,Consumer,2022-04-08,Paid Ads
16867,Customer_16867,Male,50,Chennai,Tamil Nadu,Consumer,2025-07-13,Organic Search
16868,Customer_16868,Other,48,Delhi,Delhi,Consumer,2023-05-13,Email
16869,Customer_16869,Male,23,Vadodara,Gujarat,Consumer,2025-01-27,Organic Search
16870,Customer_16870,Female,56,Amritsar,Punjab,Consumer,2024-01-08,Organic Search
16871,Customer_16871,Female,26,Warangal,Telangana,Consumer,2022-11-22,Paid Ads
16872,Customer_16872,Male,59,Nashik,Maharashtra,Consumer,2022-01-24,Organic Search
16873,Customer_16873,Female,49,Surat,Gujarat,Corporate,2025-03-05,Referral
16874,Customer_16874,Male,53,Mysuru,Karnataka,Consumer,2022-05-23,Paid Ads
16875,Customer_16875,Female,33,Bhopal,Madhya Pradesh,Consumer,2024-12-01,Referral
16876,Customer_16876,Female,29,Chennai,Tamil Nadu,Corporate,2024-05-16,Organic Search
16877,Customer_16877,Male,58,Delhi,Delhi,Consumer,2025-09-20,Referral
16878,Customer_16878,Female,20,New Delhi,Delhi,Consumer,2024-02-20,Referral
16879,Customer_16879,Male,44,Kanpur,Uttar Pradesh,Consumer,2025-01-29,Social Media
16880,Customer_16880,Female,44,New Delhi,Delhi,Consumer,2023-09-19,Social Media
16881,Customer_16881,Male,26,Kanpur,Uttar Pradesh,Consumer,2024-10-26,Organic Search
16882,Customer_16882,Female,34,New Delhi,Delhi,Corporate,2023-05-10,Organic Search
16883,Customer_16883,Female,22,Bengaluru,Karnataka,Consumer,2025-07-31,Organic Search
16884,Customer_16884,Male,43,Warangal,Telangana,Consumer,2025-05-27,Paid Ads
16885,Customer_16885,Female,38,Faridabad,Haryana,Corporate,2025-03-31,Referral
16886,Customer_16886,Male,18,Faridabad,Haryana,Corporate,2025-01-06,Organic Search
16887,Customer_16887,Male,18,New Delhi,Delhi,Consumer,2023-06-22,Organic Search
16888,Customer_16888,Male,52,Bengaluru,Karnataka,Consumer,2025-04-02,Organic Search
16889,Customer_16889,Male,26,Mumbai,Maharashtra,Consumer,2024-03-05,Organic Search
16890,Customer_16890,Male,40,Warangal,Telangana,Consumer,2023-04-02,Organic Search
16891,Customer_16891,Male,55,Coimbatore,Tamil Nadu,Home Office,2024-03-02,Paid Ads
16892,Customer_16892,Male,58,Bhopal,Madhya Pradesh,Consumer,2025-03-13,Social Media
16893,Customer_16893,Male,21,Gurugram,Haryana,Consumer,2025-12-30,Organic Search
16894,Customer_16894,Male,36,Chennai,Tamil Nadu,Home Office,2022-04-15,Social Media
16895,Customer_16895,Female,54,Hyderabad,Telangana,Consumer,2025-07-14,Social Media
16896,Customer_16896,Female,22,Bhopal,Madhya Pradesh,Consumer,2022-08-30,Paid Ads
16897,Customer_16897,Male,45,Lucknow,Uttar Pradesh,Corporate,2023-09-11,Organic Search
16898,Customer_16898,,59,Nagpur,Maharashtra,Corporate,2025-05-24,Referral
16899,Customer_16899,Female,40,Bengaluru,Karnataka,Consumer,2025-07-05,Social Media
16900,Customer_16900,,55,Chennai,Tamil Nadu,Home Office,2024-07-02,Social Media
16901,Customer_16901,Male,40,Delhi,Delhi,Consumer,2022-04-07,Paid Ads
16902,Customer_16902,Male,35,Delhi,Delhi,Corporate,2025-12-03,Referral
16903,Customer_16903,Female,46,Nagpur,Maharashtra,Home Office,2022-05-11,Social Media
16904,Customer_16904,Female,45,Jaipur,Rajasthan,Consumer,2022-01-19,Social Media
16905,Customer_16905,Male,26,Delhi,Delhi,Consumer,2023-10-24,Paid Ads
16906,Customer_16906,Male,56,Nashik,Maharashtra,Consumer,2025-02-27,Referral
16907,Customer_16907,Female,27,New Delhi,Delhi,Corporate,2023-08-30,Organic Search
16908,Customer_16908,Female,19,Noida,Uttar Pradesh,Corporate,2023-02-26,Paid Ads
16909,Customer_16909,Female,30,Bhopal,Madhya Pradesh,Consumer,2024-01-22,Social Media
16910,Customer_16910,Male,55,Hyderabad,Telangana,Corporate,2022-07-08,Direct
16911,Customer_16911,Male,44,Coimbatore,Tamil Nadu,Corporate,2023-01-27,Social Media
16912,Customer_16912,Male,58,Amritsar,Punjab,Corporate,2024-09-12,Direct
16913,Customer_16913,Male,37,Delhi,Delhi,Corporate,2023-09-02,Email
16914,Customer_16914,Male,57,Delhi,Delhi,Consumer,2022-02-25,Direct
16915,Customer_16915,Female,27,Bengaluru,Karnataka,Consumer,2025-02-02,Organic Search
16916,Customer_16916,Male,33,Delhi,Delhi,Corporate,2023-08-03,Social Media
16917,Customer_16917,Female,32,Coimbatore,Tamil Nadu,Home Office,2025-03-15,Referral
16918,Customer_16918,Male,30,Gurugram,Haryana,Consumer,2023-12-29,Organic Search
16919,Customer_16919,Male,55,Ahmedabad,Gujarat,Consumer,2023-12-21,Paid Ads
16920,Customer_16920,Male,37,Chennai,Tamil Nadu,Corporate,2023-04-09,Organic Search
16921,Customer_16921,Male,41,,Haryana,Corporate,2024-07-12,Organic Search
16922,Customer_16922,Female,58,Pune,Maharashtra,Consumer,2024-09-12,Organic Search
16923,Customer_16923,Male,24,Delhi,Delhi,Consumer,2024-07-28,Social Media
16924,Customer_16924,Male,40,Surat,Gujarat,Corporate,2024-02-12,Organic Search
16925,Customer_16925,Male,41,Ahmedabad,Gujarat,Corporate,2024-11-25,Social Media
16926,Customer_16926,Male,46,Pune,Maharashtra,Corporate,2022-06-01,Social Media
16927,Customer_16927,Female,22,Chennai,Tamil Nadu,Corporate,2023-04-28,Email
16928,Customer_16928,Male,60,Udaipur,Rajasthan,Consumer,2024-07-04,Organic Search
16929,Customer_16929,Female,52,Kolkata,West Bengal,Home Office,2022-06-24,Email
16930,Customer_16930,Female,18,Jaipur,Rajasthan,Corporate,2023-05-27,Paid Ads
16931,Customer_16931,Male,53,Mysuru,Karnataka,Consumer,2024-04-02,Referral
16932,Customer_16932,Male,35,Pune,Maharashtra,Home Office,2024-09-15,Direct
16933,Customer_16933,Female,23,Coimbatore,Tamil Nadu,Home Office,2024-06-21,Organic Search
16934,Customer_16934,Female,40,Nashik,Maharashtra,Corporate,2023-01-14,Social Media
16935,Customer_16935,Male,27,Faridabad,Haryana,Consumer,2024-02-26,Paid Ads
16936,Customer_16936,Male,24,Hyderabad,Telangana,Consumer,2024-06-22,Referral
16937,Customer_16937,Male,25,Mysuru,Karnataka,Consumer,2022-06-21,Social Media
16938,Customer_16938,Male,30,Kanpur,Uttar Pradesh,Consumer,2024-08-01,Organic Search
16939,Customer_16939,Male,47,Warangal,Telangana,Consumer,2024-09-26,Paid Ads
16940,Customer_16940,Male,35,Bengaluru,Karnataka,Consumer,2025-01-31,Email
16941,Customer_16941,Male,31,Kanpur,Uttar Pradesh,Consumer,2024-07-18,Paid Ads
16942,Customer_16942,Male,28,Bhopal,Madhya Pradesh,Home Office,2023-06-13,Organic Search
16943,Customer_16943,Male,59,Udaipur,Rajasthan,Consumer,2022-04-29,Paid Ads
16944,Customer_16944,Female,55,Nagpur,Maharashtra,Consumer,2022-04-24,Paid Ads
16945,Customer_16945,Female,30,Ahmedabad,Gujarat,Consumer,2024-09-28,Paid Ads
16946,Customer_16946,Female,59,Noida,Uttar Pradesh,Consumer,2022-09-01,Referral
16947,Customer_16947,Male,50,Mumbai,Maharashtra,Home Office,2024-10-31,Paid Ads
16948,Customer_16948,Female,30,Delhi,Delhi,Consumer,2024-11-10,Referral
16949,Customer_16949,Male,42,Indore,Madhya Pradesh,Consumer,2024-03-07,Social Media
16950,Customer_16950,Female,41,Nagpur,Maharashtra,Consumer,2023-05-08,Referral
16951,Customer_16951,Male,46,Noida,Uttar Pradesh,Consumer,2023-04-05,Organic Search
16952,Customer_16952,Male,53,Warangal,Telangana,Consumer,2024-09-08,Referral
16953,Customer_16953,Female,23,Chennai,Tamil Nadu,Consumer,2025-05-24,Paid Ads
16954,Customer_16954,Female,35,Nagpur,Maharashtra,Consumer,2022-03-18,Social Media
16955,Customer_16955,Female,45,Kanpur,Uttar Pradesh,Consumer,2022-10-18,Referral
16956,Customer_16956,Male,22,Bengaluru,Karnataka,Corporate,2024-05-04,Paid Ads
16957,Customer_16957,Male,35,Ahmedabad,Gujarat,Consumer,2025-08-15,Organic Search
16958,Customer_16958,Male,54,Jaipur,Rajasthan,Consumer,2025-09-18,Paid Ads
16959,Customer_16959,Female,24,Kolkata,West Bengal,Consumer,2025-04-10,Social Media
16960,Customer_16960,Female,26,Faridabad,Haryana,Consumer,2025-10-22,Paid Ads
16961,Customer_16961,Female,52,Warangal,Telangana,Consumer,2022-12-17,Organic Search
16962,Customer_16962,Male,29,Coimbatore,Tamil Nadu,Consumer,2022-08-29,Paid Ads
16963,Customer_16963,Female,57,Gurugram,Haryana,Consumer,2025-07-07,Paid Ads
16964,Customer_16964,Male,56,Jaipur,Rajasthan,Consumer,2024-09-10,Social Media
16965,Customer_16965,Male,41,Bengaluru,Karnataka,Consumer,2023-08-25,Paid Ads
16966,Customer_16966,Male,26,Mumbai,Maharashtra,Consumer,2022-07-17,Organic Search
16967,Customer_16967,Male,29,Bhopal,Madhya Pradesh,Home Office,2022-04-17,Email
16968,Customer_16968,Male,53,Bengaluru,Karnataka,Consumer,2022-09-23,Organic Search
16969,Customer_16969,Male,54,Jaipur,Rajasthan,Consumer,2022-11-06,Direct
16970,Customer_16970,Male,26,Warangal,Telangana,Home Office,2022-10-03,Referral
16971,Customer_16971,Male,56,Delhi,Delhi,Consumer,2025-07-22,Paid Ads
16972,Customer_16972,Male,39,Vadodara,Gujarat,Consumer,2024-05-27,Referral
16973,Customer_16973,Male,34,Mumbai,Maharashtra,Consumer,2025-12-22,Referral
16974,Customer_16974,Male,50,Chennai,Tamil Nadu,Consumer,2025-01-22,Social Media
16975,Customer_16975,Female,41,Ahmedabad,Gujarat,Consumer,2025-12-21,Organic Search
16976,Customer_16976,Female,32,Chennai,Tamil Nadu,Home Office,2022-10-17,Organic Search
16977,Customer_16977,Male,46,Lucknow,Uttar Pradesh,Consumer,2025-01-24,Direct
16978,Customer_16978,Other,49,Noida,Uttar Pradesh,Consumer,2022-10-31,Social Media
16979,Customer_16979,Female,50,Kanpur,Uttar Pradesh,Consumer,2025-11-27,Organic Search
16980,Customer_16980,Male,46,Pune,Maharashtra,Consumer,2024-07-17,Paid Ads
16981,Customer_16981,Male,32,Delhi,Delhi,Consumer,2022-01-10,Paid Ads
16982,Customer_16982,Female,44,Warangal,Telangana,Consumer,2024-01-17,Social Media
16983,Customer_16983,Female,51,Gurugram,Haryana,Consumer,2022-12-02,Social Media
16984,Customer_16984,Female,21,Lucknow,Uttar Pradesh,Consumer,2025-09-18,Social Media
16985,Customer_16985,Female,35,Bhopal,Madhya Pradesh,Home Office,2024-07-22,Organic Search
16986,Customer_16986,Male,38,Bengaluru,Karnataka,Consumer,2023-11-02,Direct
16987,Customer_16987,Male,25,Chennai,Tamil Nadu,Consumer,2025-08-23,Social Media
16988,Customer_16988,Male,23,Warangal,Telangana,Consumer,2024-04-27,Email
16989,Customer_16989,Male,37,Nagpur,Maharashtra,Consumer,2025-10-07,Email
16990,Customer_16990,Male,19,Nagpur,Maharashtra,Consumer,2022-06-17,Organic Search
16991,Customer_16991,Male,39,Gurugram,Haryana,Corporate,2025-09-22,Organic Search
16992,Customer_16992,Male,38,New Delhi,Delhi,Consumer,2025-12-07,Social Media
16993,Customer_16993,Male,23,Delhi,Delhi,Consumer,2023-02-22,Organic Search
16994,Customer_16994,Male,49,Pune,Maharashtra,Home Office,2022-06-11,Social Media
16995,Customer_16995,Male,23,Gurugram,Haryana,Consumer,2025-03-04,Direct
16996,Customer_16996,Male,30,Vadodara,Gujarat,Corporate,2025-03-05,Referral
16997,Customer_16997,Male,18,Jaipur,Rajasthan,Corporate,2023-02-01,Social Media
16998,Customer_16998,Female,39,Faridabad,Haryana,Corporate,2024-01-20,Referral
16999,Customer_16999,Female,41,Bengaluru,Karnataka,Home Office,2024-10-16,Organic Search
17000,Customer_17000,Male,58,Vadodara,Gujarat,Corporate,2025-05-25,Paid Ads
17001,Customer_17001,Male,47,Nashik,Maharashtra,Consumer,2022-08-08,Referral
17002,Customer_17002,Female,39,New Delhi,Delhi,Consumer,2024-07-10,Direct
17003,Customer_17003,Male,29,Noida,Uttar Pradesh,Consumer,2022-11-18,Social Media
17004,Customer_17004,Female,43,Kanpur,Uttar Pradesh,Consumer,2022-02-26,Organic Search
17005,Customer_17005,Male,21,Mysuru,Karnataka,Home Office,2023-04-26,Organic Search
17006,Customer_17006,Female,36,Bengaluru,Karnataka,Consumer,2022-11-20,Email
17007,Customer_17007,Female,33,Hyderabad,Telangana,Corporate,2023-09-03,Social Media
17008,Customer_17008,Female,29,Pune,Maharashtra,Corporate,2023-05-23,Organic Search
17009,Customer_17009,Male,50,Delhi,Delhi,Corporate,2022-02-11,Paid Ads
17010,Customer_17010,Female,38,Delhi,Delhi,Consumer,2022-06-29,Paid Ads
17011,Customer_17011,Female,53,Delhi,Delhi,Corporate,2023-11-04,Direct
17012,Customer_17012,Female,26,Noida,Uttar Pradesh,Consumer,2024-06-08,Email
17013,Customer_17013,Male,56,Bengaluru,Karnataka,Corporate,2024-05-27,Organic Search
17014,Customer_17014,Female,59,Delhi,Delhi,Consumer,2025-02-02,Organic Search
17015,Customer_17015,Male,25,Warangal,Telangana,Home Office,2022-12-24,Social Media
17016,Customer_17016,Male,37,Bhopal,Madhya Pradesh,Consumer,2022-09-24,Email
17017,Customer_17017,Female,27,Delhi,Delhi,Consumer,2025-06-24,Paid Ads
17018,Customer_17018,Male,49,Nagpur,Maharashtra,Consumer,2023-11-11,Organic Search
17019,Customer_17019,Female,45,Bengaluru,Karnataka,Corporate,2024-07-23,Organic Search
17020,Customer_17020,Female,27,Kanpur,Uttar Pradesh,Corporate,2022-03-13,Social Media
17021,Customer_17021,Male,25,Ahmedabad,Gujarat,Consumer,2023-08-16,Paid Ads
17022,Customer_17022,Female,50,Kanpur,Uttar Pradesh,Consumer,2022-03-26,Organic Search
17023,Customer_17023,Female,30,Amritsar,Punjab,Consumer,2024-09-17,Organic Search
17024,Customer_17024,Male,52,Kanpur,Uttar Pradesh,Consumer,2024-07-18,Organic Search
17025,Customer_17025,Female,46,Vadodara,Gujarat,Consumer,2023-09-02,Organic Search
17026,Customer_17026,Male,22,Warangal,Telangana,Consumer,2023-06-03,Social Media
17027,Customer_17027,Male,20,Pune,Maharashtra,Consumer,2025-11-08,Email
17028,Customer_17028,Male,54,Ludhiana,Punjab,Consumer,2024-05-04,Organic Search
17029,Customer_17029,Male,58,Chennai,Tamil Nadu,Home Office,2022-08-04,Paid Ads
17030,Customer_17030,Male,23,Nashik,Maharashtra,Consumer,2023-09-18,Organic Search
17031,Customer_17031,Other,59,Jaipur,Rajasthan,Consumer,2022-08-04,Social Media
17032,Customer_17032,Female,33,Mysuru,Karnataka,Consumer,2023-07-08,Organic Search
17033,Customer_17033,Male,52,Ahmedabad,Gujarat,Consumer,2024-06-07,Email
17034,Customer_17034,Male,35,Ahmedabad,Gujarat,Consumer,2023-09-18,Paid Ads
17035,Customer_17035,Male,28,Chennai,Tamil Nadu,Consumer,2023-07-08,Organic Search
17036,Customer_17036,Male,40,Noida,Uttar Pradesh,Consumer,2024-12-09,Referral
17037,Customer_17037,Male,28,Delhi,Delhi,Consumer,2023-07-07,Paid Ads
17038,Customer_17038,Male,46,Chennai,Tamil Nadu,Consumer,2024-04-03,Email
17039,Customer_17039,Male,59,Ahmedabad,Gujarat,Consumer,2024-05-18,Referral
17040,Customer_17040,Male,44,Jaipur,Rajasthan,Consumer,2023-11-19,Referral
17041,Customer_17041,Female,26,Kanpur,Uttar Pradesh,Consumer,2022-01-14,Organic Search
17042,Customer_17042,Female,52,Coimbatore,Tamil Nadu,Consumer,2023-03-17,Referral
17043,Customer_17043,Male,26,Udaipur,Rajasthan,Consumer,2025-10-27,Email
17044,Customer_17044,Male,35,Mumbai,Maharashtra,Consumer,2024-01-02,Paid Ads
17045,Customer_17045,Male,38,Faridabad,Haryana,Corporate,2022-03-31,Organic Search
17046,Customer_17046,Female,53,Chennai,Tamil Nadu,Home Office,2023-11-17,Paid Ads
17047,Customer_17047,Female,18,Kolkata,West Bengal,Consumer,2022-05-21,Social Media
17048,Customer_17048,Female,44,Pune,Maharashtra,Consumer,2024-03-30,Paid Ads
17049,Customer_17049,Female,57,New Delhi,Delhi,Consumer,2025-03-10,Email
17050,Customer_17050,Male,55,Hyderabad,Telangana,Consumer,2022-09-26,Organic Search
17051,Customer_17051,Other,46,Bhopal,Madhya Pradesh,Consumer,2023-10-19,Email
17052,Customer_17052,Male,57,Hyderabad,Telangana,Consumer,2022-12-20,Organic Search
17053,Customer_17053,Male,36,Faridabad,Haryana,Corporate,2023-11-11,Organic Search
17054,Customer_17054,Female,41,Hyderabad,Telangana,Corporate,2024-06-05,Paid Ads
17055,Customer_17055,Male,18,Hyderabad,Telangana,Home Office,2022-10-19,Paid Ads
17056,Customer_17056,Female,53,Nagpur,Maharashtra,Consumer,2023-11-07,Social Media
17057,Customer_17057,Male,40,Noida,Uttar Pradesh,Consumer,2024-05-27,Organic Search
17058,Customer_17058,Female,30,New Delhi,Delhi,Consumer,2023-07-31,Direct
17059,Customer_17059,Male,47,Indore,Madhya Pradesh,Consumer,2025-07-31,Social Media
17060,Customer_17060,Male,54,Faridabad,Haryana,Home Office,2025-01-04,Direct
17061,Customer_17061,Female,28,Gurugram,Haryana,Consumer,2024-05-12,Email
17062,Customer_17062,Female,24,Hyderabad,Telangana,Consumer,2024-12-24,Organic Search
17063,Customer_17063,Female,52,Jaipur,Rajasthan,Consumer,2022-11-01,Paid Ads
17064,Customer_17064,Female,28,Kanpur,Uttar Pradesh,Consumer,2022-06-24,Organic Search
17065,Customer_17065,Female,60,Pune,Maharashtra,Consumer,2024-04-23,Organic Search
17066,Customer_17066,Female,57,Vadodara,Gujarat,Consumer,2023-01-04,Organic Search
17067,Customer_17067,Male,38,Nagpur,Maharashtra,Consumer,2025-11-01,Organic Search
17068,Customer_17068,Male,20,Warangal,Telangana,Home Office,2025-03-08,Social Media
17069,Customer_17069,Male,47,Mumbai,Maharashtra,Consumer,2022-02-23,Social Media
17070,Customer_17070,Female,41,New Delhi,Delhi,Consumer,2025-06-27,Organic Search
17071,Customer_17071,Male,55,Mysuru,Karnataka,Consumer,2022-04-26,Organic Search
17072,Customer_17072,Female,20,Coimbatore,Tamil Nadu,Corporate,2024-08-16,Referral
17073,Customer_17073,Male,54,Surat,Gujarat,Consumer,2024-01-16,Social Media
17074,Customer_17074,Female,50,Mumbai,Maharashtra,Home Office,2024-07-03,Social Media
17075,Customer_17075,Male,39,Warangal,Telangana,Consumer,2022-11-28,Direct
17076,Customer_17076,Male,48,New Delhi,Delhi,Consumer,2024-10-23,Social Media
17077,Customer_17077,Female,29,Vadodara,Gujarat,Consumer,2022-11-20,Referral
17078,Customer_17078,Male,31,Udaipur,Rajasthan,Home Office,2022-03-15,Social Media
17079,Customer_17079,Male,29,Vadodara,Gujarat,Consumer,2022-11-29,Paid Ads
17080,Customer_17080,Male,44,Noida,Uttar Pradesh,Consumer,2025-12-18,Direct
17081,Customer_17081,Male,30,Mysuru,Karnataka,Consumer,2022-06-07,Referral
17082,Customer_17082,Male,41,Kanpur,Uttar Pradesh,Consumer,2023-09-22,Social Media
17083,Customer_17083,Female,55,Coimbatore,Tamil Nadu,Consumer,2022-09-15,Organic Search
17084,Customer_17084,Male,26,Warangal,Telangana,Corporate,2022-11-15,Email
17085,Customer_17085,Female,25,Jaipur,Rajasthan,Home Office,2024-03-26,Organic Search
17086,Customer_17086,Male,54,Nagpur,Maharashtra,Home Office,2022-02-03,Referral
17087,Customer_17087,Female,32,Udaipur,Rajasthan,Consumer,2022-12-29,Paid Ads
17088,Customer_17088,Female,24,Ahmedabad,Gujarat,Consumer,2025-04-20,Organic Search
17089,Customer_17089,Male,41,Bengaluru,Karnataka,Consumer,2023-04-12,Social Media
17090,Customer_17090,Male,33,Mumbai,Maharashtra,Consumer,2022-03-07,Social Media
17091,Customer_17091,Male,41,Nashik,Maharashtra,Corporate,2023-06-11,Organic Search
17092,Customer_17092,Female,60,Faridabad,Haryana,Consumer,2025-09-25,Email
17093,Customer_17093,Female,24,Kolkata,West Bengal,Home Office,2025-09-24,Referral
17094,Customer_17094,Female,60,Nagpur,Maharashtra,Corporate,2023-01-03,Email
17095,Customer_17095,Male,45,Mysuru,Karnataka,Consumer,2022-06-06,Email
17096,Customer_17096,Male,19,Vadodara,Gujarat,Consumer,2024-10-09,Direct
17097,Customer_17097,Male,51,Noida,Uttar Pradesh,Consumer,2025-10-11,Direct
17098,Customer_17098,Male,55,Mumbai,Maharashtra,Consumer,2022-03-03,Paid Ads
17099,Customer_17099,Male,20,Delhi,Delhi,Consumer,2025-04-14,Paid Ads
17100,Customer_17100,Male,18,Indore,Madhya Pradesh,Home Office,2024-09-13,Organic Search
17101,Customer_17101,Female,48,Pune,Maharashtra,Consumer,2024-07-18,Social Media
17102,Customer_17102,Female,40,Delhi,Delhi,Consumer,2023-11-27,Referral
17103,Customer_17103,Female,37,Ludhiana,Punjab,Corporate,2023-04-24,Organic Search
17104,Customer_17104,Male,33,Surat,Gujarat,Corporate,2024-11-16,Organic Search
17105,Customer_17105,Female,49,Delhi,Delhi,Corporate,2023-12-01,Referral
17106,Customer_17106,Other,34,Pune,Maharashtra,Consumer,2024-02-21,Organic Search
17107,Customer_17107,Female,35,Nashik,Maharashtra,Corporate,2022-03-06,Social Media
17108,Customer_17108,Female,21,New Delhi,Delhi,Consumer,2023-04-14,Organic Search
17109,Customer_17109,Female,52,Bhopal,Madhya Pradesh,Consumer,2024-08-02,Organic Search
17110,Customer_17110,Female,57,Chennai,Tamil Nadu,Consumer,2025-02-10,Referral
17111,Customer_17111,Male,53,Kolkata,West Bengal,Consumer,2023-08-25,Referral
17112,Customer_17112,Female,40,Faridabad,Haryana,Home Office,2025-01-11,Organic Search
17113,Customer_17113,Female,32,Chennai,Tamil Nadu,Consumer,2025-05-01,Organic Search
17114,Customer_17114,Other,30,Delhi,Delhi,Consumer,2022-02-13,Social Media
17115,Customer_17115,Female,31,Hyderabad,Telangana,Consumer,2025-02-06,Paid Ads
17116,Customer_17116,Male,31,Gurugram,Haryana,Consumer,2025-08-17,Organic Search
17117,Customer_17117,Female,54,Lucknow,Uttar Pradesh,Consumer,2025-10-16,Social Media
17118,Customer_17118,Female,22,Pune,Maharashtra,Consumer,2024-08-12,Paid Ads
17119,Customer_17119,Male,39,Kolkata,West Bengal,Home Office,2022-11-26,Organic Search
17120,Customer_17120,Male,45,Ahmedabad,Gujarat,Consumer,2024-09-23,Referral
17121,Customer_17121,Female,21,Faridabad,Haryana,Consumer,2025-05-15,Social Media
17122,Customer_17122,Male,55,Mumbai,Maharashtra,Consumer,2022-04-16,Social Media
17123,Customer_17123,Male,46,Hyderabad,Telangana,Consumer,2024-08-29,Direct
17124,Customer_17124,Male,54,Bhopal,Madhya Pradesh,Home Office,2023-10-01,Social Media
17125,Customer_17125,Female,52,Coimbatore,Tamil Nadu,Consumer,2022-04-07,Social Media
17126,Customer_17126,Male,37,Warangal,Telangana,Consumer,2024-10-16,Organic Search
17127,Customer_17127,Male,52,Nashik,Maharashtra,Consumer,2025-07-11,Social Media
17128,Customer_17128,Female,52,Mysuru,Karnataka,Corporate,2022-07-09,Referral
17129,Customer_17129,Female,37,Bengaluru,Karnataka,Consumer,2023-03-30,Organic Search
17130,Customer_17130,Other,19,Gurugram,Haryana,Consumer,2022-06-20,Organic Search
17131,Customer_17131,Male,35,Mysuru,Karnataka,Consumer,2022-07-05,Organic Search
17132,Customer_17132,Female,47,Coimbatore,Tamil Nadu,Home Office,2025-10-18,Paid Ads
17133,Customer_17133,Male,59,Udaipur,Rajasthan,Corporate,2022-11-25,Paid Ads
17134,Customer_17134,Female,46,Nagpur,Maharashtra,Consumer,2022-11-28,Email
17135,Customer_17135,Female,56,Hyderabad,Telangana,Corporate,2022-12-11,Referral
17136,Customer_17136,Male,39,Kanpur,Uttar Pradesh,Consumer,2025-07-10,Email
17137,Customer_17137,Male,46,Bhopal,Madhya Pradesh,Consumer,2023-11-28,Organic Search
17138,Customer_17138,Male,27,Ahmedabad,Gujarat,Consumer,2023-11-14,Direct
17139,Customer_17139,Female,37,Udaipur,Rajasthan,Corporate,2023-01-04,Email
17140,Customer_17140,Male,33,Pune,Maharashtra,Consumer,2023-07-24,Referral
17141,Customer_17141,Female,23,Gurugram,Haryana,Corporate,2023-06-13,Referral
17142,Customer_17142,Male,34,Mumbai,Maharashtra,Consumer,2022-10-19,Organic Search
17143,Customer_17143,Male,23,Noida,Uttar Pradesh,Corporate,2025-05-22,Email
17144,Customer_17144,Other,39,New Delhi,Delhi,Consumer,2025-03-11,Social Media
17145,Customer_17145,Female,35,Faridabad,Haryana,Consumer,2022-01-02,Email
17146,Customer_17146,Female,49,Kolkata,West Bengal,Consumer,2024-06-21,Social Media
17147,Customer_17147,Male,45,Lucknow,Uttar Pradesh,Consumer,2025-07-31,Organic Search
17148,Customer_17148,Male,59,New Delhi,Delhi,Consumer,2022-01-05,Referral
17149,Customer_17149,Male,27,Coimbatore,Tamil Nadu,Consumer,2022-07-19,Email
17150,Customer_17150,Male,58,Surat,Gujarat,Home Office,2022-03-30,Organic Search
17151,Customer_17151,Male,39,Lucknow,Uttar Pradesh,Consumer,2022-01-30,Social Media
17152,Customer_17152,Female,45,Nashik,Maharashtra,Consumer,2024-03-13,Email
17153,Customer_17153,Male,32,Ludhiana,Punjab,Consumer,2022-07-10,Organic Search
17154,Customer_17154,Male,60,Bhopal,Madhya Pradesh,Consumer,2023-09-11,Organic Search
17155,Customer_17155,Male,46,New Delhi,Delhi,Consumer,2023-01-23,Referral
17156,Customer_17156,Female,24,Kanpur,Uttar Pradesh,Corporate,2023-04-13,Email
17157,Customer_17157,Female,51,Hyderabad,Telangana,Consumer,2023-01-06,Referral
17158,Customer_17158,Male,49,Coimbatore,Tamil Nadu,Corporate,2023-09-07,Organic Search
17159,Customer_17159,Male,19,Bengaluru,Karnataka,Consumer,2024-05-02,Direct
17160,Customer_17160,Male,43,Ahmedabad,Gujarat,Home Office,2023-11-14,Referral
17161,Customer_17161,Female,28,Kolkata,West Bengal,Consumer,2023-10-28,Social Media
17162,Customer_17162,Female,42,Chennai,Tamil Nadu,Consumer,2022-07-09,Paid Ads
17163,Customer_17163,Female,36,Vadodara,Gujarat,Consumer,2025-03-05,Paid Ads
17164,Customer_17164,Male,37,Kolkata,West Bengal,Home Office,2025-12-14,Social Media
17165,Customer_17165,Male,50,Kolkata,West Bengal,Consumer,2023-05-13,Email
17166,Customer_17166,Female,34,Nashik,Maharashtra,Consumer,2022-08-09,Organic Search
17167,Customer_17167,Other,47,Bhopal,Madhya Pradesh,Consumer,2023-01-23,Email
17168,Customer_17168,Other,35,Chennai,Tamil Nadu,Home Office,2025-07-23,Organic Search
17169,Customer_17169,Female,49,New Delhi,Delhi,Consumer,2023-07-05,Organic Search
17170,Customer_17170,Male,57,Delhi,Delhi,Consumer,2022-01-07,Email
17171,Customer_17171,Female,21,Hyderabad,Telangana,Corporate,2024-07-29,Organic Search
17172,Customer_17172,Female,49,Bhopal,Madhya Pradesh,Home Office,2024-02-03,Direct
17173,Customer_17173,Female,36,Bengaluru,Karnataka,Corporate,2023-01-08,Organic Search
17174,Customer_17174,Male,20,Noida,Uttar Pradesh,Home Office,2025-09-22,Email
17175,Customer_17175,Male,55,Mumbai,Maharashtra,Consumer,2024-03-22,Direct
17176,Customer_17176,Male,45,Warangal,Telangana,Consumer,2024-12-30,Referral
17177,Customer_17177,Male,55,Amritsar,Punjab,Corporate,2022-01-23,Organic Search
17178,Customer_17178,Male,23,Noida,Uttar Pradesh,Corporate,2024-06-20,Organic Search
17179,Customer_17179,Female,57,New Delhi,Delhi,Corporate,2024-04-22,Paid Ads
17180,Customer_17180,Male,34,Warangal,Telangana,Home Office,2022-11-08,Organic Search
17181,Customer_17181,Male,59,Delhi,Delhi,Consumer,2024-02-20,Paid Ads
17182,Customer_17182,Male,22,Chennai,Tamil Nadu,Consumer,2024-01-23,Organic Search
17183,Customer_17183,Male,36,Kanpur,Uttar Pradesh,Consumer,2025-11-21,Direct
17184,Customer_17184,Other,60,Kanpur,Uttar Pradesh,Consumer,2022-09-30,Referral
17185,Customer_17185,Male,59,New Delhi,Delhi,Consumer,2025-05-21,Organic Search
17186,Customer_17186,Male,52,Faridabad,Haryana,Corporate,2024-08-21,Email
17187,Customer_17187,Female,39,Ahmedabad,Gujarat,Consumer,2025-03-19,Direct
17188,Customer_17188,Female,41,Chennai,Tamil Nadu,Consumer,2025-01-27,Paid Ads
17189,Customer_17189,Male,27,Hyderabad,Telangana,Consumer,2024-02-04,Paid Ads
17190,Customer_17190,Female,19,Vadodara,Gujarat,Corporate,2024-11-12,Email
17191,Customer_17191,Female,45,Ahmedabad,Gujarat,Consumer,2022-07-15,Organic Search
17192,Customer_17192,Female,58,Hyderabad,Telangana,Corporate,2024-03-30,Email
17193,Customer_17193,Male,54,Hyderabad,Telangana,Consumer,2025-10-20,Organic Search
17194,Customer_17194,Other,34,Delhi,Delhi,Consumer,2024-11-19,Referral
17195,Customer_17195,Male,23,Noida,Uttar Pradesh,Consumer,2023-01-29,Social Media
17196,Customer_17196,Male,60,Surat,Gujarat,Corporate,2023-03-29,Social Media
17197,Customer_17197,Male,22,Pune,Maharashtra,Consumer,2023-03-24,Social Media
17198,Customer_17198,Male,56,Noida,Uttar Pradesh,Home Office,2022-04-20,Paid Ads
17199,Customer_17199,Female,24,Gurugram,Haryana,Consumer,2024-02-16,Paid Ads
17200,Customer_17200,Female,49,Gurugram,Haryana,Consumer,2024-04-14,Social Media
17201,Customer_17201,Male,21,Bengaluru,Karnataka,Consumer,2023-04-19,Direct
17202,Customer_17202,Male,38,Nagpur,Maharashtra,Consumer,2022-02-13,Direct
17203,Customer_17203,Male,59,Warangal,Telangana,Consumer,2023-06-20,Organic Search
17204,Customer_17204,Female,49,Nashik,Maharashtra,Consumer,2023-12-22,Paid Ads
17205,Customer_17205,Female,35,Gurugram,Haryana,Corporate,2023-10-08,Referral
17206,Customer_17206,Female,50,New Delhi,Delhi,Consumer,2024-01-20,Organic Search
17207,Customer_17207,Female,31,Delhi,Delhi,Consumer,2025-02-01,Email
17208,Customer_17208,Female,23,Coimbatore,Tamil Nadu,Consumer,2022-02-26,Organic Search
17209,Customer_17209,Female,28,Coimbatore,Tamil Nadu,Consumer,2024-03-27,Paid Ads
17210,Customer_17210,Male,37,Kanpur,Uttar Pradesh,Consumer,2025-03-23,Paid Ads
17211,Customer_17211,Female,46,Chennai,Tamil Nadu,Home Office,2025-11-25,Social Media
17212,Customer_17212,Female,52,Delhi,Delhi,Consumer,2023-02-25,Organic Search
17213,Customer_17213,Female,33,Delhi,Delhi,Corporate,2024-12-10,Social Media
17214,Customer_17214,Other,24,Hyderabad,Telangana,Consumer,2023-11-07,Email
17215,Customer_17215,Female,57,Mumbai,Maharashtra,Consumer,2025-11-13,Paid Ads
17216,Customer_17216,Female,53,Vadodara,Gujarat,Consumer,2024-05-25,Social Media
17217,Customer_17217,Female,48,Ahmedabad,Gujarat,Consumer,2025-04-27,Paid Ads
17218,Customer_17218,Male,59,Kolkata,West Bengal,Consumer,2022-11-04,Organic Search
17219,Customer_17219,Male,60,Faridabad,Haryana,Consumer,2024-11-30,Direct
17220,Customer_17220,Female,60,Faridabad,Haryana,Corporate,2022-12-03,Email
17221,Customer_17221,Male,23,Faridabad,Haryana,Home Office,2024-12-29,Organic Search
17222,Customer_17222,Female,46,New Delhi,Delhi,Consumer,2024-03-07,Paid Ads
17223,Customer_17223,Female,44,Mumbai,Maharashtra,Corporate,2023-09-11,Organic Search
17224,Customer_17224,Female,60,Bengaluru,Karnataka,Consumer,2024-10-06,Social Media
17225,Customer_17225,Other,19,Bhopal,Madhya Pradesh,Consumer,2023-05-21,Organic Search
17226,Customer_17226,Male,39,Amritsar,Punjab,Home Office,2022-01-09,Paid Ads
17227,Customer_17227,Female,26,Bhopal,Madhya Pradesh,Consumer,2023-02-10,Organic Search
17228,Customer_17228,Female,28,Mumbai,Maharashtra,Corporate,2023-12-02,Referral
17229,Customer_17229,Male,33,Gurugram,Haryana,Consumer,2025-12-12,Organic Search
17230,Customer_17230,Male,30,Coimbatore,Tamil Nadu,Consumer,2025-05-07,Social Media
17231,Customer_17231,Female,35,Mumbai,Maharashtra,Consumer,2024-08-14,Organic Search
17232,Customer_17232,Female,42,Coimbatore,Tamil Nadu,Home Office,2022-10-08,Social Media
17233,Customer_17233,Female,50,Nashik,Maharashtra,Consumer,2025-12-05,Social Media
17234,Customer_17234,Female,27,Surat,Gujarat,Consumer,2025-10-01,Paid Ads
17235,Customer_17235,Male,47,Mysuru,Karnataka,Consumer,2024-08-17,Social Media
17236,Customer_17236,Male,18,Hyderabad,Telangana,Consumer,2025-01-27,Paid Ads
17237,Customer_17237,Male,50,Vadodara,Gujarat,Corporate,2022-11-27,Email
17238,Customer_17238,Female,32,Indore,Madhya Pradesh,Corporate,2024-09-05,Direct
17239,Customer_17239,Male,46,Jaipur,Rajasthan,Corporate,2023-09-23,Organic Search
17240,Customer_17240,Other,19,Chennai,Tamil Nadu,Corporate,2025-08-04,Social Media
17241,Customer_17241,Other,28,Kanpur,Uttar Pradesh,Home Office,2022-03-14,Organic Search
17242,Customer_17242,Other,51,Faridabad,Haryana,Corporate,2025-04-07,Paid Ads
17243,Customer_17243,Male,58,Nagpur,Maharashtra,Home Office,2022-11-08,Referral
17244,Customer_17244,Female,36,Hyderabad,Telangana,Consumer,2022-08-18,Organic Search
17245,Customer_17245,Male,19,Bengaluru,Karnataka,Consumer,2024-02-28,Organic Search
17246,Customer_17246,Male,37,Pune,Maharashtra,Home Office,2024-05-31,Referral
17247,Customer_17247,Male,58,Jaipur,Rajasthan,Corporate,2024-04-24,Social Media
17248,Customer_17248,Female,48,Bhopal,Madhya Pradesh,Home Office,2024-08-16,Referral
17249,Customer_17249,Male,21,Nagpur,Maharashtra,Consumer,2023-07-30,Organic Search
17250,Customer_17250,Female,46,Lucknow,Uttar Pradesh,Home Office,2023-11-24,Social Media
17251,Customer_17251,Male,47,Indore,Madhya Pradesh,Corporate,2025-11-28,Direct
17252,Customer_17252,Male,30,Faridabad,Haryana,Consumer,2023-12-28,Organic Search
17253,Customer_17253,Male,32,Delhi,Delhi,Consumer,2025-12-01,Organic Search
17254,Customer_17254,Female,37,Indore,Madhya Pradesh,Consumer,2025-02-19,Direct
17255,Customer_17255,Female,51,Bengaluru,Karnataka,Home Office,2023-12-30,Email
17256,Customer_17256,Female,45,Vadodara,Gujarat,Consumer,2024-07-02,Social Media
17257,Customer_17257,Female,37,Pune,Maharashtra,Home Office,2022-02-25,Referral
17258,Customer_17258,Female,42,Pune,Maharashtra,Consumer,2023-03-18,Social Media
17259,Customer_17259,Male,44,Kolkata,West Bengal,Home Office,2024-02-11,Organic Search
17260,Customer_17260,Female,47,Chennai,Tamil Nadu,Consumer,2022-10-20,Organic Search
17261,Customer_17261,Female,58,Delhi,Delhi,Consumer,2023-04-10,Social Media
17262,Customer_17262,Male,37,Delhi,Delhi,Consumer,2022-10-04,Referral
17263,Customer_17263,Female,18,Udaipur,Rajasthan,Home Office,2025-02-07,Organic Search
17264,Customer_17264,Female,52,Nashik,Maharashtra,Consumer,2023-04-06,Social Media
17265,Customer_17265,Female,60,Kanpur,Uttar Pradesh,Consumer,2023-04-18,Referral
17266,Customer_17266,Female,41,Mumbai,Maharashtra,Consumer,2022-05-21,Organic Search
17267,Customer_17267,Male,42,Delhi,Delhi,Consumer,2024-09-26,Direct
17268,Customer_17268,Female,57,Coimbatore,Tamil Nadu,Home Office,2022-01-08,Social Media
17269,Customer_17269,Male,29,Warangal,Telangana,Consumer,2022-06-29,Email
17270,Customer_17270,Female,28,Bengaluru,Karnataka,Consumer,2023-03-09,Paid Ads
17271,Customer_17271,Female,47,Bengaluru,Karnataka,Home Office,2022-12-17,Organic Search
17272,Customer_17272,Other,30,Amritsar,Punjab,Consumer,2025-10-05,Paid Ads
17273,Customer_17273,Male,42,Udaipur,Rajasthan,Corporate,2024-07-03,Organic Search
17274,Customer_17274,Male,42,Pune,Maharashtra,Consumer,2024-03-12,Email
17275,Customer_17275,Male,34,Coimbatore,Tamil Nadu,Home Office,2023-01-27,Paid Ads
17276,Customer_17276,Male,29,Indore,Madhya Pradesh,Consumer,2024-05-18,Paid Ads
17277,Customer_17277,Female,28,Bengaluru,Karnataka,Corporate,2023-08-10,Social Media
17278,Customer_17278,Female,27,Mumbai,Maharashtra,Consumer,2025-01-10,Social Media
17279,Customer_17279,Female,34,Lucknow,Uttar Pradesh,Consumer,2024-02-22,Paid Ads
17280,Customer_17280,Female,33,Ahmedabad,Gujarat,Consumer,2024-10-06,Social Media
17281,Customer_17281,Male,37,Vadodara,Gujarat,Consumer,2022-05-06,Social Media
17282,Customer_17282,Male,22,Pune,Maharashtra,Consumer,2024-06-29,Referral
17283,Customer_17283,Male,58,Pune,Maharashtra,Consumer,2023-11-18,Organic Search
17284,Customer_17284,Female,49,Ahmedabad,Gujarat,Home Office,2022-11-29,Paid Ads
17285,Customer_17285,Female,44,New Delhi,Delhi,Consumer,2025-01-12,Organic Search
17286,Customer_17286,Female,21,Hyderabad,Telangana,Consumer,2024-09-08,Organic Search
17287,Customer_17287,Male,58,Surat,Gujarat,Consumer,2024-01-06,Paid Ads
17288,Customer_17288,Male,24,Mysuru,Karnataka,Consumer,2025-01-01,Social Media
17289,Customer_17289,Female,31,Gurugram,Haryana,Consumer,2023-06-04,Email
17290,Customer_17290,Male,56,Bhopal,Madhya Pradesh,Home Office,2022-11-06,Referral
17291,Customer_17291,Female,41,Kolkata,West Bengal,Home Office,2023-07-23,Email
17292,Customer_17292,Male,35,Nagpur,Maharashtra,Consumer,2025-02-26,Social Media
17293,Customer_17293,Male,55,Nashik,Maharashtra,Consumer,2022-03-24,Referral
17294,Customer_17294,Female,56,Warangal,Telangana,Consumer,2024-08-02,Organic Search
17295,Customer_17295,Male,57,Nashik,Maharashtra,Corporate,2024-02-26,Organic Search
17296,Customer_17296,Female,18,Amritsar,Punjab,Corporate,2025-05-28,Email
17297,Customer_17297,Female,34,Mumbai,Maharashtra,Corporate,2024-05-10,Social Media
17298,Customer_17298,Male,43,Hyderabad,Telangana,Consumer,2023-05-02,Referral
17299,Customer_17299,Female,39,Bengaluru,Karnataka,Home Office,2025-08-03,Organic Search
17300,Customer_17300,Female,56,Jaipur,Rajasthan,Consumer,2024-09-27,Email
17301,Customer_17301,Male,35,Nagpur,Maharashtra,Consumer,2023-01-06,Referral
17302,Customer_17302,Female,55,Chennai,Tamil Nadu,Home Office,2023-08-25,Direct
17303,Customer_17303,Female,45,Bengaluru,Karnataka,Consumer,2023-05-06,Organic Search
17304,Customer_17304,Male,38,Bhopal,Madhya Pradesh,Consumer,2024-05-17,Paid Ads
17305,Customer_17305,Female,55,Mumbai,Maharashtra,Consumer,2022-08-25,Organic Search
17306,Customer_17306,Female,50,Faridabad,Haryana,Consumer,2023-01-02,Referral
17307,Customer_17307,Female,47,Kanpur,Uttar Pradesh,Consumer,2023-11-03,Social Media
17308,Customer_17308,Female,59,Mysuru,Karnataka,Consumer,2022-09-12,Organic Search
17309,Customer_17309,Male,25,Kanpur,Uttar Pradesh,Consumer,2023-03-07,Referral
17310,Customer_17310,Male,47,Nashik,Maharashtra,Corporate,2023-05-08,Organic Search
17311,Customer_17311,Male,56,Ludhiana,Punjab,Consumer,2022-10-25,Organic Search
17312,Customer_17312,Male,26,Hyderabad,Telangana,Corporate,2024-03-13,Social Media
17313,Customer_17313,Female,50,Bengaluru,Karnataka,Consumer,2023-02-27,Social Media
17314,Customer_17314,Female,60,Bengaluru,Karnataka,Consumer,2025-03-14,Direct
17315,Customer_17315,Male,46,Pune,Maharashtra,Consumer,2022-10-21,Social Media
17316,Customer_17316,Female,48,Ludhiana,Punjab,Consumer,2025-07-27,Organic Search
17317,Customer_17317,Other,20,Nagpur,Maharashtra,Consumer,2024-07-08,Direct
17318,Customer_17318,Female,55,Udaipur,Rajasthan,Consumer,2022-02-19,Email
17319,Customer_17319,Female,28,Chennai,Tamil Nadu,Corporate,2023-05-10,Organic Search
17320,Customer_17320,Female,22,Faridabad,Haryana,Home Office,2025-01-19,Referral
17321,Customer_17321,Male,48,Delhi,Delhi,Consumer,2023-01-26,Organic Search
17322,Customer_17322,Male,37,Hyderabad,Telangana,Consumer,2023-06-18,Direct
17323,Customer_17323,Female,21,Hyderabad,Telangana,Consumer,2022-05-07,Referral
17324,Customer_17324,Male,25,Kolkata,West Bengal,Consumer,2022-05-29,Social Media
17325,Customer_17325,Female,59,Nashik,Maharashtra,Consumer,2024-04-14,Email
17326,Customer_17326,Female,52,New Delhi,Delhi,Home Office,2023-11-25,Organic Search
17327,Customer_17327,Female,30,Delhi,Delhi,Consumer,2023-01-06,Organic Search
17328,Customer_17328,Male,22,Kanpur,Uttar Pradesh,Home Office,2022-06-04,Paid Ads
17329,Customer_17329,Male,57,New Delhi,Delhi,Consumer,2022-03-18,Referral
17330,Customer_17330,Male,36,Vadodara,Gujarat,Consumer,2024-05-06,Organic Search
17331,Customer_17331,Male,35,New Delhi,Delhi,Consumer,2022-12-31,Organic Search
17332,Customer_17332,Male,50,Indore,Madhya Pradesh,Corporate,2022-07-03,Email
17333,Customer_17333,Female,21,Faridabad,Haryana,Consumer,2022-06-10,Email
17334,Customer_17334,Male,35,Hyderabad,Telangana,Consumer,2025-09-09,Organic Search
17335,Customer_17335,Male,41,Mysuru,Karnataka,Consumer,2025-10-13,Direct
17336,Customer_17336,Male,60,New Delhi,Delhi,Corporate,2025-03-09,Referral
17337,Customer_17337,Male,46,Nashik,Maharashtra,Corporate,2022-03-11,Social Media
17338,Customer_17338,Male,48,New Delhi,Delhi,Consumer,2024-10-19,Social Media
17339,Customer_17339,Male,45,Jaipur,Rajasthan,Consumer,2024-04-27,Social Media
17340,Customer_17340,Female,26,Warangal,Telangana,Home Office,2023-06-29,Social Media
17341,Customer_17341,Male,43,Gurugram,Haryana,Home Office,2024-11-06,Organic Search
17342,Customer_17342,Female,19,Coimbatore,Tamil Nadu,Consumer,2024-07-26,Organic Search
17343,Customer_17343,Female,23,Kolkata,West Bengal,Corporate,2022-05-06,Referral
17344,Customer_17344,Male,46,Hyderabad,Telangana,Consumer,2022-03-23,Social Media
17345,Customer_17345,Female,43,Warangal,Telangana,Consumer,2024-10-11,Paid Ads
17346,Customer_17346,Male,45,New Delhi,Delhi,Consumer,2025-06-02,Social Media
17347,Customer_17347,Male,24,Coimbatore,Tamil Nadu,Consumer,2025-05-27,Social Media
17348,Customer_17348,Male,51,Hyderabad,Telangana,Corporate,2025-11-23,Social Media
17349,Customer_17349,Male,27,Kolkata,West Bengal,Consumer,2025-10-29,Referral
17350,Customer_17350,Male,58,Faridabad,Haryana,Consumer,2022-11-18,Organic Search
17351,Customer_17351,Male,57,Mysuru,Karnataka,Corporate,2022-07-05,Email
17352,Customer_17352,Female,39,Mumbai,Maharashtra,Corporate,2022-02-09,Paid Ads
17353,Customer_17353,Female,44,Warangal,Telangana,Consumer,2025-02-10,Referral
17354,Customer_17354,Male,56,Ahmedabad,Gujarat,Consumer,2023-07-11,Social Media
17355,Customer_17355,Male,39,New Delhi,Delhi,Corporate,2024-08-08,Referral
17356,Customer_17356,Male,36,Lucknow,Uttar Pradesh,Corporate,2024-04-05,Referral
17357,Customer_17357,Male,53,Ludhiana,Punjab,Corporate,2023-01-02,Paid Ads
17358,Customer_17358,Female,26,Gurugram,Haryana,Consumer,2025-09-17,Social Media
17359,Customer_17359,Male,36,New Delhi,Delhi,Consumer,2023-05-19,Social Media
17360,Customer_17360,Male,19,Bhopal,Madhya Pradesh,Corporate,2025-09-25,Direct
17361,Customer_17361,Female,45,Kolkata,West Bengal,Home Office,2024-05-17,Organic Search
17362,Customer_17362,Female,56,Coimbatore,Tamil Nadu,Consumer,2025-07-21,Organic Search
17363,Customer_17363,Male,39,Surat,Gujarat,Consumer,2024-01-14,Direct
17364,Customer_17364,Female,23,Indore,Madhya Pradesh,Corporate,2022-08-06,Referral
17365,Customer_17365,Male,24,Hyderabad,Telangana,Consumer,2024-08-16,Social Media
17366,Customer_17366,Male,23,Mysuru,Karnataka,Consumer,2025-04-14,Organic Search
17367,Customer_17367,Male,50,Warangal,Telangana,Consumer,2024-07-26,Referral
17368,Customer_17368,Male,31,Ahmedabad,Gujarat,Consumer,2023-10-30,Paid Ads
17369,Customer_17369,Female,18,Delhi,Delhi,Consumer,2025-10-23,Referral
17370,Customer_17370,Male,42,Indore,Madhya Pradesh,Consumer,2023-08-06,Organic Search
17371,Customer_17371,Male,23,Jaipur,Rajasthan,Consumer,2024-04-13,Referral
17372,Customer_17372,Male,45,Udaipur,Rajasthan,Home Office,2024-04-18,Organic Search
17373,Customer_17373,Male,35,Nagpur,Maharashtra,Home Office,2024-06-10,Social Media
17374,Customer_17374,Female,44,Ahmedabad,Gujarat,Home Office,2023-10-19,Organic Search
17375,Customer_17375,Male,19,Nagpur,Maharashtra,Home Office,2022-05-30,Organic Search
17376,Customer_17376,Male,57,Nagpur,Maharashtra,Consumer,2022-02-17,Organic Search
17377,Customer_17377,Female,38,Warangal,Telangana,Consumer,2023-06-29,Referral
17378,Customer_17378,Male,40,Chennai,Tamil Nadu,Consumer,2025-11-03,Referral
17379,Customer_17379,Male,19,Ahmedabad,Gujarat,Consumer,2023-09-16,Organic Search
17380,Customer_17380,Male,33,Nashik,Maharashtra,Consumer,2023-07-11,Direct
17381,Customer_17381,Male,21,Chennai,Tamil Nadu,Consumer,2022-07-21,Email
17382,Customer_17382,Male,51,New Delhi,Delhi,Home Office,2023-09-12,Organic Search
17383,Customer_17383,Male,22,Amritsar,Punjab,Consumer,2022-12-17,Referral
17384,Customer_17384,Female,51,Vadodara,Gujarat,Consumer,2025-01-11,Referral
17385,Customer_17385,Female,39,Kolkata,West Bengal,Corporate,2025-10-06,Organic Search
17386,Customer_17386,Female,37,Bengaluru,Karnataka,Consumer,2025-03-18,Social Media
17387,Customer_17387,Female,56,Nashik,Maharashtra,Home Office,2022-08-13,Referral
17388,Customer_17388,Male,30,Ludhiana,Punjab,Consumer,2023-05-12,Referral
17389,Customer_17389,Female,51,Bengaluru,Karnataka,Consumer,2023-03-11,Social Media
17390,Customer_17390,Male,23,Chennai,Tamil Nadu,Home Office,2025-11-03,Social Media
17391,Customer_17391,Male,46,Udaipur,Rajasthan,Consumer,2025-01-21,Referral
17392,Customer_17392,Male,50,Nagpur,Maharashtra,Consumer,2022-09-24,Direct
17393,Customer_17393,Male,18,Noida,Uttar Pradesh,Consumer,2023-08-12,Direct
17394,Customer_17394,Female,24,Warangal,Telangana,Corporate,2022-12-21,Email
17395,Customer_17395,Male,39,Mysuru,Karnataka,Consumer,2022-03-30,Social Media
17396,Customer_17396,Male,49,Nashik,Maharashtra,Home Office,2025-09-11,Direct
17397,Customer_17397,Male,31,Nagpur,Maharashtra,Home Office,2022-01-05,Organic Search
17398,Customer_17398,Male,41,Bhopal,Madhya Pradesh,Consumer,2022-06-02,Social Media
17399,Customer_17399,Male,36,Kolkata,West Bengal,Corporate,2022-04-28,Referral
17400,Customer_17400,Male,44,New Delhi,Delhi,Corporate,2022-09-19,Direct
17401,Customer_17401,Male,40,Pune,Maharashtra,Consumer,2023-10-30,Social Media
17402,Customer_17402,Female,38,Kolkata,West Bengal,Home Office,2023-05-16,Paid Ads
17403,Customer_17403,Male,46,Surat,Gujarat,Corporate,2024-02-28,Organic Search
17404,Customer_17404,Male,18,Chennai,Tamil Nadu,Consumer,2022-01-07,Referral
17405,Customer_17405,Female,48,Mysuru,Karnataka,Consumer,2024-01-18,Paid Ads
17406,Customer_17406,Other,44,Delhi,Delhi,Consumer,2025-01-29,Organic Search
17407,Customer_17407,Male,53,Jaipur,Rajasthan,Consumer,2023-07-06,Referral
17408,Customer_17408,Male,44,Amritsar,Punjab,Corporate,2024-12-01,Paid Ads
17409,Customer_17409,Female,32,Delhi,Delhi,Consumer,2024-01-23,Organic Search
17410,Customer_17410,Male,42,Vadodara,Gujarat,Corporate,2022-11-18,Social Media
17411,Customer_17411,Male,32,Coimbatore,Tamil Nadu,Consumer,2025-08-08,Email
17412,Customer_17412,Male,57,Chennai,Tamil Nadu,Consumer,2023-05-14,Referral
17413,Customer_17413,Female,36,New Delhi,Delhi,Corporate,2022-01-21,Organic Search
17414,Customer_17414,Other,28,Lucknow,Uttar Pradesh,Home Office,2024-03-16,Organic Search
17415,Customer_17415,Female,58,Warangal,Telangana,Home Office,2025-01-23,Paid Ads
17416,Customer_17416,Male,50,Ahmedabad,Gujarat,Home Office,2023-06-25,Organic Search
17417,Customer_17417,Male,58,Bengaluru,Karnataka,Consumer,2023-09-28,Organic Search
17418,Customer_17418,Male,40,Delhi,Delhi,Corporate,2024-11-09,Email
17419,Customer_17419,Female,29,Nashik,Maharashtra,Consumer,2024-06-24,Organic Search
17420,Customer_17420,Female,19,Kolkata,West Bengal,Consumer,2022-12-25,Referral
17421,Customer_17421,Male,60,New Delhi,Delhi,Consumer,2025-05-14,Organic Search
17422,Customer_17422,Female,38,Kolkata,West Bengal,Corporate,2025-06-18,Paid Ads
17423,Customer_17423,Male,31,Coimbatore,Tamil Nadu,Consumer,2023-08-06,Organic Search
17424,Customer_17424,Male,51,Coimbatore,Tamil Nadu,Consumer,2023-01-30,Email
17425,Customer_17425,Female,32,Warangal,Telangana,Consumer,2023-01-23,Referral
17426,Customer_17426,Male,38,Mysuru,Karnataka,Consumer,2023-07-02,Organic Search
17427,Customer_17427,Male,40,Pune,Maharashtra,Home Office,2023-10-05,Referral
17428,Customer_17428,Male,38,Mysuru,Karnataka,Consumer,2024-08-11,Organic Search
17429,Customer_17429,Female,31,Jaipur,Rajasthan,Consumer,2023-06-20,Referral
17430,Customer_17430,Female,38,Jaipur,Rajasthan,Consumer,2025-03-24,Paid Ads
17431,Customer_17431,Female,29,Bengaluru,Karnataka,Consumer,2022-10-21,Social Media
17432,Customer_17432,Female,59,Chennai,Tamil Nadu,Consumer,2024-06-18,Organic Search
17433,Customer_17433,Female,22,Delhi,Delhi,Consumer,2024-08-22,Organic Search
17434,Customer_17434,Male,19,Delhi,Delhi,Consumer,2023-02-05,Organic Search
17435,Customer_17435,Other,39,Nagpur,Maharashtra,Consumer,2023-03-29,Social Media
17436,Customer_17436,Female,23,Indore,Madhya Pradesh,Corporate,2022-01-29,Organic Search
17437,Customer_17437,Female,19,New Delhi,Delhi,Home Office,2023-06-07,Organic Search
17438,Customer_17438,Female,46,New Delhi,Delhi,Consumer,2025-05-30,Organic Search
17439,Customer_17439,Female,53,Bengaluru,Karnataka,Consumer,2023-07-28,Organic Search
17440,Customer_17440,Male,24,Nashik,Maharashtra,Corporate,2024-06-09,Direct
17441,Customer_17441,Male,33,Udaipur,Rajasthan,Consumer,2024-02-13,Organic Search
17442,Customer_17442,Female,50,Nagpur,Maharashtra,Consumer,2025-10-21,Referral
17443,Customer_17443,Female,50,Nagpur,Maharashtra,Consumer,2025-07-09,Social Media
17444,Customer_17444,Female,31,Udaipur,Rajasthan,Home Office,2022-05-31,Organic Search
17445,Customer_17445,Male,60,Mysuru,Karnataka,Consumer,2022-10-11,Paid Ads
17446,Customer_17446,Male,29,Kolkata,West Bengal,Consumer,2025-01-21,Organic Search
17447,Customer_17447,Female,60,Surat,Gujarat,Consumer,2024-09-20,Email
17448,Customer_17448,Female,23,New Delhi,Delhi,Consumer,2024-07-31,Paid Ads
17449,Customer_17449,Female,29,Udaipur,Rajasthan,Consumer,2023-01-05,Paid Ads
17450,Customer_17450,Male,48,Mumbai,Maharashtra,Consumer,2023-10-19,Direct
17451,Customer_17451,Female,29,Hyderabad,Telangana,Corporate,2025-10-04,Email
17452,Customer_17452,Female,27,Coimbatore,Tamil Nadu,Consumer,2022-03-07,Social Media
17453,Customer_17453,Female,57,Delhi,Delhi,Consumer,2022-01-11,Referral
17454,Customer_17454,Male,44,Vadodara,Gujarat,Consumer,2022-11-25,Paid Ads
17455,Customer_17455,Male,24,Bhopal,Madhya Pradesh,Consumer,2022-04-29,Organic Search
17456,Customer_17456,Female,53,Amritsar,Punjab,Home Office,2022-07-08,Referral
17457,Customer_17457,Male,50,Ahmedabad,Gujarat,Consumer,2023-10-22,Organic Search
17458,Customer_17458,Male,44,Coimbatore,Tamil Nadu,Consumer,2025-12-14,Organic Search
17459,Customer_17459,Male,25,Delhi,Delhi,Consumer,2022-12-17,Direct
17460,Customer_17460,Female,22,New Delhi,Delhi,Consumer,2025-04-30,Paid Ads
17461,Customer_17461,Male,25,Hyderabad,Telangana,Home Office,2024-07-14,Paid Ads
17462,Customer_17462,Male,57,Bengaluru,Karnataka,Consumer,2024-12-01,Social Media
17463,Customer_17463,Female,38,,Haryana,Consumer,2024-08-20,Organic Search
17464,Customer_17464,Female,41,Bengaluru,Karnataka,Consumer,2023-01-04,Email
17465,Customer_17465,Male,24,Mysuru,Karnataka,Corporate,2022-11-27,Referral
17466,Customer_17466,Male,36,Coimbatore,Tamil Nadu,Consumer,2022-12-16,Organic Search
17467,Customer_17467,Other,48,Kanpur,Uttar Pradesh,Corporate,2025-09-04,Organic Search
17468,Customer_17468,Male,53,Udaipur,Rajasthan,Consumer,2022-05-08,Paid Ads
17469,Customer_17469,Female,44,Surat,Gujarat,Home Office,2022-12-16,Organic Search
17470,Customer_17470,Male,46,Bengaluru,Karnataka,Consumer,2024-07-30,Organic Search
17471,Customer_17471,Female,40,Kanpur,Uttar Pradesh,Consumer,2025-02-23,Organic Search
17472,Customer_17472,Female,37,Nagpur,Maharashtra,Corporate,2025-08-21,Paid Ads
17473,Customer_17473,Female,23,Bhopal,Madhya Pradesh,Consumer,2025-07-01,Referral
17474,Customer_17474,Male,29,Hyderabad,Telangana,Consumer,2022-07-10,Social Media
17475,Customer_17475,Female,29,Coimbatore,Tamil Nadu,Consumer,2024-07-29,Organic Search
17476,Customer_17476,Male,20,Warangal,Telangana,Consumer,2022-02-21,Referral
17477,Customer_17477,Female,59,Udaipur,Rajasthan,Consumer,2022-09-08,Referral
17478,Customer_17478,Male,56,Nashik,Maharashtra,Consumer,2025-01-20,Organic Search
17479,Customer_17479,Female,52,Indore,Madhya Pradesh,Consumer,2024-09-03,Social Media
17480,Customer_17480,Male,36,Coimbatore,Tamil Nadu,Consumer,2024-07-01,Organic Search
17481,Customer_17481,Female,21,Bengaluru,Karnataka,Home Office,2022-08-14,Social Media
17482,Customer_17482,Male,48,Nashik,Maharashtra,Consumer,2025-12-03,Organic Search
17483,Customer_17483,Male,59,Chennai,Tamil Nadu,Consumer,2025-03-17,Social Media
17484,Customer_17484,Male,55,Hyderabad,Telangana,Home Office,2023-09-01,Direct
17485,Customer_17485,Male,50,Chennai,Tamil Nadu,Corporate,2023-05-08,Organic Search
17486,Customer_17486,Male,23,Udaipur,Rajasthan,Consumer,2024-08-02,Social Media
17487,Customer_17487,Male,25,Coimbatore,Tamil Nadu,Consumer,2023-06-07,Social Media
17488,Customer_17488,Female,45,Amritsar,Punjab,Consumer,2025-08-04,Organic Search
17489,Customer_17489,Male,32,Ahmedabad,Gujarat,Consumer,2024-09-22,Direct
17490,Customer_17490,Female,48,Noida,Uttar Pradesh,Consumer,2023-07-19,Referral
17491,Customer_17491,Male,25,Nagpur,Maharashtra,Consumer,2022-08-19,Referral
17492,Customer_17492,Female,23,Coimbatore,Tamil Nadu,Corporate,2024-07-15,Organic Search
17493,Customer_17493,Male,46,Mysuru,Karnataka,Consumer,2022-09-09,Email
17494,Customer_17494,Female,51,Vadodara,Gujarat,Corporate,2023-02-21,Email
17495,Customer_17495,Female,24,Indore,Madhya Pradesh,Home Office,2023-06-28,Referral
17496,Customer_17496,Male,57,Mumbai,Maharashtra,Consumer,2025-01-03,Social Media
17497,Customer_17497,Female,27,Mumbai,Maharashtra,Corporate,2024-08-28,Organic Search
17498,Customer_17498,Male,30,Indore,Madhya Pradesh,Consumer,2022-06-08,Organic Search
17499,Customer_17499,Female,39,New Delhi,Delhi,Consumer,2022-04-04,Social Media
17500,Customer_17500,Male,38,Udaipur,Rajasthan,Home Office,2025-08-26,Referral
17501,Customer_17501,Male,18,Vadodara,Gujarat,Consumer,2025-09-11,Social Media
17502,Customer_17502,Male,58,Noida,Uttar Pradesh,Consumer,2023-10-05,Referral
17503,Customer_17503,Female,59,Nagpur,Maharashtra,Consumer,2022-04-02,Email
17504,Customer_17504,Male,19,Pune,Maharashtra,Consumer,2023-05-02,Organic Search
17505,Customer_17505,Female,46,Vadodara,Gujarat,Consumer,2024-01-01,Referral
17506,Customer_17506,Male,28,Gurugram,Haryana,Consumer,2024-08-29,Organic Search
17507,Customer_17507,Male,54,Coimbatore,Tamil Nadu,Consumer,2025-01-08,Referral
17508,Customer_17508,Female,24,Mysuru,Karnataka,Consumer,2025-04-19,Organic Search
17509,Customer_17509,Female,52,Surat,Gujarat,Consumer,2023-10-12,Organic Search
17510,Customer_17510,Female,47,Faridabad,Haryana,Consumer,2022-09-20,Organic Search
17511,Customer_17511,Female,33,Noida,Uttar Pradesh,Consumer,2022-05-31,Referral
17512,Customer_17512,Female,32,Amritsar,Punjab,Consumer,2023-10-10,Paid Ads
17513,Customer_17513,Female,57,Pune,Maharashtra,Consumer,2025-11-17,Organic Search
17514,Customer_17514,Male,37,Pune,Maharashtra,Corporate,2023-10-31,Email
17515,Customer_17515,Male,45,Vadodara,Gujarat,Consumer,2025-11-08,Paid Ads
17516,Customer_17516,Male,54,Noida,Uttar Pradesh,Consumer,2024-04-30,Organic Search
17517,Customer_17517,Male,20,Mysuru,Karnataka,Corporate,2024-12-09,Organic Search
17518,Customer_17518,Male,46,New Delhi,Delhi,Consumer,2024-08-22,Referral
17519,Customer_17519,Other,54,Kanpur,Uttar Pradesh,Consumer,2022-06-07,Email
17520,Customer_17520,Male,26,Mumbai,Maharashtra,Consumer,2023-08-27,Social Media
17521,Customer_17521,Female,44,Bengaluru,Karnataka,Consumer,2022-08-16,Direct
17522,Customer_17522,Female,49,Warangal,Telangana,Consumer,2023-02-21,Direct
17523,Customer_17523,Male,56,Surat,Gujarat,Home Office,2022-04-09,Organic Search
17524,Customer_17524,Male,48,Kolkata,West Bengal,Consumer,2025-04-12,Paid Ads
17525,Customer_17525,Female,43,Bengaluru,Karnataka,Consumer,2024-06-12,Social Media
17526,Customer_17526,Female,57,Ahmedabad,Gujarat,Home Office,2025-06-21,Organic Search
17527,Customer_17527,Other,20,Surat,Gujarat,Consumer,2023-03-17,Paid Ads
17528,Customer_17528,Male,28,Ahmedabad,Gujarat,Consumer,2023-05-14,Paid Ads
17529,Customer_17529,Female,46,Udaipur,Rajasthan,Consumer,2025-01-26,Organic Search
17530,Customer_17530,Male,44,New Delhi,Delhi,Consumer,2022-09-24,Organic Search
17531,Customer_17531,Female,27,Nagpur,Maharashtra,Corporate,2023-02-01,Organic Search
17532,Customer_17532,Female,52,Mumbai,Maharashtra,Consumer,2023-11-27,Referral
17533,Customer_17533,Male,40,Delhi,Delhi,Home Office,2024-11-01,Organic Search
17534,Customer_17534,Male,23,Hyderabad,Telangana,Consumer,2024-04-09,Referral
17535,Customer_17535,Male,28,Kanpur,Uttar Pradesh,Corporate,2023-06-29,Paid Ads
17536,Customer_17536,Male,60,Kolkata,West Bengal,Consumer,2025-02-26,Social Media
17537,Customer_17537,Female,44,Kanpur,Uttar Pradesh,Home Office,2023-02-20,Social Media
17538,Customer_17538,Male,48,Bengaluru,Karnataka,Consumer,2022-04-27,Paid Ads
17539,Customer_17539,Female,47,Coimbatore,Tamil Nadu,Corporate,2024-05-23,Social Media
17540,Customer_17540,Male,20,Coimbatore,Tamil Nadu,Consumer,2024-02-03,Social Media
17541,Customer_17541,Female,30,New Delhi,Delhi,Corporate,2025-04-23,Referral
17542,Customer_17542,Female,57,Nagpur,Maharashtra,Consumer,2022-08-03,Organic Search
17543,Customer_17543,Female,38,Vadodara,Gujarat,Consumer,2025-08-22,Social Media
17544,Customer_17544,Male,60,Amritsar,Punjab,Consumer,2023-04-20,Organic Search
17545,Customer_17545,Male,28,Nashik,Maharashtra,Consumer,2025-06-26,Email
17546,Customer_17546,Female,20,Nagpur,Maharashtra,Consumer,2023-06-07,Social Media
17547,Customer_17547,Male,55,Lucknow,Uttar Pradesh,Corporate,2022-04-01,Social Media
17548,Customer_17548,Male,48,Delhi,Delhi,Consumer,2023-06-16,Organic Search
17549,Customer_17549,Male,41,Kanpur,Uttar Pradesh,Consumer,2022-04-16,Social Media
17550,Customer_17550,Female,59,Kolkata,West Bengal,Consumer,2022-02-28,Paid Ads
17551,Customer_17551,Female,29,Faridabad,Haryana,Consumer,2025-03-28,Organic Search
17552,Customer_17552,Female,60,Chennai,Tamil Nadu,Home Office,2024-03-04,Social Media
17553,Customer_17553,Male,44,Udaipur,Rajasthan,Consumer,2024-06-05,Referral
17554,Customer_17554,Male,38,Warangal,Telangana,Consumer,2025-11-01,Direct
17555,Customer_17555,Female,42,Surat,Gujarat,Consumer,2024-10-22,Paid Ads
17556,Customer_17556,Male,47,Coimbatore,Tamil Nadu,Consumer,2023-03-29,Referral
17557,Customer_17557,Male,47,New Delhi,Delhi,Consumer,2025-06-02,Organic Search
17558,Customer_17558,Female,27,Warangal,Telangana,Consumer,2023-04-13,Direct
17559,Customer_17559,Male,20,Warangal,Telangana,Consumer,2022-04-14,Organic Search
17560,Customer_17560,Male,30,Lucknow,Uttar Pradesh,Consumer,2022-12-28,Organic Search
17561,Customer_17561,Male,44,Kolkata,West Bengal,Consumer,2023-06-01,Social Media
17562,Customer_17562,Male,35,Jaipur,Rajasthan,Consumer,2025-05-14,Paid Ads
17563,Customer_17563,Male,41,Mumbai,Maharashtra,Consumer,2023-10-13,Organic Search
17564,Customer_17564,Female,31,Kolkata,West Bengal,Home Office,2024-05-01,Organic Search
17565,Customer_17565,Male,56,Hyderabad,Telangana,Home Office,2022-10-19,Referral
17566,Customer_17566,Male,21,Bhopal,Madhya Pradesh,Home Office,2024-03-11,Organic Search
17567,Customer_17567,Female,33,Faridabad,Haryana,Corporate,2025-01-02,Paid Ads
17568,Customer_17568,Female,27,Nashik,Maharashtra,Consumer,2024-10-25,Organic Search
17569,Customer_17569,Male,54,Lucknow,Uttar Pradesh,Consumer,2023-09-26,Social Media
17570,Customer_17570,Female,44,Mumbai,Maharashtra,Consumer,2025-07-01,Social Media
17571,Customer_17571,Female,18,Mysuru,Karnataka,Consumer,2022-07-31,Referral
17572,Customer_17572,Male,22,Vadodara,Gujarat,Corporate,2022-03-08,Social Media
17573,Customer_17573,Male,30,Nashik,Maharashtra,Consumer,2025-08-29,Organic Search
17574,Customer_17574,Male,20,Kanpur,Uttar Pradesh,Consumer,2023-01-20,Organic Search
17575,Customer_17575,Female,34,Mumbai,Maharashtra,Consumer,2023-03-04,Social Media
17576,Customer_17576,Male,36,Delhi,Delhi,Consumer,2023-02-11,Referral
17577,Customer_17577,Male,54,Ahmedabad,Gujarat,Consumer,2024-03-01,Direct
17578,Customer_17578,Female,22,Kolkata,West Bengal,Consumer,2025-01-19,Referral
17579,Customer_17579,Male,59,Faridabad,Haryana,Home Office,2023-01-28,Paid Ads
17580,Customer_17580,Female,41,Kolkata,West Bengal,Consumer,2023-03-20,Organic Search
17581,Customer_17581,Female,60,Udaipur,Rajasthan,Consumer,2023-08-06,Direct
17582,Customer_17582,Male,50,Coimbatore,Tamil Nadu,Consumer,2022-06-27,Organic Search
17583,Customer_17583,Female,38,Nashik,Maharashtra,Consumer,2025-03-12,Referral
17584,Customer_17584,Male,20,Nagpur,Maharashtra,Consumer,2024-06-04,Direct
17585,Customer_17585,Male,21,Hyderabad,Telangana,Consumer,2025-11-30,Social Media
17586,Customer_17586,Male,49,Jaipur,Rajasthan,Consumer,2022-11-19,Direct
17587,Customer_17587,Female,41,Coimbatore,Tamil Nadu,Consumer,2023-05-20,Referral
17588,Customer_17588,Female,52,Kolkata,West Bengal,Consumer,2022-06-22,Email
17589,Customer_17589,Male,35,Warangal,Telangana,Consumer,2023-02-01,Paid Ads
17590,Customer_17590,Male,20,Nashik,Maharashtra,Home Office,2025-02-09,Referral
17591,Customer_17591,Male,56,New Delhi,Delhi,Consumer,2024-09-01,Organic Search
17592,Customer_17592,Female,43,Kanpur,Uttar Pradesh,Consumer,2023-04-25,Organic Search
17593,Customer_17593,Female,41,Kolkata,West Bengal,Home Office,2024-11-05,Organic Search
17594,Customer_17594,Female,18,Bhopal,Madhya Pradesh,Consumer,2022-07-15,Referral
17595,Customer_17595,Female,51,Nagpur,Maharashtra,Consumer,2023-06-07,Social Media
17596,Customer_17596,Female,29,Ludhiana,Punjab,Consumer,2024-10-19,Social Media
17597,Customer_17597,Male,34,New Delhi,Delhi,Corporate,2022-12-22,Organic Search
17598,Customer_17598,Male,38,Nagpur,Maharashtra,Corporate,2024-03-09,Email
17599,Customer_17599,Female,38,Amritsar,Punjab,Consumer,2022-07-24,Social Media
17600,Customer_17600,Male,20,Bengaluru,Karnataka,Consumer,2025-09-28,Organic Search
17601,Customer_17601,Male,45,Udaipur,Rajasthan,Consumer,2023-10-09,Organic Search
17602,Customer_17602,Female,42,New Delhi,Delhi,Home Office,2025-03-23,Social Media
17603,Customer_17603,Female,23,Surat,Gujarat,Consumer,2023-02-14,Email
17604,Customer_17604,Male,59,,Madhya Pradesh,Corporate,2023-05-14,Social Media
17605,Customer_17605,Female,47,Mysuru,Karnataka,Consumer,2022-12-24,Organic Search
17606,Customer_17606,Female,49,Udaipur,Rajasthan,Consumer,2022-11-01,Email
17607,Customer_17607,Male,39,New Delhi,Delhi,Consumer,2024-11-09,Email
17608,Customer_17608,Male,55,Vadodara,Gujarat,Corporate,2025-11-30,Paid Ads
17609,Customer_17609,Male,31,Mysuru,Karnataka,Consumer,2022-05-23,Email
17610,Customer_17610,Male,51,New Delhi,Delhi,Consumer,2022-03-06,Email
17611,Customer_17611,Female,60,Bengaluru,Karnataka,Corporate,2025-08-20,Paid Ads
17612,Customer_17612,Male,43,New Delhi,Delhi,Consumer,2023-10-12,Social Media
17613,Customer_17613,Male,57,Indore,Madhya Pradesh,Corporate,2022-02-21,Direct
17614,Customer_17614,Male,30,Chennai,Tamil Nadu,Consumer,2025-08-06,Social Media
17615,Customer_17615,Male,47,Delhi,Delhi,Consumer,2025-05-13,Paid Ads
17616,Customer_17616,Male,36,Coimbatore,Tamil Nadu,Consumer,2025-09-12,Organic Search
17617,Customer_17617,Female,59,Bengaluru,Karnataka,Consumer,2023-10-22,Paid Ads
17618,Customer_17618,Male,58,Noida,Uttar Pradesh,Corporate,2024-09-18,Email
17619,Customer_17619,Female,56,Amritsar,Punjab,Corporate,2022-04-22,Paid Ads
17620,Customer_17620,Female,20,Coimbatore,Tamil Nadu,Corporate,2024-07-05,Paid Ads
17621,Customer_17621,Male,48,Indore,Madhya Pradesh,Consumer,2024-10-27,Social Media
17622,Customer_17622,Female,29,,Gujarat,Consumer,2023-06-04,Email
17623,Customer_17623,Female,32,Nashik,Maharashtra,Consumer,2025-09-19,Social Media
17624,Customer_17624,Male,55,Kolkata,West Bengal,Home Office,2022-09-28,Direct
17625,Customer_17625,Male,57,Hyderabad,Telangana,Consumer,2025-11-21,Organic Search
17626,Customer_17626,Female,31,Jaipur,Rajasthan,Consumer,2023-01-13,Referral
17627,Customer_17627,Female,52,Bhopal,Madhya Pradesh,Corporate,2022-05-21,Referral
17628,Customer_17628,Male,33,Chennai,Tamil Nadu,Home Office,2024-10-22,Organic Search
17629,Customer_17629,Male,41,Indore,Madhya Pradesh,Consumer,2022-10-23,Paid Ads
17630,Customer_17630,Male,34,Lucknow,Uttar Pradesh,Consumer,2025-01-11,Organic Search
17631,Customer_17631,Male,35,Hyderabad,Telangana,Consumer,2023-12-22,Social Media
17632,Customer_17632,Female,59,Ahmedabad,Gujarat,Consumer,2023-03-09,Email
17633,Customer_17633,Male,34,Mysuru,Karnataka,Consumer,2024-03-28,Social Media
17634,Customer_17634,Male,33,Ludhiana,Punjab,Home Office,2022-10-23,Email
17635,Customer_17635,Male,38,Jaipur,Rajasthan,Consumer,2024-04-17,Organic Search
17636,Customer_17636,Male,41,Nashik,Maharashtra,Consumer,2025-11-30,Organic Search
17637,Customer_17637,Male,51,Mysuru,Karnataka,Home Office,2025-07-06,Organic Search
17638,Customer_17638,Male,53,Vadodara,Gujarat,Consumer,2024-06-29,Organic Search
17639,Customer_17639,Male,60,Nashik,Maharashtra,Consumer,2022-07-26,Direct
17640,Customer_17640,Female,44,Nagpur,Maharashtra,Home Office,2024-08-24,Organic Search
17641,Customer_17641,Female,56,Coimbatore,Tamil Nadu,Home Office,2023-10-27,Organic Search
17642,Customer_17642,Male,34,Bengaluru,Karnataka,Consumer,2022-10-22,Organic Search
17643,Customer_17643,Male,42,Coimbatore,Tamil Nadu,Consumer,2022-10-16,Referral
17644,Customer_17644,Male,55,New Delhi,Delhi,Consumer,2023-05-12,Social Media
17645,Customer_17645,Male,59,Pune,Maharashtra,Consumer,2022-11-11,Paid Ads
17646,Customer_17646,Male,38,Kolkata,West Bengal,Consumer,2025-07-10,Social Media
17647,Customer_17647,Male,21,Hyderabad,Telangana,Consumer,2024-05-06,Organic Search
17648,Customer_17648,Female,42,New Delhi,Delhi,Corporate,2023-01-31,Social Media
17649,Customer_17649,Male,47,Bengaluru,Karnataka,Corporate,2023-07-08,Paid Ads
17650,Customer_17650,Male,50,Surat,Gujarat,Corporate,2024-07-29,Email
17651,Customer_17651,Female,56,Nagpur,Maharashtra,Consumer,2025-11-28,Paid Ads
17652,Customer_17652,Female,43,Nagpur,Maharashtra,Consumer,2025-12-30,Social Media
17653,Customer_17653,Male,42,Nagpur,Maharashtra,Corporate,2024-07-15,Referral
17654,Customer_17654,Male,33,Kanpur,Uttar Pradesh,Corporate,2025-02-28,Organic Search
17655,Customer_17655,Male,41,Noida,Uttar Pradesh,Corporate,2024-11-17,Organic Search
17656,Customer_17656,Male,22,Kanpur,Uttar Pradesh,Home Office,2023-06-21,Organic Search
17657,Customer_17657,Male,59,Kolkata,West Bengal,Home Office,2022-06-09,Organic Search
17658,Customer_17658,Male,56,Jaipur,Rajasthan,Consumer,2023-10-27,Direct
17659,Customer_17659,Male,30,Warangal,Telangana,Consumer,2022-05-05,Social Media
17660,Customer_17660,Female,47,Udaipur,Rajasthan,Consumer,2023-12-03,Email
17661,Customer_17661,Female,24,Pune,Maharashtra,Consumer,2022-06-28,Organic Search
17662,Customer_17662,Male,34,Ahmedabad,Gujarat,Consumer,2025-09-15,Paid Ads
17663,Customer_17663,Male,44,Lucknow,Uttar Pradesh,Corporate,2025-07-26,Email
17664,Customer_17664,Male,52,Hyderabad,Telangana,Consumer,2022-03-06,Organic Search
17665,Customer_17665,Male,22,Mysuru,Karnataka,Corporate,2024-09-11,Organic Search
17666,Customer_17666,Male,59,Bengaluru,Karnataka,Consumer,2025-01-15,Direct
17667,Customer_17667,Female,22,Udaipur,Rajasthan,Consumer,2022-11-16,Referral
17668,Customer_17668,Female,41,Kolkata,West Bengal,Home Office,2022-08-01,Organic Search
17669,Customer_17669,Female,24,Bhopal,Madhya Pradesh,Consumer,2022-07-10,Organic Search
17670,Customer_17670,Female,24,Mysuru,Karnataka,Consumer,2022-02-11,Email
17671,Customer_17671,Female,31,Noida,Uttar Pradesh,Consumer,2022-11-05,Organic Search
17672,Customer_17672,Female,32,Vadodara,Gujarat,Home Office,2025-05-29,Email
17673,Customer_17673,Female,22,Indore,Madhya Pradesh,Corporate,2024-09-30,Referral
17674,Customer_17674,Male,54,Hyderabad,Telangana,Home Office,2022-09-20,Paid Ads
17675,Customer_17675,Male,21,Warangal,Telangana,Home Office,2025-03-25,Social Media
17676,Customer_17676,Female,47,Vadodara,Gujarat,Corporate,2022-03-07,Organic Search
17677,Customer_17677,Other,37,Kanpur,Uttar Pradesh,Consumer,2024-05-01,Referral
17678,Customer_17678,Male,43,Amritsar,Punjab,Consumer,2023-03-05,Paid Ads
17679,Customer_17679,Male,26,Pune,Maharashtra,Consumer,2022-09-22,Organic Search
17680,Customer_17680,Male,47,Mumbai,Maharashtra,Consumer,2022-11-06,Organic Search
17681,Customer_17681,Female,39,Faridabad,Haryana,Corporate,2022-04-14,Direct
17682,Customer_17682,Male,57,Hyderabad,Telangana,Consumer,2022-05-12,Paid Ads
17683,Customer_17683,Female,58,Ahmedabad,Gujarat,Consumer,2024-03-24,Paid Ads
17684,Customer_17684,Female,47,Hyderabad,Telangana,Consumer,2023-03-25,Organic Search
17685,Customer_17685,Female,37,Pune,Maharashtra,Consumer,2022-02-06,Social Media
17686,Customer_17686,Male,45,Noida,Uttar Pradesh,Corporate,2025-06-14,Paid Ads
17687,Customer_17687,Male,24,Noida,Uttar Pradesh,Consumer,2024-11-01,Organic Search
17688,Customer_17688,Male,21,Bengaluru,Karnataka,Corporate,2022-02-23,Organic Search
17689,Customer_17689,Male,45,Mysuru,Karnataka,Consumer,2022-06-30,Referral
17690,Customer_17690,Male,52,Kanpur,Uttar Pradesh,Home Office,2024-03-31,Email
17691,Customer_17691,Female,50,Mumbai,Maharashtra,Consumer,2023-12-25,Social Media
17692,Customer_17692,Male,24,Bhopal,Madhya Pradesh,Consumer,2024-04-01,Email
17693,Customer_17693,Female,26,Delhi,Delhi,Consumer,2022-10-20,Organic Search
17694,Customer_17694,Female,51,Vadodara,Gujarat,Consumer,2025-11-30,Organic Search
17695,Customer_17695,Male,56,Faridabad,Haryana,Consumer,2025-01-23,Organic Search
17696,Customer_17696,Other,59,Jaipur,Rajasthan,Consumer,2023-11-21,Paid Ads
17697,Customer_17697,Female,51,Coimbatore,Tamil Nadu,Consumer,2023-02-01,Referral
17698,Customer_17698,Male,30,Kolkata,West Bengal,Home Office,2025-08-07,Organic Search
17699,Customer_17699,Male,46,Mysuru,Karnataka,Consumer,2024-04-20,Referral
17700,Customer_17700,Male,52,Bengaluru,Karnataka,Consumer,2023-02-06,Email
17701,Customer_17701,Male,27,Ludhiana,Punjab,Consumer,2024-02-05,Social Media
17702,Customer_17702,Female,47,Lucknow,Uttar Pradesh,Consumer,2024-10-24,Paid Ads
17703,Customer_17703,Male,43,Udaipur,Rajasthan,Consumer,2022-06-13,Social Media
17704,Customer_17704,Female,52,Mysuru,Karnataka,Home Office,2023-03-01,Paid Ads
17705,Customer_17705,Male,45,Nashik,Maharashtra,Consumer,2023-09-30,Email
17706,Customer_17706,Male,46,Nagpur,Maharashtra,Home Office,2024-02-28,Referral
17707,Customer_17707,Female,23,Ahmedabad,Gujarat,Consumer,2025-09-14,Social Media
17708,Customer_17708,Female,20,Noida,Uttar Pradesh,Consumer,2022-12-16,Paid Ads
17709,Customer_17709,Male,46,Vadodara,Gujarat,Home Office,2025-07-03,Direct
17710,Customer_17710,Male,19,Lucknow,Uttar Pradesh,Consumer,2025-11-04,Organic Search
17711,Customer_17711,Female,39,Nashik,Maharashtra,Corporate,2023-01-23,Referral
17712,Customer_17712,Female,44,Mysuru,Karnataka,Consumer,2024-04-13,Organic Search
17713,Customer_17713,Male,39,Delhi,Delhi,Consumer,2022-03-12,Organic Search
17714,Customer_17714,Male,27,Chennai,Tamil Nadu,Consumer,2023-05-28,Referral
17715,Customer_17715,Male,36,Nagpur,Maharashtra,Corporate,2025-09-15,Direct
17716,Customer_17716,Male,41,Faridabad,Haryana,Consumer,2023-06-16,Email
17717,Customer_17717,Female,44,Delhi,Delhi,Consumer,2025-05-22,Organic Search
17718,Customer_17718,Female,53,Faridabad,Haryana,Home Office,2024-07-25,Organic Search
17719,Customer_17719,Female,60,Coimbatore,Tamil Nadu,Consumer,2024-07-22,Referral
17720,Customer_17720,Male,34,Amritsar,Punjab,Consumer,2023-05-08,Referral
17721,Customer_17721,Female,27,Vadodara,Gujarat,Home Office,2023-04-01,Social Media
17722,Customer_17722,Male,34,Gurugram,Haryana,Consumer,2022-04-25,Social Media
17723,Customer_17723,Female,27,Mumbai,Maharashtra,Consumer,2025-01-09,Referral
17724,Customer_17724,Male,27,Lucknow,Uttar Pradesh,Corporate,2025-07-25,Social Media
17725,Customer_17725,Male,55,Bhopal,Madhya Pradesh,Consumer,2024-10-15,Organic Search
17726,Customer_17726,Female,34,Nashik,Maharashtra,Consumer,2025-06-07,Organic Search
17727,Customer_17727,Male,43,Nashik,Maharashtra,Consumer,2024-08-02,Organic Search
17728,Customer_17728,Female,43,Chennai,Tamil Nadu,Corporate,2023-05-19,Organic Search
17729,Customer_17729,Female,51,Gurugram,Haryana,Consumer,2022-06-12,Email
17730,Customer_17730,Male,21,Vadodara,Gujarat,Consumer,2022-11-21,Organic Search
17731,Customer_17731,Female,44,Hyderabad,Telangana,Consumer,2024-07-12,Organic Search
17732,Customer_17732,Male,38,Pune,Maharashtra,Consumer,2024-12-03,Email
17733,Customer_17733,Male,53,Nashik,Maharashtra,Consumer,2023-04-11,Direct
17734,Customer_17734,Other,55,Lucknow,Uttar Pradesh,Consumer,2024-01-02,Organic Search
17735,Customer_17735,Female,48,Pune,Maharashtra,Consumer,2023-02-22,Paid Ads
17736,Customer_17736,Male,24,Udaipur,Rajasthan,Consumer,2022-01-18,Organic Search
17737,Customer_17737,Female,51,Faridabad,Haryana,Consumer,2023-03-05,Paid Ads
17738,Customer_17738,Male,35,New Delhi,Delhi,Consumer,2022-11-20,Paid Ads
17739,Customer_17739,Female,41,Jaipur,Rajasthan,Consumer,2022-06-14,Social Media
17740,Customer_17740,Female,30,Nashik,Maharashtra,Consumer,2022-03-30,Email
17741,Customer_17741,Male,30,Surat,Gujarat,Consumer,2022-11-21,Organic Search
17742,Customer_17742,Female,42,Nagpur,Maharashtra,Consumer,2022-11-20,Social Media
17743,Customer_17743,Male,22,Kolkata,West Bengal,Consumer,2022-05-13,Referral
17744,Customer_17744,Male,56,Bengaluru,Karnataka,Consumer,2022-12-11,Paid Ads
17745,Customer_17745,Female,46,Warangal,Telangana,Home Office,2024-11-05,Organic Search
17746,Customer_17746,Male,50,Vadodara,Gujarat,Consumer,2023-08-02,Referral
17747,Customer_17747,Male,41,Delhi,Delhi,Consumer,2023-01-22,Social Media
17748,Customer_17748,Female,27,Noida,Uttar Pradesh,Corporate,2025-01-07,Social Media
17749,Customer_17749,Male,42,Bengaluru,Karnataka,Consumer,2024-07-24,Social Media
17750,Customer_17750,Male,58,Udaipur,Rajasthan,Corporate,2025-10-21,Direct
17751,Customer_17751,Female,27,Nashik,Maharashtra,Home Office,2022-12-16,Organic Search
17752,Customer_17752,Female,56,Kolkata,West Bengal,Consumer,2025-11-10,Paid Ads
17753,Customer_17753,Female,33,Mumbai,Maharashtra,Corporate,2024-11-07,Social Media
17754,Customer_17754,Male,45,Coimbatore,Tamil Nadu,Consumer,2025-10-31,Referral
17755,Customer_17755,Female,29,New Delhi,Delhi,Consumer,2025-01-22,Direct
17756,Customer_17756,Female,49,Noida,Uttar Pradesh,Consumer,2025-05-29,Social Media
17757,Customer_17757,Male,46,Delhi,Delhi,Consumer,2025-10-21,Email
17758,Customer_17758,Male,44,Indore,Madhya Pradesh,Consumer,2023-10-07,Organic Search
17759,Customer_17759,Male,43,Indore,Madhya Pradesh,Consumer,2024-02-21,Referral
17760,Customer_17760,Male,20,New Delhi,Delhi,Corporate,2023-09-14,Social Media
17761,Customer_17761,Male,43,Vadodara,Gujarat,Consumer,2025-02-17,Paid Ads
17762,Customer_17762,Female,56,Nagpur,Maharashtra,Consumer,2025-10-09,Organic Search
17763,Customer_17763,Other,18,Chennai,Tamil Nadu,Consumer,2023-06-13,Social Media
17764,Customer_17764,Female,52,Kolkata,West Bengal,Consumer,2022-07-23,Social Media
17765,Customer_17765,Female,44,Udaipur,Rajasthan,Consumer,2025-07-18,Email
17766,Customer_17766,Female,21,Vadodara,Gujarat,Corporate,2022-09-03,Social Media
17767,Customer_17767,Female,36,Mysuru,Karnataka,Consumer,2022-12-07,Social Media
17768,Customer_17768,Male,39,Bengaluru,Karnataka,Consumer,2023-01-29,Social Media
17769,Customer_17769,Male,23,Nashik,Maharashtra,Consumer,2022-02-07,Social Media
17770,Customer_17770,Male,26,Kolkata,West Bengal,Consumer,2025-02-27,Organic Search
17771,Customer_17771,Male,28,,Telangana,Consumer,2023-07-18,Organic Search
17772,Customer_17772,Male,39,Kolkata,West Bengal,Consumer,2022-08-18,Direct
17773,Customer_17773,Male,26,New Delhi,Delhi,Consumer,2023-07-25,Paid Ads
17774,Customer_17774,Male,46,Mysuru,Karnataka,Consumer,2022-09-25,Direct
17775,Customer_17775,Male,60,Mysuru,Karnataka,Corporate,2024-11-17,Paid Ads
17776,Customer_17776,Male,27,Nashik,Maharashtra,Corporate,2023-07-16,Email
17777,Customer_17777,Male,51,Bengaluru,Karnataka,Consumer,2023-08-24,Social Media
17778,Customer_17778,Female,48,Lucknow,Uttar Pradesh,Home Office,2023-01-13,Social Media
17779,Customer_17779,Male,39,Bhopal,Madhya Pradesh,Corporate,2023-01-22,Direct
17780,Customer_17780,Female,21,Hyderabad,Telangana,Consumer,2025-07-06,Organic Search
17781,Customer_17781,Female,19,Chennai,Tamil Nadu,Consumer,2023-06-21,Organic Search
17782,Customer_17782,Female,22,Pune,Maharashtra,Consumer,2025-12-07,Paid Ads
17783,Customer_17783,Female,32,Bhopal,Madhya Pradesh,Consumer,2022-03-10,Organic Search
17784,Customer_17784,Female,36,Nagpur,Maharashtra,Consumer,2022-11-04,Social Media
17785,Customer_17785,Male,55,Gurugram,Haryana,Consumer,2024-04-17,Direct
17786,Customer_17786,Other,32,Hyderabad,Telangana,Consumer,2025-12-02,Organic Search
17787,Customer_17787,Female,25,Mysuru,Karnataka,Consumer,2023-02-15,Referral
17788,Customer_17788,Female,37,Gurugram,Haryana,Consumer,2024-04-07,Paid Ads
17789,Customer_17789,Male,29,Nagpur,Maharashtra,Consumer,2024-02-09,Organic Search
17790,Customer_17790,Female,21,Ahmedabad,Gujarat,Consumer,2025-08-09,Organic Search
17791,Customer_17791,Female,55,Surat,Gujarat,Consumer,2022-12-29,Paid Ads
17792,Customer_17792,Female,60,Delhi,Delhi,Consumer,2023-06-13,Direct
17793,Customer_17793,Female,56,Chennai,Tamil Nadu,Corporate,2023-09-26,Referral
17794,Customer_17794,Male,53,Jaipur,Rajasthan,Consumer,2023-06-24,Organic Search
17795,Customer_17795,Male,32,Kolkata,West Bengal,Consumer,2024-12-01,Social Media
17796,Customer_17796,Male,18,Nashik,Maharashtra,Consumer,2024-05-22,Paid Ads
17797,Customer_17797,Male,48,Gurugram,Haryana,Consumer,2022-08-25,Referral
17798,Customer_17798,Male,26,Mumbai,Maharashtra,Consumer,2025-11-07,Organic Search
17799,Customer_17799,Male,40,New Delhi,Delhi,Consumer,2024-01-26,Organic Search
17800,Customer_17800,Male,43,Delhi,Delhi,Consumer,2022-05-22,Email
17801,Customer_17801,Male,57,Mumbai,Maharashtra,Consumer,2025-05-11,Organic Search
17802,Customer_17802,Male,56,Nagpur,Maharashtra,Consumer,2022-08-25,Direct
17803,Customer_17803,Female,35,Amritsar,Punjab,Consumer,2023-11-15,Organic Search
17804,Customer_17804,Female,50,Bengaluru,Karnataka,Home Office,2024-05-12,Organic Search
17805,Customer_17805,Female,58,Nashik,Maharashtra,Consumer,2025-09-20,Paid Ads
17806,Customer_17806,Male,56,Nagpur,Maharashtra,Consumer,2025-06-14,Organic Search
17807,Customer_17807,Female,31,Kolkata,West Bengal,Corporate,2023-12-20,Direct
17808,Customer_17808,Male,18,Bhopal,Madhya Pradesh,Corporate,2024-02-14,Organic Search
17809,Customer_17809,Other,30,Delhi,Delhi,Consumer,2024-01-25,Referral
17810,Customer_17810,Female,32,Mumbai,Maharashtra,Consumer,2024-03-15,Social Media
17811,Customer_17811,Female,54,New Delhi,Delhi,Consumer,2024-04-20,Organic Search
17812,Customer_17812,Female,22,Nashik,Maharashtra,Consumer,2023-12-22,Paid Ads
17813,Customer_17813,Male,31,Nagpur,Maharashtra,Consumer,2024-12-26,Paid Ads
17814,Customer_17814,Male,31,Coimbatore,Tamil Nadu,Home Office,2024-11-29,Email
17815,Customer_17815,Female,22,New Delhi,Delhi,Consumer,2025-01-17,Social Media
17816,Customer_17816,Male,28,Hyderabad,Telangana,Home Office,2024-03-27,Direct
17817,Customer_17817,Male,49,New Delhi,Delhi,Consumer,2025-12-04,Paid Ads
17818,Customer_17818,Female,22,Gurugram,Haryana,Home Office,2024-09-04,Social Media
17819,Customer_17819,Male,53,Faridabad,Haryana,Consumer,2025-05-25,Organic Search
17820,Customer_17820,Female,32,Vadodara,Gujarat,Consumer,2024-03-18,Organic Search
17821,Customer_17821,Female,24,Bengaluru,Karnataka,Corporate,2023-11-01,Paid Ads
17822,Customer_17822,Male,22,Chennai,Tamil Nadu,Consumer,2023-02-15,Email
17823,Customer_17823,Male,47,Chennai,Tamil Nadu,Consumer,2022-06-06,Paid Ads
17824,Customer_17824,Male,32,Kolkata,West Bengal,Consumer,2025-10-12,Social Media
17825,Customer_17825,Male,47,Chennai,Tamil Nadu,Consumer,2022-09-03,Social Media
17826,Customer_17826,Male,31,Bhopal,Madhya Pradesh,Consumer,2025-06-01,Social Media
17827,Customer_17827,Male,41,Faridabad,Haryana,Consumer,2023-10-29,Social Media
17828,Customer_17828,Male,41,Bengaluru,Karnataka,Corporate,2025-12-24,Paid Ads
17829,Customer_17829,Male,52,Surat,Gujarat,Consumer,2023-08-21,Organic Search
17830,Customer_17830,Female,22,Nashik,Maharashtra,Consumer,2023-08-01,Organic Search
17831,Customer_17831,Female,29,New Delhi,Delhi,Consumer,2023-07-03,Organic Search
17832,Customer_17832,Female,37,Coimbatore,Tamil Nadu,Corporate,2023-09-19,Paid Ads
17833,Customer_17833,Male,22,Delhi,Delhi,Consumer,2024-05-29,Email
17834,Customer_17834,Male,53,Bhopal,Madhya Pradesh,Consumer,2023-06-12,Social Media
17835,Customer_17835,Female,38,Nashik,Maharashtra,Consumer,2022-11-03,Social Media
17836,Customer_17836,Male,56,Chennai,Tamil Nadu,Consumer,2024-10-12,Organic Search
17837,Customer_17837,Male,20,Surat,Gujarat,Consumer,2023-12-25,Organic Search
17838,Customer_17838,Female,46,Kolkata,West Bengal,Consumer,2023-07-01,Paid Ads
17839,Customer_17839,Male,42,Coimbatore,Tamil Nadu,Consumer,2022-01-27,Organic Search
17840,Customer_17840,Male,44,Bhopal,Madhya Pradesh,Corporate,2022-12-08,Email
17841,Customer_17841,Female,53,Ahmedabad,Gujarat,Home Office,2024-03-21,Paid Ads
17842,Customer_17842,Female,39,Coimbatore,Tamil Nadu,Consumer,2022-02-11,Email
17843,Customer_17843,Male,55,Pune,Maharashtra,Consumer,2023-03-13,Paid Ads
17844,Customer_17844,Male,52,Warangal,Telangana,Consumer,2023-04-27,Organic Search
17845,Customer_17845,Female,18,Kanpur,Uttar Pradesh,Consumer,2022-02-16,Social Media
17846,Customer_17846,Female,20,Vadodara,Gujarat,Consumer,2022-11-23,Organic Search
17847,Customer_17847,Male,41,Lucknow,Uttar Pradesh,Consumer,2024-08-27,Social Media
17848,Customer_17848,Female,25,Hyderabad,Telangana,Consumer,2025-04-03,Referral
17849,Customer_17849,Female,56,Nagpur,Maharashtra,Consumer,2023-06-14,Paid Ads
17850,Customer_17850,Male,35,Pune,Maharashtra,Consumer,2024-10-02,Organic Search
17851,Customer_17851,Female,58,Bengaluru,Karnataka,Consumer,2022-10-21,Social Media
17852,Customer_17852,Female,20,Kolkata,West Bengal,Consumer,2023-11-02,Organic Search
17853,Customer_17853,Male,35,Lucknow,Uttar Pradesh,Consumer,2025-04-26,Direct
17854,Customer_17854,Female,33,Bengaluru,Karnataka,Corporate,2025-08-08,Direct
17855,Customer_17855,Male,49,Hyderabad,Telangana,Consumer,2025-08-12,Paid Ads
17856,Customer_17856,Female,18,Coimbatore,Tamil Nadu,Consumer,2023-02-25,Email
17857,Customer_17857,Female,43,Coimbatore,Tamil Nadu,Corporate,2022-02-12,Paid Ads
17858,Customer_17858,Male,29,Delhi,Delhi,Corporate,2022-09-15,Email
17859,Customer_17859,Female,55,Mumbai,Maharashtra,Consumer,2025-10-26,Direct
17860,Customer_17860,Female,38,New Delhi,Delhi,Consumer,2024-01-11,Direct
17861,Customer_17861,Male,58,Nagpur,Maharashtra,Corporate,2024-12-16,Referral
17862,Customer_17862,Male,30,New Delhi,Delhi,Corporate,2023-05-10,Direct
17863,Customer_17863,Male,29,Nagpur,Maharashtra,Corporate,2024-02-08,Social Media
17864,Customer_17864,Female,30,Ahmedabad,Gujarat,Consumer,2022-01-25,Organic Search
17865,Customer_17865,Female,35,Mysuru,Karnataka,Consumer,2024-06-24,Organic Search
17866,Customer_17866,Female,36,Amritsar,Punjab,Corporate,2024-10-15,Social Media
17867,Customer_17867,Male,36,New Delhi,Delhi,Home Office,2024-02-15,Organic Search
17868,Customer_17868,Male,23,Mysuru,Karnataka,Corporate,2024-08-11,Organic Search
17869,Customer_17869,Male,24,Mysuru,Karnataka,Corporate,2023-05-05,Social Media
17870,Customer_17870,Male,24,Nashik,Maharashtra,Consumer,2022-06-24,Referral
17871,Customer_17871,Male,45,Lucknow,Uttar Pradesh,Consumer,2022-11-08,Direct
17872,Customer_17872,Male,45,Mumbai,Maharashtra,Consumer,2022-11-27,Referral
17873,Customer_17873,Male,36,Gurugram,Haryana,Corporate,2023-03-17,Paid Ads
17874,Customer_17874,Female,33,Indore,Madhya Pradesh,Consumer,2022-08-17,Paid Ads
17875,Customer_17875,Female,34,Warangal,Telangana,Home Office,2025-07-20,Social Media
17876,Customer_17876,Female,39,Vadodara,Gujarat,Consumer,2024-04-10,Organic Search
17877,Customer_17877,Male,36,Jaipur,Rajasthan,Consumer,2023-07-14,Organic Search
17878,Customer_17878,Other,46,Chennai,Tamil Nadu,Home Office,2022-03-27,Email
17879,Customer_17879,,36,Udaipur,Rajasthan,Consumer,2024-04-18,Organic Search
17880,Customer_17880,Female,52,Pune,Maharashtra,Corporate,2025-12-14,Organic Search
17881,Customer_17881,,42,Pune,Maharashtra,Home Office,2023-02-02,Email
17882,Customer_17882,Male,37,Coimbatore,Tamil Nadu,Consumer,2023-06-24,Referral
17883,Customer_17883,Male,54,Vadodara,Gujarat,Corporate,2025-01-18,Paid Ads
17884,Customer_17884,Male,36,Bhopal,Madhya Pradesh,Consumer,2023-08-28,Email
17885,Customer_17885,Female,59,Nashik,Maharashtra,Corporate,2025-02-08,Social Media
17886,Customer_17886,Female,30,Kanpur,Uttar Pradesh,Consumer,2024-02-21,Paid Ads
17887,Customer_17887,Male,29,New Delhi,Delhi,Consumer,2023-09-23,Referral
17888,Customer_17888,Male,32,Chennai,Tamil Nadu,Consumer,2023-06-17,Organic Search
17889,Customer_17889,Female,21,Mysuru,Karnataka,Consumer,2024-03-08,Paid Ads
17890,Customer_17890,Male,32,Chennai,Tamil Nadu,Corporate,2024-02-04,Social Media
17891,Customer_17891,Female,34,Pune,Maharashtra,Home Office,2023-11-16,Organic Search
17892,Customer_17892,Female,44,Hyderabad,Telangana,Corporate,2023-10-20,Direct
17893,Customer_17893,Male,28,Noida,Uttar Pradesh,Home Office,2023-06-26,Paid Ads
17894,Customer_17894,Female,40,Coimbatore,Tamil Nadu,Consumer,2024-04-09,Organic Search
17895,Customer_17895,Female,32,Warangal,Telangana,Consumer,2025-12-04,Paid Ads
17896,Customer_17896,Female,48,Bhopal,Madhya Pradesh,Consumer,2022-10-04,Email
17897,Customer_17897,Female,43,Kolkata,West Bengal,Home Office,2025-08-27,Social Media
17898,Customer_17898,Female,24,Hyderabad,Telangana,Consumer,2022-11-11,Social Media
17899,Customer_17899,Male,30,New Delhi,Delhi,Consumer,2025-09-30,Social Media
17900,Customer_17900,Male,30,Bhopal,Madhya Pradesh,Consumer,2025-07-31,Social Media
17901,Customer_17901,Male,37,Vadodara,Gujarat,Consumer,2023-12-25,Social Media
17902,Customer_17902,Male,51,Delhi,Delhi,Home Office,2024-01-16,Referral
17903,Customer_17903,Female,27,New Delhi,Delhi,Consumer,2022-01-06,Direct
17904,Customer_17904,Male,54,Lucknow,Uttar Pradesh,Home Office,2025-10-18,Organic Search
17905,Customer_17905,Female,44,Pune,Maharashtra,Consumer,2025-11-06,Direct
17906,Customer_17906,Male,51,Amritsar,Punjab,Corporate,2025-08-31,Email
17907,Customer_17907,Male,53,Mumbai,Maharashtra,Consumer,2023-04-07,Paid Ads
17908,Customer_17908,Female,33,Kanpur,Uttar Pradesh,Consumer,2024-08-27,Social Media
17909,Customer_17909,Male,38,Chennai,Tamil Nadu,Consumer,2025-09-04,Organic Search
17910,Customer_17910,Female,33,Hyderabad,Telangana,Consumer,2024-09-12,Referral
17911,Customer_17911,Male,34,Bhopal,Madhya Pradesh,Consumer,2022-01-15,Email
17912,Customer_17912,Female,32,Coimbatore,Tamil Nadu,Consumer,2025-03-21,Social Media
17913,Customer_17913,Female,30,Vadodara,Gujarat,Consumer,2023-04-05,Organic Search
17914,Customer_17914,Female,50,Nashik,Maharashtra,Consumer,2023-08-24,Organic Search
17915,Customer_17915,Male,22,Nashik,Maharashtra,Consumer,2025-12-15,Organic Search
17916,Customer_17916,Male,44,New Delhi,Delhi,Consumer,2025-12-08,Referral
17917,Customer_17917,Female,18,Udaipur,Rajasthan,Corporate,2023-03-08,Direct
17918,Customer_17918,Female,47,Nashik,Maharashtra,Home Office,2025-02-19,Paid Ads
17919,Customer_17919,Male,40,,Maharashtra,Consumer,2023-04-19,Organic Search
17920,Customer_17920,Male,32,Coimbatore,Tamil Nadu,Consumer,2023-02-22,Email
17921,Customer_17921,Male,53,Jaipur,Rajasthan,Consumer,2024-05-18,Paid Ads
17922,Customer_17922,Male,36,Kolkata,West Bengal,Consumer,2022-02-26,Social Media
17923,Customer_17923,Female,47,Delhi,Delhi,Corporate,2023-10-16,Referral
17924,Customer_17924,Male,33,Nashik,Maharashtra,Consumer,2025-08-30,Social Media
17925,Customer_17925,Male,35,Gurugram,Haryana,Consumer,2022-04-08,Email
17926,Customer_17926,Female,43,New Delhi,Delhi,Consumer,2025-06-04,Direct
17927,Customer_17927,Male,34,Bhopal,Madhya Pradesh,Corporate,2025-03-09,Organic Search
17928,Customer_17928,Female,28,Indore,Madhya Pradesh,Consumer,2022-12-16,Organic Search
17929,Customer_17929,,46,Kanpur,Uttar Pradesh,Home Office,2022-10-12,Organic Search
17930,Customer_17930,Male,26,Delhi,Delhi,Home Office,2023-03-20,Social Media
17931,Customer_17931,Female,34,Kanpur,Uttar Pradesh,Consumer,2022-01-02,Direct
17932,Customer_17932,Male,44,Noida,Uttar Pradesh,Consumer,2024-02-22,Direct
17933,Customer_17933,Male,54,Vadodara,Gujarat,Consumer,2024-02-08,Referral
17934,Customer_17934,Male,39,Mysuru,Karnataka,Consumer,2025-10-19,Social Media
17935,Customer_17935,Male,25,New Delhi,Delhi,Consumer,2023-09-24,Social Media
17936,Customer_17936,Male,20,Nashik,Maharashtra,Consumer,2022-04-13,Organic Search
17937,Customer_17937,Male,55,Hyderabad,Telangana,Consumer,2023-09-10,Organic Search
17938,Customer_17938,Female,52,Ahmedabad,Gujarat,Consumer,2024-07-28,Organic Search
17939,Customer_17939,Female,49,Mysuru,Karnataka,Corporate,2024-10-20,Organic Search
17940,Customer_17940,Female,25,Hyderabad,Telangana,Home Office,2024-03-16,Email
17941,Customer_17941,Female,44,Bengaluru,Karnataka,Consumer,2023-02-12,Organic Search
17942,Customer_17942,Male,49,Jaipur,Rajasthan,Consumer,2023-01-31,Paid Ads
17943,Customer_17943,Male,53,Bhopal,Madhya Pradesh,Consumer,2023-02-27,Direct
17944,Customer_17944,Male,51,Pune,Maharashtra,Home Office,2025-12-30,Organic Search
17945,Customer_17945,Male,42,Chennai,Tamil Nadu,Home Office,2023-10-31,Organic Search
17946,Customer_17946,Female,48,Nagpur,Maharashtra,Consumer,2024-11-29,Organic Search
17947,Customer_17947,Male,59,Surat,Gujarat,Consumer,2025-04-09,Organic Search
17948,Customer_17948,Male,30,Kolkata,West Bengal,Consumer,2024-06-02,Direct
17949,Customer_17949,Male,32,Faridabad,Haryana,Consumer,2024-07-01,Email
17950,Customer_17950,Male,30,Mysuru,Karnataka,Corporate,2023-01-26,Social Media
17951,Customer_17951,Male,50,Gurugram,Haryana,Consumer,2022-12-30,Paid Ads
17952,Customer_17952,Male,48,Pune,Maharashtra,Home Office,2024-03-24,Referral
17953,Customer_17953,Female,42,Vadodara,Gujarat,Consumer,2022-03-01,Paid Ads
17954,Customer_17954,Male,57,Pune,Maharashtra,Corporate,2023-02-10,Paid Ads
17955,Customer_17955,Female,40,Indore,Madhya Pradesh,Consumer,2023-03-12,Paid Ads
17956,Customer_17956,Male,55,Warangal,Telangana,Consumer,2024-01-30,Email
17957,Customer_17957,Male,20,Jaipur,Rajasthan,Corporate,2022-09-24,Paid Ads
17958,Customer_17958,Female,33,Noida,Uttar Pradesh,Home Office,2022-12-28,Paid Ads
17959,Customer_17959,Female,19,Nagpur,Maharashtra,Corporate,2024-02-12,Referral
17960,Customer_17960,Male,40,Pune,Maharashtra,Corporate,2024-04-05,Organic Search
17961,Customer_17961,Female,51,Bhopal,Madhya Pradesh,Corporate,2022-09-19,Organic Search
17962,Customer_17962,Male,47,Mysuru,Karnataka,Consumer,2024-10-04,Organic Search
17963,Customer_17963,Male,27,Pune,Maharashtra,Corporate,2024-08-12,Organic Search
17964,Customer_17964,Female,18,Hyderabad,Telangana,Corporate,2025-05-17,Referral
17965,Customer_17965,Female,39,Vadodara,Gujarat,Consumer,2025-09-20,Direct
17966,Customer_17966,Male,50,Pune,Maharashtra,Consumer,2023-09-18,Organic Search
17967,Customer_17967,Male,42,Bengaluru,Karnataka,Corporate,2024-08-12,Social Media
17968,Customer_17968,Female,39,Mumbai,Maharashtra,Corporate,2025-09-06,Paid Ads
17969,Customer_17969,Male,33,Chennai,Tamil Nadu,Consumer,2022-11-28,Paid Ads
17970,Customer_17970,Male,47,Indore,Madhya Pradesh,Corporate,2022-12-18,Organic Search
17971,Customer_17971,Male,35,Ludhiana,Punjab,Corporate,2022-10-19,Organic Search
17972,Customer_17972,Female,41,Udaipur,Rajasthan,Consumer,2023-01-26,Referral
17973,Customer_17973,Male,22,Nagpur,Maharashtra,Corporate,2022-05-16,Direct
17974,Customer_17974,Female,54,Faridabad,Haryana,Consumer,2023-01-31,Email
17975,Customer_17975,Female,40,Hyderabad,Telangana,Consumer,2025-02-26,Social Media
17976,Customer_17976,Male,59,Pune,Maharashtra,Consumer,2025-07-12,Paid Ads
17977,Customer_17977,Female,44,Faridabad,Haryana,Home Office,2024-07-31,Organic Search
17978,Customer_17978,Female,29,Noida,Uttar Pradesh,Consumer,2022-03-15,Social Media
17979,Customer_17979,Male,27,Kolkata,West Bengal,Corporate,2024-03-08,Referral
17980,Customer_17980,Male,51,Kolkata,West Bengal,Consumer,2024-09-11,Referral
17981,Customer_17981,Female,50,New Delhi,Delhi,Home Office,2025-02-24,Social Media
17982,Customer_17982,Female,33,New Delhi,Delhi,Corporate,2024-12-31,Organic Search
17983,Customer_17983,Male,46,Kolkata,West Bengal,Home Office,2024-03-19,Direct
17984,Customer_17984,Female,35,Delhi,Delhi,Corporate,2022-08-01,Direct
17985,Customer_17985,Female,44,Coimbatore,Tamil Nadu,Corporate,2023-01-29,Paid Ads
17986,Customer_17986,Female,24,Lucknow,Uttar Pradesh,Consumer,2023-04-04,Organic Search
17987,Customer_17987,Female,53,Kanpur,Uttar Pradesh,Consumer,2023-04-16,Referral
17988,Customer_17988,Male,44,Coimbatore,Tamil Nadu,Consumer,2024-06-15,Organic Search
17989,Customer_17989,Male,27,Kanpur,Uttar Pradesh,Corporate,2023-04-01,Paid Ads
17990,Customer_17990,Female,27,Kanpur,Uttar Pradesh,Consumer,2024-04-03,Social Media
17991,Customer_17991,Male,28,Jaipur,Rajasthan,Consumer,2024-09-10,Referral
17992,Customer_17992,Female,47,New Delhi,Delhi,Home Office,2025-09-22,Organic Search
17993,Customer_17993,Male,20,Bengaluru,Karnataka,Corporate,2024-07-19,Direct
17994,Customer_17994,Male,46,Bengaluru,Karnataka,Home Office,2023-08-24,Paid Ads
17995,Customer_17995,Male,31,Nashik,Maharashtra,Consumer,2025-02-10,Direct
17996,Customer_17996,Female,30,Delhi,Delhi,Consumer,2023-07-03,Paid Ads
17997,Customer_17997,Female,36,Delhi,Delhi,Consumer,2023-07-16,Referral
17998,Customer_17998,Male,42,Coimbatore,Tamil Nadu,Consumer,2024-02-13,Paid Ads
17999,Customer_17999,Male,27,Faridabad,Haryana,Consumer,2024-09-15,Social Media
18000,Customer_18000,Male,32,Nashik,Maharashtra,Consumer,2025-01-18,Direct
12216,Customer_12216,Male,37,Mysuru,Karnataka,Home Office,2024-05-29,Paid Ads
12583,Customer_12583,Female,30,Warangal,Telangana,Consumer,2023-12-08,Organic Search
11663,Customer_11663,Male,52,Gurugram,Haryana,Consumer,2024-05-09,Direct
13028,Customer_13028,Female,20,Jaipur,Rajasthan,Consumer,2022-06-09,Referral
14344,Customer_14344,Male,55,Lucknow,Uttar Pradesh,Consumer,2022-11-14,Social Media
12681,Customer_12681,Female,58,Delhi,Delhi,Corporate,2024-09-21,Paid Ads
11766,Customer_11766,Male,20,Bengaluru,Karnataka,Corporate,2025-03-09,Organic Search
11124,Customer_11124,Male,60,Lucknow,Uttar Pradesh,Consumer,2025-08-30,Direct
14055,Customer_14055,Female,38,Lucknow,Uttar Pradesh,Corporate,2023-01-08,Organic Search
13762,Customer_13762,Female,51,Kolkata,West Bengal,Consumer,2022-07-01,Organic Search
11536,Customer_11536,Male,57,Pune,Maharashtra,Consumer,2023-06-23,Email
12945,Customer_12945,Male,32,Lucknow,Uttar Pradesh,Consumer,2025-01-05,Referral
12988,Customer_12988,Female,46,Hyderabad,Telangana,Corporate,2024-01-30,Email
14292,Customer_14292,Male,36,Nashik,Maharashtra,Home Office,2023-10-31,Organic Search
14343,Customer_14343,Female,50,Lucknow,Uttar Pradesh,Consumer,2023-12-15,Email
14425,Customer_14425,Female,54,Bengaluru,Karnataka,Consumer,2023-06-17,Organic Search
17942,Customer_17942,Male,49,Jaipur,Rajasthan,Consumer,2023-01-31,Paid Ads
14998,Customer_14998,Male,25,Mysuru,Karnataka,Consumer,2025-06-14,Organic Search
12749,Customer_12749,Male,39,Kanpur,Uttar Pradesh,Consumer,2023-04-02,Social Media
12303,Customer_12303,Female,35,Hyderabad,Telangana,Consumer,2024-06-09,Social Media
13933,Customer_13933,Male,23,Vadodara,Gujarat,Consumer,2022-05-11,Direct
15957,Customer_15957,Female,35,Mysuru,Karnataka,Consumer,2022-11-08,Paid Ads
16132,Customer_16132,Female,52,Lucknow,Uttar Pradesh,Corporate,2022-08-15,Organic Search
17597,Customer_17597,Male,34,New Delhi,Delhi,Corporate,2022-12-22,Social Media
10795,Customer_10795,Male,49,Pune,Maharashtra,Home Office,2023-07-06,Social Media
