return_id,order_id,product_id,return_date,return_reason,return_quantity,refund_amount
900001,200013,5094.0,2025-02-01,Late Delivery,2,70167.72
900002,200040,5095.0,2025-11-18,Size/Fit Issue,1,11699.71
900003,200073,5171.0,2025-07-12,Damaged,2,47378.99
900004,200086,5085.0,2025-02-28,Wrong Item,2,18689.28
900005,200091,5136.0,2026-01-01,Wrong Item,2,95004.97
900006,200100,5176.0,2025-04-28,Quality Issue,1,12215.86
900007,200135,5057.0,2025-08-09,Size/Fit Issue,1,32560.71
900008,200173,5090.0,2025-03-24,Size/Fit Issue,2,44974.34
900009,200195,5164.0,2025-11-10,Changed Mind,1,45382.29
900010,200216,5114.0,2025-01-22,Size/Fit Issue,1,9836.22
900011,200268,5186.0,2025-08-29,Quality Issue,1,16700.06
900012,200276,5247.0,2025-11-23,Damaged,1,30728.39
900013,200283,5161.0,2025-05-10,Late Delivery,1,60334.18
900014,200300,5075.0,2025-06-16,Wrong Item,1,31067.58
900015,200301,5047.0,2025-05-26,Size/Fit Issue,2,8260.76
900016,200312,5142.0,2025-11-07,Quality Issue,1,38210.29
900017,200341,5103.0,2025-11-10,Changed Mind,1,58567.86
900018,200351,5023.0,2025-09-26,Quality Issue,1,48466.4
900019,200367,5081.0,2025-07-11,Damaged,1,11196.49
900020,200393,5242.0,2025-10-06,Changed Mind,1,39405.82
900021,200398,5053.0,2025-10-22,Quality Issue,1,9804.39
900022,200441,5057.0,2025-01-12,Late Delivery,1,36391.38
900023,200480,5184.0,2025-10-03,Wrong Item,2,74421.25
900024,200509,5097.0,2025-05-28,Damaged,1,35818.6
900025,200513,5247.0,2025-11-26,Damaged,2,58222.21
900026,200529,5065.0,2025-05-25,Quality Issue,1,44735.77
900027,200541,5187.0,2025-07-14,Late Delivery,2,46957.79
900028,200576,5165.0,2025-11-29,Damaged,2,54730.18
900029,200586,5201.0,2025-06-08,Quality Issue,2,78473.77
900030,200587,5019.0,2025-03-10,Quality Issue,2,102344.62
900031,200617,5212.0,2025-06-08,Size/Fit Issue,1,3935.44
900032,200637,5231.0,2025-10-20,Size/Fit Issue,2,34588.14
900033,200646,5060.0,2025-07-04,Size/Fit Issue,1,32134.48
900034,200649,5137.0,2025-07-09,Changed Mind,1,11109.2
900035,200654,5058.0,2025-03-11,Size/Fit Issue,2,50434.29
900036,200657,5086.0,2025-08-23,Changed Mind,2,48529.06
900037,200691,5099.0,2025-01-26,Size/Fit Issue,2,22927.98
900038,200694,5021.0,2025-12-09,Size/Fit Issue,2,57614.48
900039,200709,5020.0,2025-04-17,Wrong Item,1,44196.78
900040,200730,5075.0,2025-11-01,Damaged,1,29514.2
900041,200737,5013.0,2025-07-25,Quality Issue,2,54191.8
900042,200739,5035.0,2025-10-16,Late Delivery,2,21801.91
900043,200745,5125.0,2025-11-22,Quality Issue,1,6540.45
900044,200754,5199.0,2025-04-21,Size/Fit Issue,2,1695.34
900045,200764,5065.0,2025-02-13,Damaged,1,42498.98
900046,200770,5161.0,2025-09-25,Wrong Item,2,60334.18
900047,200785,5199.0,2025-08-29,Damaged,1,1516.88
900048,200786,5220.0,2025-12-07,Changed Mind,2,30754.47
900049,200788,5080.0,2025-11-14,Changed Mind,2,105026.0
900050,200861,5029.0,2025-06-28,Size/Fit Issue,2,95548.84
900051,200868,5170.0,2025-05-09,Damaged,2,47445.49
900052,200874,5083.0,2025-09-21,Changed Mind,2,56318.34
900053,200891,5116.0,2026-01-16,Quality Issue,2,31943.24
900054,200903,5101.0,2025-11-02,Damaged,1,30247.97
900055,200955,5151.0,2025-05-11,Size/Fit Issue,2,41695.39
900056,200957,5245.0,2025-10-26,Damaged,1,6706.77
900057,200964,5136.0,2025-11-07,Damaged,2,95004.97
900058,200981,5201.0,2025-04-21,Size/Fit Issue,2,83089.87
900059,200982,5195.0,2025-10-30,Changed Mind,2,111471.16
900060,201001,5160.0,2025-08-21,Wrong Item,2,23261.2
900061,201031,5237.0,2025-10-15,Size/Fit Issue,2,10140.8
900062,201035,5191.0,2025-04-22,Changed Mind,1,25708.91
900063,201041,5077.0,2025-07-01,Changed Mind,2,11158.53
900064,201047,5075.0,2025-03-12,Damaged,1,29514.2
900065,201049,5052.0,2025-09-19,Damaged,1,25664.57
900066,201066,5044.0,2025-03-02,Wrong Item,2,22966.36
900067,201070,5193.0,2025-04-18,Quality Issue,1,40300.37
900068,201092,5047.0,2025-06-09,Late Delivery,2,7391.21
900069,201096,5089.0,2025-09-30,Size/Fit Issue,1,31409.05
900070,201100,5162.0,2025-10-01,Quality Issue,1,13399.92
900071,201107,5047.0,2026-01-02,Quality Issue,1,7825.99
900072,201179,5037.0,2025-10-11,Size/Fit Issue,1,14127.86
900073,201187,5172.0,2025-02-05,Wrong Item,1,3391.58
900074,201191,5124.0,2025-03-04,Changed Mind,2,65024.4
900075,201288,5018.0,2025-11-11,Late Delivery,2,28753.38
900076,201297,5067.0,2025-12-06,Size/Fit Issue,2,10662.3
900077,201304,5206.0,2025-02-20,Late Delivery,1,49697.66
900078,201314,5215.0,2025-05-19,Wrong Item,2,32322.68
900079,201338,5064.0,2025-07-17,Size/Fit Issue,1,857.28
900080,201342,5153.0,2025-05-10,Damaged,1,46627.71
900081,201346,5239.0,2025-12-03,Quality Issue,1,35580.1
900082,201353,5186.0,2025-12-18,Size/Fit Issue,1,14844.5
900083,201355,5141.0,2025-12-06,Quality Issue,1,63027.8
900084,201374,5175.0,2025-09-06,Size/Fit Issue,2,37820.94
900085,201375,5031.0,2025-02-15,Changed Mind,1,59374.12
900086,201377,5171.0,2025-06-17,Size/Fit Issue,1,52643.32
900087,201388,5064.0,2025-11-01,Damaged,2,750.12
900088,201397,5121.0,2025-11-17,Changed Mind,1,44770.06
900089,201414,5061.0,2025-09-03,Damaged,2,27114.94
900090,201422,5133.0,2025-05-09,Damaged,2,41441.71
900091,201443,5189.0,2025-10-04,Damaged,1,2851.35
900092,201453,5020.0,2026-01-11,Changed Mind,1,41986.94
900093,201461,5008.0,2025-07-16,Late Delivery,2,71511.86
900094,201466,5070.0,2025-07-19,Quality Issue,1,25926.95
900095,201468,5158.0,2025-03-05,Changed Mind,1,34538.21
900096,201469,5001.0,2025-12-29,Damaged,1,6061.06
900097,201477,5209.0,2025-11-25,Size/Fit Issue,2,29307.02
900098,201482,5224.0,2025-12-09,Size/Fit Issue,1,31061.58
900099,201495,5032.0,2025-09-03,Damaged,2,49501.71
900100,201517,5047.0,2026-01-08,Damaged,2,
900101,201524,5016.0,2025-11-20,Damaged,1,36681.19
900102,201528,5142.0,2025-02-03,Quality Issue,1,29719.12
900103,201562,5174.0,2025-05-27,Late Delivery,2,31495.25
900104,201566,5147.0,2025-10-24,Size/Fit Issue,1,41166.3
900105,201583,5112.0,2025-02-18,Quality Issue,2,19429.95
900106,201605,5076.0,2025-08-21,Quality Issue,1,35896.91
900107,201623,5113.0,2025-01-18,Quality Issue,2,65422.16
900108,201624,5082.0,2025-01-04,Size/Fit Issue,1,37124.55
900109,201640,5054.0,2025-11-16,Damaged,2,3953.8
900110,201645,5213.0,2025-12-28,Size/Fit Issue,1,28220.24
900111,201654,5007.0,2025-03-24,Changed Mind,2,84715.51
900112,201678,5134.0,2025-03-24,Wrong Item,2,41428.02
900113,201718,5181.0,2025-08-17,Quality Issue,1,34128.06
900114,201720,5156.0,2025-02-08,Changed Mind,2,53841.38
900115,201754,5189.0,2025-12-17,Wrong Item,1,3009.76
900116,201757,5051.0,2025-04-21,Wrong Item,2,5515.2
900117,201769,5085.0,2025-11-21,Damaged,2,15885.89
900118,201787,5186.0,2025-01-10,Quality Issue,1,18555.62
900119,201829,5056.0,2025-02-27,Changed Mind,2,7579.73
900120,201839,5193.0,2025-03-09,Quality Issue,2,36270.33
900121,201845,5052.0,2025-10-15,Damaged,1,30193.61
900122,201847,5209.0,2025-11-01,Damaged,1,36633.77
900123,201853,5192.0,2025-03-18,Changed Mind,2,31688.76
900124,201884,5213.0,2025-03-22,Quality Issue,2,33200.28
900125,201886,5178.0,2025-02-21,Quality Issue,1,19091.84
900126,201897,5153.0,2025-06-16,Quality Issue,1,49370.52
900127,201918,5149.0,2025-10-12,Quality Issue,1,61982.16
900128,201919,5122.0,2025-02-19,Changed Mind,2,24684.73
900129,201940,5054.0,2025-08-15,Size/Fit Issue,1,3514.49
900130,201982,5062.0,2025-04-09,Damaged,2,526.01
900131,202007,5065.0,2025-08-22,Damaged,1,40262.19
900132,202014,5220.0,2026-01-11,Size/Fit Issue,1,18672.36
900133,202022,5013.0,2025-07-25,Quality Issue,1,39930.8
900134,202023,5239.0,2025-04-10,Quality Issue,1,37673.05
900135,202040,5070.0,2025-08-31,Damaged,2,28977.18
900136,202046,5219.0,2025-04-29,Quality Issue,1,12710.87
900137,202061,5012.0,2025-01-25,Damaged,2,8939.7
900138,202076,5218.0,2026-01-04,Size/Fit Issue,2,50141.85
900139,202077,5051.0,2025-11-08,Damaged,2,4687.92
900140,202083,5162.0,2025-02-09,Quality Issue,2,13399.92
900141,202096,5116.0,2026-01-06,Quality Issue,1,26306.2
900142,202105,5067.0,2025-07-09,Size/Fit Issue,2,5997.55
900143,202123,5056.0,2025-06-16,Late Delivery,2,9474.66
900144,202126,5033.0,2025-08-21,Damaged,2,32498.86
900145,202141,5023.0,2025-09-03,Wrong Item,1,54168.33
900146,202154,5044.0,2025-11-27,Damaged,1,11483.18
900147,202161,5083.0,2025-08-22,Changed Mind,1,56318.34
900148,202163,5234.0,2025-02-20,Wrong Item,1,43051.11
900149,202177,5018.0,2025-05-19,Late Delivery,2,0.0
900150,202181,5134.0,2025-11-21,Quality Issue,2,43864.96
900151,202187,5045.0,2025-03-01,Wrong Item,2,52356.26
900152,202200,5126.0,2025-11-11,Damaged,2,60128.87
900153,202208,5010.0,2025-03-14,Wrong Item,2,96720.46
900154,202224,5019.0,2025-04-27,Late Delivery,1,51172.31
900155,202236,5059.0,2025-11-25,Wrong Item,2,120149.7
900156,202242,5195.0,2025-03-18,Wrong Item,1,46935.22
900157,202256,5145.0,2025-02-06,Damaged,2,48053.06
900158,202266,5009.0,2025-01-31,Wrong Item,1,25199.62
900159,202274,5098.0,2025-03-01,Size/Fit Issue,2,47741.26
900160,202295,5159.0,2025-10-15,Quality Issue,1,18164.79
900161,202316,5132.0,2025-09-19,Damaged,2,16685.14
900162,202321,5082.0,2025-10-08,Changed Mind,1,46405.69
900163,202323,5176.0,2025-12-10,Quality Issue,2,13653.02
900164,202328,5117.0,2025-05-03,Wrong Item,1,18535.38
900165,202336,5053.0,2025-04-23,Late Delivery,1,10893.77
900166,202358,5110.0,2025-04-06,Wrong Item,2,103050.5
900167,202360,5175.0,2025-05-13,Wrong Item,2,35929.89
900168,202363,5009.0,2025-05-25,Changed Mind,2,18568.14
900169,202372,5186.0,2025-02-10,Quality Issue,1,18555.62
900170,202379,5026.0,2025-10-31,Size/Fit Issue,1,69952.64
900171,202386,5028.0,2025-04-22,Damaged,1,15586.31
900172,202415,5077.0,2025-01-29,Size/Fit Issue,2,24796.74
900173,202451,5246.0,2025-06-23,Quality Issue,1,49131.17
900174,202471,5012.0,2025-10-24,Quality Issue,2,10517.29
900175,202494,5149.0,2025-03-16,Late Delivery,2,117077.42
900176,202541,5062.0,2025-11-13,Changed Mind,1,300.58
900177,202543,5166.0,2025-10-19,Damaged,2,94777.06
900178,202551,5108.0,2025-04-30,Quality Issue,2,57105.86
900179,202570,5024.0,2025-08-26,Quality Issue,2,106474.71
900180,202577,5219.0,2025-06-16,Damaged,1,12710.87
900181,202593,5045.0,2025-05-29,Late Delivery,1,49276.48
900182,202626,5243.0,2025-07-17,Late Delivery,2,42790.17
900183,202630,5085.0,2026-01-04,Changed Mind,1,16820.35
900184,202631,5043.0,2025-11-04,Changed Mind,2,34705.96
900185,202637,5128.0,2025-03-09,Size/Fit Issue,1,59103.1
900186,202643,5149.0,2025-04-18,Wrong Item,1,61982.16
900187,202664,5142.0,2025-12-22,Quality Issue,1,42455.88
900188,202680,5197.0,2026-01-19,Changed Mind,2,56098.26
900189,202701,5063.0,2025-04-20,Changed Mind,2,12223.1
900190,202730,5016.0,2025-11-26,Quality Issue,1,34847.13
900191,202732,5076.0,2025-04-26,Quality Issue,2,42231.66
900192,202740,5010.0,2025-05-26,Size/Fit Issue,1,51382.75
900193,202745,5167.0,2026-01-22,Quality Issue,2,4017.81
900194,202750,5023.0,2025-05-13,Size/Fit Issue,1,57019.3
900195,202765,5169.0,2025-04-24,Size/Fit Issue,1,15997.34
900196,202789,5136.0,2025-03-04,Changed Mind,2,100283.03
900197,202807,5007.0,2025-07-03,Quality Issue,1,37651.34
900198,202824,5099.0,2025-11-17,Damaged,2,24134.72
900199,202845,5194.0,2025-11-14,Damaged,1,23915.3
900200,202846,5037.0,2025-10-22,Damaged,1,12008.68
900201,202851,5037.0,2025-05-20,Size/Fit Issue,2,28255.72
900202,202877,5054.0,2025-09-19,Late Delivery,1,4393.11
900203,202905,5036.0,2025-06-25,Changed Mind,1,30335.9
900204,202912,5173.0,2026-01-09,Wrong Item,2,126729.64
900205,202927,5029.0,2025-07-10,Damaged,2,122848.51
900206,202932,5008.0,2025-09-05,Quality Issue,1,30392.54
900207,202983,5136.0,2025-05-19,Quality Issue,1,36946.38
900208,202990,5113.0,2025-09-26,Damaged,2,61978.89
900209,202992,5103.0,2025-01-13,Wrong Item,2,65458.19
900210,203005,5175.0,2025-11-07,Changed Mind,2,17019.42
900211,203011,5235.0,2025-05-06,Changed Mind,1,38645.45
900212,203022,5043.0,2025-08-16,Quality Issue,1,34705.96
900213,203037,5128.0,2025-10-06,Size/Fit Issue,1,59103.1
900214,203040,5101.0,2025-02-03,Damaged,1,28567.52
900215,203044,5011.0,2025-03-02,Damaged,1,56612.09
900216,203052,5191.0,2025-11-10,Size/Fit Issue,1,28565.45
900217,203060,5098.0,2025-03-20,Quality Issue,1,50549.57
900218,203081,5007.0,2025-08-31,Late Delivery,2,32944.92
900219,203091,5059.0,2025-05-16,Changed Mind,2,51063.62
900220,203107,5190.0,2025-08-15,Quality Issue,1,36005.03
900221,203119,5196.0,2025-03-04,Quality Issue,1,21224.04
900222,203145,5196.0,2025-03-05,Late Delivery,1,20162.84
900223,203166,5055.0,2025-12-04,Wrong Item,1,44964.92
900224,203171,5196.0,2025-03-23,Damaged,2,20162.84
900225,203178,5134.0,2026-01-05,Damaged,1,43864.96
900226,203180,5170.0,2025-02-03,Quality Issue,1,47445.49
900227,203226,5242.0,2025-05-27,Late Delivery,1,33494.95
900228,203250,5036.0,2025-02-28,Damaged,2,32021.23
900229,203292,5097.0,2025-06-06,Damaged,1,40295.93
900230,203296,5076.0,2025-06-12,Wrong Item,2,84463.32
900231,203344,5014.0,2025-10-07,Quality Issue,2,6635.47
900232,203355,5072.0,2025-11-07,Size/Fit Issue,1,48183.37
900233,203397,5095.0,2025-03-20,Wrong Item,2,27786.82
900234,203402,5215.0,2025-05-21,Changed Mind,2,32322.68
900235,203412,5085.0,2025-08-09,Size/Fit Issue,1,17754.82
900236,203422,5171.0,2025-11-26,Changed Mind,2,73700.65
900237,203429,5171.0,2025-03-14,Damaged,1,50011.15
900238,203439,5161.0,2025-09-12,Size/Fit Issue,1,63686.08
900239,203481,5128.0,2025-12-07,Wrong Item,1,66490.98
900240,203491,5120.0,2025-11-23,Damaged,2,87819.19
900241,203501,5123.0,2025-03-28,Wrong Item,2,43855.11
900242,203521,5246.0,2025-05-09,Changed Mind,2,55272.56
900243,203533,5073.0,2025-03-30,Damaged,2,18918.59
900244,203543,5087.0,2025-02-06,Quality Issue,2,12285.54
900245,203550,5194.0,2025-03-21,Late Delivery,2,45439.07
900246,203555,5217.0,2025-03-03,Late Delivery,1,8615.51
900247,203574,5152.0,2026-01-01,Changed Mind,1,39798.26
900248,203625,5098.0,2025-10-14,Quality Issue,1,39316.33
900249,203673,5246.0,2025-12-19,Size/Fit Issue,1,61413.96
900250,203695,5082.0,2025-10-03,Quality Issue,2,83530.24
900251,203736,5075.0,2025-02-15,Changed Mind,1,21747.31
900252,203762,5129.0,2025-03-14,Damaged,2,904.89
900253,203767,5022.0,2025-07-27,Size/Fit Issue,1,53244.52
900254,203779,5186.0,2025-10-13,Quality Issue,2,18555.62
900255,203805,5231.0,2025-03-17,Wrong Item,2,38431.27
900256,203808,5150.0,2025-01-13,Late Delivery,2,41947.17
900257,203816,5071.0,2025-11-27,Late Delivery,2,905.54
900258,203823,5054.0,2025-11-01,Damaged,2,3953.8
900259,203825,5182.0,2025-08-18,Late Delivery,2,39954.31
900260,203849,5233.0,2025-06-08,Quality Issue,2,48435.53
900261,203850,5068.0,2025-02-07,Damaged,1,3208.18
900262,203873,5166.0,2025-09-14,Damaged,1,41464.96
900263,203879,5051.0,2025-07-13,Size/Fit Issue,1,4412.16
900264,203892,5032.0,2025-10-09,Quality Issue,1,70716.73
900265,203893,5060.0,2025-03-20,Damaged,2,67651.54
900266,203896,5233.0,2025-01-17,Wrong Item,1,51284.68
900267,203913,5196.0,2025-10-12,Damaged,2,19101.64
900268,203924,5219.0,2025-08-20,Damaged,2,29053.41
900269,203934,5039.0,2025-03-27,Changed Mind,2,90067.79
900270,203938,5157.0,2025-06-24,Size/Fit Issue,1,41234.29
900271,203948,5001.0,2025-06-24,Quality Issue,2,6417.59
900272,203957,5053.0,2025-03-11,Size/Fit Issue,1,9804.39
900273,203970,5169.0,2025-06-30,Wrong Item,1,15155.38
900274,203972,5018.0,2025-11-27,Damaged,1,28753.38
900275,203974,5078.0,2025-09-25,Quality Issue,2,32909.2
900276,203977,5211.0,2025-06-30,Size/Fit Issue,2,39915.21
900277,203998,5174.0,2025-08-30,Changed Mind,2,26522.31
900278,204001,5094.0,2025-02-20,Quality Issue,1,45107.82
900279,204025,5193.0,2025-10-18,Changed Mind,1,40300.37
900280,204033,5247.0,2025-09-25,Damaged,2,30728.39
900281,204044,5102.0,2025-11-17,Quality Issue,1,26465.48
900282,204064,5216.0,2025-08-19,Size/Fit Issue,1,4004.43
900283,204069,5192.0,2025-12-02,Wrong Item,1,35416.86
900284,204083,5234.0,2025-06-04,Damaged,2,48115.94
900285,204122,5019.0,2026-01-17,Late Delivery,2,96958.06
900286,204124,5243.0,2025-12-29,Changed Mind,1,47824.31
900287,204131,5126.0,2025-03-17,Late Delivery,1,54115.98
900288,204133,5180.0,2025-06-21,Damaged,2,56074.46
900289,204143,5077.0,2025-03-21,Size/Fit Issue,2,11778.45
900290,204148,5007.0,2025-11-20,Late Delivery,2,42357.75
900291,204163,5145.0,2025-07-13,Late Delivery,2,101164.34
900292,204164,5156.0,2025-03-23,Changed Mind,2,113350.28
900293,204179,5087.0,2025-11-23,Quality Issue,1,7226.79
900294,204184,5222.0,2025-05-17,Wrong Item,2,63943.15
900295,204192,5155.0,2025-11-17,Quality Issue,1,1135.12
900296,204218,5215.0,2025-03-30,Changed Mind,1,27474.28
900297,204241,5196.0,2025-06-25,Size/Fit Issue,1,20162.84
900298,204276,5134.0,2025-01-28,Wrong Item,1,46301.91
900299,204277,5187.0,2025-05-29,Size/Fit Issue,2,52482.24
900300,204279,5158.0,2025-06-03,Quality Issue,1,34538.21
900301,204291,5093.0,2025-11-21,Changed Mind,2,12622.7
900302,204307,5082.0,2025-10-23,Late Delivery,2,44085.41
900303,204309,5239.0,2025-08-17,Late Delivery,2,83717.88
900304,204316,5074.0,2025-05-20,Damaged,2,53308.22
900305,204319,5129.0,2025-12-07,Changed Mind,1,633.42
900306,204325,5146.0,2025-08-27,Damaged,2,23331.0
900307,204334,5036.0,2025-08-19,Damaged,1,30335.9
900308,204401,5045.0,2025-05-04,Changed Mind,1,52356.26
900309,204410,5101.0,2025-06-04,Wrong Item,1,30247.97
900310,204415,5194.0,2025-04-24,Quality Issue,1,21523.77
900311,204425,5231.0,2025-01-25,Damaged,2,76862.54
900312,204444,5138.0,2025-04-04,Size/Fit Issue,2,100096.42
900313,204473,5009.0,2025-02-20,Damaged,2,21220.74
900314,204486,5154.0,2025-12-23,Size/Fit Issue,2,40723.49
900315,204497,5206.0,2025-11-18,Damaged,2,49697.66
900316,204498,5080.0,2025-03-27,Wrong Item,1,52513.0
900317,204528,5018.0,2025-07-28,Size/Fit Issue,2,51117.12
900318,204541,5215.0,2025-09-25,Quality Issue,1,29090.41
900319,204584,5239.0,2025-11-16,Size/Fit Issue,1,37673.05
900320,204593,5174.0,2025-09-30,Size/Fit Issue,2,28179.96
900321,204610,5215.0,2025-01-28,Late Delivery,1,29090.41
900322,204618,5079.0,2025-04-30,Wrong Item,1,5515.88
900323,204643,5113.0,2025-03-28,Damaged,1,48205.8
900324,204645,5127.0,2025-03-14,Wrong Item,1,26316.7
900325,204648,5132.0,2025-06-30,Damaged,1,16685.14
900326,204706,5157.0,2025-11-25,Quality Issue,1,41234.29
900327,204729,5130.0,2025-02-18,Quality Issue,2,49364.28
900328,204732,5205.0,2025-01-20,Damaged,1,20440.67
900329,204775,5174.0,2025-07-27,Quality Issue,2,31495.25
900330,204776,5011.0,2025-10-29,Size/Fit Issue,2,44031.62
900331,204783,5191.0,2026-01-05,Wrong Item,1,28565.45
900332,204797,5155.0,2025-09-12,Size/Fit Issue,2,1072.05
900333,204800,5174.0,2025-04-04,Changed Mind,1,31495.25
900334,204812,5183.0,2025-04-28,Changed Mind,1,16564.36
900335,204829,5021.0,2025-07-08,Wrong Item,1,54413.68
900336,204845,5220.0,2025-08-18,Changed Mind,1,19770.73
900337,204863,5111.0,2025-05-24,Changed Mind,2,133427.75
900338,204864,5186.0,2025-06-02,Damaged,2,33400.12
900339,204878,5103.0,2025-07-27,Damaged,1,58567.86
900340,204882,5056.0,2025-01-24,Quality Issue,2,3789.86
900341,204898,5045.0,2025-04-27,Quality Issue,1,52356.26
900342,204902,5229.0,2025-12-16,Damaged,1,59757.03
900343,204914,5050.0,2025-03-12,Quality Issue,1,47913.98
900344,204926,5120.0,2025-11-07,Changed Mind,1,48788.44
900345,204931,5072.0,2025-05-19,Damaged,2,48183.37
900346,204937,5032.0,2025-11-14,Size/Fit Issue,2,67180.89
900347,204952,5122.0,2025-06-24,Size/Fit Issue,1,11616.34
900348,204965,5010.0,2025-12-27,Wrong Item,1,60450.29
900349,204992,5148.0,2025-06-26,Damaged,2,12760.92
900350,205022,5073.0,2025-08-14,Late Delivery,1,16080.8
900351,205045,5030.0,2025-04-18,Changed Mind,2,28792.75
900352,205046,5001.0,2025-04-06,Quality Issue,2,12122.12
900353,205075,5137.0,2025-03-06,Wrong Item,1,13069.65
900354,205090,5067.0,2025-03-12,Late Delivery,2,6330.74
900355,205103,5177.0,2025-05-19,Quality Issue,2,8379.59
900356,205127,5205.0,2025-01-29,Wrong Item,2,20440.67
900357,205162,5052.0,2025-10-12,Damaged,2,51329.14
900358,205165,5105.0,2025-03-02,Changed Mind,2,72995.81
900359,205166,5039.0,2025-06-18,Damaged,2,95071.55
900360,205193,5083.0,2025-05-01,Size/Fit Issue,2,66878.02
900361,205195,5070.0,2025-04-15,Late Delivery,1,27452.07
900362,205196,5190.0,2025-03-28,Changed Mind,1,40240.92
900363,205214,5088.0,2025-09-15,Late Delivery,2,20139.04
900364,205233,5144.0,2025-04-21,Damaged,2,17624.84
900365,205287,5046.0,2025-08-09,Size/Fit Issue,2,62464.63
900366,205308,5184.0,2025-06-08,Late Delivery,1,39169.08
900367,205309,5053.0,2025-01-28,Quality Issue,1,10893.77
900368,205317,5208.0,2025-09-02,Wrong Item,2,45342.16
900369,205331,5094.0,2025-03-04,Quality Issue,2,45107.82
900370,205333,5118.0,2026-01-06,Damaged,1,46399.93
900371,205341,5193.0,2025-11-26,Damaged,2,56420.52
900372,205358,5070.0,2025-05-13,Quality Issue,1,30502.3
900373,205372,5055.0,2025-02-11,Size/Fit Issue,1,52899.91
900374,205384,5125.0,2025-11-26,Size/Fit Issue,2,6213.43
900375,205425,5085.0,2025-02-11,Size/Fit Issue,1,17754.82
900376,205451,5132.0,2025-02-01,Changed Mind,1,17612.09
900377,205458,5096.0,2025-08-15,Wrong Item,1,31409.26
900378,205467,5086.0,2025-10-13,Damaged,2,46102.61
900379,205486,5137.0,2025-10-16,Size/Fit Issue,1,10455.72
900380,205491,5213.0,2025-06-25,Size/Fit Issue,2,26560.22
900381,205504,5133.0,2025-06-09,Late Delivery,1,33153.37
900382,205523,5171.0,2025-06-21,Damaged,1,50011.15
900383,205528,5131.0,2025-06-11,Changed Mind,2,16600.55
900384,205537,5180.0,2025-10-06,Late Delivery,2,106541.47
900385,205559,5123.0,2025-08-26,Wrong Item,1,30698.58
900386,205562,5107.0,2025-08-13,Damaged,2,29520.85
900387,205577,5077.0,2025-06-07,Damaged,1,11158.53
900388,205581,5001.0,2025-09-10,Late Delivery,2,7130.66
900389,205604,5143.0,2025-06-27,Wrong Item,2,45491.51
900390,205613,5182.0,2025-02-18,Changed Mind,1,39954.31
900391,205617,5238.0,2025-03-05,Damaged,1,19560.6
900392,205628,5152.0,2025-08-07,Damaged,2,35818.43
900393,205659,5136.0,2025-07-11,Size/Fit Issue,1,47502.49
900394,205670,5231.0,2025-03-27,Quality Issue,1,34588.14
900395,205675,5190.0,2025-03-15,Wrong Item,2,33887.09
900396,205677,5210.0,2025-09-18,Changed Mind,2,60545.29
900397,205721,5167.0,2025-11-30,Size/Fit Issue,2,4490.49
900398,205734,5106.0,2025-02-21,Wrong Item,2,46275.11
900399,205771,5048.0,2025-05-06,Late Delivery,2,51202.71
900400,205776,5179.0,2025-05-27,Quality Issue,2,9351.31
900401,205782,5176.0,2025-09-01,Size/Fit Issue,1,12215.86
900402,205789,5067.0,2025-09-30,Damaged,2,11328.7
900403,205806,5223.0,2025-03-13,Wrong Item,1,
900404,205814,5063.0,2025-02-27,Damaged,1,12942.11
900405,205834,5051.0,2025-12-09,Damaged,1,4412.16
900406,205836,5163.0,2025-02-26,Wrong Item,1,44004.46
900407,205844,5201.0,2025-05-11,Size/Fit Issue,2,46161.04
900408,205851,5099.0,2025-01-05,Quality Issue,1,24134.72
900409,205852,5101.0,2025-09-01,Damaged,2,28567.52
900410,205853,5007.0,2025-03-18,Late Delivery,1,42357.75
900411,205857,5230.0,2025-06-15,Damaged,1,22521.75
900412,205878,5223.0,2025-07-13,Size/Fit Issue,1,15891.41
900413,205885,5075.0,2025-05-21,Quality Issue,1,27960.82
900414,205946,5083.0,2025-08-14,Wrong Item,1,63358.13
900415,205973,5078.0,2025-03-23,Quality Issue,2,69282.52
900416,205982,5201.0,2025-06-11,Wrong Item,1,41544.94
900417,206013,5186.0,2025-12-03,Changed Mind,2,15772.28
900418,206026,5135.0,2025-03-03,Size/Fit Issue,2,42617.87
900419,206033,5025.0,2025-10-01,Changed Mind,1,5501.11
900420,206051,5044.0,2025-07-14,Size/Fit Issue,2,21690.45
900421,206088,5059.0,2025-10-19,Size/Fit Issue,1,57071.11
900422,206103,5089.0,2025-01-23,Late Delivery,2,51732.55
900423,206132,5206.0,2025-09-17,Changed Mind,2,99395.31
900424,206158,5197.0,2025-08-31,Wrong Item,2,50488.43
900425,206173,5028.0,2025-06-15,Quality Issue,1,16503.16
900426,206178,5137.0,2025-02-15,Quality Issue,2,23525.37
900427,206182,5086.0,2025-07-05,Size/Fit Issue,2,24264.53
900428,206184,5043.0,2025-05-25,Late Delivery,2,62470.73
900429,206197,5088.0,2025-06-25,Quality Issue,1,21198.99
900430,206273,5150.0,2025-08-24,Quality Issue,2,35655.09
900431,206281,5017.0,2025-04-12,Late Delivery,2,35595.64
900432,206296,5062.0,2025-12-19,Damaged,1,319.36
900433,206297,5158.0,2025-02-07,Size/Fit Issue,2,41939.26
900434,206300,5216.0,2025-07-24,Size/Fit Issue,1,4239.98
900435,206310,5149.0,2025-01-18,Quality Issue,1,65425.62
900436,206316,5115.0,2025-06-03,Damaged,2,57276.36
900437,206327,5081.0,2025-08-27,Size/Fit Issue,2,30390.46
900438,206348,5249.0,2025-12-07,Quality Issue,1,33907.55
900439,206424,5042.0,2025-07-06,Damaged,2,135749.54
900440,206439,5188.0,2025-09-12,Changed Mind,1,11834.14
900441,206445,5221.0,2025-11-07,Damaged,1,35732.24
900442,206466,5182.0,2025-03-30,Quality Issue,2,39954.31
900443,206471,5187.0,2025-12-09,Late Delivery,1,49720.01
900444,206495,5143.0,2025-06-11,Damaged,2,85928.4
900445,206498,5029.0,2025-11-24,Damaged,1,68249.17
900446,206506,5126.0,2025-07-15,Late Delivery,1,60128.87
900447,206556,5015.0,2025-03-27,Size/Fit Issue,1,49733.61
900448,206576,5229.0,2025-03-11,Changed Mind,2,59757.03
900449,206619,5228.0,2025-05-15,Quality Issue,2,11245.05
900450,206628,5047.0,2025-01-13,Size/Fit Issue,1,8260.76
900451,206637,5242.0,2025-04-28,Quality Issue,2,33494.95
900452,206638,5025.0,2025-09-28,Quality Issue,1,6471.89
900453,206653,5142.0,2025-03-08,Size/Fit Issue,2,42455.88
900454,206655,5195.0,2025-08-21,Wrong Item,1,41068.32
900455,206657,5080.0,2025-08-17,Damaged,1,49887.35
900456,206662,5159.0,2025-01-19,Quality Issue,2,20301.82
900457,206676,5079.0,2025-09-26,Size/Fit Issue,1,6489.27
900458,206684,5054.0,2026-01-08,Changed Mind,2,7907.6
900459,206695,5196.0,2025-09-13,Quality Issue,2,40325.68
900460,206705,5135.0,2025-07-26,Quality Issue,1,44860.92
900461,206710,5039.0,2025-09-03,Damaged,2,85064.02
900462,206736,5174.0,2025-04-24,Size/Fit Issue,1,29837.6
900463,206748,5066.0,2025-07-17,Quality Issue,1,1197.22
900464,206754,5054.0,2025-11-20,Damaged,2,7468.29
900465,206759,5042.0,2025-09-02,Size/Fit Issue,2,128962.06
900466,206764,5172.0,2025-07-02,Changed Mind,1,3815.52
900467,206801,5083.0,2025-09-13,Wrong Item,2,126716.26
900468,206802,5108.0,2025-02-21,Quality Issue,2,23514.18
900469,206825,5071.0,2025-02-19,Wrong Item,1,955.85
900470,206829,5021.0,2025-07-14,Changed Mind,2,115228.96
900471,206840,5193.0,2025-05-14,Changed Mind,1,38285.35
900472,206842,5086.0,2025-03-27,Size/Fit Issue,1,19411.62
900473,206869,5218.0,2025-10-04,Quality Issue,1,47502.81
900474,206871,5140.0,2025-12-13,Damaged,2,36072.98
900475,206875,5091.0,2025-06-27,Quality Issue,1,20551.23
900476,206881,5048.0,2025-05-23,Size/Fit Issue,1,27107.32
900477,206913,5185.0,2025-06-22,Quality Issue,2,10012.67
900478,206932,5010.0,2025-02-21,Size/Fit Issue,2,108810.52
900479,206962,5236.0,2025-08-27,Quality Issue,2,131494.62
900480,206964,5181.0,2025-02-23,Damaged,2,72048.13
900481,206981,5224.0,2025-03-13,Size/Fit Issue,2,58671.88
900482,206989,5240.0,2025-03-31,Wrong Item,2,110998.47
900483,207019,5222.0,2025-08-30,Size/Fit Issue,2,30195.37
900484,207045,5007.0,2025-05-16,Changed Mind,2,40004.54
900485,207064,5163.0,2025-12-31,Damaged,2,62863.52
900486,207068,5057.0,2025-12-04,Wrong Item,1,38306.72
900487,207076,5008.0,2025-09-21,Size/Fit Issue,1,28604.74
900488,207078,5141.0,2025-04-20,Late Delivery,1,44119.46
900489,207083,5196.0,2025-03-21,Damaged,2,18040.43
900490,207086,5159.0,2025-12-24,Wrong Item,1,19233.31
900491,207100,5001.0,2025-04-07,Size/Fit Issue,2,12835.19
900492,207153,5209.0,2025-04-18,Size/Fit Issue,1,32970.39
900493,207164,5102.0,2025-01-14,Wrong Item,2,50145.12
900494,207172,5099.0,2025-04-06,Changed Mind,2,19307.78
900495,207174,5062.0,2025-05-15,Size/Fit Issue,2,356.93
900496,207208,5227.0,2025-10-25,Wrong Item,1,32087.8
900497,207220,5204.0,2025-04-20,Wrong Item,1,36124.29
900498,207225,5163.0,2025-05-03,Changed Mind,2,44004.46
900499,207229,5070.0,2025-12-14,Changed Mind,1,30502.3
900500,207237,5234.0,2025-05-11,Size/Fit Issue,2,45583.52
900501,207244,5149.0,2026-01-03,Wrong Item,2,48208.35
900502,207256,5184.0,2025-07-13,Size/Fit Issue,2,70504.34
900503,207262,5012.0,2025-04-14,Size/Fit Issue,2,8413.83
900504,207280,5134.0,2025-04-26,Wrong Item,2,43864.96
900505,207293,5023.0,2025-02-16,Quality Issue,1,48466.4
900506,207302,5234.0,2025-12-04,Wrong Item,2,96231.88
900507,207353,5144.0,2025-08-16,Size/Fit Issue,2,37208.0
900508,207373,5081.0,2025-05-05,Size/Fit Issue,1,13595.73
900509,207435,5084.0,2025-05-23,Quality Issue,2,61606.9
900510,207439,5161.0,2025-05-19,Size/Fit Issue,1,60334.18
900511,207502,5053.0,2025-03-26,Quality Issue,1,10349.08
900512,207508,5119.0,2025-06-04,Damaged,1,26689.39
900513,207510,5196.0,2025-07-12,Wrong Item,1,21224.04
900514,207521,5239.0,2025-08-27,Size/Fit Issue,1,39765.99
900515,207527,5237.0,2025-12-24,Damaged,2,11589.48
900516,207535,5179.0,2025-06-15,Wrong Item,2,9901.39
900517,207554,5156.0,2025-08-23,Changed Mind,2,107682.77
900518,207560,5240.0,2025-11-09,Changed Mind,1,55499.24
900519,207568,5132.0,2025-05-31,Late Delivery,1,16685.14
900520,207569,5098.0,2025-01-27,Damaged,1,44932.95
900521,207576,5030.0,2025-06-13,Quality Issue,2,32391.85
900522,207586,5233.0,2025-11-17,Changed Mind,1,51284.68
900523,207590,5013.0,2025-10-02,Damaged,2,54191.8
900524,207595,5068.0,2025-01-20,Wrong Item,1,2245.73
900525,207599,5056.0,2025-10-10,Quality Issue,1,3316.13
900526,207601,5072.0,2025-06-30,Size/Fit Issue,1,45774.2
900527,207607,5051.0,2025-09-09,Damaged,2,4687.92
900528,207612,5236.0,2025-06-25,Damaged,1,62459.94
900529,207618,5169.0,2025-06-28,Late Delivery,1,15155.38
900530,207631,5177.0,2025-02-11,Changed Mind,1,10773.77
900531,207644,5072.0,2025-05-04,Wrong Item,1,45774.2
900532,207650,5006.0,2025-05-01,Changed Mind,1,13633.42
900533,207652,5078.0,2026-01-05,Size/Fit Issue,1,24248.88
900534,207683,5017.0,2025-07-01,Quality Issue,2,16018.04
900535,207695,5230.0,2025-04-12,Damaged,2,19143.49
900536,207732,5213.0,2025-01-31,Wrong Item,1,29880.25
900537,207753,5022.0,2025-09-21,Damaged,2,45257.84
900538,207772,5150.0,2025-10-12,Quality Issue,1,41947.17
900539,207805,5101.0,2025-06-14,Size/Fit Issue,2,63856.81
900540,207808,5028.0,2025-07-11,Quality Issue,2,17420.0
900541,207822,5063.0,2025-10-05,Damaged,2,24446.2
900542,207839,5205.0,2025-08-15,Size/Fit Issue,1,20440.67
900543,207844,5155.0,2025-02-09,Size/Fit Issue,2,2017.98
900544,207859,5159.0,2025-03-24,Quality Issue,2,19233.31
900545,207860,5216.0,2025-01-25,Quality Issue,1,4711.09
900546,207880,5193.0,2025-01-11,Quality Issue,1,28210.26
900547,207909,5018.0,2025-11-24,Size/Fit Issue,1,30350.79
900548,207943,5020.0,2025-04-20,Quality Issue,1,41986.94
900549,208007,5075.0,2025-11-10,Damaged,2,27960.82
900550,208008,5098.0,2025-12-08,Size/Fit Issue,1,50549.57
900551,208012,5064.0,2025-12-25,Quality Issue,2,1018.02
900552,208013,5081.0,2025-08-02,Late Delivery,1,15195.23
900553,208014,5246.0,2025-11-06,Size/Fit Issue,2,58343.26
900554,208028,5151.0,2025-10-09,Late Delivery,1,39500.89
900555,208029,5067.0,2025-03-14,Size/Fit Issue,1,5997.55
900556,208036,5028.0,2025-03-13,Changed Mind,2,18336.84
900557,208059,5056.0,2025-08-11,Size/Fit Issue,2,8053.46
900558,208091,5026.0,2025-03-05,Changed Mind,2,77725.16
900559,208095,5125.0,2025-08-20,Quality Issue,1,6540.45
900560,208128,5195.0,2025-05-18,Changed Mind,2,49868.68
900561,208138,5069.0,2025-09-28,Size/Fit Issue,2,54849.1
900562,208139,5036.0,2025-03-01,Quality Issue,1,26965.25
900563,208247,5123.0,2025-08-26,Quality Issue,2,39469.6
900564,208272,5027.0,2025-08-13,Quality Issue,2,55514.01
900565,208297,5175.0,2025-12-08,Size/Fit Issue,1,17019.42
900566,208339,5006.0,2025-11-28,Damaged,2,12915.87
900567,208343,5033.0,2025-12-06,Late Delivery,2,38233.95
900568,208378,5250.0,2025-02-15,Damaged,1,56627.69
900569,208383,5143.0,2025-01-20,Changed Mind,2,45491.51
900570,208384,5025.0,2025-04-23,Changed Mind,1,6471.89
900571,208449,5244.0,2025-06-24,Changed Mind,2,20415.99
900572,208452,5191.0,2025-09-04,Wrong Item,1,25708.91
900573,208456,5073.0,2025-07-02,Quality Issue,2,17972.66
900574,208458,5163.0,2025-09-11,Size/Fit Issue,2,113154.34
900575,208494,5203.0,2025-02-21,Quality Issue,1,44451.85
900576,208506,5139.0,2025-10-11,Late Delivery,1,29544.24
900577,208513,5038.0,2025-04-04,Damaged,1,4486.62
900578,208553,5200.0,2025-08-25,Damaged,2,19891.46
900579,208580,5045.0,2025-05-01,Changed Mind,1,58515.82
900580,208589,5173.0,2025-09-14,Quality Issue,2,120059.66
900581,208608,5122.0,2025-06-22,Damaged,1,13068.39
900582,208622,5110.0,2025-03-08,Damaged,1,36067.67
900583,208638,5025.0,2025-12-20,Wrong Item,2,12296.59
900584,208640,5055.0,2025-02-22,Size/Fit Issue,2,44964.92
900585,208643,5123.0,2025-09-27,Wrong Item,2,37276.84
900586,208650,5208.0,2025-10-21,Damaged,2,106687.44
900587,208653,5047.0,2025-05-04,Wrong Item,2,12173.76
900588,208657,5040.0,2025-07-22,Quality Issue,2,24699.87
900589,208679,5249.0,2025-03-16,Quality Issue,2,64047.59
900590,208682,5120.0,2025-04-15,Changed Mind,2,46349.02
900591,208695,5032.0,2025-02-28,Size/Fit Issue,2,141433.46
900592,208704,5159.0,2025-07-30,Damaged,1,18164.79
900593,208720,5072.0,2025-09-14,Damaged,2,43365.03
900594,208725,5094.0,2025-05-08,Damaged,2,90215.64
900595,208735,5245.0,2025-12-04,Damaged,1,6036.09
900596,208740,5115.0,2025-09-19,Late Delivery,2,134767.9
900597,208759,5123.0,2025-05-04,Damaged,1,39469.6
900598,208781,5020.0,2025-05-16,Damaged,2,44196.78
900599,208796,5044.0,2025-07-31,Size/Fit Issue,1,10207.27
900600,208805,5140.0,2025-10-23,Late Delivery,1,32465.68
900601,208823,5049.0,2025-09-08,Wrong Item,2,6801.2
900602,208824,5075.0,2025-07-07,Damaged,2,59028.4
900603,208841,5169.0,2025-03-21,Damaged,2,15997.34
900604,208844,5003.0,2025-08-09,Size/Fit Issue,2,75259.02
900605,208849,5228.0,2026-01-20,Size/Fit Issue,2,10120.55
900606,208853,5089.0,2025-01-22,Quality Issue,1,31409.05
900607,208855,5199.0,2025-05-20,Changed Mind,1,1606.11
900608,208863,5189.0,2025-11-17,Size/Fit Issue,1,3168.17
900609,208866,5139.0,2025-05-12,Size/Fit Issue,1,29544.24
900610,208888,5028.0,2025-03-17,Late Delivery,2,18336.84
900611,208903,5047.0,2025-11-05,Late Delivery,1,7391.21
900612,208905,5208.0,2025-05-25,Damaged,2,101353.07
900613,208939,5092.0,2025-02-15,Quality Issue,2,45776.18
900614,208955,5044.0,2025-12-05,Size/Fit Issue,2,10207.27
900615,208979,5231.0,2025-12-17,Late Delivery,2,36509.71
900616,209019,5106.0,2025-12-10,Size/Fit Issue,1,46275.11
900617,209041,5244.0,2026-01-01,Size/Fit Issue,1,21490.52
900618,209048,5231.0,2025-07-04,Size/Fit Issue,2,73019.41
900619,209063,5020.0,2025-08-18,Damaged,1,44196.78
900620,209065,5015.0,2025-06-22,Late Delivery,2,44207.66
900621,209066,5112.0,2025-06-17,Damaged,1,21588.83
900622,209071,5075.0,2025-01-19,Wrong Item,2,26407.44
900623,209087,5233.0,2025-07-22,Damaged,2,108267.66
900624,209095,5096.0,2025-04-11,Size/Fit Issue,1,31409.26
900625,209096,5076.0,2025-08-24,Damaged,2,35896.91
900626,209098,5090.0,2025-06-12,Size/Fit Issue,2,50596.14
900627,209131,5147.0,2025-03-10,Quality Issue,2,92624.17
900628,209134,5136.0,2025-02-04,Size/Fit Issue,2,44863.46
900629,209135,5226.0,2025-08-18,Damaged,1,16479.98
900630,209158,5209.0,2025-04-13,Quality Issue,1,29307.02
900631,209185,5107.0,2025-11-10,Quality Issue,2,62321.79
900632,209232,5078.0,2025-02-16,Size/Fit Issue,2,29445.07
900633,209241,5222.0,2025-12-20,Size/Fit Issue,1,30195.37
900634,209243,5200.0,2026-01-06,Damaged,2,22377.89
900635,209244,5057.0,2025-12-19,Damaged,1,36391.38
900636,209260,5050.0,2025-08-08,Damaged,1,53550.92
900637,209285,5132.0,2025-05-20,Damaged,1,17612.09
900638,209299,5130.0,2025-08-20,Quality Issue,2,44427.85
900639,209327,5205.0,2025-07-22,Changed Mind,2,19364.85
900640,209348,5221.0,2025-09-09,Size/Fit Issue,1,33851.59
900641,209371,5187.0,2025-07-18,Wrong Item,2,55244.46
900642,209387,5090.0,2025-08-29,Wrong Item,1,56217.93
900643,209390,5148.0,2025-09-10,Size/Fit Issue,1,7089.4
900644,209399,5073.0,2025-04-04,Quality Issue,1,17026.73
900645,209441,5242.0,2025-07-26,Quality Issue,2,70930.48
900646,209459,5225.0,2025-06-14,Changed Mind,1,31348.8
900647,209461,5023.0,2025-09-05,Wrong Item,2,48466.4
900648,209473,5237.0,2025-06-18,Changed Mind,1,14486.85
900649,209476,5146.0,2025-04-13,Wrong Item,1,26075.82
900650,209513,5176.0,2025-07-17,Size/Fit Issue,2,12934.44
900651,209516,5067.0,2025-05-08,Size/Fit Issue,2,11328.7
900652,209517,5145.0,2025-07-22,Size/Fit Issue,1,45523.95
900653,209523,5084.0,2025-09-02,Size/Fit Issue,2,98571.04
900654,209535,5076.0,2025-06-02,Quality Issue,1,40120.08
900655,209546,5030.0,2025-05-25,Size/Fit Issue,1,17995.47
900656,209550,5039.0,2025-04-13,Quality Issue,2,50037.66
900657,209572,5166.0,2025-11-04,Wrong Item,1,50350.31
900658,209592,5196.0,2025-09-16,Damaged,1,20162.84
900659,209593,5099.0,2025-10-27,Wrong Item,2,24134.72
900660,209603,5059.0,2025-04-05,Late Delivery,1,42052.39
900661,209623,5190.0,2025-11-06,Damaged,1,29651.2
900662,209640,5018.0,2026-01-01,Size/Fit Issue,2,31948.2
900663,209656,5222.0,2025-04-11,Damaged,2,30195.37
900664,209663,5029.0,2025-06-11,Quality Issue,2,122848.51
900665,209683,5239.0,2025-09-18,Changed Mind,1,41858.94
900666,209695,5113.0,2025-09-13,Damaged,1,58535.62
900667,209767,5108.0,2025-06-22,Size/Fit Issue,1,28552.93
900668,209770,5217.0,2025-05-09,Size/Fit Issue,2,9094.15
900669,209795,5094.0,2025-01-22,Quality Issue,2,40095.84
900670,209799,5074.0,2025-01-25,Changed Mind,1,53308.22
900671,209801,5093.0,2025-08-07,Size/Fit Issue,2,11921.44
900672,209807,5045.0,2025-06-17,Quality Issue,2,55436.04
900673,209841,5087.0,2025-11-20,Damaged,2,6504.11
900674,209865,5020.0,2025-12-15,Damaged,1,37567.26
900675,209892,5042.0,2026-01-15,Quality Issue,2,115387.11
900676,209895,5108.0,2025-02-06,Quality Issue,2,53746.69
900677,209924,5192.0,2025-08-08,Damaged,1,29824.72
900678,209929,5158.0,2025-08-15,Damaged,2,88812.54
900679,209930,5144.0,2026-01-03,Damaged,1,18604.0
900680,209934,5126.0,2025-06-08,Wrong Item,1,60128.87
900681,209944,5233.0,2025-01-28,Quality Issue,1,56982.98
900682,209949,5199.0,2025-09-21,Damaged,1,1606.11
900683,209984,5175.0,2025-12-12,Damaged,2,17019.42
900684,209986,5195.0,2025-12-18,Size/Fit Issue,2,58669.03
900685,209991,5153.0,2025-04-12,Quality Issue,1,49370.52
900686,210020,5215.0,2025-01-28,Wrong Item,2,64645.36
900687,210031,5011.0,2025-03-29,Changed Mind,1,56612.09
900688,210046,5182.0,2025-01-26,Quality Issue,2,31075.58
900689,210068,5029.0,2025-03-21,Changed Mind,2,61424.25
900690,210091,5202.0,2025-10-12,Late Delivery,1,60728.55
900691,210097,5092.0,2025-05-24,Size/Fit Issue,2,96370.9
900692,210102,5017.0,2025-09-30,Size/Fit Issue,1,16018.04
900693,210107,5068.0,2025-04-23,Changed Mind,1,2887.36
900694,210116,5203.0,2025-09-28,Size/Fit Issue,1,52786.57
900695,210142,5184.0,2025-01-25,Wrong Item,2,35252.17
900696,210148,5091.0,2025-07-06,Quality Issue,1,23120.14
900697,210204,5227.0,2025-11-29,Late Delivery,2,71306.22
900698,210208,5039.0,2025-01-21,Late Delivery,2,100075.32
900699,210215,5165.0,2025-11-24,Quality Issue,2,123142.9
900700,210217,5225.0,2025-10-26,Quality Issue,2,40305.6
900701,210226,5077.0,2025-08-09,Wrong Item,2,12398.37
900702,210234,5206.0,2025-11-28,Late Delivery,2,58467.83
900703,210250,5167.0,2025-09-15,Late Delivery,2,4017.81
900704,210253,5163.0,2025-07-29,Damaged,2,59720.34
900705,210261,5061.0,2025-10-04,Wrong Item,1,28621.32
900706,210271,5077.0,2025-09-07,Wrong Item,2,24796.74
900707,210292,5106.0,2025-06-29,Late Delivery,2,92550.22
900708,210305,5080.0,2025-04-12,Quality Issue,1,47261.7
900709,210311,5068.0,2025-12-30,Late Delivery,2,5453.91
900710,210332,5212.0,2025-07-10,Changed Mind,2,3240.95
900711,210354,5029.0,2025-01-11,Late Delivery,2,58011.79
900712,210369,5149.0,2025-07-21,Size/Fit Issue,1,55095.26
900713,210380,5248.0,2025-03-13,Size/Fit Issue,1,44253.8
900714,210381,5083.0,2025-06-16,Size/Fit Issue,1,63358.13
900715,210383,5053.0,2025-05-02,Size/Fit Issue,1,8715.02
900716,210471,5244.0,2025-11-06,Wrong Item,2,21490.52
900717,210484,5024.0,2025-03-17,Size/Fit Issue,1,50105.74
900718,210552,5007.0,2025-12-16,Damaged,1,42357.75
900719,210570,5146.0,2025-05-31,Damaged,2,27448.23
900720,210597,5216.0,2025-08-11,Size/Fit Issue,2,4711.09
900721,210611,5173.0,2025-05-06,Changed Mind,2,60029.83
900722,210627,5072.0,2025-09-15,Size/Fit Issue,2,81911.73
900723,210630,5198.0,2025-02-24,Size/Fit Issue,1,18466.48
900724,210636,5178.0,2025-08-25,Changed Mind,1,20152.5
900725,210649,5098.0,2025-01-31,Changed Mind,1,56166.19
900726,210669,5027.0,2025-02-28,Size/Fit Issue,1,55514.01
900727,210671,5159.0,2025-09-17,Changed Mind,1,20301.82
900728,210676,5052.0,2025-12-06,Wrong Item,1,28683.93
900729,210718,5058.0,2025-12-29,Damaged,1,59334.46
900730,210729,5076.0,2025-03-09,Damaged,2,38008.49
900731,210730,5072.0,2025-02-13,Quality Issue,2,96366.74
900732,210733,5111.0,2025-09-16,Changed Mind,1,74562.56
900733,210748,5249.0,2025-12-15,Changed Mind,2,32023.79
900734,210749,5057.0,2025-10-25,Size/Fit Issue,2,76613.44
900735,210793,5191.0,2025-02-26,Late Delivery,2,25708.91
900736,210838,5200.0,2025-11-21,Changed Mind,1,21134.67
900737,210850,5144.0,2025-11-19,Changed Mind,2,15666.53
900738,210858,5168.0,2025-06-10,Quality Issue,1,49827.72
900739,210865,5097.0,2025-04-03,Damaged,1,31341.27
900740,210866,5208.0,2025-12-21,Changed Mind,1,48009.35
900741,210878,5197.0,2025-06-18,Quality Issue,1,26646.67
900742,210888,5158.0,2025-04-22,Late Delivery,2,49340.3
900743,210925,5160.0,2025-04-20,Quality Issue,2,11630.6
900744,210943,5137.0,2025-03-13,Changed Mind,1,11762.68
900745,210950,5035.0,2025-12-15,Late Delivery,1,21801.91
900746,210955,5155.0,2025-10-12,Size/Fit Issue,2,2144.11
900747,210962,5013.0,2025-11-09,Quality Issue,1,57044.0
900748,210981,5205.0,2025-12-18,Size/Fit Issue,2,20440.67
900749,211022,5079.0,2025-07-04,Quality Issue,1,5191.42
900750,211045,5022.0,2025-03-08,Wrong Item,2,95840.14
900751,211092,5044.0,2025-09-26,Changed Mind,1,10845.23
900752,211093,5179.0,2025-11-01,Changed Mind,2,9351.31
900753,211101,5110.0,2025-06-22,Size/Fit Issue,2,87592.93
900754,211117,5114.0,2025-01-19,Wrong Item,2,21858.26
900755,211125,5020.0,2025-10-19,Wrong Item,2,37567.26
900756,211131,5016.0,2025-10-19,Damaged,2,36681.19
900757,211144,5239.0,2025-10-24,Late Delivery,1,39765.99
900758,211160,5245.0,2025-01-21,Damaged,1,6036.09
900759,211171,5177.0,2025-11-27,Size/Fit Issue,1,9576.68
900760,211172,5189.0,2025-07-05,Wrong Item,2,2692.94
900761,211190,5040.0,2025-08-15,Wrong Item,2,46799.75
900762,211194,5086.0,2025-04-05,Wrong Item,1,24264.53
900763,211195,5223.0,2025-02-10,Size/Fit Issue,1,13507.7
900764,211199,5215.0,2025-07-03,Quality Issue,2,32322.68
900765,211201,5120.0,2025-04-09,Late Delivery,2,82940.35
900766,211208,5201.0,2025-05-31,Damaged,2,73857.66
900767,211244,5074.0,2025-03-13,Changed Mind,2,78559.49
900768,211255,5216.0,2025-10-09,Size/Fit Issue,2,9422.18
900769,211284,5105.0,2025-03-17,Quality Issue,2,72995.81
900770,211305,5164.0,2025-10-17,Size/Fit Issue,2,53390.93
900771,211311,5192.0,2025-09-21,Size/Fit Issue,2,35416.86
900772,211357,5222.0,2025-11-15,Damaged,2,30195.37
900773,211359,5049.0,2025-07-10,Quality Issue,2,3060.54
900774,211362,5106.0,2025-09-09,Wrong Item,2,41404.04
900775,211364,5183.0,2025-08-23,Size/Fit Issue,1,16564.36
900776,211371,5074.0,2025-07-29,Quality Issue,1,53308.22
900777,211384,5179.0,2026-01-02,Damaged,2,9901.39
900778,211389,5107.0,2025-01-27,Changed Mind,1,29520.85
900779,211390,5030.0,2025-06-19,Wrong Item,1,16195.92
900780,211454,5174.0,2025-01-16,Wrong Item,2,33152.89
900781,211470,5170.0,2025-12-30,Late Delivery,2,39072.75
900782,211502,5248.0,2025-03-02,Quality Issue,1,44253.8
900783,211508,5047.0,2025-10-20,Quality Issue,2,17391.08
900784,211516,5086.0,2025-12-14,Quality Issue,1,20624.85
900785,211533,5241.0,2025-03-07,Size/Fit Issue,2,125339.84
900786,211575,5063.0,2025-05-03,Size/Fit Issue,1,14380.12
900787,211577,5136.0,2025-05-05,Changed Mind,2,36946.38
900788,211609,5206.0,2025-03-08,Wrong Item,2,99395.31
900789,211630,5188.0,2025-05-04,Size/Fit Issue,1,11211.29
900790,211633,5051.0,2025-03-01,Quality Issue,1,4963.68
900791,211641,5107.0,2025-08-29,Wrong Item,2,55761.6
900792,211653,5086.0,2025-05-05,Changed Mind,1,23051.3
900793,211657,5094.0,2025-08-07,Size/Fit Issue,2,50119.8
900794,211716,5052.0,2025-05-15,Size/Fit Issue,1,30193.61
900795,211753,5107.0,2025-05-20,Quality Issue,1,22960.66
900796,211774,5169.0,2025-10-29,Size/Fit Issue,1,15155.38
900797,211783,5079.0,2025-08-21,Damaged,1,6164.81
900798,211803,5058.0,2025-12-18,Size/Fit Issue,1,53401.01
900799,211819,5031.0,2025-11-09,Damaged,1,50468.0
900800,211822,5199.0,2025-07-11,Changed Mind,2,1249.2
900801,211848,5119.0,2025-06-10,Size/Fit Issue,1,26689.39
900802,211862,5185.0,2025-09-19,Late Delivery,2,16020.27
900803,211887,5240.0,2026-01-17,Size/Fit Issue,2,52578.22
900804,211917,5195.0,2025-03-20,Late Delivery,1,58669.03
900805,211924,5017.0,2025-02-02,Size/Fit Issue,2,14238.26
900806,211941,5083.0,2025-06-18,Changed Mind,1,70397.92
900807,211956,5172.0,2025-06-15,Size/Fit Issue,2,4239.47
900808,211961,5125.0,2025-04-01,Size/Fit Issue,2,6213.43
900809,211973,5046.0,2025-12-16,Size/Fit Issue,1,32876.12
900810,211999,5006.0,2025-05-27,Size/Fit Issue,1,11480.78
900811,212004,5028.0,2025-07-05,Wrong Item,1,16503.16
900812,212010,5037.0,2025-03-17,Quality Issue,1,9889.5
900813,212035,5059.0,2025-08-07,Damaged,1,48059.88
900814,212052,5089.0,2025-10-05,Damaged,2,33256.64
900815,212059,5150.0,2025-12-12,Wrong Item,1,37752.45
900816,212071,5016.0,2025-06-05,Late Delivery,1,25676.83
900817,212124,5071.0,2025-06-02,Damaged,1,955.85
900818,212136,5043.0,2025-08-19,Damaged,1,32970.66
900819,212149,5014.0,2025-06-30,Quality Issue,2,7025.79
900820,212160,5046.0,2025-04-05,Size/Fit Issue,1,32876.12
900821,212170,5205.0,2025-07-19,Quality Issue,1,20440.67
900822,212192,5249.0,2025-11-16,Changed Mind,1,37675.05
900823,212210,5223.0,2025-12-24,Damaged,1,12713.13
900824,212214,5178.0,2025-02-04,Size/Fit Issue,2,20152.5
900825,212239,5010.0,2025-02-20,Wrong Item,1,54405.26
900826,212261,5236.0,2025-10-06,Changed Mind,2,55885.21
900827,212274,5047.0,2025-11-11,Size/Fit Issue,2,7825.99
900828,212283,5050.0,2025-06-15,Late Delivery,1,45095.51
900829,212303,5217.0,2025-06-04,Wrong Item,2,17231.02
900830,212322,5239.0,2025-03-04,Changed Mind,1,35580.1
900831,212326,5087.0,2025-09-08,Size/Fit Issue,1,6865.45
900832,212336,5211.0,2025-11-16,Size/Fit Issue,2,31932.17
900833,212341,5103.0,2025-12-01,Quality Issue,1,58567.86
900834,212369,5023.0,2025-08-03,Wrong Item,2,79827.02
900835,212387,5205.0,2025-07-09,Quality Issue,1,20440.67
900836,212396,5112.0,2025-11-25,Late Delivery,1,21588.83
900837,212397,5203.0,2025-03-22,Size/Fit Issue,1,50008.33
900838,212438,5223.0,2025-08-23,Wrong Item,2,30193.68
900839,212439,5173.0,2025-08-25,Damaged,2,63364.82
900840,212450,5075.0,2025-10-17,Wrong Item,2,21747.31
900841,212460,5102.0,2025-05-14,Changed Mind,2,27858.4
900842,212465,5159.0,2025-05-21,Quality Issue,1,20301.82
900843,212503,5114.0,2025-05-30,Wrong Item,1,7650.39
900844,212529,5011.0,2025-08-12,Changed Mind,1,53466.97
900845,212572,5089.0,2025-08-20,Late Delivery,2,66513.28
900846,212587,5157.0,2025-04-29,Quality Issue,1,43525.09
900847,212592,5217.0,2025-03-20,Late Delivery,2,19145.58
900848,212594,5195.0,2025-11-13,Size/Fit Issue,2,41068.32
900849,212607,5117.0,2025-02-20,Quality Issue,1,16218.46
900850,212610,5106.0,2025-02-07,Size/Fit Issue,1,48710.64
900851,212635,5020.0,2025-08-20,Size/Fit Issue,2,39777.1
900852,212646,5224.0,2025-09-17,Late Delivery,2,0.0
900853,212667,5050.0,2025-11-24,Wrong Item,1,47913.98
900854,212675,5049.0,2025-02-08,Damaged,2,6801.2
900855,212681,5106.0,2025-07-10,Changed Mind,1,48710.64
900856,212682,5015.0,2025-02-19,Changed Mind,1,46970.63
900857,212703,5139.0,2025-02-12,Damaged,2,65653.86
900858,212714,5037.0,2025-02-18,Wrong Item,2,14127.86
900859,212754,5168.0,2025-04-23,Wrong Item,1,44844.95
900860,212760,5111.0,2025-04-24,Quality Issue,2,70638.22
900861,212765,5134.0,2025-08-11,Size/Fit Issue,1,38991.08
900862,212770,5023.0,2025-11-21,Size/Fit Issue,1,48466.4
900863,212778,5207.0,2025-01-26,Quality Issue,1,21859.02
900864,212811,5214.0,2025-11-10,Size/Fit Issue,1,65478.32
900865,212822,5182.0,2025-10-07,Wrong Item,1,39954.31
900866,212827,5227.0,2025-04-04,Wrong Item,1,35653.11
900867,212833,5068.0,2025-07-26,Size/Fit Issue,1,2887.36
900868,212850,5020.0,2025-05-19,Changed Mind,1,41986.94
900869,212853,5099.0,2025-09-02,Damaged,2,38615.55
900870,212871,5202.0,2025-03-13,Quality Issue,1,57692.12
900871,212880,5121.0,2025-01-26,Quality Issue,2,37701.1
900872,212900,5064.0,2025-09-07,Changed Mind,2,1071.6
900873,212930,5029.0,2025-04-19,Damaged,1,58011.79
900874,212969,5013.0,2025-07-27,Late Delivery,2,54191.8
900875,212971,5047.0,2025-03-12,Damaged,1,8695.54
900876,212981,5217.0,2025-10-11,Quality Issue,2,19145.58
900877,212987,5150.0,2025-08-19,Size/Fit Issue,2,35655.09
900878,212992,5174.0,2025-05-13,Quality Issue,2,33152.89
900879,213024,5045.0,2025-06-23,Size/Fit Issue,1,52356.26
900880,213041,5082.0,2025-04-27,Changed Mind,1,41765.12
900881,213051,5166.0,2025-11-26,Changed Mind,1,50350.31
900882,213079,5168.0,2025-04-17,Damaged,2,42353.56
900883,213081,5007.0,2025-01-27,Late Delivery,1,44710.96
900884,213098,5194.0,2025-04-09,Changed Mind,2,20328.0
900885,213102,5081.0,2025-12-06,Size/Fit Issue,1,14395.48
900886,213142,5187.0,2026-01-04,Quality Issue,1,52482.24
900887,213191,5120.0,2025-10-04,Damaged,1,43909.6
900888,213193,5043.0,2025-07-05,Changed Mind,1,31235.36
900889,213195,5024.0,2025-01-30,Size/Fit Issue,2,56368.96
900890,213200,5112.0,2025-02-23,Size/Fit Issue,2,21588.83
900891,213203,5059.0,2025-11-06,Changed Mind,1,51063.62
900892,213219,5058.0,2025-03-20,Size/Fit Issue,2,53401.01
900893,213230,5059.0,2025-10-23,Size/Fit Issue,2,51063.62
900894,213242,5215.0,2025-10-24,Quality Issue,2,30706.55
900895,213253,5167.0,2025-09-14,Changed Mind,1,4726.83
900896,213254,5179.0,2025-09-11,Damaged,1,9901.39
900897,213255,5132.0,2025-07-11,Wrong Item,2,17612.09
900898,213289,5076.0,2025-07-29,Size/Fit Issue,1,33785.33
900899,213302,5189.0,2025-12-20,Late Delivery,2,6019.52
900900,213325,5161.0,2025-03-01,Late Delivery,2,107260.77
900901,213329,5166.0,2025-09-25,Size/Fit Issue,1,53312.09
900902,213333,5048.0,2025-12-15,Size/Fit Issue,1,24095.39
900903,213368,5041.0,2025-01-23,Damaged,2,62298.94
900904,213370,5113.0,2025-06-22,Wrong Item,1,61978.89
900905,213372,5018.0,2025-02-16,Size/Fit Issue,2,31948.2
900906,213377,5237.0,2025-08-22,Late Delivery,2,12313.82
900907,213380,5007.0,2025-07-13,Changed Mind,1,44710.96
900908,213394,5004.0,2025-08-25,Quality Issue,2,41185.55
900909,213402,5241.0,2025-01-05,Size/Fit Issue,1,53269.43
900910,213419,5078.0,2025-11-22,Size/Fit Issue,2,32909.2
900911,213441,5020.0,2025-07-22,Size/Fit Issue,1,37567.26
900912,213476,5049.0,2025-03-23,Size/Fit Issue,1,3230.57
900913,213477,5029.0,2025-06-29,Quality Issue,2,109198.67
900914,213495,5002.0,2025-04-05,Quality Issue,2,62397.5
900915,213502,5003.0,2025-04-06,Quality Issue,2,63970.17
900916,213516,5222.0,2025-07-24,Size/Fit Issue,1,35523.97
900917,213529,5083.0,2025-10-19,Changed Mind,1,49278.54
900918,213536,5151.0,2025-12-04,Size/Fit Issue,1,43889.88
900919,213546,5085.0,2025-09-14,Size/Fit Issue,2,37378.56
900920,213548,5205.0,2025-06-11,Wrong Item,2,43033.0
900921,213579,5144.0,2025-12-25,Changed Mind,2,13708.21
900922,213587,5026.0,2025-09-29,Quality Issue,1,73838.9
900923,213610,5130.0,2025-07-16,Size/Fit Issue,2,44427.85
900924,213611,5016.0,2025-02-02,Wrong Item,2,36681.19
900925,213613,5022.0,2025-08-26,Size/Fit Issue,2,95840.14
900926,213634,5082.0,2025-08-10,Size/Fit Issue,2,92811.38
900927,213642,5014.0,2025-10-05,Size/Fit Issue,2,13270.93
900928,213663,5003.0,2025-08-07,Damaged,1,63970.17
900929,213669,5095.0,2025-04-14,Quality Issue,2,26324.35
900930,213678,5077.0,2025-11-12,Damaged,1,12398.37
900931,213694,5075.0,2025-11-30,Size/Fit Issue,1,26407.44
900932,213701,5041.0,2025-12-07,Size/Fit Issue,1,29592.0
900933,213702,5001.0,2025-11-26,Wrong Item,1,7130.66
900934,213709,5206.0,2025-09-22,Quality Issue,2,52621.05
900935,213715,5105.0,2025-04-14,Changed Mind,2,65312.04
900936,213716,5136.0,2025-11-27,Quality Issue,1,50141.51
900937,213743,5233.0,2025-08-06,Damaged,1,48435.53
900938,213745,5233.0,2025-08-09,Wrong Item,2,51284.68
900939,213751,5130.0,2025-01-27,Wrong Item,1,44427.85
900940,213766,5145.0,2025-05-03,Quality Issue,2,70815.04
900941,213773,5132.0,2025-03-01,Damaged,1,14831.23
900942,213774,5058.0,2025-11-03,Wrong Item,2,112735.47
900943,213776,5077.0,2025-03-31,Size/Fit Issue,2,22317.07
900944,213789,5126.0,2025-02-05,Changed Mind,2,120257.74
900945,213802,5191.0,2025-01-27,Quality Issue,2,28565.45
900946,213836,5200.0,2025-04-23,Quality Issue,2,47242.21
900947,213837,5150.0,2025-07-14,Damaged,2,75504.91
900948,213866,5209.0,2025-02-24,Damaged,1,36633.77
900949,213868,5125.0,2025-06-20,Quality Issue,1,6213.43
900950,213881,5214.0,2025-05-15,Quality Issue,2,61840.64
900951,213882,5204.0,2026-01-06,Late Delivery,1,40374.2
900952,213887,5030.0,2025-02-16,Wrong Item,2,17995.47
900953,213902,5054.0,2025-12-08,Damaged,2,3734.14
900954,213906,5108.0,2025-05-22,Changed Mind,2,26873.34
900955,213933,5051.0,2025-12-10,Size/Fit Issue,2,4412.16
900956,213958,5131.0,2025-09-07,Quality Issue,1,15678.3
900957,213967,5025.0,2025-05-08,Late Delivery,1,6471.89
900958,213975,5012.0,2025-04-19,Wrong Item,2,8939.7
900959,213985,5010.0,2025-06-22,Quality Issue,1,57427.78
900960,213997,5003.0,2025-07-13,Late Delivery,2,67733.12
900961,214001,5001.0,2025-06-14,Damaged,2,6417.59
900962,214007,5047.0,2025-04-17,Quality Issue,1,8260.76
900963,214026,5125.0,2025-06-30,Size/Fit Issue,2,5559.38
900964,214031,5068.0,2025-09-09,Size/Fit Issue,1,3208.18
900965,214044,5200.0,2025-09-21,Changed Mind,1,23621.1
900966,214075,5144.0,2025-02-02,Size/Fit Issue,1,15666.53
900967,214083,5212.0,2025-05-17,Damaged,1,4398.43
900968,214086,5078.0,2025-12-18,Changed Mind,1,27713.01
900969,214094,5237.0,2025-04-05,Changed Mind,2,26076.33
900970,214109,5156.0,2025-10-19,Late Delivery,2,96347.74
900971,214110,5100.0,2025-03-05,Size/Fit Issue,2,5350.32
900972,214113,5135.0,2025-05-09,Size/Fit Issue,1,38131.78
900973,214119,5181.0,2025-08-31,Damaged,2,37920.07
900974,214129,5026.0,2025-09-28,Late Delivery,1,73838.9
900975,214136,5070.0,2025-11-07,Late Delivery,2,30502.3
900976,214149,5042.0,2025-08-03,Quality Issue,1,67874.77
900977,214151,5248.0,2025-10-06,Quality Issue,2,35403.04
900978,214157,5249.0,2025-03-18,Changed Mind,2,30140.04
900979,214182,5226.0,2025-06-19,Damaged,1,19388.21
900980,214201,5217.0,2025-08-09,Size/Fit Issue,2,9572.79
900981,214204,5044.0,2025-12-20,Damaged,1,12759.09
900982,214240,5043.0,2025-12-12,Wrong Item,1,32970.66
900983,214243,5231.0,2025-06-06,Wrong Item,2,65333.16
900984,214246,5176.0,2025-11-02,Quality Issue,1,14371.6
900985,214256,5003.0,2025-03-16,Changed Mind,1,63970.17
900986,214284,5207.0,2025-08-29,Size/Fit Issue,2,19430.24
900987,214313,5141.0,2026-01-04,Quality Issue,1,53573.63
900988,214317,5102.0,2025-08-17,Changed Mind,2,27858.4
900989,214318,5042.0,2025-02-14,Wrong Item,1,61087.29
900990,214324,5077.0,2025-03-09,Damaged,2,9918.7
900991,214339,5048.0,2025-05-10,Quality Issue,2,54214.63
900992,214363,5092.0,2025-08-31,Wrong Item,2,43366.9
900993,214374,5152.0,2025-03-18,Quality Issue,2,39798.26
900994,214403,5049.0,2025-03-08,Wrong Item,2,6461.14
900995,214406,5235.0,2025-11-23,Wrong Item,1,36498.48
900996,214421,5092.0,2025-08-05,Damaged,2,43366.9
900997,214427,5231.0,2025-11-02,Quality Issue,1,30745.02
900998,214442,5002.0,2025-09-08,Quality Issue,2,31198.75
900999,214458,5222.0,2025-12-22,Size/Fit Issue,1,31971.57
901000,214479,5098.0,2025-07-08,Quality Issue,1,50549.57
901001,214481,5168.0,2025-01-21,Quality Issue,2,44844.95
901002,214524,5016.0,2025-12-20,Size/Fit Issue,1,36681.19
901003,214540,5004.0,2025-07-07,Damaged,2,29418.25
901004,214543,5138.0,2025-05-14,Wrong Item,2,45043.39
901005,214545,5071.0,2025-10-19,Size/Fit Issue,1,1006.16
901006,214557,5128.0,2025-03-31,Quality Issue,1,59103.1
901007,214558,5134.0,2026-01-09,Late Delivery,1,46301.91
901008,214566,5107.0,2025-03-30,Wrong Item,1,27880.8
901009,214598,5022.0,2025-12-16,Quality Issue,2,45257.84
901010,214603,5140.0,2025-04-03,Wrong Item,2,64931.36
901011,214604,5100.0,2025-07-31,Quality Issue,2,5350.32
901012,214609,5035.0,2025-01-18,Wrong Item,1,19621.72
901013,214672,5002.0,2025-05-28,Size/Fit Issue,1,31198.75
901014,214688,5125.0,2025-12-24,Late Delivery,1,6540.45
901015,214726,5007.0,2025-06-01,Changed Mind,2,47064.17
901016,214763,5224.0,2026-01-08,Damaged,2,27610.3
901017,214786,5207.0,2025-04-05,Damaged,2,23073.41
901018,214787,5049.0,2025-01-25,Size/Fit Issue,1,3060.54
901019,214789,5236.0,2025-09-13,Damaged,1,59172.58
901020,214806,5157.0,2025-10-11,Quality Issue,1,36652.7
901021,214815,5166.0,2025-02-08,Size/Fit Issue,1,50350.31
901022,214823,5090.0,2025-08-26,Changed Mind,1,56217.93
901023,214832,5084.0,2025-10-23,Changed Mind,1,52365.86
901024,214836,5188.0,2025-09-28,Size/Fit Issue,1,12456.99
901025,214856,5249.0,2025-09-27,Wrong Item,2,75350.1
901026,214866,5210.0,2025-10-17,Quality Issue,2,31954.46
901027,214870,5036.0,2025-10-08,Size/Fit Issue,2,32021.23
901028,214895,5106.0,2025-09-30,Damaged,2,92550.22
901029,214899,5090.0,2025-12-05,Wrong Item,2,101192.27
901030,214909,5185.0,2025-04-27,Size/Fit Issue,1,10012.67
901031,214910,5106.0,2025-02-23,Size/Fit Issue,1,48710.64
901032,214920,5025.0,2025-04-23,Size/Fit Issue,2,6148.3
901033,214937,5202.0,2025-03-08,Damaged,1,54655.7
901034,214953,5017.0,2025-10-19,Quality Issue,1,16907.93
901035,214976,5041.0,2025-06-15,Quality Issue,2,31149.47
901036,214978,5137.0,2025-12-05,Size/Fit Issue,1,9148.75
901037,214992,5018.0,2025-09-17,Size/Fit Issue,2,28753.38
901038,215008,5049.0,2025-03-29,Changed Mind,2,3230.57
901039,215018,5134.0,2025-07-23,Size/Fit Issue,1,48738.85
901040,215028,5019.0,2025-12-12,Wrong Item,1,48479.03
901041,215062,5067.0,2026-01-11,Changed Mind,1,5664.35
901042,215064,5175.0,2025-05-04,Changed Mind,1,17964.95
901043,215081,5194.0,2025-10-14,Changed Mind,1,21523.77
901044,215104,5225.0,2025-08-07,Quality Issue,2,76132.8
901045,215111,5137.0,2025-04-19,Size/Fit Issue,1,11762.68
901046,215119,5113.0,2026-01-14,Changed Mind,1,48205.8
901047,215126,5091.0,2025-09-07,Wrong Item,1,24404.59
901048,215140,5130.0,2025-01-11,Quality Issue,2,83919.28
901049,215154,5190.0,2025-05-26,Damaged,2,84717.72
901050,215163,5160.0,2025-08-20,Late Delivery,2,11049.07
901051,215179,5033.0,2025-09-07,Late Delivery,1,30587.16
901052,215182,5186.0,2025-05-19,Size/Fit Issue,1,17627.84
901053,215203,5141.0,2025-07-20,Quality Issue,2,113450.04
901054,215210,5152.0,2025-11-09,Late Delivery,1,35818.43
901055,215230,5083.0,2025-03-10,Damaged,1,66878.02
901056,215284,5230.0,2025-12-12,Late Delivery,1,22521.75
901057,215300,5153.0,2025-08-21,Changed Mind,2,52113.32
901058,215320,5229.0,2025-05-26,Quality Issue,2,125804.28
901059,215323,5086.0,2025-03-11,Size/Fit Issue,2,48529.06
901060,215325,5052.0,2025-01-29,Size/Fit Issue,2,57367.86
901061,215350,5139.0,2025-02-10,Size/Fit Issue,1,31185.58
901062,215352,5159.0,2025-07-10,Quality Issue,2,18164.79
901063,215409,5247.0,2025-11-11,Wrong Item,1,32345.67
901064,215484,5239.0,2025-12-02,Quality Issue,1,39765.99
901065,215488,5213.0,2025-07-25,Wrong Item,1,29880.25
901066,215501,5044.0,2025-03-02,Changed Mind,1,10845.23
901067,215502,5139.0,2025-11-20,Late Delivery,1,29544.24
901068,215537,5025.0,2025-04-22,Damaged,1,5501.11
901069,215544,5165.0,2025-10-29,Changed Mind,1,54730.18
901070,215554,5219.0,2025-02-20,Damaged,2,34500.92
901071,215564,5235.0,2025-10-19,Size/Fit Issue,2,42939.39
901072,215597,5187.0,2025-08-12,Size/Fit Issue,1,46957.79
901073,215598,5054.0,2025-08-24,Quality Issue,2,4393.11
901074,215630,5205.0,2025-07-13,Size/Fit Issue,1,21516.5
901075,215634,5108.0,2025-03-31,Quality Issue,2,33591.68
901076,215641,5085.0,2025-09-02,Quality Issue,1,15885.89
901077,215643,5106.0,2025-05-13,Size/Fit Issue,1,46275.11
901078,215705,5121.0,2025-06-07,Changed Mind,1,44770.06
901079,215710,5139.0,2025-11-28,Size/Fit Issue,1,31185.58
901080,215720,5048.0,2025-11-02,Size/Fit Issue,1,24095.39
901081,215721,5089.0,2025-06-23,Quality Issue,2,29561.46
901082,215752,5125.0,2025-01-24,Damaged,1,5886.4
901083,215760,5140.0,2025-08-26,Quality Issue,1,34269.33
901084,215777,5249.0,2025-02-26,Damaged,2,37675.05
901085,215810,5220.0,2025-06-14,Changed Mind,2,20869.11
901086,215820,5179.0,2025-05-17,Size/Fit Issue,2,9901.39
901087,215844,5205.0,2025-04-11,Size/Fit Issue,1,19364.85
901088,215848,5052.0,2025-09-21,Late Delivery,2,27174.25
901089,215856,5104.0,2025-07-08,Damaged,1,14643.7
901090,215862,5057.0,2025-04-23,Damaged,2,36391.38
901091,215865,5114.0,2025-01-31,Damaged,2,7650.39
901092,215895,5238.0,2025-03-22,Size/Fit Issue,2,39121.2
901093,215900,5211.0,2025-08-13,Damaged,2,67855.86
901094,215922,5002.0,2026-01-21,Quality Issue,1,38998.44
901095,215924,5033.0,2025-01-27,Quality Issue,2,72644.5
901096,215931,5223.0,2025-11-09,Quality Issue,2,15096.84
901097,215932,5236.0,2025-12-26,Late Delivery,1,55885.21
901098,215934,5015.0,2025-04-21,Quality Issue,1,55259.57
901099,215939,5159.0,2025-09-29,Late Delivery,1,18164.79
901100,215952,5022.0,2025-11-09,Late Delivery,2,47920.07
901101,215979,5014.0,2025-12-27,Quality Issue,2,7025.79
901102,215981,5147.0,2025-11-19,Damaged,1,51457.87
901103,215986,5246.0,2025-12-29,Quality Issue,1,58343.26
901104,216007,5211.0,2025-02-21,Quality Issue,2,79830.42
901105,216023,5071.0,2025-06-18,Changed Mind,1,905.54
901106,216049,5108.0,2025-12-22,Size/Fit Issue,1,30232.51
901107,216054,5161.0,2025-09-22,Changed Mind,1,67037.98
901108,216056,5030.0,2025-03-21,Quality Issue,2,12596.83
901109,216085,5172.0,2025-05-01,Changed Mind,2,3815.52
901110,216107,5070.0,2025-01-29,Damaged,2,48803.68
901111,216111,5097.0,2025-04-13,Late Delivery,2,31341.27
901112,216114,5197.0,2025-10-10,Damaged,2,26646.67
901113,216127,5087.0,2025-06-13,Damaged,1,6504.11
901114,216135,5168.0,2025-06-29,Wrong Item,2,94672.67
901115,216178,5183.0,2025-10-29,Quality Issue,1,14907.92
901116,216179,5013.0,2025-07-15,Wrong Item,1,39930.8
901117,216180,5137.0,2025-03-09,Size/Fit Issue,1,11109.2
901118,216195,5194.0,2025-10-05,Damaged,1,21523.77
901119,216208,5174.0,2025-07-18,Changed Mind,1,33152.89
901120,216224,5119.0,2025-12-25,Damaged,2,44950.56
901121,216249,5171.0,2025-03-05,Changed Mind,1,50011.15
901122,216251,5117.0,2025-12-18,Late Delivery,2,23169.23
901123,216262,5088.0,2026-01-16,Damaged,1,16959.19
901124,216268,5099.0,2025-10-19,Size/Fit Issue,2,48269.44
901125,216273,5176.0,2025-07-11,Quality Issue,1,14371.6
901126,216282,5058.0,2025-07-02,Quality Issue,2,59334.46
901127,216304,5022.0,2025-12-03,Size/Fit Issue,1,53244.52
901128,216308,5037.0,2025-08-29,Wrong Item,1,12008.68
901129,216315,5156.0,2025-07-20,Size/Fit Issue,2,51007.63
901130,216322,5160.0,2025-10-23,Quality Issue,1,11630.6
901131,216341,5135.0,2025-11-21,Changed Mind,1,38131.78
901132,216346,5135.0,2025-11-01,Damaged,2,
901133,216350,5074.0,2026-01-18,Size/Fit Issue,2,50502.53
901134,216360,5097.0,2025-01-13,Wrong Item,2,89546.5
901135,216365,5032.0,2025-12-10,Damaged,2,67180.89
901136,216389,5166.0,2025-06-01,Damaged,1,56273.88
901137,216393,5096.0,2025-07-10,Size/Fit Issue,1,34899.18
901138,216398,5177.0,2025-07-29,Wrong Item,1,9576.68
901139,216411,5031.0,2025-07-05,Damaged,1,50468.0
901140,216428,5130.0,2025-11-29,Late Delivery,1,44427.85
901141,216433,5145.0,2025-06-04,Quality Issue,2,42994.84
901142,216434,5153.0,2025-06-13,Damaged,2,54856.13
901143,216459,5183.0,2025-10-14,Size/Fit Issue,1,15736.14
901144,216465,5177.0,2025-01-09,Changed Mind,2,10773.77
901145,216474,5233.0,2025-11-03,Changed Mind,2,96871.07
901146,216485,5047.0,2025-09-26,Late Delivery,2,7825.99
901147,216528,5180.0,2025-09-26,Damaged,2,53270.74
901148,216555,5074.0,2025-05-12,Changed Mind,2,50502.53
901149,216592,5178.0,2025-10-25,Size/Fit Issue,2,21213.16
901150,216624,5211.0,2025-06-04,Quality Issue,2,71847.38
901151,216625,5115.0,2025-10-31,Changed Mind,2,67383.95
901152,216638,5141.0,2025-09-23,Changed Mind,1,63027.8
901153,216649,5077.0,2025-03-18,Size/Fit Issue,1,11778.45
901154,216651,5009.0,2025-10-21,Quality Issue,1,18568.14
901155,216656,5116.0,2025-05-04,Quality Issue,2,35701.27
901156,216657,5121.0,2025-09-12,Size/Fit Issue,1,47126.38
901157,216666,5199.0,2025-11-18,Quality Issue,1,1784.57
901158,216670,5025.0,2025-02-04,Changed Mind,2,5824.7
901159,216754,5131.0,2025-03-16,Changed Mind,2,16600.55
901160,216765,5208.0,2025-07-29,Changed Mind,1,48009.35
901161,216783,5135.0,2025-06-10,Wrong Item,2,38131.78
901162,216803,5095.0,2025-03-16,Size/Fit Issue,1,14624.64
901163,216831,5138.0,2025-08-11,Size/Fit Issue,2,50048.21
901164,216843,5084.0,2025-12-14,Quality Issue,2,104731.73
901165,216849,5021.0,2025-06-23,Late Delivery,2,121630.57
901166,216859,5232.0,2025-12-19,Late Delivery,1,7405.89
901167,216880,5019.0,2025-06-25,Damaged,1,53865.59
901168,216882,5191.0,2025-07-06,Changed Mind,2,57130.9
901169,216895,5114.0,2025-06-13,Quality Issue,1,10929.13
901170,216957,5087.0,2025-11-08,Size/Fit Issue,1,6504.11
901171,216974,5154.0,2025-06-11,Size/Fit Issue,1,36651.14
901172,216977,5090.0,2025-08-20,Damaged,1,53407.03
901173,216979,5125.0,2025-08-12,Size/Fit Issue,2,5232.36
901174,216980,5089.0,2025-04-01,Size/Fit Issue,1,36951.82
901175,217015,5179.0,2025-04-30,Wrong Item,2,22003.08
901176,217041,5064.0,2025-06-14,Damaged,1,964.44
901177,217049,5183.0,2025-04-28,Changed Mind,2,15736.14
901178,217074,5168.0,2025-09-09,Changed Mind,2,42353.56
901179,217092,5244.0,2025-01-21,Size/Fit Issue,1,17192.42
901180,217100,5041.0,2025-10-23,Quality Issue,1,29592.0
901181,217105,5038.0,2025-10-07,Late Delivery,1,4014.35
901182,217109,5186.0,2025-04-02,Quality Issue,1,16700.06
901183,217127,5132.0,2025-03-31,Size/Fit Issue,2,18539.04
901184,217130,5119.0,2025-05-17,Changed Mind,2,50569.38
901185,217145,5083.0,2025-10-12,Quality Issue,2,70397.92
901186,217169,5016.0,2025-06-14,Size/Fit Issue,2,36681.19
901187,217213,5011.0,2025-12-07,Late Delivery,1,62902.32
901188,217246,5217.0,2025-12-16,Late Delivery,2,9572.79
901189,217269,5061.0,2025-12-24,Changed Mind,2,60255.42
901190,217286,5069.0,2025-01-24,Late Delivery,2,109698.19
901191,217308,5094.0,2025-10-20,Damaged,2,45107.82
901192,217314,5151.0,2025-08-04,Quality Issue,1,43889.88
901193,217316,5103.0,2025-07-10,Damaged,2,65458.19
901194,217318,5135.0,2025-07-16,Size/Fit Issue,1,42617.87
901195,217346,5159.0,2025-08-31,Late Delivery,2,18164.79
901196,217348,5188.0,2025-03-04,Changed Mind,1,10588.44
901197,217363,5022.0,2025-09-17,Size/Fit Issue,2,45257.84
901198,217366,5200.0,2025-04-12,Changed Mind,2,47242.21
901199,217375,5022.0,2025-05-29,Wrong Item,1,42595.62
901200,217382,5034.0,2025-12-21,Quality Issue,1,16600.56
901201,217392,5070.0,2025-12-16,Quality Issue,1,30502.3
901202,217417,5084.0,2025-09-05,Wrong Item,2,123213.8
901203,217422,5112.0,2025-09-25,Late Delivery,2,17271.06
901204,217452,5242.0,2025-11-17,Damaged,1,31524.66
901205,217474,5031.0,2025-07-01,Damaged,2,118748.24
901206,217481,5230.0,2025-11-20,Size/Fit Issue,2,22521.75
901207,217485,5019.0,2025-04-20,Size/Fit Issue,1,48479.03
901208,217509,5134.0,2025-03-15,Damaged,2,48738.85
901209,217515,5023.0,2025-08-23,Changed Mind,2,91230.88
901210,217518,5228.0,2025-05-10,Quality Issue,1,10120.55
901211,217573,5032.0,2025-11-10,Late Delivery,1,60109.22
901212,217582,5144.0,2025-04-27,Size/Fit Issue,2,16645.69
901213,217585,5067.0,2025-11-05,Size/Fit Issue,2,5997.55
901214,217589,5158.0,2025-08-09,Size/Fit Issue,1,41939.26
901215,217590,5147.0,2025-02-24,Changed Mind,1,51457.87
901216,217601,5105.0,2025-12-07,Changed Mind,2,72995.81
901217,217616,5187.0,2025-07-09,Size/Fit Issue,1,49720.01
901218,217621,5126.0,2025-04-01,Quality Issue,2,120257.74
901219,217625,5226.0,2025-12-30,Late Delivery,1,19388.21
901220,217663,5241.0,2025-03-16,Quality Issue,1,56402.93
901221,217681,5010.0,2025-02-08,Size/Fit Issue,2,57427.78
901222,217689,5137.0,2025-12-22,Quality Issue,1,13069.65
901223,217713,5193.0,2025-05-12,Damaged,1,40300.37
901224,217718,5185.0,2025-12-16,Changed Mind,2,16020.27
901225,217723,5033.0,2025-04-25,Wrong Item,2,36322.25
901226,217729,5215.0,2025-10-04,Size/Fit Issue,2,29090.41
901227,217762,5108.0,2025-07-21,Late Delivery,2,30232.51
901228,217768,5223.0,2025-11-06,Changed Mind,2,12713.13
901229,217810,5109.0,2025-03-24,Damaged,1,63208.58
901230,217816,5053.0,2025-10-08,Damaged,2,19608.79
901231,217835,5106.0,2025-06-23,Changed Mind,2,82808.09
901232,217853,5207.0,2025-10-16,Size/Fit Issue,2,38860.48
901233,217854,5193.0,2026-01-11,Changed Mind,2,72540.67
901234,217855,5110.0,2025-03-16,Damaged,2,48948.99
901235,217864,5149.0,2025-03-04,Changed Mind,1,58538.71
901236,217872,5044.0,2025-09-04,Damaged,1,10207.27
901237,217874,5068.0,2025-11-16,Changed Mind,1,2726.95
901238,217876,5163.0,2025-11-10,Changed Mind,2,59720.34
901239,217887,5076.0,2025-07-18,Changed Mind,1,42231.66
901240,217920,5027.0,2025-03-29,Late Delivery,2,55514.01
901241,217925,5189.0,2025-05-28,Size/Fit Issue,1,3009.76
901242,217943,5110.0,2025-09-13,Size/Fit Issue,2,82440.4
901243,217961,5124.0,2025-06-13,Size/Fit Issue,1,40640.25
901244,217962,5151.0,2025-03-07,Changed Mind,2,39500.89
901245,217963,5163.0,2025-02-26,Wrong Item,1,50290.82
901246,217966,5208.0,2025-12-29,Size/Fit Issue,1,37340.6
901247,217967,5006.0,2025-08-20,Damaged,1,12198.32
901248,217994,5118.0,2025-10-01,Changed Mind,2,59657.05
901249,217995,5079.0,2025-09-06,Quality Issue,1,4542.49
901250,218024,5140.0,2025-07-18,Size/Fit Issue,2,72145.96
901251,218027,5026.0,2025-08-24,Size/Fit Issue,1,66066.39
901252,218053,5238.0,2025-04-07,Late Delivery,2,46024.94
901253,218109,5224.0,2025-02-20,Size/Fit Issue,2,29335.94
901254,218121,5008.0,2025-09-05,Size/Fit Issue,1,35755.93
901255,218126,5203.0,2025-10-05,Size/Fit Issue,2,50008.33
901256,218128,5025.0,2025-12-01,Size/Fit Issue,2,12943.78
901257,218152,5105.0,2025-04-24,Quality Issue,1,69153.92
901258,218181,5195.0,2025-11-24,Quality Issue,2,49868.68
901259,218184,5208.0,2025-09-18,Damaged,1,53343.72
901260,218211,5184.0,2025-01-31,Changed Mind,2,35252.17
901261,218214,5081.0,2025-08-05,Size/Fit Issue,2,15195.23
901262,218240,5088.0,2025-04-13,Quality Issue,2,21198.99
901263,218247,5099.0,2025-09-12,Damaged,2,38615.55
901264,218250,5021.0,2025-07-30,Damaged,1,57614.48
901265,218254,5151.0,2026-01-01,Wrong Item,1,35111.9
901266,218312,5039.0,2025-04-14,Size/Fit Issue,1,50037.66
901267,218315,5180.0,2025-08-03,Wrong Item,1,56074.46
901268,218358,5040.0,2025-01-15,Changed Mind,1,20799.89
901269,218363,5152.0,2025-03-19,Size/Fit Issue,1,31838.61
901270,218406,5108.0,2025-07-06,Quality Issue,2,63824.19
901271,218417,5111.0,2025-11-15,Size/Fit Issue,2,149125.13
901272,218434,5129.0,2025-10-13,Size/Fit Issue,1,769.16
901273,218440,5187.0,2025-06-17,Size/Fit Issue,2,55244.46
901274,218475,5188.0,2025-01-28,Changed Mind,2,11834.14
901275,218493,5105.0,2025-09-07,Damaged,1,76837.69
901276,218551,5041.0,2025-04-09,Quality Issue,2,62298.94
901277,218554,5083.0,2025-01-21,Damaged,1,56318.34
901278,218556,5107.0,2025-09-14,Quality Issue,2,27880.8
901279,218581,5190.0,2025-11-21,Quality Issue,1,40240.92
901280,218588,5177.0,2025-08-16,Size/Fit Issue,2,21547.53
901281,218609,5236.0,2025-09-23,Wrong Item,1,62459.94
901282,218647,5142.0,2025-11-01,Size/Fit Issue,1,33964.7
901283,218655,5093.0,2025-02-19,Damaged,1,14025.22
901284,218672,5012.0,2025-06-03,Quality Issue,1,9465.56
901285,218700,5193.0,2025-05-27,Changed Mind,1,32240.3
901286,218710,5071.0,2025-07-02,Changed Mind,2,855.24
901287,218712,5212.0,2025-09-18,Late Delivery,2,4629.93
901288,218715,5040.0,2025-06-12,Late Delivery,2,22099.88
901289,218739,5127.0,2025-09-14,Damaged,2,24854.66
901290,218766,5227.0,2025-12-14,Late Delivery,1,33870.45
901291,218767,5018.0,2025-10-13,Size/Fit Issue,1,31948.2
901292,218773,5030.0,2025-09-11,Quality Issue,1,15296.15
901293,218777,5031.0,2025-12-02,Size/Fit Issue,2,106873.42
901294,218779,5152.0,2025-01-26,Size/Fit Issue,2,67657.04
901295,218781,5109.0,2025-05-29,Late Delivery,1,59697.0
901296,218790,5242.0,2026-01-12,Size/Fit Issue,2,35465.24
901297,218800,5061.0,2025-03-08,Wrong Item,2,42178.79
901298,218808,5076.0,2025-12-21,Size/Fit Issue,1,38008.49
901299,218810,5225.0,2025-11-17,Late Delivery,2,80611.2
901300,218835,5192.0,2025-08-28,Damaged,2,35416.86
901301,218863,5052.0,2025-02-11,Late Delivery,1,27174.25
901302,218864,5135.0,2025-04-13,Quality Issue,1,44860.92
901303,218867,5041.0,2025-05-01,Size/Fit Issue,2,28034.52
901304,218869,5132.0,2025-09-28,Size/Fit Issue,1,18539.04
901305,218886,5094.0,2025-11-16,Size/Fit Issue,2,42601.83
901306,218896,5244.0,2025-03-12,Quality Issue,1,19341.47
901307,218902,5190.0,2025-06-23,Size/Fit Issue,2,42358.86
901308,218917,5125.0,2025-01-25,Quality Issue,1,5886.4
901309,218923,5060.0,2025-01-17,Changed Mind,1,30443.19
901310,218940,5247.0,2025-09-30,Late Delivery,2,45283.94
901311,218948,5167.0,2026-01-15,Wrong Item,1,4254.15
901312,218977,5034.0,2025-07-10,Wrong Item,2,37107.13
901313,218986,5023.0,2025-05-24,Wrong Item,2,108336.67
901314,219011,5030.0,2025-10-14,Damaged,2,30592.3
901315,219023,5174.0,2025-11-06,Damaged,2,31495.25
901316,219050,5193.0,2025-04-07,Quality Issue,2,80600.74
901317,219056,5018.0,2025-05-22,Late Delivery,1,30350.79
901318,219069,5025.0,2025-04-27,Wrong Item,1,5824.7
901319,219071,5145.0,2025-04-24,Damaged,1,42994.84
901320,219108,5127.0,2025-02-22,Size/Fit Issue,2,52633.4
901321,219125,5212.0,2025-03-23,Quality Issue,2,3935.44
901322,219143,5151.0,2025-03-22,Changed Mind,2,41695.39
901323,219150,5143.0,2025-03-06,Damaged,2,48018.81
901324,219158,5068.0,2025-07-05,Quality Issue,2,2887.36
901325,219165,5128.0,2025-04-17,Changed Mind,1,66490.98
901326,219172,5180.0,2025-05-07,Changed Mind,1,56074.46
901327,219181,5138.0,2025-03-28,Changed Mind,2,47545.8
901328,219190,5169.0,2025-06-06,Size/Fit Issue,1,15155.38
901329,219215,5248.0,2025-12-21,Quality Issue,1,42041.11
901330,219249,5238.0,2025-09-24,Size/Fit Issue,2,19560.6
901331,219278,5139.0,2025-07-27,Late Delivery,2,52523.09
901332,219284,5158.0,2025-10-11,Size/Fit Issue,2,39472.24
901333,219335,5200.0,2025-01-26,Wrong Item,2,49728.64
901334,219341,5043.0,2025-03-05,Changed Mind,1,32970.66
901335,219347,5121.0,2025-12-18,Damaged,2,80114.85
901336,219352,5052.0,2025-07-13,Damaged,1,30193.61
901337,219353,5194.0,2025-04-13,Changed Mind,2,21523.77
901338,219381,5213.0,2025-02-23,Size/Fit Issue,2,33200.28
901339,219387,5053.0,2025-12-27,Quality Issue,1,9804.39
901340,219413,5151.0,2025-07-17,Damaged,1,37306.4
901341,219436,5127.0,2025-11-22,Wrong Item,1,26316.7
901342,219449,5230.0,2025-04-20,Damaged,1,19143.49
901343,219468,5131.0,2025-09-27,Damaged,1,18445.06
901344,219470,5024.0,2025-02-04,Quality Issue,1,53237.35
901345,219471,5012.0,2025-12-29,Damaged,2,21034.58
901346,219473,5160.0,2025-08-24,Changed Mind,1,10467.54
901347,219483,5104.0,2025-05-03,Changed Mind,1,12447.15
901348,219493,5238.0,2025-04-03,Size/Fit Issue,1,23012.47
901349,219494,5132.0,2025-07-24,Quality Issue,1,17612.09
901350,219501,5031.0,2025-01-26,Damaged,1,56405.41
901351,219544,5176.0,2025-05-11,Changed Mind,2,24431.72
901352,219562,5069.0,2025-08-26,Size/Fit Issue,1,57896.27
901353,219565,5028.0,2025-08-16,Damaged,2,34840.0
901354,219571,5042.0,2025-02-17,Changed Mind,1,61087.29
901355,219593,5076.0,2025-03-04,Quality Issue,1,42231.66
901356,219599,5227.0,2025-06-22,Damaged,2,60610.29
901357,219605,5177.0,2025-12-03,Quality Issue,2,10175.22
901358,219633,5148.0,2026-01-08,Changed Mind,1,6025.99
901359,219634,5199.0,2025-10-30,Wrong Item,1,1784.57
901360,219681,5113.0,2025-07-10,Changed Mind,1,65422.16
901361,219692,5204.0,2025-09-15,Damaged,1,29749.41
901362,219708,5145.0,2025-02-28,Wrong Item,1,48053.06
901363,219741,5153.0,2025-03-05,Size/Fit Issue,1,52113.32
901364,219769,5109.0,2025-12-29,Quality Issue,1,63208.58
901365,219773,5057.0,2025-03-13,Size/Fit Issue,2,38306.72
901366,219784,5101.0,2025-11-14,Size/Fit Issue,2,31928.41
901367,219787,5031.0,2025-11-30,Quality Issue,1,53436.71
901368,219796,5193.0,2025-12-30,Late Delivery,2,34255.31
901369,219797,5249.0,2025-12-26,Size/Fit Issue,2,52745.07
901370,219805,5168.0,2025-10-25,Damaged,1,34879.4
901371,219849,5115.0,2026-01-02,Wrong Item,2,94337.53
901372,219873,5172.0,2025-03-06,Damaged,2,6783.15
901373,219875,5060.0,2025-06-01,Quality Issue,2,33825.77
901374,219892,5121.0,2025-09-24,Quality Issue,1,44770.06
901375,219909,5234.0,2025-10-09,Wrong Item,2,45583.52
901376,219935,5012.0,2025-01-25,Wrong Item,1,10517.29
901377,219941,5074.0,2025-07-14,Wrong Item,1,56113.92
901378,219954,5210.0,2025-10-07,Changed Mind,1,26909.02
901379,219956,5047.0,2025-12-21,Quality Issue,1,6086.88
901380,219973,5225.0,2025-02-14,Quality Issue,2,71654.4
901381,219985,5163.0,2025-04-21,Size/Fit Issue,2,125727.04
901382,220001,5129.0,2025-02-07,Quality Issue,2,1628.8
901383,220008,5208.0,2025-09-02,Damaged,1,53343.72
901384,220033,5072.0,2025-01-29,Wrong Item,2,45774.2
901385,220047,5074.0,2025-08-14,Size/Fit Issue,2,53308.22
901386,220069,5091.0,2026-01-13,Changed Mind,2,25689.04
901387,220082,5187.0,2026-01-03,Changed Mind,1,49720.01
901388,220096,5008.0,2025-10-04,Quality Issue,1,25029.15
901389,220097,5218.0,2025-07-31,Late Delivery,1,52780.9
901390,220108,5091.0,2025-03-07,Wrong Item,2,51378.08
901391,220150,5172.0,2025-10-16,Late Delivery,1,4239.47
901392,220163,5091.0,2025-11-08,Damaged,1,25689.04
901393,220181,5053.0,2026-01-01,Quality Issue,2,9804.39
901394,220191,5247.0,2025-10-24,Size/Fit Issue,2,54987.64
901395,220192,5246.0,2025-06-18,Changed Mind,2,49131.17
901396,220210,5206.0,2025-11-15,Damaged,1,58467.83
901397,220217,5210.0,2025-10-18,Wrong Item,2,60545.29
901398,220224,5131.0,2025-08-18,Late Delivery,1,16600.55
901399,220232,5042.0,2025-07-28,Size/Fit Issue,2,57693.55
901400,220234,5183.0,2025-03-28,Quality Issue,1,14079.71
901401,220236,5218.0,2025-04-29,Quality Issue,1,44863.76
901402,220240,5115.0,2025-04-06,Size/Fit Issue,2,64014.75
901403,220250,5062.0,2026-01-07,Quality Issue,2,375.72
901404,220285,5090.0,2025-09-23,Size/Fit Issue,2,47785.24
901405,220286,5244.0,2025-06-06,Wrong Item,2,36533.88
901406,220308,5194.0,2025-12-02,Size/Fit Issue,2,23915.3
901407,220317,5128.0,2025-07-08,Size/Fit Issue,1,70184.93
901408,220337,5168.0,2025-07-06,Size/Fit Issue,1,49827.72
901409,220371,5186.0,2025-03-12,Damaged,1,18555.62
901410,220391,5199.0,2025-04-09,Damaged,2,1516.88
901411,220402,5075.0,2025-06-10,Quality Issue,2,27960.82
901412,220408,5143.0,2025-05-16,Size/Fit Issue,1,35382.28
901413,220417,5053.0,2025-07-08,Size/Fit Issue,2,19608.79
901414,220489,5227.0,2025-03-20,Size/Fit Issue,2,28522.49
901415,220518,5118.0,2025-07-25,Size/Fit Issue,2,56342.77
901416,220523,5154.0,2025-08-07,Late Delivery,2,36651.14
901417,220538,5135.0,2025-03-18,Changed Mind,1,44860.92
901418,220582,5118.0,2025-03-03,Wrong Item,2,59657.05
901419,220585,5199.0,2025-12-05,Size/Fit Issue,2,1695.34
901420,220593,5154.0,2025-02-04,Quality Issue,2,38687.32
901421,220605,5062.0,2025-09-11,Size/Fit Issue,2,375.72
901422,220636,5046.0,2025-12-30,Quality Issue,2,29588.51
901423,220686,5127.0,2026-01-13,Size/Fit Issue,2,29240.78
901424,220701,5249.0,2025-06-28,Wrong Item,1,37675.05
901425,220704,5030.0,2025-05-25,Damaged,2,34191.39
901426,220707,5078.0,2025-01-15,Wrong Item,2,31177.13
901427,220708,5077.0,2025-12-31,Changed Mind,1,10538.61
901428,220709,5009.0,2025-12-25,Size/Fit Issue,2,22547.03
901429,220715,5040.0,2025-07-18,Changed Mind,2,49399.73
901430,220733,5062.0,2025-02-16,Changed Mind,1,375.72
901431,220739,5070.0,2025-07-25,Wrong Item,2,51853.91
901432,220743,5092.0,2025-08-16,Wrong Item,2,43366.9
901433,220748,5127.0,2025-11-30,Quality Issue,1,20468.55
901434,220749,5128.0,2025-05-22,Size/Fit Issue,2,147757.74
901435,220754,5070.0,2025-10-08,Changed Mind,1,21351.61
901436,220762,5139.0,2025-12-06,Wrong Item,2,32826.93
901437,220768,5114.0,2025-05-09,Wrong Item,1,10929.13
901438,220813,5177.0,2025-11-26,Late Delivery,1,11970.85
901439,220842,5114.0,2025-09-29,Quality Issue,1,10382.67
901440,220854,5103.0,2025-01-29,Wrong Item,1,58567.86
901441,220855,5031.0,2025-06-13,Damaged,2,50468.0
901442,220867,5096.0,2025-10-16,Size/Fit Issue,2,33154.22
901443,220871,5025.0,2025-07-13,Quality Issue,1,5501.11
901444,220872,5169.0,2025-10-08,Changed Mind,1,16839.31
901445,220888,5186.0,2025-05-14,Changed Mind,2,37111.24
901446,220911,5153.0,2025-01-29,Size/Fit Issue,1,54856.13
901447,220918,5178.0,2025-10-18,Quality Issue,1,21213.16
901448,220919,5046.0,2025-04-09,Wrong Item,2,55889.4
901449,220934,5235.0,2025-05-17,Quality Issue,1,38645.45
901450,220941,5214.0,2025-04-23,Damaged,2,72753.69
901451,220970,5237.0,2025-11-16,Changed Mind,1,14486.85
901452,220990,5030.0,2025-07-08,Size/Fit Issue,2,30592.3
901453,221022,5202.0,2025-12-28,Quality Issue,2,60728.55
901454,221028,5102.0,2025-01-14,Size/Fit Issue,2,25072.56
901455,221045,5002.0,2025-12-29,Damaged,2,62397.5
901456,221058,5024.0,2025-07-15,Size/Fit Issue,2,62632.18
901457,221059,5020.0,2025-01-24,Size/Fit Issue,1,39777.1
901458,221062,5193.0,2025-05-22,Size/Fit Issue,1,34255.31
901459,221084,5018.0,2025-03-27,Wrong Item,2,51117.12
901460,221091,5237.0,2025-12-05,Damaged,2,20281.59
901461,221103,5056.0,2025-04-15,Late Delivery,2,7579.73
901462,221121,5003.0,2025-04-18,Damaged,2,135466.24
901463,221146,5158.0,2025-08-13,Size/Fit Issue,1,39472.24
901464,221148,5206.0,2025-07-29,Wrong Item,2,81854.96
901465,221166,5101.0,2025-04-17,Late Delivery,2,30247.97
901466,221180,5126.0,2025-12-16,Quality Issue,2,60128.87
901467,221182,5217.0,2025-02-02,Quality Issue,2,8615.51
901468,221209,5115.0,2025-08-10,Late Delivery,2,128029.5
901469,221210,5180.0,2025-03-20,Quality Issue,2,50467.01
901470,221217,5050.0,2025-07-07,Quality Issue,2,95827.96
901471,221229,5129.0,2025-02-21,Damaged,1,904.89
901472,221244,5160.0,2025-03-11,Quality Issue,2,10467.54
901473,221259,5103.0,2025-04-06,Damaged,1,68903.36
901474,221266,5205.0,2025-06-26,Quality Issue,2,19364.85
901475,221272,5022.0,2025-03-10,Changed Mind,1,45257.84
901476,221285,5023.0,2026-01-07,Changed Mind,1,48466.4
901477,221289,5176.0,2025-01-30,Late Delivery,2,14371.6
901478,221292,5244.0,2025-09-14,Quality Issue,1,21490.52
901479,221301,5010.0,2025-03-17,Wrong Item,1,57427.78
901480,221308,5084.0,2025-08-15,Changed Mind,1,52365.86
901481,221323,5094.0,2025-08-22,Wrong Item,2,95227.62
901482,221328,5075.0,2025-08-18,Size/Fit Issue,1,27960.82
901483,221329,5123.0,2025-09-01,Size/Fit Issue,2,41662.35
901484,221348,5250.0,2025-03-12,Size/Fit Issue,1,47686.48
901485,221375,5219.0,2025-03-07,Quality Issue,2,18158.38
901486,221405,5210.0,2025-09-23,Quality Issue,1,30272.64
901487,221411,5065.0,2025-08-28,Wrong Item,2,71577.23
901488,221423,5236.0,2025-02-01,Late Delivery,2,92046.23
901489,221429,5016.0,2025-04-23,Quality Issue,1,33013.07
901490,221443,5140.0,2025-08-15,Late Delivery,2,64931.36
901491,221460,5015.0,2025-09-10,Wrong Item,1,49733.61
901492,221480,5049.0,2025-02-25,Quality Issue,1,2890.51
901493,221494,5241.0,2025-10-22,Size/Fit Issue,2,125339.84
901494,221498,5105.0,2025-07-18,Changed Mind,1,61470.15
901495,221502,5103.0,2025-08-24,Quality Issue,1,62013.02
901496,221539,5108.0,2025-10-01,Damaged,1,30232.51
901497,221541,5053.0,2025-03-20,Damaged,2,9259.7
901498,221582,5080.0,2025-11-11,Quality Issue,2,94523.4
901499,221586,5108.0,2025-07-27,Size/Fit Issue,2,60465.02
901500,221594,5184.0,2025-12-12,Size/Fit Issue,2,74421.25
901501,221617,5238.0,2025-02-06,Damaged,2,20711.22
901502,221623,5116.0,2025-08-10,Wrong Item,2,37580.28
901503,221644,5059.0,2025-04-19,Late Delivery,2,57071.11
901504,221650,5249.0,2025-02-13,Late Delivery,1,37675.05
901505,221678,5242.0,2025-08-28,Size/Fit Issue,1,31524.66
901506,221691,5001.0,2025-03-10,Changed Mind,2,6417.59
901507,221711,5075.0,2025-07-25,Quality Issue,2,29514.2
901508,221737,5164.0,2025-09-13,Changed Mind,1,48051.84
901509,221738,5217.0,2025-05-12,Size/Fit Issue,1,8615.51
901510,221744,5235.0,2025-08-15,Quality Issue,1,34351.51
901511,221762,5150.0,2025-05-15,Size/Fit Issue,2,33557.74
901512,221773,5182.0,2025-08-06,Damaged,2,42174.0
901513,221797,5017.0,2025-12-11,Quality Issue,2,16907.93
901514,221859,5114.0,2025-08-15,Late Delivery,1,9836.22
901515,221861,5045.0,2025-04-28,Wrong Item,2,104712.52
901516,221862,5122.0,2025-01-25,Wrong Item,1,13794.41
901517,221867,5052.0,2025-01-16,Late Delivery,1,30193.61
901518,221894,5050.0,2026-01-05,Wrong Item,2,112738.78
901519,221945,5087.0,2025-07-29,Wrong Item,1,5781.43
901520,221968,5249.0,2025-08-19,Damaged,2,30140.04
901521,221986,5088.0,2025-02-20,Quality Issue,2,36038.28
901522,221998,5119.0,2025-09-27,Wrong Item,1,28094.1
901523,222028,5045.0,2025-10-01,Size/Fit Issue,1,52356.26
901524,222043,5174.0,2025-08-17,Wrong Item,2,59675.2
901525,222045,5172.0,2025-10-20,Size/Fit Issue,1,4027.5
901526,222091,5099.0,2025-05-29,Quality Issue,2,19307.78
901527,222102,5106.0,2025-10-22,Changed Mind,2,43839.58
901528,222117,5127.0,2025-01-26,Quality Issue,1,26316.7
901529,222130,5201.0,2025-08-30,Size/Fit Issue,2,41544.94
901530,222142,5139.0,2025-05-15,Quality Issue,2,26261.54
901531,222169,5217.0,2025-01-09,Changed Mind,1,9094.15
901532,222178,5125.0,2025-02-12,Changed Mind,2,5559.38
901533,222187,5095.0,2025-07-14,Damaged,2,13893.41
901534,222198,5099.0,2025-12-11,Wrong Item,1,24134.72
901535,222199,5124.0,2025-11-11,Damaged,1,36576.22
901536,222220,5008.0,2025-03-10,Wrong Item,2,60785.08
901537,222222,5188.0,2025-03-30,Quality Issue,1,12456.99
901538,222234,5127.0,2025-04-24,Damaged,1,29240.78
901539,222238,5105.0,2025-07-21,Size/Fit Issue,2,153675.38
901540,222254,5232.0,2025-11-15,Quality Issue,2,6994.45
901541,222261,5175.0,2025-06-19,Changed Mind,2,17019.42
901542,222293,5208.0,2025-09-14,Quality Issue,2,42674.98
901543,222366,5146.0,2025-11-30,Quality Issue,2,23331.0
901544,222388,5125.0,2025-08-30,Late Delivery,1,5559.38
901545,222390,5222.0,2025-12-22,Changed Mind,1,33747.77
901546,222402,5166.0,2025-03-02,Changed Mind,1,50350.31
901547,222414,5013.0,2025-03-08,Size/Fit Issue,2,57044.0
901548,222426,5133.0,2025-03-08,Changed Mind,2,58018.39
901549,222442,5042.0,2025-05-23,Size/Fit Issue,1,64481.03
901550,222462,5170.0,2025-12-12,Wrong Item,2,111636.44
901551,222470,5240.0,2025-04-01,Damaged,2,105156.45
901552,222487,5048.0,2025-04-05,Changed Mind,1,30119.24
901553,222497,5035.0,2025-02-14,Quality Issue,1,18531.62
901554,222515,5070.0,2025-05-01,Damaged,1,27452.07
901555,222551,5189.0,2025-02-16,Wrong Item,1,2534.54
901556,222557,5056.0,2025-11-29,Wrong Item,2,4500.46
901557,222568,5060.0,2025-07-06,Damaged,1,30443.19
901558,222572,5076.0,2025-08-09,Changed Mind,2,42231.66
901559,222575,5005.0,2025-11-20,Late Delivery,1,12367.98
901560,222580,5045.0,2025-12-26,Damaged,2,55436.04
901561,222606,5118.0,2025-12-08,Size/Fit Issue,1,56342.77
901562,222611,5022.0,2025-11-22,Size/Fit Issue,1,50582.29
901563,222622,5203.0,2025-12-09,Quality Issue,1,52786.57
901564,222653,5135.0,2025-12-03,Quality Issue,2,38131.78
901565,222670,5079.0,2025-12-17,Damaged,1,5191.42
901566,222684,5239.0,2025-04-18,Damaged,1,37673.05
901567,222696,5119.0,2025-05-23,Size/Fit Issue,1,28094.1
901568,222722,5195.0,2025-05-13,Changed Mind,1,46935.22
901569,222740,5017.0,2025-09-01,Changed Mind,2,16907.93
901570,222741,5043.0,2025-05-07,Wrong Item,1,34705.96
901571,222772,5099.0,2025-05-29,Quality Issue,1,21721.25
901572,222774,5188.0,2025-04-01,Quality Issue,1,9965.59
901573,222825,5114.0,2025-10-08,Size/Fit Issue,2,19672.43
901574,222827,5165.0,2025-08-05,Wrong Item,1,61571.45
901575,222831,5247.0,2025-09-13,Damaged,1,32345.67
901576,222861,5121.0,2026-01-01,Size/Fit Issue,1,44770.06
901577,222869,5055.0,2025-03-29,Size/Fit Issue,2,50254.91
901578,222880,5044.0,2025-10-10,Damaged,1,11483.18
901579,222925,5003.0,2025-07-16,Late Delivery,2,127940.33
901580,222933,5017.0,2025-09-13,Changed Mind,2,14238.26
901581,222937,5052.0,2025-02-23,Late Delivery,2,48309.78
901582,222938,5089.0,2025-06-12,Damaged,2,29561.46
901583,222952,5012.0,2025-12-19,Late Delivery,2,17879.39
901584,222953,5084.0,2025-09-22,Quality Issue,2,98571.04
901585,223024,5007.0,2025-05-02,Quality Issue,2,47064.17
901586,223033,5179.0,2025-05-14,Wrong Item,1,11001.54
901587,223042,5011.0,2025-06-05,Wrong Item,2,113224.18
901588,223047,5142.0,2025-06-13,Damaged,1,40333.09
901589,223058,5091.0,2025-10-11,Changed Mind,1,25689.04
901590,223072,5177.0,2025-01-19,Size/Fit Issue,1,10175.22
901591,223082,5001.0,2025-06-04,Size/Fit Issue,1,6417.59
901592,223092,5195.0,2025-04-30,Wrong Item,1,46935.22
901593,223104,5150.0,2025-06-20,Quality Issue,1,37752.45
901594,223125,5063.0,2025-09-20,Size/Fit Issue,2,10066.08
901595,223126,5012.0,2025-07-09,Damaged,2,8939.7
901596,223179,5058.0,2025-01-31,Quality Issue,1,56367.74
901597,223228,5052.0,2025-10-05,Wrong Item,1,24154.89
901598,223229,5150.0,2025-09-29,Quality Issue,2,71310.19
901599,223231,5191.0,2025-12-14,Quality Issue,1,25708.91
901600,223284,5154.0,2025-12-27,Wrong Item,1,36651.14
901601,223303,5248.0,2025-11-21,Wrong Item,1,39828.42
901602,223304,5168.0,2025-09-06,Quality Issue,2,39862.18
901603,223329,5016.0,2025-10-12,Wrong Item,1,31179.01
901604,223336,5184.0,2025-01-30,Late Delivery,1,33293.72
901605,223338,5219.0,2026-01-17,Damaged,2,15434.62
901606,223343,5132.0,2025-08-02,Wrong Item,1,14831.23
901607,223358,5147.0,2025-03-13,Quality Issue,2,48884.98
901608,223362,5141.0,2025-05-24,Wrong Item,1,53573.63
901609,223382,5163.0,2025-05-13,Quality Issue,2,62863.52
901610,223387,5052.0,2026-01-06,Size/Fit Issue,2,27174.25
901611,223408,5119.0,2025-10-03,Damaged,1,28094.1
901612,223436,5203.0,2025-08-05,Size/Fit Issue,1,52786.57
901613,223495,5219.0,2025-09-10,Wrong Item,1,16342.54
901614,223530,5092.0,2025-10-25,Quality Issue,2,48185.45
901615,223553,5238.0,2025-10-05,Changed Mind,1,18409.98
901616,223557,5083.0,2025-09-08,Damaged,1,56318.34
901617,223572,5122.0,2026-01-02,Damaged,1,13794.41
901618,223586,5134.0,2025-06-18,Size/Fit Issue,2,43864.96
901619,223595,5214.0,2025-10-09,Wrong Item,2,50927.58
901620,223612,5241.0,2025-03-05,Wrong Item,1,59536.42
901621,223633,5053.0,2025-03-31,Wrong Item,1,9259.7
901622,223641,5078.0,2025-10-02,Quality Issue,1,24248.88
901623,223669,5106.0,2025-10-27,Quality Issue,1,46275.11
901624,223708,5057.0,2025-05-18,Quality Issue,1,30645.38
901625,223714,5129.0,2025-12-29,Wrong Item,1,859.65
901626,223717,5241.0,2025-11-13,Late Delivery,2,62669.92
901627,223734,5106.0,2025-10-13,Changed Mind,1,48710.64
901628,223744,5109.0,2025-10-19,Quality Issue,2,126417.17
901629,223788,5064.0,2025-01-31,Size/Fit Issue,1,910.86
901630,223791,5074.0,2025-09-16,Size/Fit Issue,2,101005.06
901631,223821,5062.0,2025-04-16,Late Delivery,2,338.15
901632,223833,5015.0,2025-12-22,Late Delivery,2,52496.59
901633,223846,5025.0,2025-12-18,Changed Mind,2,10355.02
901634,223868,5071.0,2025-01-22,Size/Fit Issue,1,905.54
901635,223916,5240.0,2025-01-11,Wrong Item,2,52578.22
901636,223952,5107.0,2025-08-13,Quality Issue,1,26240.75
901637,223963,5243.0,2025-06-13,Damaged,1,47824.31
901638,223982,5073.0,2025-11-02,Quality Issue,1,17972.66
901639,223996,5103.0,2025-06-29,Wrong Item,2,68903.36
901640,224058,5148.0,2025-04-18,Damaged,2,6734.93
901641,224064,5100.0,2025-09-17,Quality Issue,2,5944.8
901642,224065,5092.0,2025-11-30,Size/Fit Issue,2,45776.18
901643,224081,5016.0,2025-05-27,Size/Fit Issue,2,33013.07
901644,224105,5190.0,2025-09-06,Late Delivery,1,36005.03
901645,224111,5126.0,2025-09-17,Changed Mind,2,102219.08
901646,224114,5139.0,2025-08-31,Damaged,1,31185.58
901647,224128,5133.0,2025-08-27,Changed Mind,1,35225.45
901648,224192,5235.0,2025-10-07,Quality Issue,2,38645.45
901649,224195,5136.0,2025-08-13,Wrong Item,1,42224.43
901650,224201,5181.0,2025-03-07,Quality Issue,2,30336.06
901651,224203,5077.0,2025-09-18,Quality Issue,1,10538.61
901652,224216,5073.0,2025-08-31,Size/Fit Issue,1,18918.59
901653,224235,5193.0,2025-07-19,Changed Mind,2,36270.33
901654,224260,5198.0,2025-10-11,Size/Fit Issue,2,20639.01
901655,224277,5206.0,2025-10-20,Size/Fit Issue,1,58467.83
901656,224322,5248.0,2025-03-11,Changed Mind,1,30977.66
901657,224324,5139.0,2025-06-24,Quality Issue,2,31185.58
901658,224343,5215.0,2025-06-04,Late Delivery,2,32322.68
901659,224345,5211.0,2025-03-28,Changed Mind,1,35923.69
901660,224373,5157.0,2025-04-01,Size/Fit Issue,1,43525.09
901661,224386,5038.0,2025-08-10,Size/Fit Issue,1,4486.62
901662,224395,5192.0,2025-12-03,Wrong Item,2,33552.81
901663,224414,5168.0,2025-02-11,Changed Mind,1,47336.33
901664,224434,5076.0,2025-05-17,Damaged,2,33785.33
901665,224458,5176.0,2026-01-10,Late Delivery,2,28743.2
901666,224480,5113.0,2025-08-01,Late Delivery,2,68865.43
901667,224486,5087.0,2025-11-18,Size/Fit Issue,1,6865.45
901668,224493,5012.0,2025-12-23,Quality Issue,2,21034.58
901669,224500,5044.0,2025-10-24,Damaged,2,22966.36
901670,224504,5052.0,2025-05-22,Quality Issue,1,27174.25
901671,224522,5070.0,2025-11-30,Size/Fit Issue,2,61004.6
901672,224551,5157.0,2025-02-07,Wrong Item,1,43525.09
901673,224572,5028.0,2025-07-10,Wrong Item,2,17420.0
901674,224581,5236.0,2025-05-10,Quality Issue,1,46023.12
901675,224597,5040.0,2025-10-17,Damaged,2,23399.87
901676,224605,5097.0,2025-05-12,Wrong Item,2,44773.25
901677,224612,5071.0,2025-11-05,Changed Mind,2,905.54
901678,224623,5049.0,2025-06-24,Wrong Item,1,2890.51
901679,224630,5012.0,2025-03-26,Size/Fit Issue,2,10517.29
901680,224633,5079.0,2025-11-11,Changed Mind,2,5840.34
901681,224656,5113.0,2025-09-01,Late Delivery,2,65422.16
901682,224674,5238.0,2025-10-11,Quality Issue,1,20711.22
901683,224678,5187.0,2025-04-05,Changed Mind,1,44195.57
901684,224702,5185.0,2025-06-29,Damaged,1,9512.04
901685,224703,5172.0,2025-08-20,Size/Fit Issue,1,3391.58
901686,224710,5070.0,2025-11-28,Size/Fit Issue,1,28977.18
901687,224739,5203.0,2025-01-23,Wrong Item,2,47230.09
901688,224780,5176.0,2025-05-24,Quality Issue,2,13653.02
901689,224785,5085.0,2025-03-28,Damaged,1,16820.35
901690,224809,5193.0,2025-04-11,Quality Issue,1,40300.37
901691,224817,5210.0,2025-11-20,Damaged,2,28590.83
901692,224833,5111.0,2025-07-08,Size/Fit Issue,2,141276.44
901693,224849,5046.0,2025-10-16,Wrong Item,2,32876.12
901694,224861,5043.0,2025-05-12,Changed Mind,2,32970.66
901695,224872,5223.0,2025-03-31,Damaged,1,12713.13
901696,224908,5010.0,2025-02-18,Late Delivery,1,60450.29
901697,224926,5166.0,2025-11-13,Quality Issue,1,56273.88
901698,224947,5248.0,2025-06-20,Size/Fit Issue,1,42041.11
901699,224951,5102.0,2025-06-23,Size/Fit Issue,1,27858.4
901700,224952,5075.0,2025-03-05,Late Delivery,2,31067.58
901701,224989,5041.0,2025-12-29,Quality Issue,1,31149.47
901702,225008,5079.0,2025-11-12,Damaged,1,5840.34
901703,225047,5044.0,2025-07-01,Quality Issue,2,25518.18
901704,225057,5046.0,2025-03-18,Damaged,1,32876.12
901705,225065,5003.0,2025-05-17,Quality Issue,1,71496.07
901706,225077,5235.0,2025-12-12,Size/Fit Issue,2,72996.96
901707,225083,5095.0,2025-04-18,Quality Issue,2,13893.41
901708,225085,5057.0,2025-12-17,Late Delivery,1,38306.72
901709,225095,5099.0,2025-06-25,Size/Fit Issue,2,43442.5
901710,225101,5206.0,2025-05-31,Changed Mind,2,58467.83
901711,225147,5206.0,2025-02-06,Changed Mind,1,55544.44
901712,225164,5117.0,2025-04-03,Late Delivery,2,19693.85
901713,225166,5174.0,2025-03-23,Size/Fit Issue,2,33152.89
901714,225169,5128.0,2025-07-17,Size/Fit Issue,1,51715.21
901715,225173,5075.0,2025-07-18,Wrong Item,1,27960.82
901716,225196,5100.0,2025-06-26,Size/Fit Issue,2,11889.6
901717,225241,5142.0,2025-02-07,Quality Issue,1,40333.09
901718,225244,5205.0,2025-07-18,Damaged,1,17213.2
901719,225254,5004.0,2025-02-05,Changed Mind,1,27947.34
901720,225267,5191.0,2025-12-10,Damaged,2,24280.63
901721,225269,5050.0,2025-04-10,Quality Issue,1,56369.39
901722,225270,5008.0,2025-08-28,Damaged,1,33968.13
901723,225307,5004.0,2025-12-15,Size/Fit Issue,1,25005.51
901724,225309,5202.0,2025-08-13,Quality Issue,1,51619.27
901725,225333,5230.0,2025-06-10,Size/Fit Issue,2,20269.58
901726,225340,5224.0,2025-04-14,Changed Mind,1,29335.94
901727,225378,5155.0,2025-10-24,Changed Mind,2,2522.48
901728,225391,5092.0,2025-02-05,Damaged,2,43366.9
901729,225392,5220.0,2025-03-27,Size/Fit Issue,2,41738.21
901730,225420,5056.0,2025-08-28,Late Delivery,1,4263.6
901731,225422,5063.0,2025-06-07,Changed Mind,2,12223.1
901732,225429,5015.0,2025-04-08,Changed Mind,1,38681.7
901733,225432,5084.0,2025-10-27,Late Delivery,2,61606.9
901734,225452,5150.0,2025-06-03,Size/Fit Issue,2,39849.81
901735,225483,5034.0,2025-04-17,Changed Mind,2,17577.06
901736,225492,5008.0,2025-06-14,Changed Mind,1,35755.93
901737,225516,5229.0,2025-10-07,Changed Mind,2,59757.03
901738,225547,5120.0,2025-02-01,Changed Mind,2,48788.44
901739,225550,5124.0,2025-06-27,Quality Issue,2,69088.43
901740,225589,5096.0,2025-03-11,Quality Issue,2,31409.26
901741,225600,5218.0,2025-03-10,Damaged,1,44863.76
901742,225607,5133.0,2026-01-05,Damaged,1,41441.71
901743,225654,5160.0,2025-05-24,Size/Fit Issue,2,10467.54
901744,225678,5077.0,2025-03-23,Changed Mind,2,11778.45
901745,225680,5030.0,2025-09-23,Damaged,2,15296.15
901746,225681,5234.0,2025-11-03,Wrong Item,2,45583.52
901747,225685,5169.0,2025-06-05,Size/Fit Issue,2,15997.34
901748,225692,5082.0,2025-09-06,Damaged,2,46405.69
901749,225695,5021.0,2025-02-20,Damaged,2,54413.68
901750,225742,5126.0,2025-04-23,Wrong Item,1,57122.43
901751,225743,5226.0,2025-05-16,Quality Issue,1,19388.21
901752,225750,5134.0,2025-10-12,Late Delivery,2,43864.96
901753,225780,5080.0,2025-05-23,Size/Fit Issue,1,47261.7
901754,225800,5154.0,2025-06-15,Damaged,2,34614.97
901755,225822,5166.0,2025-06-19,Quality Issue,1,53312.09
901756,225830,5120.0,2025-07-06,Late Delivery,1,48788.44
901757,225832,5240.0,2025-04-24,Damaged,2,49657.21
901758,225921,5223.0,2025-07-28,Changed Mind,1,12713.13
901759,225922,5077.0,2025-07-18,Changed Mind,2,11158.53
901760,225932,5107.0,2025-08-18,Wrong Item,2,26240.75
901761,225945,5244.0,2025-02-16,Late Delivery,2,42981.04
901762,225949,5058.0,2025-04-16,Quality Issue,1,56367.74
901763,225950,5120.0,2025-12-02,Size/Fit Issue,2,46349.02
901764,225954,5123.0,2025-04-06,Size/Fit Issue,2,87710.22
901765,225960,5059.0,2025-04-14,Size/Fit Issue,1,48059.88
901766,225999,5097.0,2025-02-23,Late Delivery,1,42534.59
901767,226006,5087.0,2025-12-20,Size/Fit Issue,1,6142.77
901768,226009,5103.0,2025-12-12,Damaged,1,62013.02
901769,226014,5147.0,2025-08-17,Quality Issue,2,46312.08
901770,226019,5218.0,2025-07-21,Size/Fit Issue,1,50141.85
901771,226024,5222.0,2025-08-24,Quality Issue,2,35523.97
901772,226025,5029.0,2025-03-24,Changed Mind,2,61424.25
901773,226026,5238.0,2025-03-22,Damaged,2,19560.6
901774,226029,5041.0,2025-08-14,Size/Fit Issue,1,24919.58
901775,226037,5192.0,2025-09-26,Quality Issue,2,33552.81
901776,226040,5173.0,2025-10-22,Damaged,1,56694.84
901777,226044,5179.0,2025-11-03,Damaged,2,22003.08
901778,226056,5069.0,2025-12-21,Changed Mind,1,51801.92
901779,226073,5141.0,2025-08-08,Size/Fit Issue,1,53573.63
901780,226083,5196.0,2025-07-02,Quality Issue,2,38203.27
901781,226088,5213.0,2025-01-28,Damaged,1,26560.22
901782,226089,5147.0,2025-07-03,Changed Mind,1,41166.3
901783,226106,5030.0,2025-04-19,Size/Fit Issue,1,17995.47
901784,226108,5193.0,2025-05-27,Changed Mind,1,36270.33
901785,226122,5141.0,2025-09-09,Size/Fit Issue,1,56725.02
901786,226141,5125.0,2025-12-14,Quality Issue,2,5886.4
901787,226175,5046.0,2025-03-15,Late Delivery,2,46026.57
901788,226192,5039.0,2025-03-22,Size/Fit Issue,1,47535.78
901789,226212,5115.0,2025-12-14,Size/Fit Issue,2,67383.95
901790,226218,5009.0,2025-02-22,Late Delivery,2,21220.74
901791,226221,5111.0,2025-10-14,Damaged,1,62789.53
901792,226223,5091.0,2025-10-19,Damaged,1,23120.14
901793,226231,5127.0,2025-06-25,Late Delivery,2,55557.48
901794,226232,5234.0,2025-05-26,Size/Fit Issue,2,45583.52
901795,226236,5216.0,2025-09-27,Changed Mind,2,4475.54
901796,226237,5217.0,2025-06-27,Size/Fit Issue,2,8615.51
901797,226238,5035.0,2025-04-25,Wrong Item,2,21801.91
901798,226248,5108.0,2025-07-03,Quality Issue,2,60465.02
901799,226272,5165.0,2025-04-16,Size/Fit Issue,2,58150.81
901800,226277,5217.0,2025-06-18,Changed Mind,2,8615.51
901801,226296,5028.0,2025-05-23,Damaged,1,17420.0
901802,226307,5076.0,2025-05-27,Wrong Item,1,38008.49
901803,226313,5003.0,2025-12-08,Late Delivery,1,67733.12
901804,226314,5249.0,2025-05-13,Size/Fit Issue,1,33907.55
901805,226353,5124.0,2025-10-28,Late Delivery,2,36576.22
901806,226361,5024.0,2025-09-02,Wrong Item,1,50105.74
901807,226374,5168.0,2025-02-08,Size/Fit Issue,1,44844.95
901808,226391,5058.0,2025-02-03,Size/Fit Issue,2,112735.47
901809,226395,5038.0,2025-01-22,Quality Issue,2,4014.35
901810,226396,5184.0,2025-06-22,Changed Mind,1,39169.08
901811,226420,5247.0,2025-07-14,Quality Issue,2,64691.34
901812,226441,5161.0,2025-05-05,Late Delivery,1,67037.98
901813,226471,5011.0,2025-09-03,Size/Fit Issue,1,56612.09
901814,226473,5188.0,2025-12-22,Changed Mind,1,11834.14
901815,226506,5231.0,2025-12-31,Damaged,2,34588.14
901816,226508,5072.0,2025-11-10,Wrong Item,2,86730.07
901817,226511,5015.0,2025-07-21,Damaged,2,46970.63
901818,226513,5008.0,2025-11-14,Wrong Item,2,67936.27
901819,226549,5106.0,2025-12-30,Quality Issue,2,87679.15
901820,226563,5109.0,2026-01-14,Damaged,1,70231.76
901821,226567,5108.0,2025-12-06,Damaged,2,30232.51
901822,226575,5090.0,2025-01-21,Size/Fit Issue,1,56217.93
901823,226626,5124.0,2025-11-24,Quality Issue,2,40640.25
901824,226628,5228.0,2025-10-11,Changed Mind,2,22490.1
901825,226629,5101.0,2025-04-11,Wrong Item,1,30247.97
901826,226634,5068.0,2025-03-21,Size/Fit Issue,2,2245.73
901827,226649,5213.0,2025-11-12,Damaged,2,66400.56
901828,226663,5187.0,2025-07-22,Late Delivery,2,55244.46
901829,226670,5026.0,2025-04-04,Damaged,1,77725.16
901830,226672,5077.0,2025-05-27,Damaged,1,11778.45
901831,226716,5208.0,2025-06-03,Wrong Item,1,42674.98
901832,226726,5081.0,2025-05-04,Size/Fit Issue,2,15195.23
901833,226784,5067.0,2025-09-26,Late Delivery,2,6663.94
901834,226808,5246.0,2025-09-18,Damaged,1,52201.87
901835,226820,5125.0,2025-11-26,Changed Mind,2,13080.9
901836,226825,5107.0,2025-12-27,Late Delivery,1,32800.94
901837,226835,5070.0,2025-07-19,Late Delivery,1,28977.18
901838,226869,5004.0,2025-09-14,Late Delivery,1,25005.51
901839,226874,5123.0,2025-02-14,Wrong Item,2,41662.35
901840,226881,5144.0,2025-08-30,Quality Issue,1,16645.69
901841,226909,5241.0,2025-02-03,Late Delivery,1,50135.94
901842,226911,5086.0,2026-01-01,Wrong Item,1,20624.85
901843,226927,5068.0,2025-06-10,Changed Mind,2,2245.73
901844,226932,5100.0,2025-05-10,Quality Issue,1,5350.32
901845,226942,5188.0,2025-06-10,Changed Mind,1,11211.29
901846,226950,5024.0,2025-05-24,Damaged,2,43842.53
901847,226951,5143.0,2025-02-25,Changed Mind,2,90983.02
901848,226966,5036.0,2025-04-11,Size/Fit Issue,1,23594.59
901849,226988,5122.0,2025-02-27,Size/Fit Issue,2,14520.43
901850,227031,5188.0,2025-09-06,Quality Issue,1,8719.89
901851,227125,5066.0,2025-06-19,Changed Mind,2,985.94
901852,227139,5131.0,2025-12-19,Late Delivery,1,16600.55
901853,227148,5203.0,2025-08-28,Changed Mind,1,55564.81
901854,227180,5151.0,2025-03-06,Damaged,1,39500.89
901855,227182,5117.0,2025-12-18,Late Delivery,1,20852.31
901856,227187,5216.0,2025-07-22,Size/Fit Issue,1,4475.54
901857,227208,5072.0,2025-07-17,Quality Issue,2,43365.03
901858,227212,5036.0,2025-09-04,Size/Fit Issue,2,67413.12
901859,227215,5005.0,2025-11-27,Late Delivery,2,16785.11
901860,227219,5076.0,2025-12-08,Damaged,2,40120.08
901861,227226,5081.0,2025-10-09,Changed Mind,2,30390.46
901862,227235,5234.0,2025-04-28,Damaged,2,101296.72
901863,227307,5140.0,2025-01-21,Damaged,1,36072.98
901864,227310,5001.0,2025-10-27,Wrong Item,1,6774.13
901865,227312,5237.0,2025-04-25,Late Delivery,1,13762.51
901866,227343,5197.0,2025-11-03,Quality Issue,1,28049.13
901867,227351,5013.0,2025-07-27,Late Delivery,1,48487.4
901868,227417,5022.0,2025-10-22,Late Delivery,2,50582.29
901869,227423,5228.0,2025-03-13,Changed Mind,1,11245.05
901870,227426,5017.0,2025-11-15,Size/Fit Issue,1,15128.15
901871,227439,5019.0,2025-05-08,Late Delivery,1,48479.03
901872,227447,5146.0,2025-06-18,Quality Issue,2,27448.23
901873,227449,5198.0,2025-05-18,Changed Mind,2,41278.01
901874,227457,5075.0,2025-08-28,Size/Fit Issue,1,24854.06
901875,227478,5014.0,2025-02-22,Damaged,1,7806.43
901876,227484,5050.0,2025-06-28,Changed Mind,2,47913.98
901877,227506,5192.0,2025-09-05,Changed Mind,2,29824.72
901878,227512,5134.0,2025-02-11,Size/Fit Issue,2,82856.04
901879,227520,5057.0,2026-01-09,Wrong Item,1,30645.38
901880,227527,5201.0,2025-10-09,Quality Issue,1,41544.94
901881,227596,5068.0,2025-07-31,Late Delivery,2,3047.77
901882,227598,5175.0,2025-07-06,Damaged,2,37820.94
901883,227599,5084.0,2025-09-04,Damaged,2,49285.52
901884,227605,5094.0,2025-01-17,Damaged,2,40095.84
901885,227618,5141.0,2025-06-14,Wrong Item,1,56725.02
901886,227620,5076.0,2025-12-13,Damaged,2,40120.08
901887,227633,5041.0,2025-06-24,Quality Issue,2,52954.1
901888,227648,5174.0,2025-02-24,Quality Issue,1,29837.6
901889,227651,5130.0,2025-05-08,Damaged,2,44427.85
901890,227658,5146.0,2025-04-19,Size/Fit Issue,2,27448.23
901891,227686,5121.0,2025-06-24,Wrong Item,2,80114.85
901892,227703,5177.0,2025-12-23,Changed Mind,2,11970.85
901893,227737,5027.0,2025-09-29,Damaged,1,55514.01
901894,227773,5048.0,2025-02-09,Late Delivery,2,60238.48
901895,227801,5161.0,2025-08-20,Wrong Item,1,53630.38
901896,227805,5047.0,2025-12-18,Size/Fit Issue,2,7825.99
901897,227832,5243.0,2025-04-21,Damaged,1,50341.38
901898,227849,5009.0,2026-01-16,Quality Issue,1,23873.33
901899,227861,5118.0,2025-05-22,Damaged,2,59657.05
901900,227867,5145.0,2025-05-22,Size/Fit Issue,2,50582.17
901901,227891,5038.0,2025-12-04,Quality Issue,2,3305.93
901902,227894,5084.0,2025-01-14,Damaged,1,43124.83
901903,227895,5232.0,2025-07-14,Quality Issue,2,7817.33
901904,227907,5187.0,2025-08-14,Size/Fit Issue,1,55244.46
901905,227911,5187.0,2025-06-06,Wrong Item,2,104964.47
901906,227931,5211.0,2025-11-27,Damaged,2,31932.17
901907,227941,5033.0,2025-10-21,Quality Issue,2,68821.11
901908,227951,5226.0,2026-01-14,Wrong Item,2,36837.6
901909,227952,5134.0,2025-03-03,Late Delivery,1,43864.96
901910,227972,5156.0,2025-02-28,Changed Mind,2,48173.87
901911,227977,5117.0,2025-04-21,Wrong Item,1,19693.85
901912,227980,5059.0,2025-10-12,Late Delivery,2,102127.24
901913,227982,5106.0,2025-02-12,Late Delivery,1,43839.58
901914,228007,5048.0,2025-10-03,Wrong Item,1,30119.24
901915,228026,5241.0,2025-06-27,Wrong Item,1,53269.43
901916,228046,5182.0,2025-06-04,Quality Issue,2,88787.36
901917,228048,5188.0,2025-06-08,Late Delivery,1,12456.99
901918,228058,5071.0,2025-08-19,Changed Mind,1,955.85
901919,228062,5200.0,2025-02-14,Size/Fit Issue,2,21134.67
901920,228065,5229.0,2025-10-30,Size/Fit Issue,1,56611.93
901921,228076,5035.0,2025-03-09,Size/Fit Issue,2,19621.72
901922,228097,5193.0,2025-04-04,Size/Fit Issue,1,32240.3
901923,228100,5025.0,2025-04-21,Damaged,2,12943.78
901924,228101,5138.0,2025-10-07,Quality Issue,1,47545.8
901925,228139,5028.0,2025-06-17,Late Delivery,1,14669.47
901926,228163,5081.0,2025-03-06,Damaged,1,15195.23
901927,228195,5059.0,2025-02-21,Size/Fit Issue,1,54067.36
901928,228222,5071.0,2025-10-05,Size/Fit Issue,1,1006.16
901929,228228,5148.0,2025-07-15,Damaged,1,6025.99
901930,228261,5025.0,2025-10-29,Late Delivery,1,5501.11
901931,228288,5102.0,2025-07-01,Quality Issue,1,19500.88
901932,228289,5232.0,2025-04-30,Quality Issue,2,6583.02
901933,228333,5114.0,2025-05-13,Damaged,2,9289.76
901934,228362,5029.0,2025-03-08,Size/Fit Issue,1,61424.25
901935,228373,5001.0,2025-12-04,Changed Mind,2,13548.25
901936,228392,5019.0,2025-10-30,Damaged,2,91571.5
901937,228407,5056.0,2025-09-29,Quality Issue,2,8053.46
901938,228410,5194.0,2025-03-25,Damaged,1,21523.77
901939,228417,5217.0,2025-06-22,Size/Fit Issue,2,17231.02
901940,228420,5056.0,2025-03-03,Late Delivery,1,3789.86
901941,228456,5246.0,2025-12-11,Changed Mind,2,61413.96
901942,228459,5208.0,2025-08-15,Wrong Item,2,42674.98
901943,228477,5091.0,2025-12-28,Size/Fit Issue,2,25689.04
901944,228486,5010.0,2025-03-08,Size/Fit Issue,2,48360.23
901945,228525,5235.0,2025-12-02,Late Delivery,2,81584.84
901946,228555,5136.0,2025-11-17,Quality Issue,2,100283.03
901947,228595,5195.0,2025-08-06,Wrong Item,1,58669.03
901948,228602,5146.0,2025-07-29,Quality Issue,1,21958.58
901949,228613,5064.0,2025-11-04,Damaged,1,1071.6
901950,228642,5186.0,2025-08-29,Size/Fit Issue,1,15772.28
901951,228673,5041.0,2025-11-27,Size/Fit Issue,1,29592.0
901952,228710,5020.0,2025-03-02,Damaged,2,44196.78
901953,228719,5123.0,2025-03-12,Late Delivery,1,41662.35
901954,228738,5152.0,2025-12-29,Quality Issue,2,35818.43
901955,228753,5118.0,2025-06-03,Late Delivery,2,59657.05
901956,228775,5191.0,2025-12-27,Quality Issue,1,25708.91
901957,228777,5125.0,2025-12-26,Changed Mind,2,6213.43
901958,228818,5104.0,2025-12-04,Late Delivery,2,14643.7
901959,228845,5051.0,2025-05-01,Size/Fit Issue,2,9375.84
901960,228846,5145.0,2025-03-10,Size/Fit Issue,2,48053.06
901961,228849,5080.0,2025-08-23,Damaged,2,84020.8
901962,228885,5079.0,2025-04-16,Quality Issue,2,11031.76
901963,228911,5016.0,2025-05-22,Changed Mind,1,34847.13
901964,228913,5048.0,2025-07-13,Damaged,2,30119.24
901965,228915,5245.0,2025-08-10,Late Delivery,1,5700.75
901966,228919,5228.0,2025-03-27,Size/Fit Issue,1,7871.53
901967,228926,5058.0,2025-05-10,Size/Fit Issue,2,112735.47
901968,228949,5053.0,2025-02-17,Late Delivery,2,19608.79
901969,228951,5185.0,2025-06-17,Size/Fit Issue,1,10012.67
901970,228969,5059.0,2025-02-14,Quality Issue,1,60074.85
901971,228973,5193.0,2025-09-14,Size/Fit Issue,1,38285.35
901972,228992,5163.0,2025-09-18,Damaged,2,113154.34
901973,229004,5199.0,2025-12-24,Wrong Item,1,1695.34
901974,229037,5133.0,2025-11-25,Wrong Item,2,82883.42
901975,229041,5243.0,2025-02-07,Late Delivery,2,100682.76
901976,229060,5179.0,2025-08-09,Wrong Item,1,8801.23
901977,229071,5235.0,2025-11-26,Damaged,2,38645.45
901978,229079,5093.0,2025-04-06,Damaged,1,11220.18
901979,229084,5084.0,2025-09-14,Size/Fit Issue,2,55446.21
901980,229087,5120.0,2026-01-06,Size/Fit Issue,1,48788.44
901981,229100,5089.0,2025-09-20,Size/Fit Issue,1,35104.23
901982,229101,5217.0,2025-08-17,Changed Mind,1,9572.79
901983,229119,5153.0,2025-07-06,Late Delivery,1,46627.71
901984,229148,5059.0,2025-02-26,Damaged,2,120149.7
901985,229150,5123.0,2025-03-25,Quality Issue,2,37276.84
901986,229153,5013.0,2025-02-08,Size/Fit Issue,1,39930.8
901987,229158,5027.0,2025-06-05,Wrong Item,2,43177.56
901988,229178,5241.0,2025-02-24,Size/Fit Issue,1,62669.92
901989,229204,5162.0,2025-10-05,Quality Issue,2,12655.48
901990,229232,5224.0,2025-02-25,Changed Mind,1,31061.58
901991,229244,5149.0,2025-01-16,Damaged,2,65425.62
901992,229289,5222.0,2025-02-03,Quality Issue,1,30195.37
901993,229314,5213.0,2025-12-04,Changed Mind,1,23240.2
901994,229323,5232.0,2025-01-14,Changed Mind,1,6994.45
901995,229340,5136.0,2025-08-31,Quality Issue,1,47502.49
901996,229347,5243.0,2025-06-18,Wrong Item,1,42790.17
901997,229362,5099.0,2025-04-10,Quality Issue,1,24134.72
901998,229369,5169.0,2025-10-09,Late Delivery,2,30310.76
901999,229383,5014.0,2025-09-11,Size/Fit Issue,1,6635.47
902000,229384,5200.0,2025-01-29,Changed Mind,2,17405.02
902001,229388,5228.0,2025-12-31,Changed Mind,2,10682.8
902002,229461,5118.0,2025-08-30,Wrong Item,2,132571.22
902003,229476,5014.0,2026-01-04,Changed Mind,2,6635.47
902004,229484,5165.0,2025-05-26,Quality Issue,1,54730.18
902005,229500,5026.0,2025-07-30,Size/Fit Issue,2,139905.29
902006,229507,5215.0,2025-02-14,Late Delivery,2,32322.68
902007,229509,5055.0,2025-11-17,Late Delivery,1,50254.91
902008,229513,5191.0,2025-06-10,Damaged,2,51417.81
902009,229516,5222.0,2025-08-05,Quality Issue,2,56838.35
902010,229525,5195.0,2025-09-13,Changed Mind,2,58669.03
902011,229541,5151.0,2025-08-02,Late Delivery,1,41695.39
902012,229545,5088.0,2025-09-28,Size/Fit Issue,2,21198.99
902013,229558,5182.0,2025-02-06,Wrong Item,1,42174.0
902014,229574,5169.0,2025-07-01,Quality Issue,2,28626.83
902015,229592,5111.0,2025-05-10,Size/Fit Issue,1,66713.87
902016,229601,5058.0,2025-08-11,Quality Issue,2,106802.03
902017,229611,5197.0,2025-05-24,Wrong Item,2,56098.26
902018,229635,5150.0,2025-08-15,Changed Mind,1,35655.09
902019,229649,5020.0,2025-06-19,Changed Mind,2,44196.78
902020,229695,5212.0,2025-11-24,Quality Issue,1,3935.44
902021,229699,5222.0,2025-06-27,Damaged,1,31971.57
902022,229718,5206.0,2025-07-21,Quality Issue,1,55544.44
902023,229787,5019.0,2025-04-07,Quality Issue,2,53865.59
902024,229789,5110.0,2025-06-01,Quality Issue,1,46372.72
902025,229797,5017.0,2025-11-23,Size/Fit Issue,1,16018.04
902026,229800,5046.0,2025-09-15,Damaged,1,27944.7
902027,229814,5102.0,2025-02-09,Changed Mind,1,27858.4
902028,229823,5070.0,2025-11-27,Damaged,1,27452.07
902029,229844,5070.0,2025-11-02,Size/Fit Issue,2,28977.18
902030,229864,5235.0,2025-05-17,Size/Fit Issue,2,38645.45
902031,229876,5112.0,2025-01-19,Quality Issue,1,20509.39
902032,229880,5060.0,2025-09-14,Wrong Item,1,32134.48
902033,229910,5127.0,2025-05-05,Size/Fit Issue,2,23392.62
902034,229912,5010.0,2025-05-27,Changed Mind,1,60450.29
902035,229923,5067.0,2025-06-29,Wrong Item,1,6663.94
902036,229927,5093.0,2025-12-07,Changed Mind,1,13323.96
902037,229936,5091.0,2025-05-19,Quality Issue,1,21835.68
902038,229972,5043.0,2025-10-17,Damaged,1,29500.07
902039,229974,5247.0,2025-11-25,Wrong Item,1,25876.54
902040,229987,5003.0,2025-02-25,Wrong Item,1,67733.12
902041,229996,5018.0,2025-02-24,Quality Issue,1,31948.2
902042,230002,5038.0,2026-01-18,Size/Fit Issue,1,4722.76
902043,230012,5135.0,2025-07-03,Quality Issue,2,71777.47
902044,230054,5134.0,2025-06-04,Quality Issue,1,43864.96
902045,230059,5018.0,2025-07-29,Quality Issue,2,28753.38
902046,230073,5064.0,2025-12-06,Changed Mind,1,1018.02
902047,230089,5240.0,2025-05-21,Size/Fit Issue,2,55499.24
902048,230096,5124.0,2025-01-14,Size/Fit Issue,1,40640.25
902049,230099,5036.0,2025-12-05,Quality Issue,2,32021.23
902050,230110,5135.0,2025-11-16,Quality Issue,1,44860.92
902051,230115,5136.0,2025-03-16,Quality Issue,2,47502.49
902052,230136,5231.0,2025-05-28,Wrong Item,1,36509.71
902053,230141,5026.0,2025-03-18,Changed Mind,2,139905.29
902054,230144,5118.0,2025-05-17,Changed Mind,1,53028.49
902055,230153,5054.0,2025-07-04,Changed Mind,1,4393.11
902056,230156,5198.0,2025-11-09,Quality Issue,1,20639.01
902057,230160,5065.0,2025-01-08,Quality Issue,1,40262.19
902058,230166,5004.0,2025-07-26,Late Delivery,2,29418.25
902059,230216,5111.0,2025-12-06,Size/Fit Issue,1,62789.53
902060,230225,5226.0,2025-08-26,Changed Mind,1,19388.21
902061,230226,5032.0,2025-07-25,Size/Fit Issue,1,56573.38
902062,230245,5053.0,2025-07-01,Quality Issue,1,8715.02
902063,230246,5123.0,2025-08-23,Changed Mind,1,43855.11
902064,230260,5042.0,2025-12-14,Changed Mind,2,54299.82
902065,230265,5049.0,2025-07-16,Wrong Item,1,3230.57
902066,230268,5008.0,2025-08-02,Size/Fit Issue,2,64360.67
902067,230286,5084.0,2026-01-02,Damaged,1,61606.9
902068,230294,5040.0,2025-02-01,Size/Fit Issue,1,25999.86
902069,230337,5063.0,2025-03-05,Damaged,2,12942.11
902070,230341,5250.0,2025-10-19,Late Delivery,1,47686.48
902071,230365,5102.0,2025-05-28,Changed Mind,1,26465.48
902072,230378,5246.0,2025-11-11,Wrong Item,1,61413.96
902073,230395,5226.0,2025-07-26,Wrong Item,1,19388.21
902074,230422,5144.0,2025-12-17,Size/Fit Issue,1,17624.84
902075,230484,5085.0,2025-02-08,Size/Fit Issue,1,17754.82
902076,230490,5047.0,2025-04-20,Late Delivery,2,8695.54
902077,230523,5189.0,2025-08-27,Quality Issue,1,3168.17
902078,230560,5009.0,2025-11-25,Size/Fit Issue,1,25199.62
902079,230562,5226.0,2025-06-03,Wrong Item,1,18418.8
902080,230573,5077.0,2025-12-16,Late Delivery,2,22317.07
902081,230606,5067.0,2025-01-19,Quality Issue,1,5997.55
902082,230607,5208.0,2025-06-18,Changed Mind,2,53343.72
902083,230618,5013.0,2025-10-11,Size/Fit Issue,1,45635.2
902084,230629,5115.0,2025-01-30,Size/Fit Issue,2,60645.56
902085,230636,5063.0,2025-08-29,Changed Mind,1,12223.1
902086,230647,5195.0,2025-06-29,Quality Issue,2,58669.03
902087,230658,5042.0,2025-12-15,Quality Issue,1,67874.77
902088,230684,5135.0,2025-05-05,Wrong Item,2,40374.83
902089,230698,5141.0,2025-09-08,Size/Fit Issue,1,50422.24
902090,230702,5078.0,2025-03-09,Changed Mind,1,34641.26
902091,230708,5155.0,2025-02-09,Size/Fit Issue,2,1072.05
902092,230711,5218.0,2025-05-19,Size/Fit Issue,2,47502.81
902093,230723,5236.0,2025-03-24,Size/Fit Issue,2,59172.58
902094,230733,5124.0,2026-01-02,Changed Mind,1,34544.21
902095,230737,5049.0,2025-03-26,Changed Mind,2,3230.57
902096,230739,5199.0,2025-10-24,Quality Issue,2,1695.34
902097,230769,5207.0,2025-07-21,Size/Fit Issue,1,24287.8
902098,230780,5081.0,2025-05-01,Quality Issue,1,15195.23
902099,230783,5036.0,2025-03-01,Changed Mind,2,60671.81
902100,230789,5047.0,2025-07-22,Late Delivery,1,6956.43
902101,230790,5113.0,2025-02-08,Quality Issue,2,65422.16
902102,230835,5036.0,2025-02-05,Wrong Item,2,67413.12
902103,230858,5220.0,2025-11-10,Quality Issue,2,19770.73
902104,230860,5207.0,2025-02-22,Late Delivery,1,21859.02
902105,230871,5046.0,2025-12-28,Damaged,1,32876.12
902106,230910,5003.0,2025-04-19,Wrong Item,1,63970.17
902107,230915,5149.0,2025-08-21,Quality Issue,1,61982.16
902108,230916,5019.0,2025-05-22,Damaged,1,51172.31
902109,230936,5030.0,2025-05-30,Quality Issue,2,17995.47
902110,230995,5208.0,2025-09-01,Size/Fit Issue,1,48009.35
902111,231023,5148.0,2025-09-30,Late Delivery,1,6025.99
902112,231051,5111.0,2025-11-09,Wrong Item,1,74562.56
902113,231069,5229.0,2025-07-23,Changed Mind,2,50321.71
902114,231084,5224.0,2025-07-13,Changed Mind,2,27610.3
902115,231101,5127.0,2025-04-18,Damaged,2,58481.56
902116,231109,5215.0,2025-07-01,Damaged,1,30706.55
902117,231116,5167.0,2025-01-14,Wrong Item,2,4726.83
902118,231119,5099.0,2025-06-27,Quality Issue,1,22927.98
902119,231121,5165.0,2025-08-13,Wrong Item,1,68412.72
902120,231122,5138.0,2025-04-12,Quality Issue,1,45043.39
902121,231124,5044.0,2025-12-04,Quality Issue,2,21690.45
902122,231194,5069.0,2025-04-08,Quality Issue,1,42660.41
902123,231202,5103.0,2025-09-26,Quality Issue,2,96464.7
902124,231215,5063.0,2025-11-01,Changed Mind,2,28760.24
902125,231221,5112.0,2025-04-17,Quality Issue,1,18350.51
902126,231261,5158.0,2025-06-17,Damaged,2,88812.54
902127,231267,5078.0,2025-11-13,Damaged,2,31177.13
902128,231282,5173.0,2025-06-03,Late Delivery,1,56694.84
902129,231285,5047.0,2025-12-30,Damaged,1,8695.54
902130,231304,5195.0,2025-01-17,Late Delivery,1,52802.13
902131,231305,5011.0,2025-08-08,Quality Issue,1,53466.97
902132,231311,5244.0,2025-08-17,Wrong Item,1,20415.99
902133,231332,5043.0,2025-05-31,Wrong Item,2,34705.96
902134,231337,5226.0,2025-04-04,Damaged,1,16479.98
902135,231342,5245.0,2025-05-24,Changed Mind,1,6036.09
902136,231356,5134.0,2025-11-19,Size/Fit Issue,2,87729.93
902137,231358,5192.0,2025-02-16,Quality Issue,1,31688.76
902138,231359,5151.0,2025-03-09,Changed Mind,2,37306.4
902139,231364,5173.0,2025-05-27,Changed Mind,1,63364.82
902140,231381,5166.0,2025-03-01,Damaged,1,59235.66
902141,231383,5247.0,2025-02-17,Wrong Item,1,30728.39
902142,231385,5157.0,2025-06-09,Changed Mind,2,43525.09
902143,231402,5212.0,2025-04-23,Damaged,2,4398.43
902144,231411,5191.0,2025-04-14,Quality Issue,1,25708.91
902145,231435,5203.0,2025-12-16,Changed Mind,2,50008.33
902146,231543,5227.0,2025-02-02,Size/Fit Issue,2,33870.45
902147,231562,5076.0,2025-04-23,Damaged,2,67570.66
902148,231581,5191.0,2025-03-02,Changed Mind,2,27137.18
902149,231591,5233.0,2025-09-09,Wrong Item,2,108267.66
902150,231598,5098.0,2025-02-17,Late Delivery,1,44932.95
902151,231599,5246.0,2025-04-05,Damaged,2,104403.73
902152,231601,5077.0,2025-10-08,Late Delivery,2,11778.45
902153,231611,5090.0,2025-11-08,Quality Issue,1,56217.93
902154,231615,5153.0,2025-06-04,Damaged,1,52113.32
902155,231623,5014.0,2025-10-03,Quality Issue,1,7806.43
902156,231626,5196.0,2025-09-21,Size/Fit Issue,2,21224.04
902157,231627,5159.0,2025-12-20,Damaged,2,42740.68
902158,231628,5229.0,2025-08-04,Quality Issue,1,56611.93
902159,231681,5211.0,2025-02-03,Size/Fit Issue,1,37919.45
902160,231701,5033.0,2025-05-08,Size/Fit Issue,1,36322.25
902161,231715,5040.0,2025-03-08,Damaged,1,22099.88
902162,231726,5118.0,2025-06-24,Wrong Item,1,66285.61
902163,231739,5046.0,2026-01-19,Size/Fit Issue,1,31232.31
902164,231759,5110.0,2025-04-10,Size/Fit Issue,2,87592.93
902165,231771,5001.0,2025-03-24,Changed Mind,1,6061.06
902166,231788,5034.0,2025-09-26,Quality Issue,1,16600.56
902167,231794,5031.0,2025-12-13,Quality Issue,2,112810.83
902168,231837,5142.0,2025-03-17,Size/Fit Issue,1,42455.88
902169,231842,5129.0,2025-05-02,Wrong Item,1,859.65
902170,231860,5088.0,2026-01-12,Size/Fit Issue,1,19079.09
902171,231877,5008.0,2025-06-27,Quality Issue,1,28604.74
902172,231893,5077.0,2025-04-24,Quality Issue,2,8678.86
902173,231905,5230.0,2026-01-04,Damaged,1,21395.66
902174,231911,5062.0,2025-07-05,Wrong Item,1,356.93
902175,231918,5236.0,2025-06-07,Changed Mind,2,55885.21
902176,231923,5229.0,2025-04-03,Size/Fit Issue,2,53466.82
902177,231963,5196.0,2025-02-28,Quality Issue,2,20162.84
902178,231973,5041.0,2025-05-09,Changed Mind,1,26477.05
902179,231975,5239.0,2025-05-24,Damaged,2,75346.09
902180,232000,5054.0,2025-12-22,Quality Issue,2,8346.91
902181,232046,5054.0,2025-01-16,Quality Issue,1,4173.45
902182,232063,5003.0,2025-01-17,Quality Issue,2,67733.12
902183,232076,5071.0,2025-10-14,Changed Mind,2,1006.16
902184,232083,5053.0,2025-09-18,Size/Fit Issue,2,10893.77
902185,232088,5133.0,2025-03-04,Late Delivery,2,33153.37
902186,232105,5116.0,2025-10-20,Wrong Item,1,33822.25
902187,232106,5106.0,2025-04-30,Quality Issue,2,43839.58
902188,232120,5163.0,2025-01-20,Quality Issue,1,50290.82
902189,232123,5089.0,2025-02-10,Wrong Item,2,36951.82
902190,232126,5067.0,2025-05-11,Changed Mind,1,5664.35
902191,232133,5031.0,2025-12-02,Size/Fit Issue,2,59374.12
902192,232136,5206.0,2025-03-20,Damaged,2,46774.26
902193,232162,5073.0,2025-05-22,Damaged,2,18918.59
902194,232173,5069.0,2025-09-24,Damaged,2,60943.44
902195,232233,5037.0,2025-05-27,Damaged,1,13421.47
902196,232234,5184.0,2025-02-22,Changed Mind,1,33293.72
902197,232238,5132.0,2025-11-08,Damaged,1,16685.14
902198,232246,5043.0,2025-07-16,Late Delivery,2,34705.96
902199,232279,5236.0,2025-06-30,Wrong Item,2,65747.31
902200,232302,5172.0,2025-04-04,Size/Fit Issue,2,8054.99
902201,232313,5187.0,2025-09-17,Quality Issue,2,99440.03
902202,232325,5105.0,2025-12-30,Size/Fit Issue,2,61470.15
902203,232381,5172.0,2025-02-12,Damaged,2,4027.5
902204,232382,5147.0,2025-01-07,Late Delivery,1,41166.3
902205,232386,5093.0,2025-12-24,Late Delivery,2,25245.4
902206,232425,5128.0,2026-01-01,Size/Fit Issue,1,70184.93
902207,232441,5040.0,2025-12-20,Changed Mind,1,23399.87
902208,232442,5194.0,2025-07-09,Size/Fit Issue,1,23915.3
902209,232444,5232.0,2025-04-27,Quality Issue,1,8228.77
902210,232479,5047.0,2025-12-16,Quality Issue,2,7825.99
902211,232482,5152.0,2025-09-29,Late Delivery,1,31838.61
902212,232509,5178.0,2025-05-02,Size/Fit Issue,2,21213.16
902213,232513,5132.0,2025-06-08,Changed Mind,2,14831.23
902214,232516,5064.0,2025-07-11,Changed Mind,1,1018.02
902215,232532,5206.0,2025-06-04,Wrong Item,2,116935.66
902216,232536,5123.0,2025-12-02,Late Delivery,1,43855.11
902217,232543,5112.0,2025-02-19,Quality Issue,2,19429.95
902218,232551,5170.0,2025-06-28,Quality Issue,2,55818.22
902219,232564,5122.0,2025-06-27,Late Delivery,1,13794.41
902220,232565,5171.0,2025-07-17,Late Delivery,1,42114.66
902221,232574,5087.0,2025-09-24,Late Delivery,2,6142.77
902222,232602,5038.0,2025-09-12,Late Delivery,2,4722.76
902223,232609,5104.0,2025-02-28,Damaged,2,27823.03
902224,232616,5023.0,2025-03-04,Quality Issue,2,51317.37
902225,232624,5083.0,2025-10-28,Wrong Item,2,112636.67
902226,232694,5146.0,2025-06-23,Size/Fit Issue,2,23331.0
902227,232695,5040.0,2025-10-31,Damaged,2,24699.87
902228,232704,5198.0,2025-04-18,Size/Fit Issue,1,19552.74
902229,232715,5052.0,2025-12-30,Damaged,2,60387.22
902230,232718,5168.0,2026-01-09,Size/Fit Issue,2,44844.95
902231,232727,5034.0,2025-10-11,Quality Issue,1,15624.06
902232,232747,5062.0,2025-11-22,Quality Issue,1,263.0
902233,232793,5032.0,2025-04-16,Damaged,2,60109.22
902234,232797,5107.0,2025-03-26,Wrong Item,2,62321.79
902235,232807,5006.0,2025-05-12,Quality Issue,1,12915.87
902236,232820,5058.0,2025-08-09,Damaged,2,112735.47
902237,232836,5099.0,2025-10-19,Changed Mind,1,24134.72
902238,232930,5047.0,2025-07-15,Wrong Item,1,6956.43
902239,232935,5210.0,2025-09-04,Wrong Item,2,28590.83
902240,232944,5143.0,2025-07-05,Damaged,1,42964.2
902241,232949,5189.0,2025-09-26,Damaged,1,3168.17
902242,232963,5229.0,2025-11-15,Quality Issue,1,59757.03
902243,232967,5169.0,2025-08-10,Damaged,2,15155.38
902244,232995,5158.0,2026-01-18,Size/Fit Issue,1,41939.26
902245,232998,5055.0,2025-02-14,Quality Issue,2,52899.91
902246,233000,5123.0,2025-05-06,Quality Issue,2,37276.84
902247,233002,5216.0,2025-07-02,Size/Fit Issue,2,3768.87
902248,233012,5197.0,2025-10-05,Wrong Item,2,56098.26
902249,233029,5125.0,2025-12-14,Quality Issue,1,6540.45
902250,233039,5078.0,2025-02-09,Size/Fit Issue,1,34641.26
902251,233049,5037.0,2025-02-01,Late Delivery,2,13421.47
902252,233065,5072.0,2025-09-28,Wrong Item,2,43365.03
902253,233083,5137.0,2025-03-14,Late Delivery,2,24832.33
902254,233090,5136.0,2025-09-11,Quality Issue,1,36946.38
902255,233092,5243.0,2025-03-20,Damaged,2,42790.17
902256,233101,5188.0,2025-08-17,Late Delivery,1,12456.99
902257,233117,5161.0,2025-02-20,Size/Fit Issue,1,53630.38
902258,233170,5138.0,2025-10-16,Late Delivery,2,45043.39
902259,233177,5083.0,2025-07-04,Late Delivery,2,140795.84
902260,233216,5109.0,2025-08-09,Damaged,2,66720.17
902261,233223,5172.0,2025-04-17,Size/Fit Issue,2,3815.52
902262,233237,5135.0,2025-03-14,Damaged,1,44860.92
902263,233239,5171.0,2025-06-06,Size/Fit Issue,1,44746.82
902264,233279,5065.0,2025-02-08,Size/Fit Issue,1,44735.77
902265,233305,5022.0,2025-01-18,Changed Mind,2,53244.52
902266,233319,5240.0,2025-07-19,Quality Issue,1,58420.25
902267,233320,5052.0,2025-04-17,Size/Fit Issue,1,30193.61
902268,233324,5001.0,2025-05-12,Quality Issue,1,6061.06
902269,233336,5205.0,2025-03-05,Quality Issue,2,34426.4
902270,233349,5005.0,2025-12-20,Damaged,1,15901.69
902271,233365,5195.0,2025-03-16,Wrong Item,1,49868.68
902272,233366,5095.0,2025-03-19,Changed Mind,1,13162.18
902273,233374,5003.0,2025-07-10,Quality Issue,1,67733.12
902274,233390,5017.0,2025-10-02,Damaged,1,15128.15
902275,233405,5044.0,2026-01-01,Quality Issue,2,12759.09
902276,233415,5108.0,2025-10-19,Wrong Item,2,60465.02
902277,233419,5178.0,2025-03-01,Damaged,2,36062.37
902278,233422,5154.0,2025-06-18,Changed Mind,2,36651.14
902279,233428,5190.0,2025-10-28,Size/Fit Issue,2,38122.97
902280,233432,5112.0,2025-01-13,Wrong Item,1,17271.06
902281,233435,5059.0,2025-04-02,Late Delivery,1,42052.39
902282,233442,5056.0,2025-05-28,Late Delivery,2,4737.33
902283,233463,5224.0,2025-11-09,Late Delivery,2,34512.87
902284,233491,5058.0,2025-03-31,Size/Fit Issue,1,53401.01
902285,233506,5176.0,2025-07-25,Size/Fit Issue,1,13653.02
902286,233509,5125.0,2025-05-14,Size/Fit Issue,2,11772.81
902287,233512,5017.0,2025-08-25,Damaged,2,17797.82
902288,233519,5125.0,2026-01-07,Damaged,1,6540.45
902289,233524,5158.0,2025-07-26,Size/Fit Issue,1,46873.29
902290,233526,5195.0,2025-10-05,Size/Fit Issue,2,52802.13
902291,233573,5214.0,2025-08-12,Wrong Item,2,65478.32
902292,233589,5077.0,2025-04-12,Quality Issue,1,11158.53
902293,233595,5102.0,2025-08-02,Damaged,2,44573.44
902294,233600,5086.0,2025-02-05,Size/Fit Issue,1,23051.3
902295,233611,5003.0,2025-04-04,Size/Fit Issue,2,75259.02
902296,233632,5050.0,2025-05-25,Size/Fit Issue,1,56369.39
902297,233656,5080.0,2025-02-15,Late Delivery,1,47261.7
902298,233683,5180.0,2025-06-09,Quality Issue,2,56074.46
902299,233698,5215.0,2025-09-13,Late Delivery,1,29090.41
902300,233707,5155.0,2025-07-19,Damaged,2,1135.12
902301,233711,5133.0,2025-08-24,Damaged,1,39369.62
902302,233717,5168.0,2025-02-23,Size/Fit Issue,1,39862.18
902303,233768,5096.0,2025-03-09,Size/Fit Issue,1,33154.22
902304,233796,5229.0,2026-01-02,Quality Issue,1,62902.14
902305,233803,5135.0,2025-12-30,Late Delivery,2,42617.87
902306,233805,5092.0,2025-10-11,Size/Fit Issue,2,96370.9
902307,233809,5028.0,2025-03-02,Changed Mind,1,16503.16
902308,233811,5207.0,2025-07-12,Quality Issue,2,41289.26
902309,233814,5041.0,2025-12-27,Quality Issue,1,31149.47
902310,233817,5055.0,2025-04-15,Damaged,1,52899.91
902311,233837,5022.0,2026-01-02,Damaged,1,47920.07
902312,233838,5084.0,2025-01-29,Late Delivery,2,61606.9
902313,233844,5099.0,2025-10-29,Damaged,1,22927.98
902314,233859,5028.0,2025-06-19,Quality Issue,2,16503.16
902315,233891,5035.0,2026-01-06,Damaged,1,21801.91
902316,233916,5099.0,2025-11-17,Late Delivery,1,24134.72
902317,233943,5203.0,2025-03-01,Size/Fit Issue,1,55564.81
902318,233989,5184.0,2025-07-18,Changed Mind,1,33293.72
902319,234006,5051.0,2025-06-11,Size/Fit Issue,1,4963.68
902320,234021,5024.0,2025-01-30,Size/Fit Issue,2,119001.14
902321,234047,5137.0,2025-06-26,Size/Fit Issue,1,10455.72
902322,234048,5038.0,2025-05-16,Late Delivery,1,4250.48
902323,234051,5208.0,2025-11-23,Wrong Item,1,48009.35
902324,234055,5188.0,2025-07-30,Changed Mind,2,11211.29
902325,234056,5055.0,2025-06-14,Damaged,2,47609.92
902326,234057,5105.0,2025-04-05,Quality Issue,2,69153.92
902327,234065,5029.0,2025-05-06,Quality Issue,1,58011.79
902328,234067,5106.0,2025-12-08,Size/Fit Issue,2,82808.09
902329,234079,5114.0,2025-05-16,Wrong Item,2,10929.13
902330,234080,5127.0,2025-03-09,Size/Fit Issue,1,29240.78
902331,234111,5098.0,2025-11-14,Wrong Item,1,56166.19
902332,234118,5039.0,2025-04-26,Wrong Item,2,42532.01
902333,234127,5225.0,2025-11-01,Quality Issue,2,80611.2
902334,234131,5201.0,2025-02-28,Size/Fit Issue,2,46161.04
902335,234139,5009.0,2025-11-15,Damaged,2,25199.62
902336,234162,5077.0,2025-04-15,Size/Fit Issue,2,10538.61
902337,234168,5050.0,2025-03-13,Damaged,1,53550.92
902338,234222,5243.0,2025-03-27,Size/Fit Issue,2,50341.38
902339,234227,5006.0,2025-11-06,Wrong Item,1,12915.87
902340,234228,5195.0,2025-08-26,Size/Fit Issue,2,55735.58
902341,234240,5166.0,2025-06-19,Size/Fit Issue,1,53312.09
902342,234253,5076.0,2025-02-28,Damaged,2,33785.33
902343,234255,5067.0,2025-12-09,Changed Mind,2,5664.35
902344,234258,5241.0,2025-01-26,Late Delivery,2,50135.94
902345,234264,5147.0,2025-01-13,Damaged,1,48884.98
902346,234275,5097.0,2025-10-09,Changed Mind,1,31341.27
902347,234280,5225.0,2025-06-20,Wrong Item,1,44784.0
902348,234282,5223.0,2025-12-14,Late Delivery,1,15891.41
902349,234284,5238.0,2025-01-27,Changed Mind,2,21861.85
902350,234290,5002.0,2025-07-15,Size/Fit Issue,1,38998.44
902351,234297,5139.0,2025-02-21,Size/Fit Issue,1,31185.58
902352,234342,5224.0,2025-10-11,Wrong Item,1,34512.87
902353,234354,5058.0,2025-10-22,Late Delivery,1,53401.01
902354,234362,5232.0,2025-01-19,Changed Mind,1,7405.89
902355,234365,5125.0,2025-01-08,Wrong Item,2,6213.43
902356,234387,5165.0,2025-07-04,Size/Fit Issue,2,123142.9
902357,234399,5015.0,2025-06-20,Damaged,2,44207.66
902358,234404,5164.0,2025-05-24,Damaged,1,53390.93
902359,234422,5250.0,2025-04-19,Quality Issue,1,56627.69
902360,234430,5198.0,2025-10-10,Late Delivery,2,43450.54
902361,234451,5180.0,2025-08-13,Damaged,1,53270.74
902362,234452,5150.0,2025-09-19,Wrong Item,1,41947.17
902363,234488,5025.0,2025-09-29,Damaged,1,5824.7
902364,234510,5021.0,2025-08-14,Late Delivery,2,54413.68
902365,234548,5039.0,2025-11-18,Quality Issue,1,50037.66
902366,234556,5028.0,2025-04-02,Wrong Item,1,18336.84
902367,234576,5224.0,2025-11-13,Quality Issue,2,58671.88
902368,234591,5222.0,2025-10-04,Wrong Item,2,60390.75
902369,234613,5220.0,2025-07-13,Late Delivery,2,19770.73
902370,234647,5220.0,2025-03-07,Changed Mind,1,20869.11
902371,234691,5090.0,2025-10-09,Quality Issue,2,53407.03
902372,234693,5056.0,2025-09-30,Damaged,1,4737.33
902373,234697,5096.0,2025-10-16,Quality Issue,2,62818.52
902374,234706,5056.0,2025-08-09,Quality Issue,1,4500.46
902375,234739,5137.0,2025-08-29,Late Delivery,1,11762.68
902376,234744,5232.0,2025-08-13,Quality Issue,2,7817.33
902377,234767,5095.0,2025-11-10,Damaged,1,13893.41
902378,234774,5153.0,2025-10-06,Late Delivery,2,49370.52
902379,234775,5230.0,2025-10-02,Size/Fit Issue,1,22521.75
902380,234776,5195.0,2025-04-11,Wrong Item,1,58669.03
902381,234788,5019.0,2025-03-15,Size/Fit Issue,2,102344.62
902382,234803,5094.0,2025-03-29,Changed Mind,2,95227.62
902383,234823,5188.0,2025-04-05,Damaged,2,24913.98
902384,234890,5056.0,2025-03-08,Size/Fit Issue,2,9000.93
902385,234891,5213.0,2025-02-09,Size/Fit Issue,2,63080.53
902386,234901,5149.0,2025-02-15,Damaged,2,117077.42
902387,234904,5244.0,2025-12-25,Quality Issue,2,40831.99
902388,234914,5220.0,2025-09-19,Changed Mind,1,21967.48
902389,234945,5069.0,2025-07-06,Quality Issue,2,109698.19
902390,234960,5097.0,2025-05-13,Size/Fit Issue,1,44773.25
902391,234987,5039.0,2025-11-30,Size/Fit Issue,2,50037.66
902392,234988,5131.0,2025-10-30,Quality Issue,2,14756.05
902393,235010,5242.0,2025-03-30,Changed Mind,2,74871.06
902394,235024,5185.0,2025-11-18,Changed Mind,1,7008.87
902395,235039,5137.0,2025-02-07,Quality Issue,2,11109.2
902396,235046,5188.0,2025-02-22,Quality Issue,2,11211.29
902397,235055,5221.0,2025-08-17,Damaged,1,37612.88
902398,235068,5011.0,2025-11-24,Late Delivery,2,119514.41
902399,235086,5154.0,2025-11-11,Damaged,2,38687.32
902400,235092,5230.0,2026-01-19,Quality Issue,2,31530.45
902401,235118,5215.0,2026-01-16,Changed Mind,1,29090.41
902402,235149,5062.0,2025-11-16,Damaged,1,338.15
902403,235166,5184.0,2025-01-22,Quality Issue,2,33293.72
902404,235170,5151.0,2025-05-11,Damaged,1,41695.39
902405,235186,5162.0,2025-04-08,Quality Issue,1,13399.92
902406,235188,5244.0,2025-06-26,Size/Fit Issue,2,19341.47
902407,235192,5035.0,2025-06-17,Damaged,1,21801.91
902408,235202,5161.0,2025-07-01,Wrong Item,2,60334.18
902409,235207,5119.0,2025-05-20,Late Delivery,2,26689.39
902410,235225,5046.0,2025-09-06,Size/Fit Issue,2,32876.12
902411,235239,5201.0,2025-04-24,Size/Fit Issue,2,32312.73
902412,235255,5108.0,2025-04-15,Quality Issue,1,30232.51
902413,235281,5140.0,2026-01-21,Size/Fit Issue,1,34269.33
902414,235299,5211.0,2025-08-19,Quality Issue,2,75838.9
902415,235312,5138.0,2025-02-25,Wrong Item,1,50048.21
902416,235322,5043.0,2025-04-08,Changed Mind,1,29500.07
902417,235337,5076.0,2025-09-15,Damaged,1,35896.91
902418,235363,5046.0,2025-11-17,Quality Issue,2,65752.24
902419,235372,5228.0,2025-10-18,Wrong Item,1,10682.8
902420,235392,5111.0,2025-06-07,Quality Issue,1,78486.91
902421,235413,5203.0,2025-12-24,Late Delivery,2,55564.81
902422,235422,5048.0,2025-12-02,Size/Fit Issue,2,30119.24
902423,235428,5022.0,2025-09-29,Size/Fit Issue,1,47920.07
902424,235445,5051.0,2025-03-07,Changed Mind,1,3860.64
902425,235451,5057.0,2025-12-08,Size/Fit Issue,1,36391.38
902426,235495,5117.0,2025-10-07,Quality Issue,1,19693.85
902427,235512,5025.0,2025-01-07,Damaged,2,6471.89
902428,235521,5212.0,2025-07-05,Changed Mind,2,4629.93
902429,235527,5047.0,2025-05-13,Wrong Item,2,7825.99
902430,235534,5128.0,2025-11-25,Wrong Item,2,66490.98
902431,235536,5102.0,2025-05-15,Quality Issue,2,19500.88
902432,235537,5204.0,2025-07-21,Quality Issue,1,38249.24
902433,235541,5119.0,2025-12-16,Wrong Item,1,28094.1
902434,235547,5029.0,2025-04-27,Wrong Item,1,64836.71
902435,235585,5050.0,2025-05-17,Wrong Item,2,56369.39
902436,235593,5135.0,2025-03-10,Wrong Item,2,85235.75
902437,235642,5117.0,2025-12-02,Quality Issue,2,44021.54
902438,235665,5064.0,2025-05-30,Quality Issue,1,857.28
902439,235682,5065.0,2025-05-02,Size/Fit Issue,1,44735.77
902440,235686,5188.0,2025-07-10,Damaged,2,11834.14
902441,235693,5079.0,2025-02-01,Damaged,2,12329.61
902442,235697,5170.0,2025-03-11,Changed Mind,2,55818.22
902443,235721,5039.0,2025-01-26,Size/Fit Issue,2,90067.79
902444,235730,5011.0,2025-06-10,Changed Mind,1,53466.97
902445,235733,5177.0,2025-10-13,Wrong Item,2,11970.85
902446,235735,5241.0,2025-07-13,Size/Fit Issue,2,59536.42
902447,235746,5136.0,2025-07-05,Late Delivery,2,36946.38
902448,235755,5075.0,2025-04-15,Wrong Item,1,29514.2
902449,235785,5187.0,2025-07-21,Changed Mind,2,46957.79
902450,235809,5079.0,2025-09-23,Size/Fit Issue,2,4542.49
902451,235819,5212.0,2025-11-20,Size/Fit Issue,2,7870.88
902452,235838,5051.0,2025-12-26,Wrong Item,1,5515.2
902453,235851,5073.0,2025-08-07,Late Delivery,2,15134.87
902454,235869,5023.0,2025-12-04,Quality Issue,2,102634.74
902455,235880,5083.0,2025-03-30,Late Delivery,1,49278.54
902456,235887,5190.0,2025-11-10,Wrong Item,2,38122.97
902457,235898,5008.0,2025-09-16,Size/Fit Issue,1,35755.93
902458,235904,5103.0,2025-07-26,Late Delivery,1,55122.69
902459,235911,5208.0,2025-06-30,Quality Issue,1,50676.53
902460,235917,5013.0,2025-03-15,Wrong Item,1,54191.8
902461,235931,5075.0,2025-09-15,Size/Fit Issue,2,26407.44
902462,235945,5167.0,2025-03-03,Wrong Item,1,4017.81
902463,235956,5120.0,2025-06-22,Size/Fit Issue,1,43909.6
902464,235963,5084.0,2025-05-14,Changed Mind,2,110892.42
902465,235965,5047.0,2025-05-23,Late Delivery,1,8695.54
902466,235982,5171.0,2025-12-23,Damaged,2,94757.98
902467,235983,5150.0,2025-03-02,Quality Issue,2,39849.81
902468,235990,5105.0,2025-03-11,Quality Issue,1,65312.04
902469,236009,5247.0,2025-05-26,Quality Issue,2,32345.67
902470,236024,5183.0,2025-04-15,Wrong Item,1,14079.71
902471,236043,5045.0,2025-05-02,Damaged,1,58515.82
902472,236049,5113.0,2025-11-03,Late Delivery,2,65422.16
902473,236073,5006.0,2025-05-28,Quality Issue,2,12915.87
902474,236084,5166.0,2025-11-11,Size/Fit Issue,2,50350.31
902475,236101,5229.0,2025-12-31,Changed Mind,2,119514.07
902476,236102,5212.0,2025-07-25,Wrong Item,2,4166.94
902477,236125,5020.0,2025-09-17,Changed Mind,1,39777.1
902478,236126,5171.0,2025-08-09,Size/Fit Issue,2,36850.32
902479,236132,5118.0,2025-03-17,Quality Issue,1,66285.61
902480,236137,5235.0,2025-09-02,Size/Fit Issue,2,42939.39
902481,236140,5116.0,2025-05-25,Wrong Item,2,37580.28
902482,236166,5212.0,2025-11-14,Quality Issue,1,3935.44
902483,236188,5181.0,2025-06-25,Damaged,2,68256.13
902484,236194,5149.0,2025-03-26,Changed Mind,2,58538.71
902485,236209,5069.0,2025-09-13,Changed Mind,2,48754.75
902486,236217,5094.0,2025-08-27,Late Delivery,2,50119.8
902487,236219,5176.0,2025-07-11,Wrong Item,1,12934.44
902488,236269,5147.0,2025-10-24,Quality Issue,2,48884.98
902489,236286,5028.0,2025-02-19,Changed Mind,2,29338.94
902490,236287,5184.0,2025-11-02,Size/Fit Issue,1,37210.63
902491,236314,5053.0,2025-07-02,Wrong Item,2,8715.02
902492,236330,5125.0,2025-07-13,Wrong Item,1,5886.4
902493,236333,5152.0,2026-01-05,Late Delivery,2,71636.87
902494,236346,5049.0,2025-10-22,Damaged,1,3060.54
902495,236349,5128.0,2025-03-27,Damaged,2,73878.87
902496,236358,5088.0,2025-12-28,Quality Issue,2,19079.09
902497,236363,5244.0,2025-04-28,Quality Issue,2,21490.52
902498,236376,5190.0,2025-06-22,Damaged,2,38122.97
902499,236387,5073.0,2025-01-21,Quality Issue,2,17972.66
902500,236399,5227.0,2025-09-26,Quality Issue,1,33870.45
902501,236406,5105.0,2025-08-14,Size/Fit Issue,1,53786.38
902502,236414,5215.0,2025-05-03,Size/Fit Issue,2,30706.55
902503,236418,5221.0,2025-02-08,Size/Fit Issue,2,35732.24
902504,236438,5056.0,2025-07-18,Wrong Item,1,4737.33
902505,236452,5104.0,2025-04-24,Quality Issue,2,29287.4
902506,236463,5007.0,2025-03-05,Wrong Item,1,44710.96
902507,236472,5222.0,2026-01-09,Wrong Item,1,30195.37
902508,236483,5147.0,2025-12-14,Size/Fit Issue,1,48884.98
902509,236491,5193.0,2025-11-17,Quality Issue,1,38285.35
902510,236530,5063.0,2025-05-12,Size/Fit Issue,1,11504.1
902511,236533,5054.0,2025-07-10,Damaged,1,4393.11
902512,236534,5155.0,2025-02-27,Changed Mind,2,2144.11
902513,236547,5247.0,2025-05-04,Quality Issue,1,27493.82
902514,236570,5192.0,2025-09-22,Quality Issue,1,33552.81
902515,236591,5082.0,2025-12-14,Wrong Item,1,46405.69
902516,236609,5093.0,2025-05-19,Late Delivery,2,26647.92
902517,236630,5195.0,2025-02-20,Quality Issue,1,46935.22
902518,236632,5072.0,2025-12-19,Size/Fit Issue,1,48183.37
902519,236663,5141.0,2025-01-11,Wrong Item,2,126055.6
902520,236668,5187.0,2025-06-22,Size/Fit Issue,1,46957.79
902521,236677,5093.0,2025-06-20,Size/Fit Issue,2,14025.22
902522,236686,5053.0,2025-03-15,Changed Mind,2,18519.41
902523,236701,5009.0,2025-04-01,Changed Mind,2,25199.62
902524,236713,5090.0,2025-02-18,Changed Mind,2,53407.03
902525,236728,5027.0,2025-05-28,Quality Issue,2,52429.9
902526,236758,5141.0,2025-10-15,Wrong Item,1,59876.41
902527,236771,5072.0,2025-07-16,Damaged,2,45774.2
902528,236820,5089.0,2025-05-04,Quality Issue,1,36951.82
902529,236821,5245.0,2025-06-10,Wrong Item,2,11401.51
902530,236822,5249.0,2025-06-30,Changed Mind,2,32023.79
902531,236823,5227.0,2025-06-17,Size/Fit Issue,2,30305.14
902532,236847,5090.0,2025-05-10,Changed Mind,2,53407.03
902533,236851,5113.0,2025-12-14,Quality Issue,1,61978.89
902534,236862,5028.0,2025-09-07,Changed Mind,1,18336.84
902535,236880,5115.0,2025-11-03,Quality Issue,2,67383.95
902536,236935,5126.0,2025-05-02,Changed Mind,2,57122.43
902537,236938,5247.0,2025-02-23,Late Delivery,1,25876.54
902538,236982,5213.0,2025-06-28,Size/Fit Issue,2,33200.28
902539,236990,5138.0,2025-11-22,Changed Mind,2,40038.57
902540,237003,5116.0,2025-09-16,Size/Fit Issue,1,35701.27
902541,237004,5184.0,2025-09-25,Quality Issue,1,39169.08
902542,237008,5142.0,2025-04-29,Quality Issue,1,38210.29
902543,237015,5247.0,2025-02-12,Changed Mind,1,27493.82
902544,237057,5138.0,2025-01-26,Damaged,1,40038.57
902545,237068,5074.0,2025-05-31,Size/Fit Issue,1,50502.53
902546,237077,5134.0,2025-03-02,Late Delivery,2,43864.96
902547,237080,5137.0,2025-07-13,Damaged,2,13069.65
902548,237111,5119.0,2025-02-02,Size/Fit Issue,2,25284.69
902549,237112,5122.0,2025-11-29,Damaged,2,13794.41
902550,237129,5109.0,2025-11-12,Size/Fit Issue,1,70231.76
902551,237132,5056.0,2025-06-17,Size/Fit Issue,2,3316.13
902552,237155,5225.0,2025-06-29,Wrong Item,1,38066.4
902553,237179,5080.0,2025-06-12,Quality Issue,2,99774.7
902554,237195,5156.0,2025-05-22,Late Delivery,1,39672.6
902555,237227,5229.0,2025-09-16,Quality Issue,2,56611.93
902556,237279,5013.0,2025-04-06,Size/Fit Issue,1,51339.6
902557,237297,5123.0,2025-04-07,Changed Mind,1,43855.11
902558,237305,5145.0,2025-03-19,Late Delivery,1,45523.95
902559,237308,5096.0,2025-06-17,Wrong Item,2,29664.3
902560,237311,5181.0,2025-03-29,Quality Issue,2,26544.05
902561,237316,5135.0,2025-03-20,Quality Issue,2,44860.92
902562,237333,5062.0,2025-11-20,Damaged,2,319.36
902563,237341,5094.0,2025-10-06,Changed Mind,2,50119.8
902564,237352,5245.0,2025-02-13,Changed Mind,2,4694.74
902565,237391,5004.0,2025-09-22,Size/Fit Issue,2,29418.25
902566,237460,5020.0,2025-11-08,Size/Fit Issue,2,75134.53
902567,237484,5057.0,2025-09-04,Size/Fit Issue,1,38306.72
902568,237494,5130.0,2025-04-15,Damaged,1,49364.28
902569,237498,5161.0,2025-03-09,Quality Issue,1,53630.38
902570,237501,5137.0,2025-05-05,Wrong Item,2,11762.68
902571,237518,5031.0,2025-04-13,Quality Issue,1,53436.71
902572,237561,5166.0,2025-06-05,Damaged,1,59235.66
902573,237567,5191.0,2025-03-20,Quality Issue,2,54274.35
902574,237593,5016.0,2025-02-22,Damaged,1,31179.01
902575,237623,5200.0,2025-03-04,Wrong Item,1,21134.67
902576,237636,5224.0,2025-11-21,Size/Fit Issue,1,32787.23
902577,237644,5134.0,2025-07-21,Late Delivery,2,87729.93
902578,237653,5087.0,2025-04-07,Changed Mind,1,5058.75
902579,237687,5166.0,2025-03-31,Changed Mind,2,112547.75
902580,237693,5043.0,2025-04-02,Damaged,1,31235.36
902581,237715,5209.0,2025-05-04,Quality Issue,1,34802.08
902582,237727,5236.0,2025-04-04,Late Delivery,1,46023.12
902583,237741,5017.0,2025-04-08,Damaged,1,16018.04
902584,237742,5137.0,2025-09-19,Late Delivery,1,10455.72
902585,237744,5030.0,2025-12-08,Size/Fit Issue,1,17995.47
902586,237754,5081.0,2025-12-25,Changed Mind,1,14395.48
902587,237780,5219.0,2025-05-24,Size/Fit Issue,2,16342.54
902588,237785,5077.0,2025-10-16,Quality Issue,1,12398.37
902589,237794,5158.0,2025-09-22,Damaged,1,49340.3
902590,237797,5046.0,2025-10-10,Wrong Item,2,32876.12
902591,237800,5171.0,2025-07-10,Changed Mind,2,84229.31
902592,237801,5153.0,2025-04-04,Wrong Item,1,49370.52
902593,237803,5205.0,2025-11-27,Damaged,2,17213.2
902594,237815,5087.0,2025-05-27,Wrong Item,2,14453.58
902595,237820,5057.0,2025-03-06,Wrong Item,2,38306.72
902596,237854,5158.0,2025-02-15,Late Delivery,1,49340.3
902597,237872,5032.0,2025-09-06,Damaged,1,60109.22
902598,237882,5137.0,2025-08-18,Changed Mind,2,12416.17
902599,237913,5243.0,2025-02-26,Wrong Item,1,42790.17
902600,237915,5132.0,2025-06-09,Changed Mind,1,17612.09
902601,237939,5238.0,2025-09-27,Damaged,2,20711.22
902602,237950,5136.0,2025-11-07,Size/Fit Issue,2,42224.43
902603,237951,5086.0,2025-02-12,Size/Fit Issue,1,23051.3
902604,237967,5096.0,2025-10-15,Damaged,1,27919.34
902605,237973,5188.0,2025-12-21,Damaged,2,11834.14
902606,237976,5131.0,2025-09-27,Damaged,1,18445.06
902607,237989,5196.0,2025-10-23,Wrong Item,2,19101.64
902608,237999,5173.0,2025-09-14,Quality Issue,2,113389.68
902609,238026,5150.0,2025-10-28,Changed Mind,1,37752.45
902610,238035,5132.0,2025-02-25,Quality Issue,2,17612.09
902611,238043,5211.0,2025-09-22,Quality Issue,1,33927.93
902612,238047,5154.0,2025-04-19,Size/Fit Issue,1,36651.14
902613,238075,5084.0,2025-10-28,Quality Issue,1,52365.86
902614,238098,5137.0,2025-09-12,Late Delivery,2,11762.68
902615,238154,5194.0,2025-12-30,Size/Fit Issue,1,23915.3
902616,238165,5034.0,2025-06-06,Late Delivery,1,19530.07
902617,238190,5185.0,2025-07-22,Changed Mind,1,9512.04
902618,238197,5109.0,2025-06-07,Size/Fit Issue,1,66720.17
902619,238200,5090.0,2025-03-14,Damaged,1,56217.93
902620,238214,5044.0,2025-09-26,Damaged,1,12759.09
902621,238220,5220.0,2025-09-21,Wrong Item,1,20869.11
902622,238229,5176.0,2025-02-01,Size/Fit Issue,2,25868.88
902623,238251,5025.0,2025-06-20,Quality Issue,2,6471.89
902624,238275,5079.0,2025-12-20,Damaged,1,6489.27
902625,238285,5102.0,2025-11-01,Quality Issue,2,55716.8
902626,238288,5108.0,2025-05-08,Late Delivery,2,33591.68
902627,238289,5127.0,2025-08-07,Changed Mind,1,24854.66
902628,238295,5130.0,2026-01-06,Late Delivery,1,41959.64
902629,238307,5215.0,2025-03-10,Quality Issue,1,32322.68
902630,238310,5181.0,2025-11-29,Quality Issue,2,36024.07
902631,238312,5024.0,2025-06-25,Late Delivery,2,59500.57
902632,238350,5072.0,2025-12-09,Size/Fit Issue,1,43365.03
902633,238361,5186.0,2025-06-25,Wrong Item,2,14844.5
902634,238370,5216.0,2025-11-11,Changed Mind,2,4239.98
902635,238450,5043.0,2025-09-20,Late Delivery,1,34705.96
902636,238451,5195.0,2025-06-05,Size/Fit Issue,1,55735.58
902637,238458,5109.0,2025-08-15,Damaged,2,59697.0
902638,238464,5229.0,2025-02-24,Damaged,2,56611.93
902639,238465,5166.0,2025-07-15,Size/Fit Issue,2,59235.66
902640,238492,5074.0,2025-09-19,Quality Issue,1,53308.22
902641,238507,5129.0,2025-03-31,Late Delivery,1,814.4
902642,238556,5107.0,2025-10-19,Size/Fit Issue,1,29520.85
902643,238562,5043.0,2025-06-18,Size/Fit Issue,1,34705.96
902644,238568,5046.0,2025-09-01,Damaged,2,46026.57
902645,238584,5225.0,2025-04-04,Damaged,1,42544.8
902646,238604,5239.0,2025-02-11,Damaged,2,83717.88
902647,238614,5167.0,2025-06-15,Size/Fit Issue,1,3308.78
902648,238620,5097.0,2025-02-15,Quality Issue,2,42534.59
902649,238631,5056.0,2025-09-20,Size/Fit Issue,1,4263.6
902650,238637,5110.0,2025-01-30,Size/Fit Issue,2,103050.5
902651,238665,5018.0,2025-03-20,Wrong Item,2,27155.97
902652,238673,5162.0,2026-01-12,Damaged,2,12655.48
902653,238694,5059.0,2025-04-22,Size/Fit Issue,2,48059.88
902654,238695,5218.0,2025-11-17,Quality Issue,2,50141.85
902655,238696,5211.0,2025-09-06,Wrong Item,2,55881.29
902656,238701,5086.0,2025-06-17,Late Delivery,2,24264.53
902657,238705,5151.0,2025-02-02,Damaged,2,41695.39
902658,238740,5029.0,2025-12-28,Size/Fit Issue,1,64836.71
902659,238741,5008.0,2025-11-08,Changed Mind,2,35755.93
902660,238757,5089.0,2025-07-17,Quality Issue,1,36951.82
902661,238760,5101.0,2025-12-08,Quality Issue,1,30247.97
902662,238795,5039.0,2025-04-21,Damaged,2,40030.13
902663,238802,5189.0,2025-12-18,Quality Issue,1,2851.35
902664,238821,5135.0,2025-11-09,Quality Issue,1,44860.92
902665,238823,5092.0,2025-11-09,Changed Mind,1,43366.9
902666,238827,5191.0,2025-02-10,Quality Issue,2,28565.45
902667,238832,5094.0,2026-01-12,Damaged,1,45107.82
902668,238844,5015.0,2025-04-03,Quality Issue,1,52496.59
902669,238845,5061.0,2025-09-23,Size/Fit Issue,2,25608.55
902670,238857,5110.0,2025-03-02,Damaged,1,51525.25
902671,238861,5086.0,2025-09-05,Size/Fit Issue,1,16985.17
902672,238889,5108.0,2025-05-12,Size/Fit Issue,2,28552.93
902673,238893,5176.0,2025-09-01,Damaged,1,14371.6
902674,238895,5193.0,2025-04-14,Changed Mind,2,64480.59
902675,238897,5174.0,2025-07-26,Size/Fit Issue,1,26522.31
902676,238900,5180.0,2025-07-03,Changed Mind,1,56074.46
902677,238935,5017.0,2025-04-22,Late Delivery,1,14238.26
902678,238943,5231.0,2025-11-17,Late Delivery,2,73019.41
902679,238952,5128.0,2025-09-28,Damaged,1,66490.98
902680,238985,5192.0,2025-12-29,Damaged,1,37280.9
902681,239007,5206.0,2025-12-01,Damaged,2,52621.05
902682,239009,5173.0,2025-09-15,Wrong Item,2,56694.84
902683,239017,5106.0,2025-09-13,Wrong Item,2,34097.45
902684,239018,5157.0,2025-03-09,Damaged,1,43525.09
902685,239024,5098.0,2025-01-08,Changed Mind,2,56166.19
902686,239033,5194.0,2025-05-20,Late Delivery,2,23915.3
902687,239035,5162.0,2025-12-09,Changed Mind,1,14888.8
902688,239053,5048.0,2025-02-15,Changed Mind,1,27107.32
902689,239064,5066.0,2025-06-11,Damaged,2,985.94
902690,239081,5026.0,2025-09-19,Quality Issue,2,66066.39
902691,239097,5178.0,2025-05-05,Quality Issue,2,40305.0
902692,239113,5073.0,2025-10-28,Size/Fit Issue,2,37837.18
902693,239137,5232.0,2025-12-18,Changed Mind,1,6583.02
902694,239146,5064.0,2025-01-26,Quality Issue,1,1018.02
902695,239155,5069.0,2025-08-07,Damaged,1,51801.92
902696,239206,5038.0,2025-06-20,Late Delivery,2,3778.21
902697,239212,5051.0,2026-01-11,Damaged,2,5515.2
902698,239239,5039.0,2025-08-30,Damaged,2,50037.66
902699,239261,5138.0,2025-02-04,Wrong Item,1,45043.39
902700,239277,5013.0,2025-05-03,Quality Issue,2,51339.6
902701,239290,5026.0,2025-08-26,Damaged,1,73838.9
902702,239306,5094.0,2025-01-26,Damaged,2,85203.66
902703,239309,5123.0,2025-06-26,Size/Fit Issue,1,35084.09
902704,239332,5035.0,2025-11-04,Size/Fit Issue,2,39243.44
902705,239365,5243.0,2025-03-02,Damaged,2,90614.48
902706,239389,5063.0,2025-09-19,Changed Mind,2,14380.12
902707,239392,5078.0,2025-01-16,Size/Fit Issue,1,31177.13
902708,239404,5189.0,2025-05-01,Wrong Item,2,2534.54
902709,239406,5123.0,2025-06-04,Quality Issue,2,78939.2
902710,239427,5052.0,2025-01-18,Size/Fit Issue,1,25664.57
902711,239433,5056.0,2025-05-14,Wrong Item,1,4026.73
902712,239444,5241.0,2025-12-15,Quality Issue,2,62669.92
902713,239475,5081.0,2025-08-21,Size/Fit Issue,1,14395.48
902714,239476,5105.0,2025-08-28,Wrong Item,2,153675.38
902715,239480,5068.0,2025-09-27,Changed Mind,1,2887.36
902716,239504,5190.0,2025-10-14,Changed Mind,1,40240.92
902717,239508,5022.0,2025-07-23,Wrong Item,1,53244.52
902718,239549,5194.0,2025-01-23,Wrong Item,1,22719.53
902719,239557,5033.0,2025-05-15,Quality Issue,2,72644.5
902720,239572,5193.0,2026-01-17,Late Delivery,2,38285.35
902721,239611,5218.0,2025-01-25,Damaged,1,47502.81
902722,239693,5142.0,2025-09-22,Size/Fit Issue,1,33964.7
902723,239698,5086.0,2025-12-16,Changed Mind,1,16985.17
902724,239705,5102.0,2025-11-27,Changed Mind,1,23679.64
902725,239708,5051.0,2025-12-16,Late Delivery,2,5515.2
902726,239718,5118.0,2025-03-26,Late Delivery,1,62971.33
902727,239750,5042.0,2025-05-29,Wrong Item,2,128962.06
902728,239761,5142.0,2025-12-01,Damaged,1,40333.09
902729,239774,5052.0,2025-12-15,Quality Issue,2,27174.25
902730,239785,5117.0,2025-09-02,Damaged,1,23169.23
902731,239786,5022.0,2025-10-12,Quality Issue,2,90515.68
902732,239795,5044.0,2025-06-20,Quality Issue,2,11483.18
902733,239804,5009.0,2025-07-08,Size/Fit Issue,1,18568.14
902734,239810,5083.0,2025-08-29,Wrong Item,1,66878.02
902735,239823,5190.0,2025-05-02,Changed Mind,2,38122.97
902736,239830,5248.0,2025-02-05,Quality Issue,1,37615.73
902737,239835,5077.0,2025-03-13,Quality Issue,2,24796.74
902738,239874,5156.0,2025-12-24,Quality Issue,1,56675.14
902739,239879,5120.0,2025-09-01,Size/Fit Issue,2,43909.6
902740,239886,5111.0,2025-02-11,Wrong Item,2,125579.06
902741,239890,5016.0,2025-07-27,Damaged,1,33013.07
902742,239897,5177.0,2025-12-08,Late Delivery,1,8379.59
902743,239900,5165.0,2025-03-06,Damaged,2,109460.35
902744,239906,5234.0,2025-12-10,Damaged,2,81037.38
902745,239910,5031.0,2025-07-28,Damaged,2,56405.41
902746,239911,5127.0,2025-07-26,Size/Fit Issue,1,27778.74
902747,239921,5043.0,2025-07-03,Late Delivery,2,32970.66
902748,239939,5076.0,2025-10-10,Damaged,2,38008.49
902749,239942,5203.0,2025-12-08,Damaged,1,50008.33
902750,239955,5003.0,2025-10-21,Size/Fit Issue,2,71496.07
902751,239973,5203.0,2025-12-05,Wrong Item,2,38895.37
902752,239986,5004.0,2026-01-09,Size/Fit Issue,2,23534.6
902753,239999,5013.0,2025-08-31,Quality Issue,1,45635.2
902754,240014,5217.0,2025-06-19,Changed Mind,1,9094.15
902755,240029,5172.0,2025-09-14,Changed Mind,1,4027.5
902756,240040,5195.0,2025-09-16,Changed Mind,1,52802.13
902757,240046,5216.0,2025-02-23,Changed Mind,1,3297.76
902758,240048,5175.0,2026-01-02,Wrong Item,2,35929.89
902759,240079,5003.0,2025-08-23,Size/Fit Issue,1,75259.02
902760,240104,5104.0,2025-05-02,Late Delivery,1,12447.15
902761,240122,5162.0,2025-03-15,Size/Fit Issue,2,28288.72
902762,240138,5064.0,2025-07-23,Wrong Item,1,1071.6
902763,240142,5164.0,2025-12-18,Changed Mind,2,96103.67
902764,240166,5220.0,2025-06-18,Damaged,2,41738.21
902765,240210,5248.0,2025-04-19,Late Delivery,2,79656.84
902766,240237,5096.0,2025-11-30,Damaged,1,27919.34
902767,240288,5224.0,2025-12-23,Size/Fit Issue,2,34512.87
902768,240310,5108.0,2025-05-19,Damaged,1,28552.93
902769,240349,5037.0,2025-06-22,Quality Issue,2,13421.47
902770,240365,5195.0,2025-09-19,Size/Fit Issue,1,52802.13
902771,240372,5122.0,2026-01-04,Wrong Item,1,13068.39
902772,240399,5037.0,2025-06-14,Wrong Item,2,14127.86
902773,240404,5112.0,2025-06-03,Changed Mind,1,20509.39
902774,240421,5162.0,2025-07-23,Size/Fit Issue,2,28288.72
902775,240426,5083.0,2025-12-12,Size/Fit Issue,1,59838.23
902776,240431,5092.0,2025-11-09,Size/Fit Issue,2,81915.26
902777,240447,5236.0,2025-07-11,Changed Mind,2,124919.89
902778,240457,5064.0,2025-04-15,Quality Issue,1,964.44
902779,240467,5240.0,2025-09-22,Late Delivery,2,46736.2
902780,240477,5095.0,2025-10-17,Quality Issue,1,13162.18
902781,240480,5053.0,2026-01-08,Changed Mind,2,18519.41
902782,240514,5175.0,2025-07-20,Quality Issue,1,13237.33
902783,240538,5199.0,2025-05-29,Size/Fit Issue,1,1784.57
902784,240540,5010.0,2025-02-11,Size/Fit Issue,1,60450.29
902785,240541,5072.0,2025-02-01,Quality Issue,1,48183.37
902786,240557,5195.0,2025-08-13,Damaged,1,58669.03
902787,240561,5126.0,2025-02-13,Size/Fit Issue,2,48103.1
902788,240577,5039.0,2025-12-22,Late Delivery,1,45033.89
902789,240588,5046.0,2025-03-17,Damaged,1,31232.31
902790,240591,5028.0,2025-07-04,Quality Issue,2,18336.84
902791,240596,5049.0,2025-07-26,Changed Mind,2,2890.51
902792,240597,5037.0,2025-12-01,Size/Fit Issue,1,12008.68
902793,240603,5027.0,2025-08-04,Quality Issue,2,111028.01
902794,240632,5027.0,2025-11-24,Changed Mind,2,55514.01
902795,240642,5033.0,2025-03-16,Late Delivery,2,32498.86
902796,240669,5183.0,2025-03-22,Quality Issue,1,13251.49
902797,240699,5123.0,2025-03-06,Wrong Item,1,41662.35
902798,240707,5082.0,2025-09-06,Size/Fit Issue,1,44085.41
902799,240716,5117.0,2025-08-06,Quality Issue,1,23169.23
902800,240717,5055.0,2025-06-21,Damaged,2,42319.93
902801,240740,5067.0,2025-02-01,Damaged,1,5331.15
902802,240746,5165.0,2025-12-03,Size/Fit Issue,2,136825.44
902803,240757,5005.0,2025-09-10,Size/Fit Issue,2,15018.26
902804,240787,5048.0,2026-01-01,Size/Fit Issue,2,28613.28
902805,240812,5189.0,2025-06-15,Wrong Item,1,3168.17
902806,240838,5091.0,2025-01-20,Quality Issue,2,51378.08
902807,240852,5143.0,2025-10-20,Size/Fit Issue,1,50546.12
902808,240859,5210.0,2025-06-04,Quality Issue,1,33636.27
902809,240874,5190.0,2025-06-16,Changed Mind,2,38122.97
902810,240897,5066.0,2025-09-29,Wrong Item,2,1197.22
902811,240901,5125.0,2025-03-31,Changed Mind,2,6213.43
902812,240910,5163.0,2025-06-17,Size/Fit Issue,1,62863.52
902813,240923,5184.0,2025-10-30,Changed Mind,2,35252.17
902814,240937,5001.0,2025-11-10,Quality Issue,1,6774.13
902815,240938,5109.0,2025-11-23,Size/Fit Issue,1,70231.76
902816,240953,5086.0,2025-05-15,Size/Fit Issue,2,21838.08
902817,240972,5061.0,2025-06-18,Damaged,1,27114.94
902818,240977,5011.0,2025-10-04,Damaged,1,50321.86
902819,240982,5163.0,2025-12-14,Wrong Item,1,62863.52
902820,241000,5039.0,2025-01-24,Late Delivery,2,42532.01
902821,241017,5105.0,2025-06-04,Quality Issue,2,138307.84
902822,241027,5049.0,2025-01-28,Late Delivery,2,2890.51
902823,241094,5173.0,2025-06-27,Damaged,2,126729.64
902824,241179,5041.0,2025-03-03,Size/Fit Issue,2,49839.15
902825,241199,5122.0,2025-09-29,Size/Fit Issue,2,29040.86
902826,241232,5062.0,2025-11-22,Size/Fit Issue,2,375.72
902827,241237,5003.0,2025-12-29,Size/Fit Issue,1,52681.31
902828,241245,5160.0,2025-11-15,Quality Issue,2,11630.6
902829,241260,5101.0,2025-06-28,Size/Fit Issue,1,33608.85
902830,241290,5053.0,2025-02-23,Damaged,1,10349.08
902831,241300,5134.0,2025-04-06,Late Delivery,2,43864.96
902832,241308,5046.0,2025-07-20,Damaged,2,59177.02
902833,241323,5109.0,2025-07-10,Quality Issue,2,63208.58
902834,241335,5084.0,2025-03-01,Quality Issue,2,49285.52
902835,241342,5100.0,2025-01-13,Quality Issue,2,5944.8
902836,241365,5053.0,2025-10-12,Changed Mind,2,21787.54
902837,241371,5234.0,2025-07-19,Wrong Item,2,50648.36
902838,241374,5186.0,2025-05-03,Wrong Item,2,15772.28
902839,241383,5163.0,2026-01-08,Wrong Item,2,119440.69
902840,241391,5156.0,2025-06-16,Quality Issue,2,107682.77
902841,241396,5207.0,2025-05-22,Size/Fit Issue,2,34002.92
902842,241434,5152.0,2025-09-02,Quality Issue,2,37808.35
902843,241435,5042.0,2025-12-28,Damaged,1,64481.03
902844,241453,5004.0,2025-01-14,Size/Fit Issue,2,25005.51
902845,241456,5212.0,2025-09-07,Size/Fit Issue,1,4629.93
902846,241462,5045.0,2025-08-19,Damaged,1,55436.04
902847,241509,5069.0,2025-04-04,Quality Issue,1,54849.1
902848,241513,5156.0,2026-01-15,Wrong Item,1,51007.63
902849,241527,5236.0,2025-03-30,Changed Mind,2,131494.62
902850,241528,5091.0,2025-04-19,Damaged,1,21835.68
902851,241531,5118.0,2025-03-03,Changed Mind,2,62971.33
902852,241541,5086.0,2025-02-25,Quality Issue,2,43676.15
902853,241545,5072.0,2025-09-23,Damaged,1,45774.2
902854,241547,5050.0,2025-01-26,Damaged,2,56369.39
902855,241672,5008.0,2025-08-28,Wrong Item,2,67936.27
902856,241691,5068.0,2025-03-17,Size/Fit Issue,2,5774.72
902857,241746,5204.0,2025-11-21,Damaged,1,38249.24
902858,241748,5176.0,2026-01-07,Damaged,2,14371.6
902859,241764,5035.0,2025-11-14,Changed Mind,1,20711.81
902860,241770,5059.0,2025-12-15,Quality Issue,1,48059.88
902861,241804,5219.0,2025-11-25,Size/Fit Issue,1,18158.38
902862,241807,5030.0,2025-02-04,Wrong Item,1,15296.15
902863,241846,5002.0,2025-11-21,Size/Fit Issue,2,77996.88
902864,241866,5108.0,2025-03-15,Damaged,1,30232.51
902865,241873,5177.0,2025-04-16,Wrong Item,2,10773.77
902866,241900,5171.0,2025-05-02,Size/Fit Issue,1,47378.99
902867,241923,5135.0,2025-11-20,Quality Issue,2,40374.83
902868,241933,5217.0,2025-07-25,Quality Issue,1,8615.51
902869,241936,5030.0,2025-01-31,Size/Fit Issue,1,17995.47
902870,241954,5147.0,2025-03-29,Size/Fit Issue,2,43739.19
902871,242004,5123.0,2025-11-07,Quality Issue,1,43855.11
902872,242027,5160.0,2025-12-13,Changed Mind,2,19772.02
902873,242035,5066.0,2025-03-26,Quality Issue,2,1126.79
902874,242036,5187.0,2025-11-28,Changed Mind,1,55244.46
902875,242037,5143.0,2025-06-21,Damaged,1,40436.9
902876,242042,5043.0,2025-04-24,Damaged,1,32970.66
902877,242096,5162.0,2025-02-22,Wrong Item,2,14888.8
902878,242135,5088.0,2025-02-11,Wrong Item,1,18019.14
902879,242140,5055.0,2025-06-29,Quality Issue,2,42319.93
902880,242150,5068.0,2025-05-26,Wrong Item,2,3047.77
902881,242167,5022.0,2025-07-24,Quality Issue,2,45257.84
902882,242181,5134.0,2026-01-03,Changed Mind,1,48738.85
902883,242189,5193.0,2025-08-27,Damaged,1,38285.35
902884,242194,5006.0,2025-08-07,Late Delivery,2,25831.75
902885,242214,5117.0,2025-08-16,Quality Issue,1,20852.31
902886,242233,5050.0,2025-09-27,Quality Issue,2,53550.92
902887,242238,5114.0,2025-10-15,Size/Fit Issue,2,10382.67
902888,242242,5123.0,2025-05-14,Damaged,2,83324.71
902889,242252,5155.0,2025-07-19,Changed Mind,1,1135.12
902890,242257,5068.0,2025-03-16,Quality Issue,2,2245.73
902891,242270,5149.0,2025-05-20,Changed Mind,2,61982.16
902892,242287,5228.0,2025-07-02,Size/Fit Issue,2,11245.05
902893,242306,5123.0,2025-02-28,Quality Issue,1,35084.09
902894,242339,5004.0,2025-11-26,Size/Fit Issue,1,29418.25
902895,242370,5216.0,2025-08-03,Wrong Item,2,3297.76
902896,242394,5074.0,2025-08-30,Wrong Item,1,47696.83
902897,242400,5039.0,2025-08-10,Wrong Item,2,95071.55
902898,242409,5036.0,2026-01-06,Damaged,2,53930.5
902899,242418,5056.0,2025-05-28,Size/Fit Issue,1,4026.73
902900,242438,5063.0,2025-05-09,Changed Mind,1,12942.11
902901,242462,5099.0,2025-05-11,Quality Issue,2,24134.72
902902,242475,5199.0,2025-01-27,Late Delivery,1,1606.11
902903,242478,5011.0,2025-06-26,Wrong Item,2,56612.09
902904,242480,5222.0,2025-09-11,Changed Mind,2,71047.94
902905,242483,5204.0,2025-09-04,Changed Mind,1,36124.29
902906,242502,5137.0,2025-11-20,Wrong Item,1,9148.75
902907,242513,5246.0,2025-01-31,Quality Issue,2,58343.26
902908,242517,5145.0,2025-09-11,Wrong Item,2,101164.34
902909,242539,5044.0,2025-06-01,Size/Fit Issue,2,8931.36
902910,242541,5034.0,2025-04-06,Changed Mind,1,19530.07
902911,242558,5142.0,2025-04-25,Damaged,2,33964.7
902912,242567,5193.0,2025-11-18,Size/Fit Issue,1,38285.35
902913,242574,5201.0,2025-07-24,Quality Issue,2,43852.99
902914,242576,5065.0,2025-08-20,Changed Mind,2,89471.54
902915,242585,5114.0,2025-08-06,Changed Mind,1,10929.13
902916,242600,5159.0,2025-10-09,Damaged,2,19233.31
902917,242606,5017.0,2025-04-07,Damaged,2,33815.86
902918,242607,5134.0,2025-08-15,Wrong Item,2,34117.19
902919,242608,5169.0,2025-04-24,Quality Issue,1,16839.31
902920,242625,5136.0,2025-09-26,Late Delivery,2,36946.38
902921,242677,5022.0,2025-09-04,Quality Issue,1,42595.62
902922,242707,5033.0,2025-08-23,Quality Issue,2,38233.95
902923,242709,5029.0,2025-01-18,Quality Issue,2,61424.25
902924,242730,5060.0,2025-08-24,Quality Issue,2,47356.08
902925,242750,5011.0,2025-08-28,Late Delivery,1,62902.32
902926,242752,5184.0,2025-04-22,Damaged,2,37210.63
902927,242767,5218.0,2025-02-19,Damaged,1,44863.76
902928,242771,5048.0,2025-12-06,Quality Issue,2,60238.48
902929,242814,5002.0,2025-10-01,Damaged,2,35098.6
902930,242830,5158.0,2025-10-15,Changed Mind,2,93746.57
902931,242870,5071.0,2025-02-13,Quality Issue,2,1710.47
902932,242873,5034.0,2025-08-29,Damaged,1,17577.06
902933,242889,5054.0,2025-06-19,Damaged,1,3953.8
902934,242892,5079.0,2026-01-02,Late Delivery,2,5515.88
902935,242908,5098.0,2025-06-14,Size/Fit Issue,1,50549.57
902936,242934,5091.0,2025-11-04,Late Delivery,1,23120.14
902937,242960,5189.0,2025-12-07,Wrong Item,2,6336.34
902938,242966,5245.0,2025-03-06,Size/Fit Issue,1,6371.43
902939,242998,5133.0,2025-02-05,Damaged,2,37297.54
902940,243014,5061.0,2025-07-27,Changed Mind,1,25608.55
902941,243015,5096.0,2025-07-07,Changed Mind,2,29664.3
902942,243018,5180.0,2025-11-25,Wrong Item,1,50467.01
902943,243073,5137.0,2025-06-04,Wrong Item,2,11109.2
902944,243087,5163.0,2025-03-21,Wrong Item,1,50290.82
902945,243088,5234.0,2025-10-05,Quality Issue,1,45583.52
902946,243103,5059.0,2025-08-28,Damaged,1,54067.36
902947,243109,5241.0,2025-03-12,Damaged,1,56402.93
902948,243115,5023.0,2025-10-26,Quality Issue,1,45615.44
902949,243130,5154.0,2025-03-21,Damaged,2,73302.28
902950,243141,5150.0,2025-05-24,Size/Fit Issue,2,35655.09
902951,243191,5183.0,2025-09-17,Changed Mind,2,31472.28
902952,243231,5208.0,2025-08-26,Damaged,1,42674.98
902953,243245,5211.0,2025-03-07,Changed Mind,2,37919.45
902954,243246,5115.0,2025-10-25,Wrong Item,1,67383.95
902955,243262,5222.0,2025-04-06,Wrong Item,2,35523.97
902956,243275,5015.0,2025-02-03,Damaged,2,52496.59
902957,243295,5131.0,2025-10-22,Quality Issue,2,35045.61
902958,243300,5104.0,2025-02-13,Quality Issue,2,14643.7
902959,243314,5060.0,2025-07-01,Wrong Item,2,57503.81
902960,243317,5033.0,2025-10-23,Wrong Item,2,34410.56
902961,243341,5046.0,2025-11-15,Damaged,2,29588.51
902962,243365,5034.0,2025-02-18,Changed Mind,2,39060.14
902963,243384,5048.0,2025-07-10,Quality Issue,1,21083.47
902964,243393,5070.0,2025-05-17,Wrong Item,2,51853.91
902965,243410,5018.0,2025-02-08,Damaged,1,31948.2
902966,243417,5109.0,2025-06-20,Quality Issue,1,66720.17
902967,243431,5245.0,2025-09-02,Changed Mind,1,5365.42
902968,243433,5106.0,2025-03-06,Changed Mind,2,48710.64
902969,243441,5231.0,2025-04-06,Quality Issue,1,30745.02
902970,243477,5043.0,2025-12-22,Size/Fit Issue,2,65941.32
902971,243490,5110.0,2025-09-20,Quality Issue,1,46372.72
902972,243492,5184.0,2025-08-07,Size/Fit Issue,2,74421.25
902973,243495,5076.0,2025-05-24,Wrong Item,2,38008.49
902974,243500,5063.0,2025-05-07,Damaged,2,13661.11
902975,243502,5197.0,2025-11-13,Size/Fit Issue,1,23841.76
902976,243516,5190.0,2025-03-01,Damaged,1,40240.92
902977,243538,5121.0,2025-11-24,Quality Issue,1,47126.38
902978,243553,5038.0,2025-06-03,Changed Mind,1,3305.93
902979,243560,5243.0,2025-07-16,Damaged,1,47824.31
902980,243561,5127.0,2025-11-07,Damaged,2,29240.78
902981,243576,5243.0,2025-08-31,Quality Issue,1,45307.24
902982,243607,5205.0,2025-02-11,Wrong Item,1,21516.5
902983,243679,5106.0,2025-07-24,Quality Issue,1,48710.64
902984,243693,5144.0,2025-10-07,Size/Fit Issue,1,19583.16
902985,243699,5066.0,2025-08-03,Quality Issue,2,1971.89
902986,243711,5024.0,2025-10-13,Changed Mind,1,53237.35
902987,243721,5188.0,2025-04-30,Size/Fit Issue,2,12456.99
902988,243736,5204.0,2025-02-11,Quality Issue,1,38249.24
902989,243742,5085.0,2025-05-30,Size/Fit Issue,2,18689.28
902990,243763,5073.0,2026-01-17,Changed Mind,1,17026.73
902991,243765,5248.0,2025-05-28,Wrong Item,1,42041.11
902992,243788,5246.0,2025-05-28,Size/Fit Issue,1,52201.87
902993,243802,5053.0,2025-04-17,Changed Mind,1,10349.08
902994,243817,5031.0,2025-06-25,Changed Mind,1,56405.41
902995,243836,5200.0,2025-05-14,Damaged,1,21134.67
902996,243856,5233.0,2025-03-12,Late Delivery,1,54133.83
902997,243857,5230.0,2025-05-13,Changed Mind,2,20269.58
902998,243858,5143.0,2025-08-12,Wrong Item,1,50546.12
902999,243874,5195.0,2025-11-08,Size/Fit Issue,2,58669.03
903000,243876,5094.0,2025-04-06,Wrong Item,2,45107.82
903001,243893,5065.0,2025-05-30,Wrong Item,2,80524.39
903002,243905,5067.0,2025-12-24,Damaged,1,5997.55
903003,243906,5193.0,2025-08-17,Quality Issue,2,72540.67
903004,243910,5154.0,2025-02-15,Quality Issue,1,36651.14
903005,243917,5070.0,2025-03-24,Late Delivery,2,21351.61
903006,243925,5186.0,2025-10-21,Quality Issue,2,29688.99
903007,243953,5241.0,2025-11-17,Changed Mind,1,56402.93
903008,243959,5192.0,2025-04-14,Changed Mind,1,35416.86
903009,243969,5096.0,2025-07-10,Damaged,1,29664.3
903010,243974,5059.0,2025-12-13,Size/Fit Issue,2,120149.7
903011,243977,5107.0,2025-12-26,Changed Mind,2,31160.89
903012,244010,5174.0,2025-05-17,Damaged,2,26522.31
903013,244014,5069.0,2025-12-08,Changed Mind,1,48754.75
903014,244019,5244.0,2025-08-20,Quality Issue,1,20415.99
903015,244025,5190.0,2025-02-05,Size/Fit Issue,2,38122.97
903016,244044,5069.0,2025-11-17,Size/Fit Issue,1,54849.1
903017,244065,5196.0,2025-07-15,Quality Issue,1,16979.23
903018,244070,5181.0,2025-03-19,Quality Issue,1,37920.07
903019,244115,5061.0,2025-06-03,Quality Issue,2,60255.42
903020,244124,5054.0,2025-04-17,Changed Mind,1,4393.11
903021,244131,5169.0,2025-08-07,Late Delivery,1,16839.31
903022,244140,5224.0,2025-09-08,Late Delivery,2,55220.59
903023,244145,5162.0,2025-07-08,Late Delivery,2,14144.36
903024,244146,5189.0,2025-03-10,Wrong Item,1,3168.17
903025,244148,5098.0,2025-09-25,Changed Mind,1,53357.88
903026,244161,5177.0,2025-11-25,Changed Mind,2,20350.44
903027,244167,5181.0,2025-10-31,Damaged,1,37920.07
903028,244168,5048.0,2025-09-30,Wrong Item,2,54214.63
903029,244170,5216.0,2025-08-14,Damaged,2,4711.09
903030,244171,5198.0,2025-04-21,Wrong Item,1,15207.69
903031,244186,5039.0,2025-09-05,Quality Issue,1,47535.78
903032,244222,5189.0,2025-03-10,Size/Fit Issue,1,2534.54
903033,244255,5199.0,2025-03-08,Wrong Item,2,1784.57
903034,244256,5011.0,2025-11-18,Wrong Item,2,56612.09
903035,244258,5088.0,2025-06-11,Damaged,1,20139.04
903036,244262,5237.0,2025-01-18,Size/Fit Issue,1,14486.85
903037,244263,5125.0,2025-12-19,Size/Fit Issue,1,5559.38
903038,244265,5069.0,2025-11-13,Quality Issue,1,48754.75
903039,244276,5219.0,2025-03-17,Changed Mind,2,30869.25
903040,244277,5148.0,2025-08-10,Late Delivery,2,6734.93
903041,244296,5052.0,2025-12-07,Changed Mind,1,25664.57
903042,244313,5180.0,2025-03-18,Size/Fit Issue,1,47663.29
903043,244321,5057.0,2025-06-28,Changed Mind,2,76613.44
903044,244341,5031.0,2025-01-20,Wrong Item,1,50468.0
903045,244343,5099.0,2025-12-27,Quality Issue,2,24134.72
903046,244351,5042.0,2025-08-03,Size/Fit Issue,2,135749.54
903047,244394,5002.0,2025-10-02,Late Delivery,1,35098.6
903048,244397,5045.0,2025-11-19,Quality Issue,2,58515.82
903049,244409,5017.0,2025-08-31,Size/Fit Issue,2,24916.95
903050,244411,5215.0,2025-02-21,Late Delivery,2,32322.68
903051,244418,5220.0,2025-03-31,Size/Fit Issue,1,18672.36
903052,244437,5134.0,2025-09-19,Quality Issue,1,46301.91
903053,244444,5082.0,2025-05-25,Size/Fit Issue,2,41765.12
903054,244445,5120.0,2025-08-28,Changed Mind,2,46349.02
903055,244457,5006.0,2025-02-05,Wrong Item,2,14350.97
903056,244475,5100.0,2025-02-16,Damaged,2,5647.56
903057,244476,5052.0,2025-11-06,Late Delivery,1,28683.93
903058,244492,5009.0,2025-04-07,Quality Issue,1,23873.33
903059,244502,5102.0,2025-03-10,Size/Fit Issue,2,19500.88
903060,244525,5225.0,2025-09-25,Damaged,2,38066.4
903061,244526,5122.0,2025-05-24,Changed Mind,1,12342.37
903062,244533,5073.0,2025-05-06,Late Delivery,1,13243.01
903063,244567,5060.0,2025-04-08,Damaged,1,27060.62
903064,244572,5211.0,2025-12-11,Damaged,2,33927.93
903065,244577,5021.0,2025-05-01,Wrong Item,1,60815.29
903066,244619,5250.0,2025-12-16,Damaged,1,50666.88
903067,244641,5107.0,2025-07-29,Size/Fit Issue,1,22960.66
903068,244654,5156.0,2025-05-20,Damaged,1,53841.38
903069,244687,5007.0,2025-03-07,Damaged,1,44710.96
903070,244693,5206.0,2025-05-13,Size/Fit Issue,1,52621.05
903071,244714,5063.0,2025-05-08,Quality Issue,2,11504.1
903072,244725,5049.0,2025-10-15,Damaged,1,3400.6
903073,244749,5155.0,2025-04-05,Wrong Item,2,1008.99
903074,244754,5088.0,2025-08-14,Changed Mind,2,18019.14
903075,244768,5134.0,2025-08-24,Size/Fit Issue,1,43864.96
903076,244771,5216.0,2025-03-15,Changed Mind,2,4239.98
903077,244803,5013.0,2025-11-16,Damaged,2,54191.8
903078,244828,5234.0,2025-11-30,Size/Fit Issue,2,50648.36
903079,244829,5208.0,2026-01-03,Wrong Item,2,106687.44
903080,244879,5216.0,2026-01-08,Late Delivery,2,4475.54
903081,244890,5127.0,2025-12-08,Quality Issue,1,26316.7
903082,244895,5127.0,2025-02-21,Size/Fit Issue,2,24854.66
903083,244904,5181.0,2025-04-18,Wrong Item,2,68256.13
903084,244908,5109.0,2025-11-17,Wrong Item,1,59697.0
903085,244922,5176.0,2025-03-16,Damaged,1,12934.44
903086,244942,5109.0,2025-12-12,Changed Mind,2,140463.52
903087,244943,5220.0,2025-06-28,Size/Fit Issue,1,15377.24
903088,244960,5090.0,2025-06-16,Damaged,1,39352.55
903089,244973,5060.0,2025-02-13,Changed Mind,1,30443.19
903090,244976,5159.0,2025-06-19,Damaged,1,20301.82
903091,244982,5249.0,2025-08-29,Quality Issue,2,75350.1
903092,245015,5176.0,2025-07-21,Damaged,1,13653.02
903093,245038,5120.0,2025-06-06,Wrong Item,1,48788.44
903094,245049,5105.0,2025-05-24,Quality Issue,2,65312.04
903095,245053,5042.0,2025-05-12,Damaged,1,67874.77
903096,245067,5104.0,2025-05-03,Size/Fit Issue,1,12447.15
903097,245075,5188.0,2025-04-26,Damaged,1,10588.44
903098,245103,5006.0,2025-12-12,Damaged,1,13633.42
903099,245167,5178.0,2025-02-24,Quality Issue,2,20152.5
903100,245201,5009.0,2025-08-23,Wrong Item,2,26525.92
903101,245204,5022.0,2025-06-03,Quality Issue,2,106489.04
903102,245210,5192.0,2025-12-05,Quality Issue,1,37280.9
903103,245227,5181.0,2025-02-01,Size/Fit Issue,1,37920.07
903104,245236,5147.0,2025-08-16,Late Delivery,2,43739.19
903105,245245,5150.0,2025-10-31,Wrong Item,2,37752.45
903106,245248,5205.0,2025-10-13,Late Delivery,1,21516.5
903107,245251,5051.0,2025-04-30,Quality Issue,1,4963.68
903108,245254,5111.0,2025-01-24,Changed Mind,1,62789.53
903109,245260,5100.0,2025-03-01,Wrong Item,2,9511.68
903110,245275,5206.0,2025-06-05,Damaged,1,52621.05
903111,245277,5043.0,2025-12-26,Size/Fit Issue,1,31235.36
903112,245287,5200.0,2025-03-20,Wrong Item,1,24864.32
903113,245306,5094.0,2025-11-21,Damaged,1,47613.81
903114,245333,5102.0,2025-08-10,Changed Mind,2,23679.64
903115,245337,5110.0,2025-03-29,Damaged,2,48948.99
903116,245343,5238.0,2025-08-27,Damaged,2,43723.69
903117,245348,5130.0,2025-04-30,Wrong Item,2,98728.56
903118,245360,5160.0,2025-02-11,Wrong Item,2,11049.07
903119,245395,5010.0,2025-01-19,Damaged,2,108810.52
903120,245412,5127.0,2025-08-22,Damaged,2,55557.48
903121,245425,5085.0,2025-04-17,Damaged,1,16820.35
903122,245438,5176.0,2025-12-14,Quality Issue,2,11497.28
903123,245439,5062.0,2025-09-20,Wrong Item,2,300.58
903124,245467,5102.0,2025-12-07,Late Delivery,2,23679.64
903125,245469,5186.0,2025-04-27,Quality Issue,2,16700.06
903126,245485,5235.0,2025-10-12,Changed Mind,1,40792.42
903127,245508,5247.0,2025-05-23,Damaged,2,64691.34
903128,245529,5061.0,2025-04-08,Damaged,2,28621.32
903129,245546,5169.0,2025-02-24,Quality Issue,2,30310.76
903130,245559,5173.0,2025-11-11,Changed Mind,1,53359.85
903131,245589,5182.0,2025-03-15,Damaged,2,39954.31
903132,245599,5204.0,2025-12-23,Size/Fit Issue,1,36124.29
903133,245622,5087.0,2025-07-14,Wrong Item,2,5781.43
903134,245626,5053.0,2025-07-28,Damaged,2,8715.02
903135,245631,5016.0,2026-01-17,Changed Mind,1,36681.19
903136,245632,5130.0,2025-03-02,Size/Fit Issue,1,44427.85
903137,245638,5044.0,2025-07-17,Late Delivery,2,22966.36
903138,245656,5115.0,2025-11-16,Wrong Item,1,60645.56
903139,245674,5235.0,2025-09-11,Changed Mind,2,36498.48
903140,245675,5123.0,2025-06-20,Wrong Item,1,43855.11
903141,245683,5176.0,2025-12-03,Size/Fit Issue,2,12934.44
903142,245689,5028.0,2025-08-27,Quality Issue,2,18336.84
903143,245713,5092.0,2025-04-03,Size/Fit Issue,2,48185.45
903144,245739,5068.0,2025-08-05,Quality Issue,2,6095.54
903145,245744,5180.0,2025-03-11,Size/Fit Issue,2,112148.92
903146,245746,5125.0,2025-07-12,Quality Issue,2,5559.38
903147,245760,5225.0,2025-09-13,Quality Issue,2,40305.6
903148,245761,5182.0,2025-01-22,Size/Fit Issue,1,39954.31
903149,245775,5184.0,2025-03-12,Damaged,2,37210.63
903150,245784,5224.0,2025-05-30,Quality Issue,1,34512.87
903151,245788,5024.0,2025-02-28,Size/Fit Issue,1,56368.96
903152,245822,5121.0,2025-04-03,Late Delivery,2,94252.76
903153,245827,5147.0,2025-09-26,Quality Issue,1,46312.08
903154,245828,5226.0,2025-04-09,Quality Issue,1,15510.57
903155,245836,5045.0,2025-04-20,Size/Fit Issue,1,52356.26
903156,245839,5118.0,2025-06-11,Damaged,2,59657.05
903157,245875,5202.0,2025-05-30,Late Delivery,1,51619.27
903158,245881,5062.0,2025-12-19,Size/Fit Issue,2,676.3
903159,245892,5176.0,2026-01-17,Damaged,2,24431.72
903160,245907,5110.0,2025-10-19,Changed Mind,2,103050.5
903161,245909,5214.0,2025-08-15,Quality Issue,1,61840.64
903162,245917,5203.0,2025-03-12,Quality Issue,2,94460.18
903163,245919,5189.0,2025-12-10,Late Delivery,2,2534.54
903164,245921,5140.0,2025-10-16,Quality Issue,1,36072.98
903165,245962,5075.0,2025-03-09,Quality Issue,2,29514.2
903166,245969,5123.0,2025-02-07,Size/Fit Issue,1,35084.09
903167,245975,5206.0,2025-09-17,Damaged,1,58467.83
903168,245986,5043.0,2025-03-21,Late Delivery,1,34705.96
903169,245995,5137.0,2025-11-14,Quality Issue,2,11109.2
903170,246047,5101.0,2025-09-08,Damaged,1,33608.85
903171,246052,5160.0,2025-09-20,Quality Issue,1,11630.6
903172,246064,5062.0,2025-09-28,Quality Issue,1,356.93
903173,246089,5162.0,2025-10-21,Quality Issue,2,13399.92
903174,246094,5217.0,2025-03-06,Size/Fit Issue,2,8615.51
903175,246096,5076.0,2025-03-08,Wrong Item,1,35896.91
903176,246101,5037.0,2025-06-05,Size/Fit Issue,2,26842.93
903177,246104,5017.0,2025-05-22,Size/Fit Issue,1,16907.93
903178,246136,5018.0,2025-05-28,Damaged,2,22363.74
903179,246166,5046.0,2025-02-04,Size/Fit Issue,2,29588.51
903180,246184,5083.0,2025-04-13,Damaged,2,56318.34
903181,246201,5050.0,2025-01-30,Changed Mind,2,95827.96
903182,246216,5190.0,2025-03-05,Changed Mind,1,38122.97
903183,246226,5125.0,2025-05-11,Size/Fit Issue,1,5232.36
903184,246243,5238.0,2025-01-28,Changed Mind,2,46024.94
903185,246246,5117.0,2025-12-26,Damaged,2,18535.38
903186,246279,5093.0,2025-05-23,Changed Mind,1,11921.44
903187,246299,5178.0,2025-09-28,Damaged,1,19091.84
903188,246304,5032.0,2026-01-06,Damaged,1,60109.22
903189,246319,5032.0,2025-04-26,Late Delivery,2,60109.22
903190,246320,5048.0,2025-04-19,Changed Mind,2,51202.71
903191,246338,5126.0,2025-08-08,Size/Fit Issue,2,54115.98
903192,246366,5067.0,2025-06-13,Damaged,2,11995.09
903193,246367,5157.0,2025-10-10,Quality Issue,1,41234.29
903194,246378,5151.0,2025-08-01,Quality Issue,2,41695.39
903195,246381,5203.0,2025-09-05,Size/Fit Issue,2,55564.81
903196,246399,5084.0,2025-03-20,Size/Fit Issue,2,49285.52
903197,246403,5155.0,2025-12-27,Size/Fit Issue,1,1008.99
903198,246419,5050.0,2025-05-31,Changed Mind,2,45095.51
903199,246435,5023.0,2025-03-31,Quality Issue,1,51317.37
903200,246463,5118.0,2025-11-02,Changed Mind,1,59657.05
903201,246465,5213.0,2025-07-16,Quality Issue,1,26560.22
903202,246498,5111.0,2025-02-20,Changed Mind,1,54940.84
903203,246499,5200.0,2025-03-18,Changed Mind,2,21134.67
903204,246500,5245.0,2025-07-09,Quality Issue,1,5365.42
903205,246508,5132.0,2025-03-24,Quality Issue,1,12977.33
903206,246538,5104.0,2025-10-07,Size/Fit Issue,1,10250.59
903207,246547,5237.0,2025-01-30,Changed Mind,2,13038.17
903208,246572,5239.0,2026-01-10,Damaged,2,41858.94
903209,246600,5017.0,2026-01-23,Changed Mind,2,33815.86
903210,246609,5244.0,2025-06-07,Quality Issue,2,21490.52
903211,246627,5040.0,2025-09-06,Changed Mind,1,25999.86
903212,246650,5190.0,2025-12-01,Damaged,2,67774.18
903213,246662,5164.0,2025-01-28,Size/Fit Issue,2,42712.74
903214,246668,5064.0,2025-05-25,Late Delivery,2,964.44
903215,246670,5211.0,2025-09-22,Damaged,2,33927.93
903216,246694,5134.0,2025-08-25,Quality Issue,2,46301.91
903217,246723,5104.0,2025-03-03,Quality Issue,2,14643.7
903218,246729,5158.0,2025-02-16,Late Delivery,2,44406.27
903219,246758,5087.0,2025-01-26,Damaged,1,7226.79
903220,246775,5050.0,2025-03-11,Damaged,1,45095.51
903221,246788,5116.0,2025-06-25,Changed Mind,1,31943.24
903222,246794,5063.0,2025-04-23,Wrong Item,2,27322.23
903223,246814,5023.0,2026-01-14,Quality Issue,2,57019.3
903224,246830,5131.0,2025-09-26,Size/Fit Issue,1,15678.3
903225,246834,5047.0,2025-08-21,Changed Mind,2,17391.08
903226,246839,5090.0,2026-01-15,Late Delivery,2,47785.24
903227,246874,5069.0,2025-04-07,Size/Fit Issue,1,60943.44
903228,246882,5213.0,2025-12-23,Quality Issue,1,29880.25
903229,246885,5133.0,2025-05-18,Wrong Item,1,33153.37
903230,246911,5034.0,2025-07-15,Changed Mind,1,17577.06
903231,246917,5239.0,2026-01-01,Changed Mind,2,79531.99
903232,246933,5142.0,2025-03-18,Wrong Item,1,38210.29
903233,246941,5185.0,2025-09-24,Wrong Item,1,9011.4
903234,246943,5009.0,2025-10-13,Late Delivery,1,23873.33
903235,246954,5159.0,2025-06-10,Size/Fit Issue,2,19233.31
903236,246958,5009.0,2025-02-05,Size/Fit Issue,2,23873.33
903237,246965,5045.0,2025-10-11,Wrong Item,1,61595.6
903238,246974,5234.0,2025-04-13,Size/Fit Issue,2,48115.94
903239,246979,5229.0,2025-07-26,Damaged,2,56611.93
903240,246993,5176.0,2025-04-01,Wrong Item,2,24431.72
903241,246996,5037.0,2025-04-19,Wrong Item,1,14127.86
903242,247006,5035.0,2025-09-02,Quality Issue,2,39243.44
903243,247016,5103.0,2025-11-01,Late Delivery,2,62013.02
903244,247022,5121.0,2025-10-17,Wrong Item,1,37701.1
903245,247036,5121.0,2025-03-13,Damaged,1,47126.38
903246,247079,5013.0,2025-05-09,Wrong Item,1,54191.8
903247,247080,5099.0,2025-11-16,Size/Fit Issue,2,24134.72
903248,247095,5082.0,2025-01-30,Quality Issue,1,39444.84
903249,247115,5051.0,2025-10-10,Quality Issue,2,5239.44
903250,247118,5153.0,2026-01-14,Wrong Item,1,46627.71
903251,247124,5125.0,2025-01-26,Quality Issue,1,6540.45
903252,247130,5163.0,2025-05-23,Size/Fit Issue,2,100581.63
903253,247158,5070.0,2025-12-24,Wrong Item,1,28977.18
903254,247194,5219.0,2025-06-26,Size/Fit Issue,2,17250.46
903255,247209,5187.0,2025-02-01,Wrong Item,1,44195.57
903256,247210,5102.0,2025-05-26,Damaged,1,27858.4
903257,247227,5210.0,2025-01-27,Size/Fit Issue,2,30272.64
903258,247229,5159.0,2025-08-05,Size/Fit Issue,1,21370.34
903259,247233,5216.0,2025-09-07,Damaged,2,4239.98
903260,247239,5173.0,2025-01-29,Changed Mind,2,63364.82
903261,247241,5040.0,2025-07-07,Size/Fit Issue,1,25999.86
903262,247255,5040.0,2025-05-01,Wrong Item,2,23399.87
903263,247260,5001.0,2025-05-23,Late Delivery,1,6417.59
903264,247275,5083.0,2025-04-07,Damaged,1,63358.13
903265,247276,5144.0,2025-11-24,Wrong Item,1,19583.16
903266,247283,5096.0,2025-03-24,Late Delivery,1,34899.18
903267,247288,5232.0,2025-04-11,Size/Fit Issue,1,7405.89
903268,247299,5207.0,2025-04-30,Changed Mind,2,24287.8
903269,247300,5061.0,2025-10-09,Size/Fit Issue,2,42178.79
903270,247306,5047.0,2025-08-07,Size/Fit Issue,1,8695.54
903271,247325,5033.0,2025-05-26,Wrong Item,2,36322.25
903272,247328,5067.0,2025-09-04,Size/Fit Issue,2,5997.55
903273,247354,5004.0,2025-11-29,Changed Mind,2,27947.34
903274,247360,5077.0,2025-07-06,Wrong Item,2,10538.61
903275,247366,5163.0,2025-11-16,Damaged,2,125727.04
903276,247417,5198.0,2025-09-05,Quality Issue,1,18466.48
903277,247441,5234.0,2026-01-01,Damaged,1,40518.69
903278,247443,5159.0,2025-12-24,Size/Fit Issue,1,18164.79
903279,247526,5224.0,2025-02-27,Size/Fit Issue,2,62123.17
903280,247527,5082.0,2025-08-23,Size/Fit Issue,1,46405.69
903281,247557,5119.0,2025-06-05,Changed Mind,2,28094.1
903282,247559,5010.0,2025-10-18,Wrong Item,2,120900.58
903283,247561,5203.0,2025-03-11,Wrong Item,2,50008.33
903284,247597,5172.0,2025-05-30,Changed Mind,2,7631.05
903285,247612,5012.0,2025-11-15,Size/Fit Issue,1,7362.1
903286,247620,5179.0,2025-12-09,Size/Fit Issue,2,20902.93
903287,247627,5212.0,2025-03-19,Wrong Item,1,4629.93
903288,247637,5083.0,2025-03-06,Size/Fit Issue,1,70397.92
903289,247663,5207.0,2025-11-19,Changed Mind,2,46146.82
903290,247680,5247.0,2025-05-09,Late Delivery,1,32345.67
903291,247688,5050.0,2025-11-02,Changed Mind,1,45095.51
903292,247699,5131.0,2025-12-12,Quality Issue,1,16600.55
903293,247703,5052.0,2025-10-13,Size/Fit Issue,1,28683.93
903294,247706,5230.0,2025-08-01,Late Delivery,1,21395.66
903295,247724,5108.0,2025-07-29,Damaged,2,28552.93
903296,247728,5082.0,2025-04-22,Size/Fit Issue,2,83530.24
903297,247739,5015.0,2025-05-23,Quality Issue,2,55259.57
903298,247740,5100.0,2025-06-07,Quality Issue,2,5944.8
903299,247761,5105.0,2025-03-26,Late Delivery,2,65312.04
903300,247797,5040.0,2025-05-10,Wrong Item,1,23399.87
903301,247803,5247.0,2025-02-23,Damaged,1,27493.82
903302,247811,5062.0,2025-11-17,Late Delivery,1,319.36
903303,247836,5221.0,2025-12-13,Changed Mind,2,31970.95
903304,247849,5039.0,2025-12-25,Size/Fit Issue,1,35026.36
903305,247871,5041.0,2025-03-15,Damaged,1,28034.52
903306,247877,5079.0,2025-11-09,Damaged,1,6164.81
903307,247922,5189.0,2025-02-19,Changed Mind,1,3009.76
903308,247940,5130.0,2025-08-28,Quality Issue,1,49364.28
903309,247974,5132.0,2025-07-28,Quality Issue,2,15758.18
903310,247977,5217.0,2025-01-12,Damaged,2,17231.02
903311,247989,5217.0,2025-12-02,Changed Mind,1,9094.15
903312,247990,5156.0,2025-07-03,Quality Issue,1,56675.14
903313,247992,5186.0,2025-02-09,Size/Fit Issue,2,29688.99
903314,248009,5155.0,2025-12-17,Quality Issue,1,1261.24
903315,248025,5222.0,2025-07-15,Size/Fit Issue,1,30195.37
903316,248109,5040.0,2025-03-09,Damaged,1,23399.87
903317,248119,5092.0,2025-12-06,Quality Issue,1,43366.9
903318,248126,5205.0,2025-03-15,Quality Issue,2,17213.2
903319,248137,5177.0,2025-02-08,Wrong Item,1,9576.68
903320,248140,5124.0,2025-01-21,Size/Fit Issue,2,69088.43
903321,248147,5029.0,2025-01-25,Wrong Item,1,54599.34
903322,248153,5094.0,2025-02-18,Size/Fit Issue,1,47613.81
903323,248162,5047.0,2025-07-04,Size/Fit Issue,1,8695.54
903324,248208,5053.0,2025-12-15,Damaged,2,20698.16
903325,248216,5067.0,2025-10-10,Quality Issue,2,11995.09
903326,248218,5007.0,2025-07-19,Damaged,2,84715.51
903327,248227,5192.0,2025-07-07,Late Delivery,2,37280.9
903328,248236,5098.0,2025-09-13,Quality Issue,1,56166.19
903329,248241,5178.0,2025-03-19,Quality Issue,2,42426.32
903330,248250,5005.0,2025-11-25,Changed Mind,2,31803.37
903331,248253,5142.0,2025-05-22,Damaged,2,80666.17
903332,248256,5170.0,2025-04-02,Damaged,1,55818.22
903333,248288,5213.0,2025-10-08,Quality Issue,2,66400.56
903334,248317,5036.0,2025-03-03,Quality Issue,1,28650.58
903335,248333,5087.0,2025-06-11,Wrong Item,1,7226.79
903336,248336,5161.0,2025-07-22,Late Delivery,1,60334.18
903337,248345,5101.0,2025-06-04,Size/Fit Issue,2,31928.41
903338,248391,5060.0,2025-12-26,Late Delivery,1,28751.9
903339,248406,5033.0,2025-12-19,Wrong Item,2,38233.95
903340,248408,5048.0,2025-11-29,Changed Mind,2,25601.35
903341,248412,5020.0,2025-10-23,Changed Mind,2,37567.26
903342,248436,5175.0,2025-09-04,Wrong Item,2,18910.47
903343,248445,5038.0,2025-07-24,Quality Issue,2,4014.35
903344,248464,5031.0,2025-01-28,Size/Fit Issue,1,50468.0
903345,248472,5222.0,2025-02-14,Size/Fit Issue,1,35523.97
903346,248480,5112.0,2025-07-30,Late Delivery,2,19429.95
903347,248489,5227.0,2025-08-18,Quality Issue,1,28522.49
903348,248503,5032.0,2025-10-15,Damaged,2,63645.06
903349,248525,5043.0,2025-08-15,Changed Mind,1,32970.66
903350,248536,5076.0,2025-07-11,Late Delivery,2,84463.32
903351,248561,5099.0,2025-08-27,Wrong Item,2,24134.72
903352,248564,5217.0,2025-03-08,Size/Fit Issue,2,9094.15
903353,248569,5004.0,2025-10-16,Changed Mind,1,29418.25
903354,248576,5222.0,2025-03-31,Damaged,1,35523.97
903355,248585,5128.0,2025-04-19,Size/Fit Issue,1,66490.98
903356,248587,5085.0,2025-09-12,Changed Mind,2,26164.99
903357,248604,5043.0,2025-01-28,Damaged,1,24294.17
903358,248627,5156.0,2026-01-08,Size/Fit Issue,2,56675.14
903359,248635,5097.0,2025-08-15,Quality Issue,1,42534.59
903360,248637,5218.0,2025-01-20,Damaged,1,50141.85
903361,248642,5052.0,2025-03-11,Wrong Item,1,30193.61
903362,248672,5028.0,2025-09-26,Changed Mind,1,18336.84
903363,248676,5042.0,2025-12-31,Damaged,2,67874.77
903364,248697,5243.0,2025-05-01,Size/Fit Issue,2,85580.35
903365,248699,5044.0,2025-03-04,Wrong Item,1,12759.09
903366,248711,5194.0,2025-02-20,Changed Mind,1,20328.0
903367,248717,5232.0,2025-07-26,Late Delivery,2,8228.77
903368,248721,5167.0,2025-12-22,Size/Fit Issue,1,4490.49
903369,248762,5150.0,2025-08-09,Wrong Item,1,41947.17
903370,248773,5088.0,2025-04-10,Wrong Item,2,42397.98
903371,248774,5138.0,2025-08-11,Quality Issue,1,50048.21
903372,248815,5150.0,2025-02-12,Wrong Item,1,41947.17
903373,248823,5198.0,2025-06-29,Quality Issue,1,21725.27
903374,248835,5046.0,2025-11-03,Quality Issue,1,29588.51
903375,248872,5123.0,2025-12-13,Size/Fit Issue,1,39469.6
903376,248876,5233.0,2025-03-25,Damaged,2,113965.96
903377,248899,5150.0,2025-03-11,Damaged,2,39849.81
903378,248905,5077.0,2025-08-02,Quality Issue,1,12398.37
903379,248934,5177.0,2025-02-17,Damaged,2,10773.77
903380,248952,5116.0,2025-11-19,Wrong Item,2,33822.25
903381,248959,5151.0,2026-01-05,Size/Fit Issue,2,39500.89
903382,248961,5068.0,2025-08-17,Quality Issue,1,2887.36
903383,248967,5004.0,2025-09-15,Late Delivery,1,29418.25
903384,248975,5173.0,2025-09-18,Late Delivery,1,53359.85
903385,248984,5231.0,2025-12-09,Size/Fit Issue,2,32666.58
903386,248995,5154.0,2025-10-25,Late Delivery,1,32578.79
903387,249004,5054.0,2025-05-10,Wrong Item,2,7468.29
903388,249016,5011.0,2026-01-03,Wrong Item,1,50321.86
903389,249038,5186.0,2025-09-16,Late Delivery,2,35255.68
903390,249045,5173.0,2025-10-05,Size/Fit Issue,2,66699.81
903391,249050,5038.0,2025-04-23,Size/Fit Issue,1,4486.62
903392,249067,5072.0,2026-01-02,Quality Issue,1,40955.86
903393,249075,5229.0,2025-09-18,Quality Issue,2,100643.42
903394,249076,5083.0,2025-06-30,Damaged,1,66878.02
903395,249085,5075.0,2025-12-04,Changed Mind,1,21747.31
903396,249102,5219.0,2025-09-18,Wrong Item,2,36316.76
903397,249139,5178.0,2025-03-17,Wrong Item,1,21213.16
903398,249141,5174.0,2025-06-30,Size/Fit Issue,1,31495.25
903399,249147,5161.0,2025-02-21,Size/Fit Issue,2,113964.57
903400,249174,5053.0,2025-10-05,Late Delivery,2,10349.08
903401,249180,5153.0,2025-05-02,Damaged,1,43884.9
903402,249203,5108.0,2025-08-03,Wrong Item,1,33591.68
903403,249228,5239.0,2025-05-27,Size/Fit Issue,1,35580.1
903404,249254,5121.0,2025-03-10,Late Delivery,1,32988.47
903405,249274,5104.0,2025-09-16,Quality Issue,2,29287.4
903406,249287,5179.0,2025-10-14,Changed Mind,1,7701.08
903407,249292,5006.0,2025-10-10,Damaged,2,12915.87
903408,249299,5026.0,2025-10-13,Late Delivery,2,73838.9
903409,249300,5219.0,2025-03-30,Late Delivery,1,16342.54
903410,249303,5187.0,2025-11-12,Quality Issue,1,55244.46
903411,249324,5017.0,2025-07-10,Quality Issue,2,14238.26
903412,249363,5140.0,2025-03-24,Changed Mind,2,34269.33
903413,249369,5006.0,2025-10-16,Changed Mind,1,10045.68
903414,249397,5075.0,2025-07-09,Damaged,2,31067.58
903415,249440,5028.0,2025-06-12,Damaged,2,18336.84
903416,249442,5185.0,2025-01-23,Changed Mind,1,9011.4
903417,249450,5126.0,2025-07-29,Damaged,1,60128.87
903418,249453,5218.0,2025-05-23,Size/Fit Issue,1,52780.9
903419,249476,5108.0,2025-06-22,Changed Mind,1,33591.68
903420,249484,5026.0,2025-12-23,Changed Mind,1,69952.64
903421,249485,5043.0,2025-07-13,Damaged,2,55529.54
903422,249490,5034.0,2025-11-14,Quality Issue,1,18553.57
903423,249504,5075.0,2025-11-20,Wrong Item,2,26407.44
903424,249512,5012.0,2025-04-09,Size/Fit Issue,1,10517.29
903425,249534,5113.0,2025-12-06,Size/Fit Issue,1,68865.43
903426,249555,5220.0,2025-08-11,Damaged,2,20869.11
903427,249578,5118.0,2025-06-23,Damaged,2,112685.54
903428,249586,5157.0,2025-10-21,Wrong Item,1,43525.09
903429,249604,5166.0,2025-07-10,Damaged,1,56273.88
903430,249658,5022.0,2025-04-28,Wrong Item,2,106489.04
903431,249700,5138.0,2025-03-27,Changed Mind,1,40038.57
903432,249707,5179.0,2025-02-05,Size/Fit Issue,1,9901.39
903433,249713,5030.0,2025-10-08,Quality Issue,2,15296.15
903434,249715,5070.0,2025-12-14,Damaged,1,25926.95
903435,249739,5151.0,2025-05-14,Size/Fit Issue,1,43889.88
903436,249744,5177.0,2025-12-26,Quality Issue,1,10773.77
903437,249778,5120.0,2025-04-05,Size/Fit Issue,2,87819.19
903438,249779,5244.0,2025-06-11,Size/Fit Issue,1,15043.36
903439,249793,5169.0,2025-09-17,Quality Issue,2,15155.38
903440,249813,5107.0,2025-04-28,Damaged,2,55761.6
903441,249846,5137.0,2025-06-27,Changed Mind,2,11109.2
903442,249852,5005.0,2025-10-27,Late Delivery,1,17668.54
903443,249873,5098.0,2025-09-30,Quality Issue,1,39316.33
903444,249880,5006.0,2025-06-15,Wrong Item,2,12198.32
903445,249887,5160.0,2025-03-29,Quality Issue,2,9886.01
903446,249900,5063.0,2025-06-05,Changed Mind,2,28760.24
903447,249925,5158.0,2025-04-24,Quality Issue,2,44406.27
903448,249935,5043.0,2025-12-13,Changed Mind,2,59000.13
903449,249945,5025.0,2025-05-17,Late Delivery,2,5824.7
903450,249976,5073.0,2025-07-29,Wrong Item,2,16080.8
903451,249985,5217.0,2025-04-24,Size/Fit Issue,1,8136.87
903452,249994,5137.0,2025-05-10,Size/Fit Issue,2,22218.4
