customer_id,customer_name,gender,age,city,state,customer_segment,registration_date,acquisition_channel
10001,Customer_10001,male,46,Mysuru,Karnataka,consumer,2022-01-10,social media
10002,Customer_10002,female,30,Faridabad,Haryana,consumer,2022-07-18,organic search
10003,Customer_10003,female,42,Kolkata,West Bengal,consumer,2023-12-12,paid ads
10004,Customer_10004,female,39,Surat,Gujarat,consumer,2023-02-11,paid ads
10005,Customer_10005,male,50,Nagpur,Maharashtra,consumer,2022-03-06,direct
10006,Customer_10006,male,54,Mumbai,Maharashtra,consumer,2024-01-27,paid ads
10007,Customer_10007,male,24,Mumbai,Maharashtra,consumer,2024-03-30,email
10008,Customer_10008,male,40,Bhopal,Madhya Pradesh,corporate,2024-11-27,organic search
10009,Customer_10009,female,23,Ahmedabad,Gujarat,consumer,2023-06-08,paid ads
10010,Customer_10010,female,32,Kolkata,West Bengal,consumer,2024-12-28,social media
10011,Customer_10011,female,32,Nagpur,Maharashtra,consumer,2024-04-14,direct
10012,Customer_10012,female,57,Amritsar,Punjab,consumer,2023-04-25,social media
10013,Customer_10013,male,51,Lucknow,Uttar Pradesh,consumer,2024-04-10,social media
10014,Customer_10014,male,31,Delhi,Delhi,consumer,2023-01-24,social media
10015,Customer_10015,male,46,Delhi,Delhi,consumer,2022-11-28,social media
10016,Customer_10016,female,33,New Delhi,Delhi,consumer,2024-09-26,social media
10017,Customer_10017,female,46,Bengaluru,Karnataka,consumer,2023-09-16,social media
10018,Customer_10018,male,40,Warangal,Telangana,consumer,2023-01-06,referral
10019,Customer_10019,male,27,Chennai,Tamil Nadu,consumer,2023-01-01,organic search
10020,Customer_10020,female,21,Mysuru,Karnataka,consumer,2022-05-31,referral
10021,Customer_10021,female,29,Ahmedabad,Gujarat,consumer,2024-07-29,referral
10022,Customer_10022,female,59,Mumbai,Maharashtra,consumer,2025-03-13,direct
10023,Customer_10023,male,51,Mysuru,Karnataka,home office,2023-12-08,email
10024,Customer_10024,male,21,Bengaluru,Karnataka,consumer,2022-05-03,social media
10025,Customer_10025,female,37,Coimbatore,Tamil Nadu,consumer,2024-08-23,paid ads
10026,Customer_10026,female,45,Noida,Uttar Pradesh,consumer,2022-01-03,paid ads
10027,Customer_10027,male,45,Delhi,Delhi,consumer,2023-10-13,organic search
10028,Customer_10028,female,23,Hyderabad,Telangana,home office,2022-01-24,social media
10029,Customer_10029,female,31,Surat,Gujarat,corporate,2022-08-12,organic search
10030,Customer_10030,male,52,Pune,Maharashtra,corporate,2025-04-13,organic search
10031,Customer_10031,male,18,Vadodara,Gujarat,home office,2025-11-04,social media
10032,Customer_10032,male,36,Delhi,Delhi,consumer,2023-05-16,paid ads
10033,Customer_10033,male,18,Pune,Maharashtra,consumer,2023-06-24,paid ads
10034,Customer_10034,female,30,Faridabad,Haryana,home office,2024-03-11,direct
10035,Customer_10035,male,25,Ludhiana,Punjab,consumer,2025-08-26,social media
10036,Customer_10036,female,35,Noida,Uttar Pradesh,home office,2024-01-24,social media
10037,Customer_10037,other,52,Mysuru,Karnataka,consumer,2025-05-05,organic search
10038,Customer_10038,male,40,Nagpur,Maharashtra,consumer,2025-04-24,paid ads
10039,Customer_10039,male,43,Kolkata,West Bengal,home office,2024-09-22,organic search
10040,Customer_10040,female,58,Chennai,Tamil Nadu,consumer,2024-02-16,direct
10041,Customer_10041,female,55,Nashik,Maharashtra,corporate,2025-08-04,social media
10042,Customer_10042,female,37,Warangal,Telangana,consumer,2022-09-03,referral
10043,Customer_10043,male,19,Pune,Maharashtra,corporate,2023-12-20,social media
10044,Customer_10044,male,43,Gurugram,Haryana,home office,2025-04-05,organic search
10045,Customer_10045,unknown,53,New Delhi,Delhi,consumer,2024-03-20,social media
10046,Customer_10046,female,42,Udaipur,Rajasthan,consumer,2024-01-03,social media
10047,Customer_10047,male,47,Bengaluru,Karnataka,consumer,2023-04-12,referral
10048,Customer_10048,female,35,Warangal,Telangana,home office,2024-08-26,referral
10049,Customer_10049,male,24,Surat,Gujarat,corporate,2025-12-17,organic search
10050,Customer_10050,other,44,New Delhi,Delhi,consumer,2024-02-24,organic search
10051,Customer_10051,female,28,Amritsar,Punjab,consumer,2023-11-19,direct
10052,Customer_10052,male,54,Lucknow,Uttar Pradesh,corporate,2022-03-30,social media
10053,Customer_10053,female,25,Gurugram,Haryana,corporate,2022-12-29,organic search
10054,Customer_10054,male,28,Bhopal,Madhya Pradesh,consumer,2025-05-22,organic search
10055,Customer_10055,male,41,Vadodara,Gujarat,consumer,2024-10-29,organic search
10056,Customer_10056,male,47,Faridabad,Haryana,corporate,2022-11-18,organic search
10057,Customer_10057,male,47,Nagpur,Maharashtra,consumer,2024-02-16,organic search
10058,Customer_10058,male,32,Delhi,Delhi,home office,2023-01-06,organic search
10059,Customer_10059,female,52,Nashik,Maharashtra,consumer,2024-03-19,direct
10060,Customer_10060,female,56,Mysuru,Karnataka,consumer,2025-12-08,referral
10061,Customer_10061,male,41,Chennai,Tamil Nadu,consumer,2022-08-29,social media
10062,Customer_10062,female,25,Delhi,Delhi,home office,2023-04-09,paid ads
10063,Customer_10063,female,60,Lucknow,Uttar Pradesh,consumer,2022-04-20,email
10064,Customer_10064,female,59,Bengaluru,Karnataka,consumer,2023-04-10,organic search
10065,Customer_10065,female,37,Bengaluru,Karnataka,consumer,2022-05-21,social media
10066,Customer_10066,male,58,Vadodara,Gujarat,corporate,2024-05-17,email
10067,Customer_10067,male,43,Mumbai,Maharashtra,consumer,2025-06-07,referral
10068,Customer_10068,female,41,Noida,Uttar Pradesh,consumer,2024-12-12,paid ads
10069,Customer_10069,male,39,Nagpur,Maharashtra,consumer,2023-11-01,referral
10070,Customer_10070,male,22,Amritsar,Punjab,consumer,2023-05-13,organic search
10071,Customer_10071,male,32,Kanpur,Uttar Pradesh,consumer,2023-10-13,email
10072,Customer_10072,male,53,Delhi,Delhi,consumer,2024-10-17,organic search
10073,Customer_10073,male,54,Pune,Maharashtra,consumer,2025-11-27,organic search
10074,Customer_10074,male,46,Kanpur,Uttar Pradesh,corporate,2024-09-08,social media
10075,Customer_10075,male,32,Kolkata,West Bengal,corporate,2022-01-03,paid ads
10076,Customer_10076,female,44,Kolkata,West Bengal,home office,2024-02-16,email
10077,Customer_10077,female,25,Kanpur,Uttar Pradesh,consumer,2025-10-19,paid ads
10078,Customer_10078,male,46,Mumbai,Maharashtra,corporate,2025-06-03,social media
10079,Customer_10079,male,36,Bengaluru,Karnataka,consumer,2023-04-01,paid ads
10080,Customer_10080,male,48,Nashik,Maharashtra,consumer,2022-01-08,paid ads
10081,Customer_10081,male,26,Bhopal,Madhya Pradesh,consumer,2022-11-30,direct
10082,Customer_10082,male,27,Surat,Gujarat,consumer,2022-11-08,organic search
10083,Customer_10083,male,54,Mysuru,Karnataka,consumer,2024-04-13,organic search
10084,Customer_10084,female,27,Nagpur,Maharashtra,consumer,2022-08-10,social media
10085,Customer_10085,female,50,Bengaluru,Karnataka,consumer,2023-09-20,social media
10086,Customer_10086,male,42,Mysuru,Karnataka,consumer,2023-05-26,paid ads
10087,Customer_10087,male,21,Kolkata,West Bengal,consumer,2025-12-24,referral
10088,Customer_10088,female,22,Jaipur,Rajasthan,consumer,2023-03-19,organic search
10089,Customer_10089,female,40,Bhopal,Madhya Pradesh,consumer,2024-03-30,referral
10090,Customer_10090,female,56,Hyderabad,Telangana,consumer,2024-06-09,organic search
10091,Customer_10091,female,22,Nagpur,Maharashtra,consumer,2023-07-15,social media
10092,Customer_10092,male,25,Kolkata,West Bengal,consumer,2022-12-23,organic search
10093,Customer_10093,male,34,Kanpur,Uttar Pradesh,consumer,2023-12-31,organic search
10094,Customer_10094,female,18,Vadodara,Gujarat,corporate,2024-06-15,direct
10095,Customer_10095,male,29,Lucknow,Uttar Pradesh,consumer,2023-08-22,paid ads
10096,Customer_10096,other,52,Warangal,Telangana,consumer,2023-02-07,paid ads
10097,Customer_10097,female,31,Warangal,Telangana,corporate,2023-01-08,paid ads
10098,Customer_10098,female,35,Chennai,Tamil Nadu,consumer,2022-05-25,referral
10099,Customer_10099,male,27,Pune,Maharashtra,consumer,2023-05-07,social media
10100,Customer_10100,female,32,Mumbai,Maharashtra,consumer,2023-10-11,social media
10101,Customer_10101,male,59,Nagpur,Maharashtra,consumer,2022-05-03,direct
10102,Customer_10102,male,50,Jaipur,Rajasthan,consumer,2024-03-29,social media
10103,Customer_10103,male,36,Bengaluru,Karnataka,corporate,2022-09-06,organic search
10104,Customer_10104,female,51,Warangal,Telangana,consumer,2022-08-21,organic search
10105,Customer_10105,female,42,Gurugram,Haryana,consumer,2024-10-23,organic search
10106,Customer_10106,male,33,Delhi,Delhi,consumer,2022-04-18,organic search
10107,Customer_10107,male,25,Chennai,Tamil Nadu,corporate,2025-11-15,paid ads
10108,Customer_10108,female,52,Lucknow,Uttar Pradesh,home office,2023-09-25,organic search
10109,Customer_10109,female,38,Delhi,Delhi,consumer,2025-06-13,social media
10110,Customer_10110,female,36,Mumbai,Maharashtra,consumer,2023-01-24,organic search
10111,Customer_10111,male,28,Bengaluru,Karnataka,consumer,2024-08-26,social media
10112,Customer_10112,male,28,Pune,Maharashtra,consumer,2022-04-07,direct
10113,Customer_10113,female,28,Faridabad,Haryana,consumer,2025-01-01,social media
10114,Customer_10114,male,39,Lucknow,Uttar Pradesh,consumer,2023-10-18,paid ads
10115,Customer_10115,female,38,Jaipur,Rajasthan,home office,2023-08-27,referral
10116,Customer_10116,female,44,Bhopal,Madhya Pradesh,consumer,2025-09-26,social media
10117,Customer_10117,male,35,Kanpur,Uttar Pradesh,consumer,2023-07-20,direct
10118,Customer_10118,male,59,New Delhi,Delhi,consumer,2024-01-04,referral
10119,Customer_10119,female,57,Bhopal,Madhya Pradesh,consumer,2022-05-30,paid ads
10120,Customer_10120,male,55,Surat,Gujarat,consumer,2024-04-19,organic search
10121,Customer_10121,male,47,Kanpur,Uttar Pradesh,corporate,2024-11-14,organic search
10122,Customer_10122,female,50,Indore,Madhya Pradesh,consumer,2023-02-28,social media
10123,Customer_10123,male,38,Bengaluru,Karnataka,home office,2024-03-01,paid ads
10124,Customer_10124,female,19,Mumbai,Maharashtra,consumer,2022-09-21,email
10125,Customer_10125,male,30,Delhi,Delhi,consumer,2024-04-30,direct
10126,Customer_10126,female,19,Chennai,Tamil Nadu,consumer,2024-02-12,direct
10127,Customer_10127,male,60,Noida,Uttar Pradesh,corporate,2023-02-28,social media
10128,Customer_10128,male,48,Indore,Madhya Pradesh,consumer,2025-12-15,referral
10129,Customer_10129,female,27,Nagpur,Maharashtra,consumer,2024-08-13,organic search
10130,Customer_10130,female,40,Hyderabad,Telangana,consumer,2025-12-04,social media
10131,Customer_10131,male,39,Coimbatore,Tamil Nadu,home office,2023-11-12,organic search
10132,Customer_10132,male,46,New Delhi,Delhi,consumer,2022-10-22,organic search
10133,Customer_10133,female,50,Nashik,Maharashtra,consumer,2022-02-05,referral
10134,Customer_10134,male,48,Mysuru,Karnataka,consumer,2024-05-11,email
10135,Customer_10135,other,31,Gurugram,Haryana,consumer,2024-01-18,direct
10136,Customer_10136,other,27,Mysuru,Karnataka,consumer,2022-08-22,paid ads
10137,Customer_10137,female,35,Hyderabad,Telangana,consumer,2022-07-04,paid ads
10138,Customer_10138,male,28,Kolkata,West Bengal,corporate,2022-04-25,social media
10139,Customer_10139,male,56,Mysuru,Karnataka,consumer,2022-12-02,referral
10140,Customer_10140,female,20,Ludhiana,Punjab,corporate,2025-04-19,referral
10141,Customer_10141,male,19,Amritsar,Punjab,corporate,2024-01-08,organic search
10142,Customer_10142,male,25,Delhi,Delhi,consumer,2023-10-22,organic search
10143,Customer_10143,male,48,Hyderabad,Telangana,consumer,2025-07-02,organic search
10144,Customer_10144,male,25,Bengaluru,Karnataka,corporate,2023-12-17,paid ads
10145,Customer_10145,male,60,Bengaluru,Karnataka,consumer,2024-08-02,referral
10146,Customer_10146,male,19,Mumbai,Maharashtra,consumer,2023-03-05,referral
10147,Customer_10147,female,39,Surat,Gujarat,corporate,2025-03-21,social media
10148,Customer_10148,male,22,Warangal,Telangana,consumer,2024-02-05,email
10149,Customer_10149,male,24,Pune,Maharashtra,corporate,2023-12-20,direct
10150,Customer_10150,male,37,Mysuru,Karnataka,consumer,2024-07-08,organic search
10151,Customer_10151,female,45,Gurugram,Haryana,consumer,2022-04-08,social media
10152,Customer_10152,male,30,Delhi,Delhi,consumer,2025-01-02,social media
10153,Customer_10153,female,19,Nagpur,Maharashtra,corporate,2023-03-02,direct
10154,Customer_10154,female,49,Warangal,Telangana,consumer,2025-03-24,referral
10155,Customer_10155,male,43,Ludhiana,Punjab,consumer,2025-07-16,referral
10156,Customer_10156,male,20,New Delhi,Delhi,corporate,2023-03-26,social media
10157,Customer_10157,male,58,Jaipur,Rajasthan,home office,2024-07-22,email
10158,Customer_10158,female,59,Kanpur,Uttar Pradesh,corporate,2024-07-25,organic search
10159,Customer_10159,female,30,New Delhi,Delhi,consumer,2022-09-23,social media
10160,Customer_10160,female,38,Kolkata,West Bengal,corporate,2022-02-22,organic search
10161,Customer_10161,male,54,Mysuru,Karnataka,consumer,2025-01-21,referral
10162,Customer_10162,other,40,Jaipur,Rajasthan,consumer,2022-11-27,referral
10163,Customer_10163,male,24,Udaipur,Rajasthan,home office,2023-07-07,organic search
10164,Customer_10164,male,34,Warangal,Telangana,consumer,2023-07-21,email
10165,Customer_10165,female,45,Mumbai,Maharashtra,consumer,2022-11-05,organic search
10166,Customer_10166,female,47,Kanpur,Uttar Pradesh,consumer,2025-09-03,organic search
10167,Customer_10167,male,22,Bengaluru,Karnataka,corporate,2022-12-06,organic search
10168,Customer_10168,male,41,New Delhi,Delhi,consumer,2023-12-05,email
10169,Customer_10169,male,24,Nagpur,Maharashtra,consumer,2024-03-26,organic search
10170,Customer_10170,male,51,Surat,Gujarat,consumer,2022-05-31,organic search
10171,Customer_10171,male,59,Udaipur,Rajasthan,consumer,2025-04-15,paid ads
10172,Customer_10172,female,50,Nashik,Maharashtra,corporate,2023-03-06,email
10173,Customer_10173,female,44,Warangal,Telangana,consumer,2022-10-28,paid ads
10174,Customer_10174,female,31,Delhi,Delhi,corporate,2022-10-06,referral
10175,Customer_10175,female,36,Udaipur,Rajasthan,corporate,2022-02-20,paid ads
10176,Customer_10176,male,55,New Delhi,Delhi,consumer,2023-10-19,referral
10177,Customer_10177,female,29,Kolkata,West Bengal,consumer,2022-06-13,social media
10178,Customer_10178,female,20,Coimbatore,Tamil Nadu,consumer,2023-08-10,paid ads
10179,Customer_10179,male,24,Faridabad,Haryana,corporate,2023-05-09,paid ads
10180,Customer_10180,female,52,Pune,Maharashtra,consumer,2023-11-09,referral
10181,Customer_10181,male,42,Bengaluru,Karnataka,consumer,2023-05-04,referral
10182,Customer_10182,female,32,Pune,Maharashtra,consumer,2022-10-19,organic search
10183,Customer_10183,other,36,Faridabad,Haryana,consumer,2024-07-14,direct
10184,Customer_10184,male,36,Indore,Madhya Pradesh,corporate,2023-04-04,direct
10185,Customer_10185,female,40,Delhi,Delhi,corporate,2025-02-03,referral
10186,Customer_10186,male,28,Jaipur,Rajasthan,consumer,2025-12-17,organic search
10187,Customer_10187,female,38,Kanpur,Uttar Pradesh,consumer,2022-11-05,social media
10188,Customer_10188,male,51,Surat,Gujarat,corporate,2022-11-18,paid ads
10189,Customer_10189,male,56,Hyderabad,Telangana,consumer,2022-01-03,organic search
10190,Customer_10190,male,24,Delhi,Delhi,consumer,2025-03-18,referral
10191,Customer_10191,female,59,Pune,Maharashtra,home office,2024-10-25,organic search
10192,Customer_10192,male,44,Indore,Madhya Pradesh,consumer,2023-06-02,direct
10193,Customer_10193,female,40,Indore,Madhya Pradesh,consumer,2024-12-24,email
10194,Customer_10194,unknown,55,Udaipur,Rajasthan,consumer,2023-05-21,email
10195,Customer_10195,female,37,Bengaluru,Karnataka,corporate,2023-10-23,paid ads
10196,Customer_10196,female,44,Mysuru,Karnataka,consumer,2023-11-13,organic search
10197,Customer_10197,male,25,Kolkata,West Bengal,corporate,2022-07-26,organic search
10198,Customer_10198,male,54,Bhopal,Madhya Pradesh,home office,2024-04-23,referral
10199,Customer_10199,female,20,Bhopal,Madhya Pradesh,home office,2022-07-13,paid ads
10200,Customer_10200,female,19,Noida,Uttar Pradesh,corporate,2022-10-02,paid ads
10201,Customer_10201,female,39,Jaipur,Rajasthan,consumer,2022-01-05,referral
10202,Customer_10202,male,23,Nashik,Maharashtra,home office,2022-05-01,referral
10203,Customer_10203,male,56,Nagpur,Maharashtra,consumer,2024-01-02,organic search
10204,Customer_10204,other,57,Bhopal,Madhya Pradesh,corporate,2023-05-27,direct
10205,Customer_10205,male,53,Vadodara,Gujarat,consumer,2023-05-30,social media
10206,Customer_10206,male,41,Pune,Maharashtra,consumer,2025-08-07,organic search
10207,Customer_10207,male,29,Nagpur,Maharashtra,consumer,2025-03-08,referral
10208,Customer_10208,female,34,Jaipur,Rajasthan,corporate,2024-03-18,organic search
10209,Customer_10209,female,39,Pune,Maharashtra,consumer,2024-08-25,direct
10210,Customer_10210,male,36,Nashik,Maharashtra,consumer,2023-03-01,social media
10211,Customer_10211,male,26,Surat,Gujarat,corporate,2025-05-05,organic search
10212,Customer_10212,male,29,Kolkata,West Bengal,corporate,2023-08-09,organic search
10213,Customer_10213,male,49,Udaipur,Rajasthan,consumer,2022-06-12,referral
10214,Customer_10214,male,48,New Delhi,Delhi,consumer,2022-08-14,social media
10215,Customer_10215,other,34,Kolkata,West Bengal,consumer,2024-10-27,social media
10216,Customer_10216,male,40,Delhi,Delhi,consumer,2022-09-12,organic search
10217,Customer_10217,male,27,Mysuru,Karnataka,home office,2025-01-21,social media
10218,Customer_10218,female,47,Noida,Uttar Pradesh,consumer,2023-11-02,email
10219,Customer_10219,male,36,Udaipur,Rajasthan,consumer,2025-12-20,paid ads
10220,Customer_10220,female,43,Bhopal,Madhya Pradesh,consumer,2025-01-02,referral
10221,Customer_10221,male,43,Jaipur,Rajasthan,home office,2022-02-15,paid ads
10222,Customer_10222,male,28,Surat,Gujarat,consumer,2022-02-08,referral
10223,Customer_10223,female,37,Mumbai,Maharashtra,consumer,2022-09-04,organic search
10224,Customer_10224,female,21,Mysuru,Karnataka,consumer,2025-11-11,direct
10225,Customer_10225,male,29,Delhi,Delhi,corporate,2022-04-24,referral
10226,Customer_10226,female,42,Delhi,Delhi,home office,2023-02-19,paid ads
10227,Customer_10227,female,27,Ludhiana,Punjab,consumer,2023-06-23,email
10228,Customer_10228,male,39,Coimbatore,Tamil Nadu,consumer,2024-02-06,email
10229,Customer_10229,male,24,Indore,Madhya Pradesh,consumer,2025-06-09,direct
10230,Customer_10230,female,41,Ahmedabad,Gujarat,consumer,2024-04-08,referral
10231,Customer_10231,male,19,Kanpur,Uttar Pradesh,consumer,2025-12-30,referral
10232,Customer_10232,female,49,Warangal,Telangana,consumer,2025-11-23,organic search
10233,Customer_10233,female,38,Surat,Gujarat,consumer,2025-03-17,social media
10234,Customer_10234,female,24,Hyderabad,Telangana,corporate,2025-11-06,referral
10235,Customer_10235,male,25,Delhi,Delhi,consumer,2023-09-05,organic search
10236,Customer_10236,male,55,Kolkata,West Bengal,consumer,2023-05-04,social media
10237,Customer_10237,female,38,Mysuru,Karnataka,consumer,2023-02-24,organic search
10238,Customer_10238,male,25,Nagpur,Maharashtra,consumer,2024-06-10,paid ads
10239,Customer_10239,male,42,Jaipur,Rajasthan,consumer,2023-01-30,referral
10240,Customer_10240,male,45,New Delhi,Delhi,consumer,2023-09-27,paid ads
10241,Customer_10241,male,45,Gurugram,Haryana,corporate,2023-08-26,social media
10242,Customer_10242,female,48,Gurugram,Haryana,home office,2022-05-12,paid ads
10243,Customer_10243,male,53,Gurugram,Haryana,corporate,2022-08-28,social media
10244,Customer_10244,female,42,Mysuru,Karnataka,consumer,2024-08-24,referral
10245,Customer_10245,male,58,Mumbai,Maharashtra,home office,2022-03-29,organic search
10246,Customer_10246,female,54,Gurugram,Haryana,consumer,2023-09-19,organic search
10247,Customer_10247,male,55,Coimbatore,Tamil Nadu,consumer,2023-04-16,paid ads
10248,Customer_10248,female,29,Amritsar,Punjab,consumer,2025-02-28,email
10249,Customer_10249,female,54,Ludhiana,Punjab,consumer,2025-03-23,social media
10250,Customer_10250,male,54,Indore,Madhya Pradesh,home office,2022-02-22,email
10251,Customer_10251,female,48,Mysuru,Karnataka,consumer,2022-04-02,organic search
10252,Customer_10252,male,35,Chennai,Tamil Nadu,consumer,2023-04-09,paid ads
10253,Customer_10253,female,43,Indore,Madhya Pradesh,consumer,2022-11-14,referral
10254,Customer_10254,other,23,Mysuru,Karnataka,corporate,2022-05-26,organic search
10255,Customer_10255,female,26,New Delhi,Delhi,corporate,2022-02-27,organic search
10256,Customer_10256,female,28,Surat,Gujarat,consumer,2023-05-25,referral
10257,Customer_10257,male,48,Gurugram,Haryana,corporate,2022-10-28,organic search
10258,Customer_10258,male,19,Kolkata,West Bengal,corporate,2023-11-17,referral
10259,Customer_10259,male,46,Surat,Gujarat,consumer,2023-04-14,paid ads
10260,Customer_10260,male,59,Pune,Maharashtra,consumer,2022-10-21,social media
10261,Customer_10261,female,22,Ahmedabad,Gujarat,consumer,2022-02-18,paid ads
10262,Customer_10262,male,40,Amritsar,Punjab,consumer,2023-04-15,referral
10263,Customer_10263,female,53,Mumbai,Maharashtra,consumer,2024-10-14,direct
10264,Customer_10264,male,24,Warangal,Telangana,consumer,2023-11-04,referral
10265,Customer_10265,male,30,Bhopal,Madhya Pradesh,consumer,2025-06-18,organic search
10266,Customer_10266,female,59,Noida,Uttar Pradesh,corporate,2022-02-09,organic search
10267,Customer_10267,male,27,Kolkata,West Bengal,consumer,2024-07-13,paid ads
10268,Customer_10268,female,53,Kolkata,West Bengal,consumer,2025-02-14,organic search
10269,Customer_10269,male,33,Bengaluru,Karnataka,consumer,2022-06-16,organic search
10270,Customer_10270,female,32,Bengaluru,Karnataka,consumer,2025-06-10,organic search
10271,Customer_10271,male,60,Lucknow,Uttar Pradesh,consumer,2022-09-10,referral
10272,Customer_10272,male,36,Lucknow,Uttar Pradesh,home office,2022-06-23,paid ads
10273,Customer_10273,female,38,Indore,Madhya Pradesh,consumer,2024-03-13,referral
10274,Customer_10274,female,52,Faridabad,Haryana,consumer,2024-04-15,organic search
10275,Customer_10275,male,32,Hyderabad,Telangana,consumer,2023-03-15,email
10276,Customer_10276,male,31,Warangal,Telangana,consumer,2024-09-01,social media
10277,Customer_10277,male,46,Noida,Uttar Pradesh,home office,2022-02-04,paid ads
10278,Customer_10278,male,22,Jaipur,Rajasthan,consumer,2025-01-24,direct
10279,Customer_10279,female,35,Kolkata,West Bengal,corporate,2022-04-28,email
10280,Customer_10280,female,18,Noida,Uttar Pradesh,home office,2024-01-31,email
10281,Customer_10281,male,44,Indore,Madhya Pradesh,consumer,2025-10-14,organic search
10282,Customer_10282,male,44,Bengaluru,Karnataka,consumer,2023-08-15,referral
10283,Customer_10283,female,42,Mysuru,Karnataka,consumer,2022-02-07,direct
10284,Customer_10284,male,58,Pune,Maharashtra,corporate,2022-09-28,social media
10285,Customer_10285,female,38,Surat,Gujarat,consumer,2024-12-01,organic search
10286,Customer_10286,male,31,Mumbai,Maharashtra,consumer,2022-10-25,organic search
10287,Customer_10287,female,37,Hyderabad,Telangana,consumer,2025-10-04,direct
10288,Customer_10288,male,45,Surat,Gujarat,consumer,2022-01-29,social media
10289,Customer_10289,female,38,Mysuru,Karnataka,home office,2025-11-20,organic search
10290,Customer_10290,male,40,Vadodara,Gujarat,consumer,2023-01-07,referral
10291,Customer_10291,male,28,Nagpur,Maharashtra,consumer,2023-01-03,referral
10292,Customer_10292,female,19,Nashik,Maharashtra,consumer,2024-08-27,email
10293,Customer_10293,male,37,Kanpur,Uttar Pradesh,consumer,2022-12-23,social media
10294,Customer_10294,male,41,Bengaluru,Karnataka,consumer,2025-08-15,email
10295,Customer_10295,male,42,Nagpur,Maharashtra,consumer,2025-08-27,organic search
10296,Customer_10296,male,54,Hyderabad,Telangana,consumer,2022-12-01,referral
10297,Customer_10297,female,39,Kanpur,Uttar Pradesh,consumer,2024-10-10,paid ads
10298,Customer_10298,female,41,New Delhi,Delhi,consumer,2024-11-06,social media
10299,Customer_10299,male,32,Surat,Gujarat,consumer,2022-07-09,organic search
10300,Customer_10300,female,29,Mumbai,Maharashtra,corporate,2025-04-26,email
10301,Customer_10301,male,48,Nashik,Maharashtra,corporate,2023-10-17,email
10302,Customer_10302,female,60,Warangal,Telangana,consumer,2024-01-24,organic search
10303,Customer_10303,male,48,Vadodara,Gujarat,consumer,2022-03-10,referral
10304,Customer_10304,female,47,Udaipur,Rajasthan,corporate,2024-07-30,organic search
10305,Customer_10305,male,58,Kolkata,West Bengal,consumer,2024-01-30,email
10306,Customer_10306,male,37,Amritsar,Punjab,home office,2024-03-18,organic search
10307,Customer_10307,male,25,Warangal,Telangana,home office,2022-06-20,social media
10308,Customer_10308,male,47,Bengaluru,Karnataka,consumer,2023-05-18,paid ads
10309,Customer_10309,female,52,Kanpur,Uttar Pradesh,consumer,2022-03-15,email
10310,Customer_10310,male,38,Delhi,Delhi,consumer,2022-12-21,paid ads
10311,Customer_10311,female,57,Coimbatore,Tamil Nadu,consumer,2023-06-01,paid ads
10312,Customer_10312,male,45,Nashik,Maharashtra,home office,2024-06-26,direct
10313,Customer_10313,female,56,Pune,Maharashtra,home office,2023-03-02,organic search
10314,Customer_10314,female,34,Ludhiana,Punjab,consumer,2024-07-07,direct
10315,Customer_10315,female,29,Noida,Uttar Pradesh,consumer,2025-06-20,social media
10316,Customer_10316,female,35,Kolkata,West Bengal,consumer,2022-10-28,paid ads
10317,Customer_10317,female,45,Coimbatore,Tamil Nadu,consumer,2023-10-07,organic search
10318,Customer_10318,male,20,New Delhi,Delhi,consumer,2024-04-23,social media
10319,Customer_10319,female,32,Mumbai,Maharashtra,home office,2024-05-07,email
10320,Customer_10320,male,33,New Delhi,Delhi,consumer,2025-04-06,social media
10321,Customer_10321,male,39,Surat,Gujarat,consumer,2025-07-31,email
10322,Customer_10322,male,48,Kolkata,West Bengal,consumer,2025-09-02,referral
10323,Customer_10323,female,48,Jaipur,Rajasthan,consumer,2023-03-08,organic search
10324,Customer_10324,male,18,Bengaluru,Karnataka,consumer,2024-12-04,social media
10325,Customer_10325,male,28,Gurugram,Haryana,consumer,2023-08-23,organic search
10326,Customer_10326,male,23,Lucknow,Uttar Pradesh,consumer,2023-11-25,social media
10327,Customer_10327,other,40,Ahmedabad,Gujarat,corporate,2024-06-27,paid ads
10328,Customer_10328,male,26,Vadodara,Gujarat,consumer,2025-07-04,organic search
10329,Customer_10329,male,33,Coimbatore,Tamil Nadu,consumer,2022-06-06,organic search
10330,Customer_10330,male,55,New Delhi,Delhi,corporate,2024-03-07,social media
10331,Customer_10331,female,36,Mysuru,Karnataka,corporate,2022-11-25,paid ads
10332,Customer_10332,female,30,Kanpur,Uttar Pradesh,consumer,2024-04-06,paid ads
10333,Customer_10333,female,49,Nagpur,Maharashtra,consumer,2022-07-11,email
10334,Customer_10334,female,53,Nagpur,Maharashtra,corporate,2023-01-30,organic search
10335,Customer_10335,male,26,Pune,Maharashtra,consumer,2023-10-31,organic search
10336,Customer_10336,female,54,Nagpur,Maharashtra,consumer,2025-01-05,paid ads
10337,Customer_10337,male,48,Indore,Madhya Pradesh,consumer,2023-07-22,organic search
10338,Customer_10338,male,48,Kolkata,West Bengal,consumer,2024-10-14,social media
10339,Customer_10339,male,36,Hyderabad,Telangana,consumer,2024-11-02,referral
10340,Customer_10340,female,19,Mumbai,Maharashtra,consumer,2025-10-19,organic search
10341,Customer_10341,female,49,Warangal,Telangana,corporate,2022-10-23,paid ads
10342,Customer_10342,male,60,Warangal,Telangana,corporate,2025-06-15,email
10343,Customer_10343,female,51,Delhi,Delhi,home office,2025-05-03,organic search
10344,Customer_10344,male,18,Coimbatore,Tamil Nadu,consumer,2022-03-17,organic search
10345,Customer_10345,male,38,Coimbatore,Tamil Nadu,consumer,2022-06-08,paid ads
10346,Customer_10346,male,20,Vadodara,Gujarat,corporate,2022-01-19,organic search
10347,Customer_10347,female,44,Jaipur,Rajasthan,consumer,2024-08-29,referral
10348,Customer_10348,female,24,Nagpur,Maharashtra,consumer,2024-12-31,paid ads
10349,Customer_10349,male,50,Mysuru,Karnataka,consumer,2023-11-17,social media
10350,Customer_10350,female,26,Ahmedabad,Gujarat,consumer,2023-08-14,paid ads
10351,Customer_10351,male,47,Warangal,Telangana,consumer,2024-03-19,email
10352,Customer_10352,female,35,Indore,Madhya Pradesh,consumer,2024-04-10,direct
10353,Customer_10353,other,43,Udaipur,Rajasthan,home office,2023-12-19,social media
10354,Customer_10354,male,37,Mumbai,Maharashtra,consumer,2025-05-21,social media
10355,Customer_10355,female,55,Nagpur,Maharashtra,home office,2022-01-10,paid ads
10356,Customer_10356,female,58,Jaipur,Rajasthan,corporate,2025-06-29,email
10357,Customer_10357,male,48,Mumbai,Maharashtra,consumer,2022-01-31,referral
10358,Customer_10358,female,25,Ahmedabad,Gujarat,corporate,2024-01-04,organic search
10359,Customer_10359,male,40,Gurugram,Haryana,consumer,2025-06-05,social media
10360,Customer_10360,male,42,Vadodara,Gujarat,consumer,2022-11-14,organic search
10361,Customer_10361,male,18,Coimbatore,Tamil Nadu,consumer,2023-09-08,organic search
10362,Customer_10362,male,35,Jaipur,Rajasthan,consumer,2022-12-18,social media
10363,Customer_10363,female,36,Chennai,Tamil Nadu,consumer,2023-07-18,social media
10364,Customer_10364,female,59,Vadodara,Gujarat,consumer,2025-03-07,direct
10365,Customer_10365,female,23,Gurugram,Haryana,consumer,2024-10-15,social media
10366,Customer_10366,male,34,Chennai,Tamil Nadu,consumer,2024-07-03,direct
10367,Customer_10367,male,25,Amritsar,Punjab,consumer,2023-05-20,paid ads
10368,Customer_10368,male,59,Faridabad,Haryana,consumer,2024-10-24,organic search
10369,Customer_10369,male,26,Delhi,Delhi,consumer,2025-04-05,paid ads
10370,Customer_10370,other,54,Mumbai,Maharashtra,home office,2022-06-07,social media
10371,Customer_10371,female,44,Nashik,Maharashtra,consumer,2023-03-03,referral
10372,Customer_10372,male,53,Nagpur,Maharashtra,corporate,2023-07-09,referral
10373,Customer_10373,female,23,Mumbai,Maharashtra,consumer,2024-08-23,direct
10374,Customer_10374,female,23,Jaipur,Rajasthan,consumer,2023-10-30,organic search
10375,Customer_10375,male,21,Mumbai,Maharashtra,consumer,2025-03-25,social media
10376,Customer_10376,female,39,Mysuru,Karnataka,consumer,2022-01-28,organic search
10377,Customer_10377,male,57,Bhopal,Madhya Pradesh,home office,2024-11-11,organic search
10378,Customer_10378,male,44,Pune,Maharashtra,consumer,2024-04-30,organic search
10379,Customer_10379,male,54,Kanpur,Uttar Pradesh,consumer,2025-03-16,direct
10380,Customer_10380,male,19,Mysuru,Karnataka,consumer,2024-07-09,social media
10381,Customer_10381,male,26,Pune,Maharashtra,consumer,2024-05-20,paid ads
10382,Customer_10382,male,28,Kolkata,West Bengal,corporate,2023-06-06,paid ads
10383,Customer_10383,male,37,Ahmedabad,Gujarat,consumer,2025-05-16,organic search
10384,Customer_10384,female,60,Bhopal,Madhya Pradesh,corporate,2022-08-25,organic search
10385,Customer_10385,other,56,Kolkata,West Bengal,consumer,2025-09-11,social media
10386,Customer_10386,female,31,Lucknow,Uttar Pradesh,consumer,2022-11-11,referral
10387,Customer_10387,male,43,Mysuru,Karnataka,consumer,2023-07-08,social media
10388,Customer_10388,male,55,Delhi,Delhi,consumer,2022-12-03,paid ads
10389,Customer_10389,male,47,Noida,Uttar Pradesh,corporate,2024-06-11,referral
10390,Customer_10390,male,53,Lucknow,Uttar Pradesh,consumer,2022-09-03,email
10391,Customer_10391,female,55,Amritsar,Punjab,consumer,2024-06-23,referral
10392,Customer_10392,female,52,Coimbatore,Tamil Nadu,home office,2022-12-30,referral
10393,Customer_10393,female,23,Mysuru,Karnataka,consumer,2025-09-05,paid ads
10394,Customer_10394,female,20,Lucknow,Uttar Pradesh,consumer,2022-10-18,referral
10395,Customer_10395,male,18,Bengaluru,Karnataka,consumer,2023-01-31,referral
10396,Customer_10396,male,35,Faridabad,Haryana,consumer,2023-03-06,social media
10397,Customer_10397,female,40,Bhopal,Madhya Pradesh,consumer,2025-08-09,organic search
10398,Customer_10398,male,49,Coimbatore,Tamil Nadu,consumer,2023-07-29,social media
10399,Customer_10399,male,46,Kanpur,Uttar Pradesh,home office,2023-06-30,paid ads
10400,Customer_10400,male,40,Noida,Uttar Pradesh,consumer,2022-12-13,organic search
10401,Customer_10401,male,53,Nagpur,Maharashtra,corporate,2025-11-29,paid ads
10402,Customer_10402,male,23,Indore,Madhya Pradesh,consumer,2024-01-20,direct
10403,Customer_10403,female,34,Hyderabad,Telangana,consumer,2022-10-05,social media
10404,Customer_10404,female,35,Noida,Uttar Pradesh,corporate,2022-06-17,organic search
10405,Customer_10405,male,48,Bengaluru,Karnataka,home office,2025-01-17,organic search
10406,Customer_10406,male,23,Indore,Madhya Pradesh,consumer,2025-12-21,email
10407,Customer_10407,female,51,Coimbatore,Tamil Nadu,consumer,2024-05-12,organic search
10408,Customer_10408,male,44,Mumbai,Maharashtra,corporate,2025-01-16,organic search
10409,Customer_10409,male,53,Faridabad,Haryana,home office,2024-11-11,social media
10410,Customer_10410,male,59,Pune,Maharashtra,home office,2025-12-22,social media
10411,Customer_10411,male,42,Bengaluru,Karnataka,consumer,2023-12-15,direct
10412,Customer_10412,female,27,Faridabad,Haryana,consumer,2022-09-01,social media
10413,Customer_10413,female,56,unknown,Haryana,consumer,2025-12-07,email
10414,Customer_10414,male,56,Vadodara,Gujarat,home office,2025-01-25,direct
10415,Customer_10415,male,29,Jaipur,Rajasthan,consumer,2022-11-10,organic search
10416,Customer_10416,male,28,Coimbatore,Tamil Nadu,consumer,2025-08-26,social media
10417,Customer_10417,male,60,Bengaluru,Karnataka,home office,2022-11-16,direct
10418,Customer_10418,other,20,Mysuru,Karnataka,consumer,2024-07-12,referral
10419,Customer_10419,female,39,Udaipur,Rajasthan,corporate,2023-05-05,social media
10420,Customer_10420,female,21,Kanpur,Uttar Pradesh,consumer,2024-11-06,referral
10421,Customer_10421,female,25,Lucknow,Uttar Pradesh,consumer,2024-11-06,paid ads
10422,Customer_10422,female,31,Lucknow,Uttar Pradesh,consumer,2023-06-21,referral
10423,Customer_10423,female,37,Nashik,Maharashtra,consumer,2025-12-03,direct
10424,Customer_10424,male,41,Warangal,Telangana,consumer,2022-01-19,direct
10425,Customer_10425,male,31,Mumbai,Maharashtra,consumer,2023-03-14,paid ads
10426,Customer_10426,female,45,Surat,Gujarat,consumer,2024-08-01,paid ads
10427,Customer_10427,male,33,Coimbatore,Tamil Nadu,home office,2023-05-09,organic search
10428,Customer_10428,other,49,Indore,Madhya Pradesh,consumer,2022-12-06,paid ads
10429,Customer_10429,female,29,Mysuru,Karnataka,consumer,2024-03-06,social media
10430,Customer_10430,unknown,33,Nagpur,Maharashtra,consumer,2022-05-10,email
10431,Customer_10431,male,36,Nashik,Maharashtra,consumer,2023-07-18,direct
10432,Customer_10432,female,22,Lucknow,Uttar Pradesh,home office,2024-04-27,social media
10433,Customer_10433,male,29,Surat,Gujarat,consumer,2024-09-27,direct
10434,Customer_10434,other,46,unknown,Maharashtra,consumer,2024-12-21,paid ads
10435,Customer_10435,male,22,Pune,Maharashtra,home office,2023-05-16,social media
10436,Customer_10436,male,59,Kolkata,West Bengal,consumer,2023-09-28,organic search
10437,Customer_10437,female,34,Mumbai,Maharashtra,consumer,2024-05-15,paid ads
10438,Customer_10438,male,25,Noida,Uttar Pradesh,home office,2024-06-26,email
10439,Customer_10439,male,57,Kolkata,West Bengal,corporate,2023-03-18,referral
10440,Customer_10440,other,57,Pune,Maharashtra,consumer,2023-05-11,social media
10441,Customer_10441,male,47,Nagpur,Maharashtra,consumer,2023-05-27,social media
10442,Customer_10442,female,27,Ludhiana,Punjab,home office,2024-09-08,paid ads
10443,Customer_10443,male,37,Bengaluru,Karnataka,consumer,2024-04-18,organic search
10444,Customer_10444,female,33,Bengaluru,Karnataka,corporate,2024-07-25,organic search
10445,Customer_10445,female,58,Lucknow,Uttar Pradesh,home office,2024-03-16,social media
10446,Customer_10446,male,33,Faridabad,Haryana,corporate,2025-12-29,organic search
10447,Customer_10447,male,59,Ludhiana,Punjab,consumer,2024-07-31,paid ads
10448,Customer_10448,female,20,Lucknow,Uttar Pradesh,consumer,2025-11-30,social media
10449,Customer_10449,male,40,Mysuru,Karnataka,consumer,2025-02-05,email
10450,Customer_10450,male,39,Nagpur,Maharashtra,consumer,2025-08-03,referral
10451,Customer_10451,female,45,Kanpur,Uttar Pradesh,home office,2024-10-16,paid ads
10452,Customer_10452,male,53,Vadodara,Gujarat,consumer,2025-09-07,paid ads
10453,Customer_10453,male,21,Coimbatore,Tamil Nadu,consumer,2024-01-27,social media
10454,Customer_10454,female,55,Gurugram,Haryana,corporate,2025-02-18,direct
10455,Customer_10455,male,41,Pune,Maharashtra,consumer,2022-11-14,direct
10456,Customer_10456,male,36,Warangal,Telangana,consumer,2025-02-05,social media
10457,Customer_10457,male,28,Nagpur,Maharashtra,consumer,2022-09-07,paid ads
10458,Customer_10458,female,57,Warangal,Telangana,consumer,2023-11-08,direct
10459,Customer_10459,female,57,Mumbai,Maharashtra,home office,2025-02-15,social media
10460,Customer_10460,female,56,Nagpur,Maharashtra,corporate,2023-02-07,referral
10461,Customer_10461,male,35,Mumbai,Maharashtra,consumer,2025-02-27,referral
10462,Customer_10462,male,29,Jaipur,Rajasthan,consumer,2023-05-03,referral
10463,Customer_10463,male,31,Lucknow,Uttar Pradesh,corporate,2024-10-22,direct
10464,Customer_10464,male,35,Surat,Gujarat,home office,2025-10-17,organic search
10465,Customer_10465,female,59,Amritsar,Punjab,consumer,2022-02-18,referral
10466,Customer_10466,male,29,Mysuru,Karnataka,corporate,2025-05-24,organic search
10467,Customer_10467,male,57,Bengaluru,Karnataka,consumer,2023-11-21,social media
10468,Customer_10468,male,44,Indore,Madhya Pradesh,consumer,2023-06-09,paid ads
10469,Customer_10469,female,23,Delhi,Delhi,corporate,2022-08-24,paid ads
10470,Customer_10470,female,41,Ludhiana,Punjab,consumer,2022-01-15,email
10471,Customer_10471,female,50,Pune,Maharashtra,consumer,2022-04-01,organic search
10472,Customer_10472,female,33,Amritsar,Punjab,consumer,2023-10-13,organic search
10473,Customer_10473,male,29,Pune,Maharashtra,consumer,2025-05-05,social media
10474,Customer_10474,male,48,Bhopal,Madhya Pradesh,consumer,2023-02-23,social media
10475,Customer_10475,male,54,Hyderabad,Telangana,consumer,2023-11-15,organic search
10476,Customer_10476,female,30,Ludhiana,Punjab,consumer,2024-05-25,direct
10477,Customer_10477,female,25,Pune,Maharashtra,consumer,2024-12-28,referral
10478,Customer_10478,male,55,Surat,Gujarat,consumer,2024-12-04,paid ads
10479,Customer_10479,female,20,Amritsar,Punjab,consumer,2024-10-18,paid ads
10480,Customer_10480,female,37,Warangal,Telangana,corporate,2022-09-02,referral
10481,Customer_10481,female,21,Surat,Gujarat,consumer,2024-05-28,email
10482,Customer_10482,female,19,Kolkata,West Bengal,home office,2022-03-11,direct
10483,Customer_10483,female,53,Chennai,Tamil Nadu,home office,2025-12-10,social media
10484,Customer_10484,male,40,Surat,Gujarat,consumer,2023-04-04,referral
10485,Customer_10485,female,36,Surat,Gujarat,consumer,2025-05-19,social media
10486,Customer_10486,female,57,Indore,Madhya Pradesh,consumer,2025-03-01,organic search
10487,Customer_10487,male,25,Mumbai,Maharashtra,consumer,2024-06-06,organic search
10488,Customer_10488,female,33,Bengaluru,Karnataka,consumer,2025-08-29,organic search
10489,Customer_10489,female,60,Gurugram,Haryana,consumer,2023-06-25,organic search
10490,Customer_10490,male,35,Indore,Madhya Pradesh,consumer,2024-01-27,paid ads
10491,Customer_10491,female,53,Chennai,Tamil Nadu,home office,2024-05-11,social media
10492,Customer_10492,male,41,Vadodara,Gujarat,home office,2022-07-30,referral
10493,Customer_10493,female,18,Bengaluru,Karnataka,consumer,2023-03-08,organic search
10494,Customer_10494,female,18,New Delhi,Delhi,consumer,2023-10-31,organic search
10495,Customer_10495,male,53,Warangal,Telangana,consumer,2024-06-16,social media
10496,Customer_10496,male,28,Bengaluru,Karnataka,consumer,2022-09-25,organic search
10497,Customer_10497,female,35,Surat,Gujarat,corporate,2022-07-22,referral
10498,Customer_10498,male,33,Pune,Maharashtra,corporate,2022-08-26,referral
10499,Customer_10499,male,34,Amritsar,Punjab,consumer,2024-08-11,email
10500,Customer_10500,female,41,Amritsar,Punjab,consumer,2023-09-15,email
10501,Customer_10501,male,51,Kolkata,West Bengal,consumer,2025-04-13,referral
10502,Customer_10502,male,21,Warangal,Telangana,home office,2025-02-07,direct
10503,Customer_10503,unknown,52,Bengaluru,Karnataka,consumer,2023-03-16,direct
10504,Customer_10504,female,32,Noida,Uttar Pradesh,consumer,2025-12-22,organic search
10505,Customer_10505,female,19,Kolkata,West Bengal,corporate,2025-03-03,direct
10506,Customer_10506,female,48,Nashik,Maharashtra,corporate,2024-08-16,direct
10507,Customer_10507,male,26,Faridabad,Haryana,home office,2023-01-10,organic search
10508,Customer_10508,male,27,Lucknow,Uttar Pradesh,consumer,2024-03-19,organic search
10509,Customer_10509,male,42,Faridabad,Haryana,consumer,2023-05-10,organic search
10510,Customer_10510,female,22,Kolkata,West Bengal,consumer,2024-05-20,social media
10511,Customer_10511,female,31,Vadodara,Gujarat,home office,2024-05-25,email
10512,Customer_10512,female,59,Chennai,Tamil Nadu,corporate,2025-03-07,referral
10513,Customer_10513,female,55,Faridabad,Haryana,corporate,2022-07-26,organic search
10514,Customer_10514,female,57,Bhopal,Madhya Pradesh,consumer,2024-02-15,organic search
10515,Customer_10515,male,19,Mumbai,Maharashtra,corporate,2025-09-14,social media
10516,Customer_10516,male,35,Nashik,Maharashtra,consumer,2024-09-20,organic search
10517,Customer_10517,male,46,Mysuru,Karnataka,consumer,2022-07-30,organic search
10518,Customer_10518,male,37,Kanpur,Uttar Pradesh,consumer,2025-02-19,email
10519,Customer_10519,female,25,Ludhiana,Punjab,consumer,2024-04-22,paid ads
10520,Customer_10520,male,54,Pune,Maharashtra,consumer,2025-03-31,direct
10521,Customer_10521,female,43,Vadodara,Gujarat,home office,2024-07-03,email
10522,Customer_10522,female,54,Coimbatore,Tamil Nadu,corporate,2024-07-21,email
10523,Customer_10523,male,21,Ludhiana,Punjab,consumer,2025-10-20,organic search
10524,Customer_10524,male,50,Indore,Madhya Pradesh,corporate,2023-01-15,referral
10525,Customer_10525,male,39,Noida,Uttar Pradesh,consumer,2023-10-09,referral
10526,Customer_10526,male,23,Hyderabad,Telangana,consumer,2022-02-09,direct
10527,Customer_10527,female,50,Coimbatore,Tamil Nadu,consumer,2023-06-06,paid ads
10528,Customer_10528,male,45,Delhi,Delhi,home office,2025-10-09,paid ads
10529,Customer_10529,female,41,Mumbai,Maharashtra,consumer,2025-03-30,social media
10530,Customer_10530,female,21,Bhopal,Madhya Pradesh,corporate,2024-05-05,organic search
10531,Customer_10531,female,19,Lucknow,Uttar Pradesh,corporate,2022-04-16,social media
10532,Customer_10532,female,30,Ludhiana,Punjab,consumer,2022-03-04,organic search
10533,Customer_10533,male,28,Amritsar,Punjab,consumer,2025-06-08,paid ads
10534,Customer_10534,male,52,Surat,Gujarat,corporate,2025-03-17,social media
10535,Customer_10535,male,56,Noida,Uttar Pradesh,consumer,2024-01-18,organic search
10536,Customer_10536,male,27,Faridabad,Haryana,home office,2025-06-07,paid ads
10537,Customer_10537,female,60,Indore,Madhya Pradesh,corporate,2022-12-16,organic search
10538,Customer_10538,female,27,New Delhi,Delhi,consumer,2025-01-24,direct
10539,Customer_10539,male,25,Chennai,Tamil Nadu,home office,2025-01-28,referral
10540,Customer_10540,male,22,Pune,Maharashtra,consumer,2023-09-14,social media
10541,Customer_10541,male,40,Gurugram,Haryana,home office,2022-06-15,organic search
10542,Customer_10542,female,51,Ahmedabad,Gujarat,consumer,2022-09-30,referral
10543,Customer_10543,female,49,Delhi,Delhi,corporate,2023-12-24,organic search
10544,Customer_10544,female,33,Udaipur,Rajasthan,consumer,2022-07-10,social media
10545,Customer_10545,female,21,Surat,Gujarat,corporate,2025-11-01,email
10546,Customer_10546,male,45,Bengaluru,Karnataka,consumer,2023-04-20,organic search
10547,Customer_10547,male,31,Nashik,Maharashtra,consumer,2022-01-29,social media
10548,Customer_10548,male,29,Jaipur,Rajasthan,consumer,2025-06-08,paid ads
10549,Customer_10549,male,38,Hyderabad,Telangana,home office,2025-05-22,paid ads
10550,Customer_10550,female,33,Lucknow,Uttar Pradesh,consumer,2024-03-17,organic search
10551,Customer_10551,female,19,Hyderabad,Telangana,corporate,2022-09-17,direct
10552,Customer_10552,female,40,Indore,Madhya Pradesh,corporate,2025-10-17,organic search
10553,Customer_10553,male,46,Surat,Gujarat,home office,2023-10-31,organic search
10554,Customer_10554,male,60,Ahmedabad,Gujarat,consumer,2022-06-17,paid ads
10555,Customer_10555,male,26,Bhopal,Madhya Pradesh,home office,2025-02-23,paid ads
10556,Customer_10556,male,24,Chennai,Tamil Nadu,consumer,2022-01-05,paid ads
10557,Customer_10557,female,46,Nagpur,Maharashtra,corporate,2022-06-06,referral
10558,Customer_10558,male,34,Nashik,Maharashtra,corporate,2023-11-25,organic search
10559,Customer_10559,female,26,Kanpur,Uttar Pradesh,consumer,2023-06-01,email
10560,Customer_10560,female,23,Vadodara,Gujarat,consumer,2025-02-02,paid ads
10561,Customer_10561,male,37,Kolkata,West Bengal,consumer,2022-06-24,direct
10562,Customer_10562,female,27,Delhi,Delhi,consumer,2024-10-16,social media
10563,Customer_10563,male,26,Pune,Maharashtra,home office,2025-02-19,social media
10564,Customer_10564,female,29,Nagpur,Maharashtra,consumer,2025-12-23,paid ads
10565,Customer_10565,female,50,Bengaluru,Karnataka,home office,2023-11-27,direct
10566,Customer_10566,other,49,Ahmedabad,Gujarat,consumer,2022-05-11,email
10567,Customer_10567,male,51,Coimbatore,Tamil Nadu,home office,2022-01-11,organic search
10568,Customer_10568,male,36,Chennai,Tamil Nadu,corporate,2022-09-05,direct
10569,Customer_10569,male,50,Bhopal,Madhya Pradesh,corporate,2025-03-12,organic search
10570,Customer_10570,male,33,Mysuru,Karnataka,consumer,2022-11-05,social media
10571,Customer_10571,female,40,Hyderabad,Telangana,consumer,2022-12-08,email
10572,Customer_10572,female,43,Kanpur,Uttar Pradesh,consumer,2022-09-11,social media
10573,Customer_10573,male,58,Chennai,Tamil Nadu,consumer,2023-12-07,social media
10574,Customer_10574,male,54,Surat,Gujarat,consumer,2025-05-30,direct
10575,Customer_10575,male,26,Bhopal,Madhya Pradesh,corporate,2023-10-13,social media
10576,Customer_10576,male,47,Faridabad,Haryana,consumer,2023-02-22,direct
10577,Customer_10577,male,30,Nashik,Maharashtra,consumer,2023-06-05,organic search
10578,Customer_10578,male,59,Faridabad,Haryana,consumer,2024-05-14,referral
10579,Customer_10579,female,33,Warangal,Telangana,consumer,2022-11-30,social media
10580,Customer_10580,male,19,New Delhi,Delhi,consumer,2024-02-10,referral
10581,Customer_10581,male,48,Chennai,Tamil Nadu,corporate,2022-01-21,email
10582,Customer_10582,female,60,Ludhiana,Punjab,consumer,2024-11-28,direct
10583,Customer_10583,male,36,Warangal,Telangana,corporate,2025-11-29,referral
10584,Customer_10584,female,28,Mysuru,Karnataka,consumer,2024-01-11,organic search
10585,Customer_10585,female,31,Udaipur,Rajasthan,corporate,2023-01-11,organic search
10586,Customer_10586,female,42,New Delhi,Delhi,consumer,2024-01-30,organic search
10587,Customer_10587,male,24,Mumbai,Maharashtra,corporate,2024-05-19,paid ads
10588,Customer_10588,male,32,Nashik,Maharashtra,consumer,2025-01-01,referral
10589,Customer_10589,female,47,Pune,Maharashtra,consumer,2023-10-07,paid ads
10590,Customer_10590,female,48,Pune,Maharashtra,consumer,2022-07-16,direct
10591,Customer_10591,male,41,Pune,Maharashtra,home office,2025-03-11,paid ads
10592,Customer_10592,male,42,Jaipur,Rajasthan,corporate,2022-05-13,paid ads
10593,Customer_10593,male,25,New Delhi,Delhi,consumer,2022-01-25,social media
10594,Customer_10594,male,47,Bengaluru,Karnataka,consumer,2025-04-20,referral
10595,Customer_10595,female,53,Bhopal,Madhya Pradesh,consumer,2022-05-06,email
10596,Customer_10596,male,31,Hyderabad,Telangana,consumer,2023-08-16,referral
10597,Customer_10597,male,46,Udaipur,Rajasthan,consumer,2023-07-01,referral
10598,Customer_10598,female,44,Delhi,Delhi,consumer,2025-08-23,organic search
10599,Customer_10599,male,53,Delhi,Delhi,home office,2022-04-02,referral
10600,Customer_10600,female,51,Nagpur,Maharashtra,home office,2023-12-09,organic search
10601,Customer_10601,female,38,New Delhi,Delhi,consumer,2022-12-22,referral
10602,Customer_10602,male,55,Mysuru,Karnataka,consumer,2022-05-14,social media
10603,Customer_10603,female,28,New Delhi,Delhi,consumer,2024-09-01,organic search
10604,Customer_10604,female,50,Nashik,Maharashtra,consumer,2024-08-29,email
10605,Customer_10605,male,32,Pune,Maharashtra,consumer,2023-03-03,referral
10606,Customer_10606,male,29,Coimbatore,Tamil Nadu,consumer,2022-07-14,direct
10607,Customer_10607,male,41,New Delhi,Delhi,home office,2025-04-24,direct
10608,Customer_10608,female,54,Bengaluru,Karnataka,home office,2025-12-26,referral
10609,Customer_10609,female,28,Warangal,Telangana,consumer,2022-10-25,paid ads
10610,Customer_10610,male,36,Kolkata,West Bengal,consumer,2022-04-13,email
10611,Customer_10611,female,18,Nagpur,Maharashtra,corporate,2024-12-08,paid ads
10612,Customer_10612,male,34,Kanpur,Uttar Pradesh,corporate,2024-03-02,organic search
10613,Customer_10613,female,57,Vadodara,Gujarat,consumer,2025-07-04,organic search
10614,Customer_10614,female,33,Nagpur,Maharashtra,corporate,2024-11-04,social media
10615,Customer_10615,male,43,Bhopal,Madhya Pradesh,consumer,2023-07-01,organic search
10616,Customer_10616,female,60,Gurugram,Haryana,consumer,2025-02-24,social media
10617,Customer_10617,female,60,Pune,Maharashtra,consumer,2023-04-25,organic search
10618,Customer_10618,female,32,Mysuru,Karnataka,home office,2022-10-27,email
10619,Customer_10619,male,25,Lucknow,Uttar Pradesh,consumer,2025-04-21,paid ads
10620,Customer_10620,female,47,Noida,Uttar Pradesh,consumer,2023-06-11,organic search
10621,Customer_10621,female,31,Delhi,Delhi,corporate,2023-01-08,organic search
10622,Customer_10622,male,50,New Delhi,Delhi,corporate,2022-11-13,referral
10623,Customer_10623,male,59,Mysuru,Karnataka,home office,2022-05-05,organic search
10624,Customer_10624,male,24,Warangal,Telangana,consumer,2022-04-03,organic search
10625,Customer_10625,female,35,Vadodara,Gujarat,home office,2024-03-20,paid ads
10626,Customer_10626,female,29,Bengaluru,Karnataka,consumer,2025-12-12,organic search
10627,Customer_10627,male,19,Chennai,Tamil Nadu,consumer,2025-10-24,paid ads
10628,Customer_10628,female,46,Lucknow,Uttar Pradesh,consumer,2024-08-08,organic search
10629,Customer_10629,male,38,Nagpur,Maharashtra,consumer,2023-03-07,organic search
10630,Customer_10630,female,24,Delhi,Delhi,consumer,2023-02-17,referral
10631,Customer_10631,male,44,Kolkata,West Bengal,home office,2022-11-13,organic search
10632,Customer_10632,male,29,Bhopal,Madhya Pradesh,consumer,2022-03-04,organic search
10633,Customer_10633,male,37,Hyderabad,Telangana,consumer,2024-11-20,paid ads
10634,Customer_10634,male,31,Hyderabad,Telangana,consumer,2025-09-19,referral
10635,Customer_10635,female,27,Nashik,Maharashtra,consumer,2023-12-30,social media
10636,Customer_10636,female,58,Chennai,Tamil Nadu,consumer,2022-06-21,organic search
10637,Customer_10637,male,40,Hyderabad,Telangana,home office,2025-05-24,social media
10638,Customer_10638,male,47,Delhi,Delhi,corporate,2023-04-02,organic search
10639,Customer_10639,male,48,Delhi,Delhi,home office,2023-09-07,direct
10640,Customer_10640,female,27,Mysuru,Karnataka,consumer,2025-07-07,organic search
10641,Customer_10641,female,36,Mumbai,Maharashtra,corporate,2023-07-06,organic search
10642,Customer_10642,male,36,Mysuru,Karnataka,consumer,2025-04-17,organic search
10643,Customer_10643,female,40,New Delhi,Delhi,corporate,2022-03-05,referral
10644,Customer_10644,male,58,Mysuru,Karnataka,consumer,2023-07-17,direct
10645,Customer_10645,female,49,Mumbai,Maharashtra,consumer,2023-10-04,referral
10646,Customer_10646,female,37,Indore,Madhya Pradesh,consumer,2022-12-03,social media
10647,Customer_10647,female,21,Ahmedabad,Gujarat,consumer,2024-01-22,direct
10648,Customer_10648,female,50,Udaipur,Rajasthan,consumer,2024-01-12,organic search
10649,Customer_10649,female,18,Lucknow,Uttar Pradesh,consumer,2023-09-18,organic search
10650,Customer_10650,female,30,Warangal,Telangana,corporate,2023-04-30,social media
10651,Customer_10651,female,20,Nashik,Maharashtra,home office,2022-12-26,paid ads
10652,Customer_10652,male,29,Vadodara,Gujarat,consumer,2025-09-13,social media
10653,Customer_10653,male,46,Vadodara,Gujarat,consumer,2024-07-19,social media
10654,Customer_10654,male,48,Noida,Uttar Pradesh,corporate,2024-10-06,direct
10655,Customer_10655,female,58,Coimbatore,Tamil Nadu,consumer,2022-09-19,email
10656,Customer_10656,male,53,Pune,Maharashtra,consumer,2022-07-09,direct
10657,Customer_10657,male,19,Bengaluru,Karnataka,corporate,2023-03-02,organic search
10658,Customer_10658,male,39,Mysuru,Karnataka,consumer,2023-08-02,social media
10659,Customer_10659,male,39,Jaipur,Rajasthan,consumer,2024-02-02,paid ads
10660,Customer_10660,female,58,Ahmedabad,Gujarat,consumer,2023-11-04,paid ads
10661,Customer_10661,female,48,Mysuru,Karnataka,consumer,2023-09-28,referral
10662,Customer_10662,female,31,Amritsar,Punjab,consumer,2024-02-28,email
10663,Customer_10663,female,46,Ahmedabad,Gujarat,consumer,2022-03-27,organic search
10664,Customer_10664,female,52,New Delhi,Delhi,consumer,2022-02-15,organic search
10665,Customer_10665,male,26,Nashik,Maharashtra,consumer,2022-04-01,social media
10666,Customer_10666,male,49,Nashik,Maharashtra,consumer,2022-01-14,paid ads
10667,Customer_10667,female,44,Delhi,Delhi,consumer,2025-07-15,direct
10668,Customer_10668,male,27,Nagpur,Maharashtra,consumer,2023-07-07,referral
10669,Customer_10669,male,42,New Delhi,Delhi,consumer,2023-12-01,paid ads
10670,Customer_10670,female,50,Mysuru,Karnataka,consumer,2024-06-19,referral
10671,Customer_10671,male,28,New Delhi,Delhi,consumer,2023-06-07,direct
10672,Customer_10672,male,54,Indore,Madhya Pradesh,consumer,2025-10-27,direct
10673,Customer_10673,male,26,Pune,Maharashtra,consumer,2022-05-03,email
10674,Customer_10674,male,24,Hyderabad,Telangana,consumer,2025-06-02,organic search
10675,Customer_10675,male,24,Coimbatore,Tamil Nadu,consumer,2022-03-15,social media
10676,Customer_10676,male,51,Amritsar,Punjab,home office,2024-04-18,social media
10677,Customer_10677,female,36,Mumbai,Maharashtra,consumer,2022-05-23,organic search
10678,Customer_10678,female,37,Chennai,Tamil Nadu,consumer,2022-01-08,organic search
10679,Customer_10679,male,59,Amritsar,Punjab,consumer,2022-07-20,paid ads
10680,Customer_10680,female,42,Indore,Madhya Pradesh,corporate,2023-12-14,referral
10681,Customer_10681,male,22,Noida,Uttar Pradesh,consumer,2022-07-26,direct
10682,Customer_10682,male,46,New Delhi,Delhi,consumer,2023-12-13,organic search
10683,Customer_10683,male,44,New Delhi,Delhi,consumer,2025-11-21,social media
10684,Customer_10684,female,42,Jaipur,Rajasthan,consumer,2025-06-19,paid ads
10685,Customer_10685,male,54,Faridabad,Haryana,home office,2023-03-20,organic search
10686,Customer_10686,female,32,Vadodara,Gujarat,home office,2023-06-25,social media
10687,Customer_10687,female,21,Surat,Gujarat,consumer,2024-04-25,organic search
10688,Customer_10688,female,31,Mysuru,Karnataka,consumer,2025-11-26,organic search
10689,Customer_10689,female,34,Kanpur,Uttar Pradesh,corporate,2025-08-01,direct
10690,Customer_10690,female,38,Delhi,Delhi,consumer,2025-12-19,referral
10691,Customer_10691,male,33,Mysuru,Karnataka,consumer,2025-02-14,paid ads
10692,Customer_10692,male,43,Chennai,Tamil Nadu,corporate,2023-07-11,organic search
10693,Customer_10693,female,26,Warangal,Telangana,consumer,2025-06-19,organic search
10694,Customer_10694,female,19,Delhi,Delhi,home office,2025-11-17,organic search
10695,Customer_10695,male,60,Nagpur,Maharashtra,consumer,2025-09-07,organic search
10696,Customer_10696,male,32,Ahmedabad,Gujarat,consumer,2024-11-30,organic search
10697,Customer_10697,male,52,Mysuru,Karnataka,consumer,2025-01-01,referral
10698,Customer_10698,male,41,Ahmedabad,Gujarat,corporate,2024-03-26,paid ads
10699,Customer_10699,male,55,Nashik,Maharashtra,consumer,2025-01-23,referral
10700,Customer_10700,female,31,Warangal,Telangana,consumer,2022-03-16,organic search
10701,Customer_10701,female,54,Warangal,Telangana,home office,2022-07-22,paid ads
10702,Customer_10702,male,54,Nagpur,Maharashtra,consumer,2022-03-20,referral
10703,Customer_10703,female,23,Bengaluru,Karnataka,consumer,2023-04-05,referral
10704,Customer_10704,female,35,Mumbai,Maharashtra,corporate,2023-10-02,organic search
10705,Customer_10705,male,39,Mumbai,Maharashtra,consumer,2025-12-12,direct
10706,Customer_10706,male,35,Ludhiana,Punjab,consumer,2024-01-10,social media
10707,Customer_10707,female,19,Mysuru,Karnataka,consumer,2023-02-28,social media
10708,Customer_10708,female,49,Kanpur,Uttar Pradesh,corporate,2025-10-01,referral
10709,Customer_10709,male,34,New Delhi,Delhi,consumer,2024-04-03,organic search
10710,Customer_10710,other,18,Jaipur,Rajasthan,corporate,2022-01-09,organic search
10711,Customer_10711,male,26,Lucknow,Uttar Pradesh,consumer,2025-02-28,email
10712,Customer_10712,male,30,Surat,Gujarat,home office,2024-12-20,paid ads
10713,Customer_10713,male,53,Hyderabad,Telangana,consumer,2023-12-08,organic search
10714,Customer_10714,male,54,Chennai,Tamil Nadu,consumer,2023-12-13,referral
10715,Customer_10715,female,47,Mysuru,Karnataka,consumer,2023-05-23,organic search
10716,Customer_10716,unknown,48,Faridabad,Haryana,consumer,2022-10-10,organic search
10717,Customer_10717,male,40,Noida,Uttar Pradesh,consumer,2025-07-26,paid ads
10718,Customer_10718,female,45,Ludhiana,Punjab,consumer,2024-02-18,social media
10719,Customer_10719,female,27,Nashik,Maharashtra,consumer,2023-11-10,direct
10720,Customer_10720,male,42,Kolkata,West Bengal,consumer,2024-09-04,social media
10721,Customer_10721,female,53,Gurugram,Haryana,consumer,2023-04-15,email
10722,Customer_10722,male,43,Delhi,Delhi,corporate,2023-08-17,referral
10723,Customer_10723,female,43,Nagpur,Maharashtra,corporate,2025-09-16,social media
10724,Customer_10724,male,30,Noida,Uttar Pradesh,consumer,2025-09-09,referral
10725,Customer_10725,female,34,Vadodara,Gujarat,consumer,2024-07-20,direct
10726,Customer_10726,male,57,Lucknow,Uttar Pradesh,consumer,2023-07-01,organic search
10727,Customer_10727,female,21,Mumbai,Maharashtra,home office,2024-02-27,referral
10728,Customer_10728,female,40,Kanpur,Uttar Pradesh,home office,2022-06-22,organic search
10729,Customer_10729,male,52,Delhi,Delhi,consumer,2025-12-11,referral
10730,Customer_10730,male,28,Mumbai,Maharashtra,consumer,2022-11-14,referral
10731,Customer_10731,male,29,Nagpur,Maharashtra,consumer,2024-05-04,email
10732,Customer_10732,female,26,Noida,Uttar Pradesh,consumer,2025-01-10,paid ads
10733,Customer_10733,male,32,Jaipur,Rajasthan,consumer,2022-04-26,organic search
10734,Customer_10734,female,54,Warangal,Telangana,consumer,2022-05-05,organic search
10735,Customer_10735,male,22,Mysuru,Karnataka,consumer,2024-07-06,paid ads
10736,Customer_10736,male,36,Bhopal,Madhya Pradesh,consumer,2023-08-15,organic search
10737,Customer_10737,male,28,Coimbatore,Tamil Nadu,home office,2025-01-10,referral
10738,Customer_10738,male,26,Kanpur,Uttar Pradesh,consumer,2025-11-15,organic search
10739,Customer_10739,female,52,Chennai,Tamil Nadu,consumer,2025-12-09,email
10740,Customer_10740,female,44,Mysuru,Karnataka,consumer,2024-02-29,paid ads
10741,Customer_10741,male,30,Chennai,Tamil Nadu,consumer,2024-03-12,social media
10742,Customer_10742,male,29,Bengaluru,Karnataka,home office,2025-02-07,organic search
10743,Customer_10743,male,26,Kanpur,Uttar Pradesh,consumer,2023-11-19,paid ads
10744,Customer_10744,female,59,Warangal,Telangana,consumer,2024-12-13,social media
10745,Customer_10745,male,45,New Delhi,Delhi,consumer,2022-10-30,referral
10746,Customer_10746,female,30,Indore,Madhya Pradesh,consumer,2025-11-11,paid ads
10747,Customer_10747,female,37,Coimbatore,Tamil Nadu,corporate,2025-05-08,organic search
10748,Customer_10748,male,30,Vadodara,Gujarat,consumer,2023-12-13,organic search
10749,Customer_10749,female,44,Gurugram,Haryana,consumer,2023-10-31,social media
10750,Customer_10750,male,43,Ahmedabad,Gujarat,consumer,2025-11-27,organic search
10751,Customer_10751,male,46,Pune,Maharashtra,consumer,2024-07-28,organic search
10752,Customer_10752,male,46,Gurugram,Haryana,consumer,2022-12-26,organic search
10753,Customer_10753,male,39,Surat,Gujarat,consumer,2025-04-18,paid ads
10754,Customer_10754,male,26,Mysuru,Karnataka,consumer,2025-05-06,direct
10755,Customer_10755,male,41,Nashik,Maharashtra,corporate,2022-01-20,direct
10756,Customer_10756,male,59,Lucknow,Uttar Pradesh,consumer,2022-11-12,direct
10757,Customer_10757,male,36,Ahmedabad,Gujarat,consumer,2024-06-01,paid ads
10758,Customer_10758,female,55,Warangal,Telangana,consumer,2025-06-20,direct
10759,Customer_10759,female,48,Indore,Madhya Pradesh,consumer,2022-06-22,organic search
10760,Customer_10760,male,56,Noida,Uttar Pradesh,consumer,2025-11-10,referral
10761,Customer_10761,male,32,Nagpur,Maharashtra,consumer,2024-01-19,paid ads
10762,Customer_10762,male,49,Bengaluru,Karnataka,consumer,2024-10-20,direct
10763,Customer_10763,female,46,unknown,Delhi,home office,2025-03-02,social media
10764,Customer_10764,female,51,Kanpur,Uttar Pradesh,consumer,2022-09-14,referral
10765,Customer_10765,male,26,Nagpur,Maharashtra,corporate,2024-04-26,social media
10766,Customer_10766,male,52,Vadodara,Gujarat,corporate,2023-09-03,referral
10767,Customer_10767,male,23,Lucknow,Uttar Pradesh,home office,2022-04-16,referral
10768,Customer_10768,male,54,Bhopal,Madhya Pradesh,consumer,2022-04-06,email
10769,Customer_10769,female,31,Bengaluru,Karnataka,home office,2023-02-22,email
10770,Customer_10770,female,26,Noida,Uttar Pradesh,home office,2023-09-11,social media
10771,Customer_10771,male,36,Nashik,Maharashtra,consumer,2025-06-24,organic search
10772,Customer_10772,male,40,Indore,Madhya Pradesh,consumer,2022-09-20,email
10773,Customer_10773,male,58,Mumbai,Maharashtra,consumer,2024-11-10,direct
10774,Customer_10774,male,45,Coimbatore,Tamil Nadu,consumer,2023-09-12,organic search
10775,Customer_10775,female,33,Kanpur,Uttar Pradesh,consumer,2022-03-07,referral
10776,Customer_10776,male,43,Mumbai,Maharashtra,consumer,2025-08-18,paid ads
10777,Customer_10777,male,55,New Delhi,Delhi,corporate,2024-06-13,direct
10778,Customer_10778,male,57,Kolkata,West Bengal,consumer,2024-11-22,referral
10779,Customer_10779,female,42,Kolkata,West Bengal,corporate,2022-04-03,paid ads
10780,Customer_10780,female,52,Udaipur,Rajasthan,consumer,2025-09-03,direct
10781,Customer_10781,male,22,Kolkata,West Bengal,consumer,2025-01-10,social media
10782,Customer_10782,male,24,Surat,Gujarat,consumer,2025-03-08,email
10783,Customer_10783,male,40,New Delhi,Delhi,consumer,2023-08-16,organic search
10784,Customer_10784,female,42,Bengaluru,Karnataka,corporate,2025-06-26,paid ads
10785,Customer_10785,male,18,New Delhi,Delhi,consumer,2025-04-28,direct
10786,Customer_10786,male,39,Faridabad,Haryana,consumer,2022-12-10,referral
10787,Customer_10787,male,21,Surat,Gujarat,home office,2023-06-11,social media
10788,Customer_10788,female,45,Chennai,Tamil Nadu,consumer,2024-02-09,organic search
10789,Customer_10789,male,31,Chennai,Tamil Nadu,corporate,2025-02-16,organic search
10790,Customer_10790,male,50,Faridabad,Haryana,consumer,2024-07-02,paid ads
10791,Customer_10791,female,21,Pune,Maharashtra,consumer,2025-12-15,direct
10792,Customer_10792,female,59,Vadodara,Gujarat,consumer,2023-07-27,email
10793,Customer_10793,female,28,Hyderabad,Telangana,home office,2024-05-27,paid ads
10794,Customer_10794,female,56,Ahmedabad,Gujarat,consumer,2024-10-30,organic search
10795,Customer_10795,male,49,Pune,Maharashtra,home office,2023-07-06,paid ads
10796,Customer_10796,male,21,Indore,Madhya Pradesh,home office,2022-06-12,email
10797,Customer_10797,female,18,Faridabad,Haryana,consumer,2025-03-10,social media
10798,Customer_10798,male,43,Surat,Gujarat,consumer,2025-02-19,direct
10799,Customer_10799,female,50,Kolkata,West Bengal,corporate,2022-03-05,organic search
10800,Customer_10800,female,34,Gurugram,Haryana,consumer,2024-08-22,social media
10801,Customer_10801,female,44,Kolkata,West Bengal,consumer,2025-03-28,organic search
10802,Customer_10802,male,59,Mumbai,Maharashtra,consumer,2024-08-22,direct
10803,Customer_10803,female,22,Vadodara,Gujarat,corporate,2022-01-11,paid ads
10804,Customer_10804,female,24,Vadodara,Gujarat,corporate,2022-04-15,social media
10805,Customer_10805,female,42,Chennai,Tamil Nadu,consumer,2023-12-10,direct
10806,Customer_10806,male,25,Kolkata,West Bengal,consumer,2023-06-16,organic search
10807,Customer_10807,male,51,Gurugram,Haryana,home office,2023-07-30,organic search
10808,Customer_10808,male,58,Gurugram,Haryana,consumer,2022-03-04,social media
10809,Customer_10809,male,21,Coimbatore,Tamil Nadu,corporate,2025-08-11,organic search
10810,Customer_10810,male,29,Pune,Maharashtra,consumer,2023-01-10,direct
10811,Customer_10811,female,48,Amritsar,Punjab,corporate,2024-05-18,referral
10812,Customer_10812,female,28,Kanpur,Uttar Pradesh,home office,2024-10-09,organic search
10813,Customer_10813,female,54,Nashik,Maharashtra,consumer,2025-06-21,organic search
10814,Customer_10814,male,53,Faridabad,Haryana,consumer,2024-11-15,social media
10815,Customer_10815,male,39,Bhopal,Madhya Pradesh,consumer,2024-02-16,paid ads
10816,Customer_10816,female,18,Hyderabad,Telangana,consumer,2024-02-06,social media
10817,Customer_10817,male,21,Ahmedabad,Gujarat,consumer,2023-08-14,organic search
10818,Customer_10818,male,53,Chennai,Tamil Nadu,consumer,2025-04-16,referral
10819,Customer_10819,male,25,Nashik,Maharashtra,consumer,2022-12-12,organic search
10820,Customer_10820,female,42,Bengaluru,Karnataka,consumer,2024-07-09,paid ads
10821,Customer_10821,female,45,Noida,Uttar Pradesh,corporate,2024-04-23,referral
10822,Customer_10822,male,55,Nashik,Maharashtra,consumer,2022-10-27,social media
10823,Customer_10823,female,53,Mysuru,Karnataka,consumer,2023-06-26,social media
10824,Customer_10824,male,53,Coimbatore,Tamil Nadu,consumer,2024-10-25,organic search
10825,Customer_10825,male,60,Vadodara,Gujarat,corporate,2025-01-20,organic search
10826,Customer_10826,female,58,Faridabad,Haryana,consumer,2025-09-16,social media
10827,Customer_10827,female,21,Bengaluru,Karnataka,consumer,2024-05-30,organic search
10828,Customer_10828,female,30,Mysuru,Karnataka,consumer,2025-05-11,referral
10829,Customer_10829,female,55,Kanpur,Uttar Pradesh,corporate,2025-04-25,referral
10830,Customer_10830,female,42,Chennai,Tamil Nadu,corporate,2022-06-21,social media
10831,Customer_10831,female,20,New Delhi,Delhi,corporate,2025-06-16,organic search
10832,Customer_10832,female,49,Chennai,Tamil Nadu,consumer,2022-07-23,direct
10833,Customer_10833,female,56,Nashik,Maharashtra,consumer,2022-12-12,email
10834,Customer_10834,female,18,Delhi,Delhi,corporate,2024-06-17,direct
10835,Customer_10835,other,28,Hyderabad,Telangana,consumer,2022-04-06,social media
10836,Customer_10836,male,19,Chennai,Tamil Nadu,consumer,2025-11-22,organic search
10837,Customer_10837,female,22,Gurugram,Haryana,consumer,2025-03-08,social media
10838,Customer_10838,male,39,Mysuru,Karnataka,corporate,2022-07-21,social media
10839,Customer_10839,male,30,Vadodara,Gujarat,consumer,2025-12-08,paid ads
10840,Customer_10840,female,40,Jaipur,Rajasthan,consumer,2024-05-18,paid ads
10841,Customer_10841,male,48,Nashik,Maharashtra,consumer,2023-08-12,social media
10842,Customer_10842,male,52,Jaipur,Rajasthan,consumer,2023-01-08,direct
10843,Customer_10843,female,55,Delhi,Delhi,consumer,2024-01-12,organic search
10844,Customer_10844,male,58,Amritsar,Punjab,consumer,2023-10-08,direct
10845,Customer_10845,male,52,Nashik,Maharashtra,consumer,2022-11-14,paid ads
10846,Customer_10846,female,30,Coimbatore,Tamil Nadu,consumer,2022-05-16,referral
10847,Customer_10847,male,24,Pune,Maharashtra,consumer,2025-01-30,paid ads
10848,Customer_10848,male,22,Ludhiana,Punjab,consumer,2023-01-30,paid ads
10849,Customer_10849,male,46,Hyderabad,Telangana,consumer,2025-08-11,organic search
10850,Customer_10850,male,25,Vadodara,Gujarat,consumer,2023-08-11,referral
10851,Customer_10851,female,25,Nagpur,Maharashtra,consumer,2022-08-03,social media
10852,Customer_10852,female,24,Kanpur,Uttar Pradesh,consumer,2023-09-26,social media
10853,Customer_10853,male,36,New Delhi,Delhi,consumer,2025-08-15,organic search
10854,Customer_10854,female,56,Bhopal,Madhya Pradesh,consumer,2025-03-27,social media
10855,Customer_10855,male,40,New Delhi,Delhi,consumer,2023-06-12,referral
10856,Customer_10856,male,53,New Delhi,Delhi,home office,2022-06-13,paid ads
10857,Customer_10857,female,59,Mumbai,Maharashtra,consumer,2024-09-16,social media
10858,Customer_10858,female,49,Hyderabad,Telangana,consumer,2023-11-19,referral
10859,Customer_10859,female,21,Ahmedabad,Gujarat,consumer,2023-01-21,referral
10860,Customer_10860,male,47,Pune,Maharashtra,consumer,2022-07-11,email
10861,Customer_10861,male,59,Lucknow,Uttar Pradesh,consumer,2024-09-08,social media
10862,Customer_10862,male,56,Coimbatore,Tamil Nadu,corporate,2025-02-25,email
10863,Customer_10863,male,22,Warangal,Telangana,consumer,2025-12-26,organic search
10864,Customer_10864,female,20,Chennai,Tamil Nadu,consumer,2024-02-06,direct
10865,Customer_10865,male,39,Coimbatore,Tamil Nadu,corporate,2024-11-12,direct
10866,Customer_10866,female,45,Surat,Gujarat,consumer,2022-02-27,social media
10867,Customer_10867,male,39,Nashik,Maharashtra,consumer,2024-01-05,direct
10868,Customer_10868,male,39,Delhi,Delhi,consumer,2022-04-11,email
10869,Customer_10869,male,51,Bhopal,Madhya Pradesh,consumer,2024-03-08,organic search
10870,Customer_10870,male,46,Gurugram,Haryana,consumer,2024-05-18,paid ads
10871,Customer_10871,female,60,Mysuru,Karnataka,consumer,2025-07-16,direct
10872,Customer_10872,male,59,Delhi,Delhi,consumer,2024-05-07,organic search
10873,Customer_10873,male,30,Jaipur,Rajasthan,home office,2022-02-08,direct
10874,Customer_10874,female,24,Chennai,Tamil Nadu,home office,2023-03-13,organic search
10875,Customer_10875,female,27,Nashik,Maharashtra,corporate,2022-10-08,referral
10876,Customer_10876,male,45,Mumbai,Maharashtra,home office,2023-10-14,social media
10877,Customer_10877,male,21,Kolkata,West Bengal,consumer,2022-07-12,referral
10878,Customer_10878,female,49,Jaipur,Rajasthan,consumer,2024-03-17,organic search
10879,Customer_10879,female,39,Nagpur,Maharashtra,consumer,2025-01-21,social media
10880,Customer_10880,female,37,New Delhi,Delhi,corporate,2024-09-22,referral
10881,Customer_10881,male,37,New Delhi,Delhi,consumer,2024-11-08,referral
10882,Customer_10882,other,23,Jaipur,Rajasthan,consumer,2024-10-10,direct
10883,Customer_10883,male,26,Nashik,Maharashtra,corporate,2024-12-10,email
10884,Customer_10884,male,45,Nashik,Maharashtra,corporate,2025-09-29,organic search
10885,Customer_10885,female,30,Kanpur,Uttar Pradesh,corporate,2022-06-01,direct
10886,Customer_10886,male,48,New Delhi,Delhi,consumer,2023-04-06,referral
10887,Customer_10887,male,56,Udaipur,Rajasthan,consumer,2025-01-25,referral
10888,Customer_10888,male,31,New Delhi,Delhi,consumer,2022-04-13,organic search
10889,Customer_10889,male,39,Nashik,Maharashtra,consumer,2024-03-26,social media
10890,Customer_10890,female,54,New Delhi,Delhi,consumer,2023-07-30,organic search
10891,Customer_10891,female,41,Kolkata,West Bengal,consumer,2023-08-11,email
10892,Customer_10892,male,25,Bhopal,Madhya Pradesh,consumer,2022-08-17,social media
10893,Customer_10893,male,32,Lucknow,Uttar Pradesh,consumer,2024-04-03,organic search
10894,Customer_10894,female,58,Chennai,Tamil Nadu,corporate,2025-02-20,social media
10895,Customer_10895,female,23,Jaipur,Rajasthan,corporate,2025-05-01,social media
10896,Customer_10896,male,40,New Delhi,Delhi,consumer,2022-12-09,paid ads
10897,Customer_10897,other,42,Mysuru,Karnataka,consumer,2023-01-12,organic search
10898,Customer_10898,female,48,Indore,Madhya Pradesh,consumer,2024-08-07,direct
10899,Customer_10899,male,46,Pune,Maharashtra,consumer,2025-07-16,paid ads
10900,Customer_10900,male,40,Nagpur,Maharashtra,corporate,2024-01-28,social media
10901,Customer_10901,male,27,Delhi,Delhi,corporate,2025-04-21,organic search
10902,Customer_10902,female,26,Nagpur,Maharashtra,corporate,2024-08-02,paid ads
10903,Customer_10903,male,30,New Delhi,Delhi,consumer,2022-07-19,organic search
10904,Customer_10904,male,49,Surat,Gujarat,corporate,2025-04-25,organic search
10905,Customer_10905,male,58,Chennai,Tamil Nadu,consumer,2022-04-05,paid ads
10906,Customer_10906,female,18,Indore,Madhya Pradesh,consumer,2022-03-10,organic search
10907,Customer_10907,male,18,Kanpur,Uttar Pradesh,consumer,2023-10-23,referral
10908,Customer_10908,female,54,Bengaluru,Karnataka,corporate,2022-05-28,social media
10909,Customer_10909,female,57,New Delhi,Delhi,consumer,2023-05-07,organic search
10910,Customer_10910,male,35,Coimbatore,Tamil Nadu,consumer,2023-12-05,referral
10911,Customer_10911,male,53,Vadodara,Gujarat,consumer,2023-11-20,referral
10912,Customer_10912,male,48,Delhi,Delhi,consumer,2025-11-22,referral
10913,Customer_10913,female,18,Vadodara,Gujarat,consumer,2023-01-19,social media
10914,Customer_10914,male,53,Chennai,Tamil Nadu,consumer,2023-06-21,direct
10915,Customer_10915,male,26,Surat,Gujarat,consumer,2023-03-16,paid ads
10916,Customer_10916,male,39,Coimbatore,Tamil Nadu,corporate,2025-03-26,referral
10917,Customer_10917,male,45,Mysuru,Karnataka,consumer,2023-04-10,social media
10918,Customer_10918,female,43,Faridabad,Haryana,consumer,2025-04-19,email
10919,Customer_10919,female,27,Lucknow,Uttar Pradesh,consumer,2025-10-27,direct
10920,Customer_10920,female,20,Nashik,Maharashtra,corporate,2023-08-26,referral
10921,Customer_10921,male,19,Bhopal,Madhya Pradesh,consumer,2022-06-29,organic search
10922,Customer_10922,male,54,Hyderabad,Telangana,corporate,2022-02-21,social media
10923,Customer_10923,female,48,Indore,Madhya Pradesh,consumer,2023-05-01,referral
10924,Customer_10924,male,50,Noida,Uttar Pradesh,consumer,2025-10-13,email
10925,Customer_10925,female,49,Coimbatore,Tamil Nadu,home office,2025-09-12,social media
10926,Customer_10926,male,60,Pune,Maharashtra,consumer,2024-09-26,paid ads
10927,Customer_10927,male,29,New Delhi,Delhi,consumer,2024-05-11,organic search
10928,Customer_10928,female,20,Surat,Gujarat,consumer,2023-01-26,social media
10929,Customer_10929,other,43,Jaipur,Rajasthan,consumer,2023-06-25,organic search
10930,Customer_10930,female,31,New Delhi,Delhi,consumer,2023-06-17,organic search
10931,Customer_10931,male,29,Nagpur,Maharashtra,home office,2023-07-12,paid ads
10932,Customer_10932,male,43,Lucknow,Uttar Pradesh,home office,2024-09-02,social media
10933,Customer_10933,female,33,Amritsar,Punjab,consumer,2025-07-18,organic search
10934,Customer_10934,female,25,Hyderabad,Telangana,consumer,2022-11-15,organic search
10935,Customer_10935,female,45,New Delhi,Delhi,corporate,2025-04-18,direct
10936,Customer_10936,male,24,Delhi,Delhi,consumer,2025-02-07,organic search
10937,Customer_10937,female,32,Mumbai,Maharashtra,consumer,2022-07-30,email
10938,Customer_10938,female,58,Faridabad,Haryana,corporate,2025-09-18,referral
10939,Customer_10939,female,53,Nagpur,Maharashtra,consumer,2022-11-18,organic search
10940,Customer_10940,female,25,Ahmedabad,Gujarat,corporate,2025-02-18,direct
10941,Customer_10941,male,27,Bengaluru,Karnataka,corporate,2022-09-02,referral
10942,Customer_10942,female,32,Ahmedabad,Gujarat,home office,2025-09-19,social media
10943,Customer_10943,female,35,Jaipur,Rajasthan,consumer,2025-10-31,organic search
10944,Customer_10944,female,54,Lucknow,Uttar Pradesh,home office,2023-10-24,social media
10945,Customer_10945,female,58,New Delhi,Delhi,consumer,2025-04-14,organic search
10946,Customer_10946,female,60,Pune,Maharashtra,consumer,2024-01-22,organic search
10947,Customer_10947,female,52,Pune,Maharashtra,consumer,2022-02-28,social media
10948,Customer_10948,male,19,Bhopal,Madhya Pradesh,consumer,2022-07-05,referral
10949,Customer_10949,male,39,unknown,Madhya Pradesh,consumer,2023-11-17,paid ads
10950,Customer_10950,male,32,Ahmedabad,Gujarat,corporate,2024-01-30,social media
10951,Customer_10951,male,54,Ahmedabad,Gujarat,consumer,2023-12-04,organic search
10952,Customer_10952,male,56,Udaipur,Rajasthan,consumer,2024-10-31,organic search
10953,Customer_10953,male,53,New Delhi,Delhi,corporate,2023-01-08,social media
10954,Customer_10954,male,22,Gurugram,Haryana,home office,2022-06-21,paid ads
10955,Customer_10955,male,32,Coimbatore,Tamil Nadu,consumer,2024-11-29,social media
10956,Customer_10956,male,44,Chennai,Tamil Nadu,consumer,2024-11-10,organic search
10957,Customer_10957,male,33,Hyderabad,Telangana,corporate,2024-01-12,direct
10958,Customer_10958,female,53,Nashik,Maharashtra,corporate,2022-02-11,paid ads
10959,Customer_10959,male,55,Pune,Maharashtra,consumer,2023-12-16,direct
10960,Customer_10960,male,35,Lucknow,Uttar Pradesh,consumer,2024-11-27,referral
10961,Customer_10961,female,52,Mumbai,Maharashtra,consumer,2025-07-29,referral
10962,Customer_10962,female,42,Vadodara,Gujarat,home office,2022-08-30,direct
10963,Customer_10963,male,39,New Delhi,Delhi,consumer,2022-01-29,referral
10964,Customer_10964,female,48,Chennai,Tamil Nadu,consumer,2025-02-16,referral
10965,Customer_10965,female,54,Bengaluru,Karnataka,home office,2024-02-29,organic search
10966,Customer_10966,female,51,Mysuru,Karnataka,consumer,2023-06-20,social media
10967,Customer_10967,male,40,Kolkata,West Bengal,home office,2022-09-18,referral
10968,Customer_10968,female,33,Bengaluru,Karnataka,consumer,2024-12-30,referral
10969,Customer_10969,male,23,Vadodara,Gujarat,consumer,2023-08-10,social media
10970,Customer_10970,female,32,Hyderabad,Telangana,consumer,2023-04-29,paid ads
10971,Customer_10971,other,35,Udaipur,Rajasthan,home office,2024-07-09,organic search
10972,Customer_10972,male,55,Faridabad,Haryana,corporate,2024-11-07,email
10973,Customer_10973,female,30,Kolkata,West Bengal,home office,2024-05-26,paid ads
10974,Customer_10974,male,41,Delhi,Delhi,corporate,2024-04-07,email
10975,Customer_10975,other,30,Pune,Maharashtra,consumer,2025-01-05,organic search
10976,Customer_10976,female,18,New Delhi,Delhi,consumer,2025-08-05,paid ads
10977,Customer_10977,male,53,Vadodara,Gujarat,consumer,2023-05-08,paid ads
10978,Customer_10978,female,35,Nagpur,Maharashtra,consumer,2022-08-04,organic search
10979,Customer_10979,male,50,Warangal,Telangana,home office,2025-01-25,social media
10980,Customer_10980,male,55,Ahmedabad,Gujarat,consumer,2024-03-27,social media
10981,Customer_10981,female,60,Bengaluru,Karnataka,corporate,2025-10-23,organic search
10982,Customer_10982,male,23,Lucknow,Uttar Pradesh,home office,2022-04-10,organic search
10983,Customer_10983,female,34,Nashik,Maharashtra,consumer,2024-12-03,organic search
10984,Customer_10984,male,21,Pune,Maharashtra,home office,2025-10-04,paid ads
10985,Customer_10985,male,31,Kolkata,West Bengal,consumer,2024-03-01,direct
10986,Customer_10986,female,47,Warangal,Telangana,corporate,2023-09-06,social media
10987,Customer_10987,male,37,Kolkata,West Bengal,consumer,2024-09-08,organic search
10988,Customer_10988,female,25,Chennai,Tamil Nadu,consumer,2022-07-30,organic search
10989,Customer_10989,female,19,New Delhi,Delhi,consumer,2022-12-14,referral
10990,Customer_10990,female,54,Lucknow,Uttar Pradesh,home office,2024-10-13,organic search
10991,Customer_10991,female,21,Kanpur,Uttar Pradesh,corporate,2025-03-06,referral
10992,Customer_10992,female,27,Kolkata,West Bengal,consumer,2025-10-10,direct
10993,Customer_10993,male,37,Delhi,Delhi,home office,2022-03-18,social media
10994,Customer_10994,female,52,Vadodara,Gujarat,consumer,2025-12-13,social media
10995,Customer_10995,male,27,Mysuru,Karnataka,corporate,2025-02-22,organic search
10996,Customer_10996,female,45,Nagpur,Maharashtra,consumer,2024-12-19,referral
10997,Customer_10997,female,32,unknown,Haryana,consumer,2023-09-30,organic search
10998,Customer_10998,female,53,Nagpur,Maharashtra,consumer,2024-07-11,social media
10999,Customer_10999,female,18,Gurugram,Haryana,consumer,2022-01-24,social media
11000,Customer_11000,female,39,Coimbatore,Tamil Nadu,consumer,2022-11-09,organic search
11001,Customer_11001,female,44,Delhi,Delhi,consumer,2025-08-15,direct
11002,Customer_11002,female,46,Ahmedabad,Gujarat,consumer,2023-12-09,paid ads
11003,Customer_11003,unknown,32,Indore,Madhya Pradesh,consumer,2023-10-20,organic search
11004,Customer_11004,male,27,Kolkata,West Bengal,home office,2023-07-19,social media
11005,Customer_11005,male,37,Lucknow,Uttar Pradesh,consumer,2023-05-05,paid ads
11006,Customer_11006,female,39,Udaipur,Rajasthan,consumer,2025-01-19,email
11007,Customer_11007,male,26,Kolkata,West Bengal,consumer,2022-10-25,referral
11008,Customer_11008,male,49,Indore,Madhya Pradesh,consumer,2025-10-14,direct
11009,Customer_11009,male,34,Delhi,Delhi,corporate,2025-02-04,social media
11010,Customer_11010,female,59,Hyderabad,Telangana,corporate,2025-09-24,organic search
11011,Customer_11011,female,36,New Delhi,Delhi,consumer,2025-11-15,direct
11012,Customer_11012,male,57,Ludhiana,Punjab,consumer,2024-12-19,social media
11013,Customer_11013,male,44,Gurugram,Haryana,corporate,2025-07-18,organic search
11014,Customer_11014,male,54,Nashik,Maharashtra,home office,2025-11-03,paid ads
11015,Customer_11015,male,51,Kolkata,West Bengal,consumer,2024-10-28,organic search
11016,Customer_11016,male,27,Faridabad,Haryana,consumer,2025-05-07,organic search
11017,Customer_11017,female,47,New Delhi,Delhi,consumer,2023-08-08,email
11018,Customer_11018,other,38,Ahmedabad,Gujarat,consumer,2022-01-12,organic search
11019,Customer_11019,male,38,Gurugram,Haryana,corporate,2025-07-14,referral
11020,Customer_11020,male,51,Pune,Maharashtra,consumer,2023-05-06,referral
11021,Customer_11021,male,26,Kolkata,West Bengal,consumer,2023-04-06,direct
11022,Customer_11022,male,51,Bengaluru,Karnataka,consumer,2023-06-13,social media
11023,Customer_11023,male,29,Faridabad,Haryana,consumer,2024-09-11,referral
11024,Customer_11024,male,38,Amritsar,Punjab,consumer,2025-06-04,social media
11025,Customer_11025,male,37,Faridabad,Haryana,consumer,2024-12-12,social media
11026,Customer_11026,female,23,Warangal,Telangana,corporate,2025-12-06,organic search
11027,Customer_11027,female,53,Indore,Madhya Pradesh,consumer,2025-02-18,email
11028,Customer_11028,female,29,Indore,Madhya Pradesh,consumer,2025-04-14,organic search
11029,Customer_11029,male,58,Mysuru,Karnataka,consumer,2025-01-17,organic search
11030,Customer_11030,female,48,Lucknow,Uttar Pradesh,consumer,2025-08-07,paid ads
11031,Customer_11031,female,19,Nagpur,Maharashtra,consumer,2025-04-02,referral
11032,Customer_11032,male,33,Ahmedabad,Gujarat,consumer,2023-08-23,paid ads
11033,Customer_11033,male,18,Delhi,Delhi,corporate,2023-06-22,referral
11034,Customer_11034,male,21,Mumbai,Maharashtra,consumer,2025-04-30,direct
11035,Customer_11035,male,18,Nagpur,Maharashtra,corporate,2023-07-11,direct
11036,Customer_11036,male,52,Kolkata,West Bengal,consumer,2024-05-29,paid ads
11037,Customer_11037,female,30,Bengaluru,Karnataka,consumer,2022-10-09,social media
11038,Customer_11038,male,59,Kolkata,West Bengal,consumer,2025-09-05,organic search
11039,Customer_11039,male,48,Mumbai,Maharashtra,consumer,2024-04-30,referral
11040,Customer_11040,female,37,Bengaluru,Karnataka,consumer,2025-06-23,organic search
11041,Customer_11041,female,24,Ahmedabad,Gujarat,consumer,2022-02-01,email
11042,Customer_11042,male,57,Kanpur,Uttar Pradesh,consumer,2025-12-21,referral
11043,Customer_11043,female,50,Bengaluru,Karnataka,consumer,2024-02-07,referral
11044,Customer_11044,male,45,Ahmedabad,Gujarat,consumer,2024-08-19,organic search
11045,Customer_11045,male,37,Indore,Madhya Pradesh,home office,2022-02-24,referral
11046,Customer_11046,female,49,Surat,Gujarat,home office,2023-10-01,organic search
11047,Customer_11047,male,26,New Delhi,Delhi,consumer,2024-02-05,social media
11048,Customer_11048,male,51,Nashik,Maharashtra,consumer,2023-07-25,social media
11049,Customer_11049,male,31,Indore,Madhya Pradesh,consumer,2022-10-03,organic search
11050,Customer_11050,female,21,Pune,Maharashtra,consumer,2025-06-05,social media
11051,Customer_11051,female,46,Bhopal,Madhya Pradesh,corporate,2024-09-27,paid ads
11052,Customer_11052,male,32,Hyderabad,Telangana,consumer,2023-08-18,organic search
11053,Customer_11053,female,34,Faridabad,Haryana,consumer,2023-11-17,referral
11054,Customer_11054,male,36,Noida,Uttar Pradesh,home office,2023-08-28,social media
11055,Customer_11055,female,55,Amritsar,Punjab,corporate,2022-05-19,paid ads
11056,Customer_11056,male,26,Bengaluru,Karnataka,corporate,2023-10-03,referral
11057,Customer_11057,female,44,Lucknow,Uttar Pradesh,home office,2025-10-27,paid ads
11058,Customer_11058,other,32,Coimbatore,Tamil Nadu,corporate,2025-09-27,direct
11059,Customer_11059,female,54,Warangal,Telangana,consumer,2022-03-30,referral
11060,Customer_11060,male,45,Vadodara,Gujarat,consumer,2023-10-01,organic search
11061,Customer_11061,female,21,Bhopal,Madhya Pradesh,consumer,2023-01-23,organic search
11062,Customer_11062,male,38,Ludhiana,Punjab,consumer,2025-08-03,organic search
11063,Customer_11063,female,51,Noida,Uttar Pradesh,corporate,2025-08-31,social media
11064,Customer_11064,male,36,Coimbatore,Tamil Nadu,consumer,2023-07-24,paid ads
11065,Customer_11065,male,54,Coimbatore,Tamil Nadu,consumer,2024-05-30,email
11066,Customer_11066,male,21,Kanpur,Uttar Pradesh,consumer,2023-09-15,referral
11067,Customer_11067,male,54,Delhi,Delhi,consumer,2023-10-24,social media
11068,Customer_11068,female,49,Nagpur,Maharashtra,home office,2022-01-19,email
11069,Customer_11069,female,29,Mysuru,Karnataka,consumer,2025-11-03,organic search
11070,Customer_11070,female,58,Bengaluru,Karnataka,consumer,2025-03-20,social media
11071,Customer_11071,female,33,Mysuru,Karnataka,consumer,2024-06-26,organic search
11072,Customer_11072,female,31,Delhi,Delhi,consumer,2024-09-20,direct
11073,Customer_11073,male,18,Nagpur,Maharashtra,corporate,2023-05-02,organic search
11074,Customer_11074,male,49,Mumbai,Maharashtra,consumer,2023-04-18,direct
11075,Customer_11075,male,38,Ludhiana,Punjab,home office,2024-01-24,paid ads
11076,Customer_11076,male,21,Chennai,Tamil Nadu,home office,2022-11-04,social media
11077,Customer_11077,male,26,Coimbatore,Tamil Nadu,home office,2025-11-30,social media
11078,Customer_11078,male,39,Jaipur,Rajasthan,consumer,2024-12-31,referral
11079,Customer_11079,male,29,New Delhi,Delhi,home office,2023-06-17,referral
11080,Customer_11080,male,47,Gurugram,Haryana,consumer,2022-01-15,social media
11081,Customer_11081,female,47,Noida,Uttar Pradesh,corporate,2022-03-15,direct
11082,Customer_11082,male,49,Pune,Maharashtra,home office,2023-10-18,organic search
11083,Customer_11083,male,53,Coimbatore,Tamil Nadu,home office,2023-09-27,organic search
11084,Customer_11084,female,24,Bhopal,Madhya Pradesh,corporate,2024-05-17,paid ads
11085,Customer_11085,female,34,Gurugram,Haryana,consumer,2024-02-24,referral
11086,Customer_11086,male,18,Warangal,Telangana,consumer,2024-10-01,social media
11087,Customer_11087,male,31,Vadodara,Gujarat,consumer,2025-08-02,email
11088,Customer_11088,male,55,Nashik,Maharashtra,corporate,2024-06-19,direct
11089,Customer_11089,male,43,Ludhiana,Punjab,consumer,2023-08-28,referral
11090,Customer_11090,male,44,New Delhi,Delhi,consumer,2024-03-16,referral
11091,Customer_11091,female,33,Gurugram,Haryana,consumer,2023-08-26,organic search
11092,Customer_11092,female,24,Jaipur,Rajasthan,consumer,2024-01-05,social media
11093,Customer_11093,male,49,Ahmedabad,Gujarat,home office,2024-01-15,organic search
11094,Customer_11094,male,42,Warangal,Telangana,consumer,2022-11-09,social media
11095,Customer_11095,male,48,New Delhi,Delhi,corporate,2023-12-17,direct
11096,Customer_11096,female,33,New Delhi,Delhi,consumer,2024-07-04,paid ads
11097,Customer_11097,male,58,New Delhi,Delhi,corporate,2025-07-20,paid ads
11098,Customer_11098,female,31,New Delhi,Delhi,consumer,2024-10-10,paid ads
11099,Customer_11099,female,42,Kanpur,Uttar Pradesh,consumer,2022-05-03,email
11100,Customer_11100,male,47,Bengaluru,Karnataka,home office,2025-05-25,organic search
11101,Customer_11101,male,24,Nagpur,Maharashtra,corporate,2024-01-23,email
11102,Customer_11102,male,29,Ludhiana,Punjab,consumer,2024-06-20,paid ads
11103,Customer_11103,male,20,Bhopal,Madhya Pradesh,consumer,2025-05-23,paid ads
11104,Customer_11104,male,44,Faridabad,Haryana,consumer,2022-06-19,social media
11105,Customer_11105,male,36,Ludhiana,Punjab,consumer,2024-08-08,social media
11106,Customer_11106,male,60,New Delhi,Delhi,consumer,2025-12-15,organic search
11107,Customer_11107,male,54,Chennai,Tamil Nadu,consumer,2023-07-15,social media
11108,Customer_11108,female,59,Kanpur,Uttar Pradesh,consumer,2025-10-29,email
11109,Customer_11109,male,24,Kolkata,West Bengal,consumer,2023-11-09,organic search
11110,Customer_11110,female,33,Mumbai,Maharashtra,consumer,2022-10-13,paid ads
11111,Customer_11111,female,49,Lucknow,Uttar Pradesh,home office,2025-05-19,organic search
11112,Customer_11112,female,25,Delhi,Delhi,consumer,2025-05-27,organic search
11113,Customer_11113,female,30,Delhi,Delhi,home office,2025-04-07,organic search
11114,Customer_11114,male,28,Vadodara,Gujarat,consumer,2025-11-15,paid ads
11115,Customer_11115,male,37,Surat,Gujarat,consumer,2023-10-07,email
11116,Customer_11116,female,35,Surat,Gujarat,consumer,2025-08-16,organic search
11117,Customer_11117,female,54,Nagpur,Maharashtra,consumer,2025-09-05,organic search
11118,Customer_11118,female,23,Bhopal,Madhya Pradesh,consumer,2023-12-09,referral
11119,Customer_11119,other,37,New Delhi,Delhi,consumer,2025-12-14,social media
11120,Customer_11120,male,49,Pune,Maharashtra,corporate,2022-10-18,referral
11121,Customer_11121,male,46,Indore,Madhya Pradesh,consumer,2022-10-12,organic search
11122,Customer_11122,male,21,Gurugram,Haryana,home office,2022-01-01,social media
11123,Customer_11123,male,24,Bhopal,Madhya Pradesh,home office,2025-11-26,social media
11124,Customer_11124,male,60,Lucknow,Uttar Pradesh,consumer,2025-08-30,social media
11125,Customer_11125,female,37,Jaipur,Rajasthan,consumer,2025-12-30,organic search
11126,Customer_11126,female,51,Surat,Gujarat,consumer,2022-08-03,organic search
11127,Customer_11127,male,53,Pune,Maharashtra,consumer,2024-09-05,paid ads
11128,Customer_11128,female,24,Chennai,Tamil Nadu,consumer,2022-04-10,paid ads
11129,Customer_11129,female,50,Bengaluru,Karnataka,corporate,2022-02-25,organic search
11130,Customer_11130,female,32,New Delhi,Delhi,home office,2023-09-20,referral
11131,Customer_11131,male,49,Kolkata,West Bengal,corporate,2024-04-27,direct
11132,Customer_11132,female,39,Warangal,Telangana,consumer,2022-06-08,referral
11133,Customer_11133,female,57,unknown,Maharashtra,consumer,2025-05-11,social media
11134,Customer_11134,male,46,New Delhi,Delhi,consumer,2023-01-08,social media
11135,Customer_11135,male,42,Jaipur,Rajasthan,consumer,2022-11-15,email
11136,Customer_11136,female,22,Mumbai,Maharashtra,consumer,2023-12-17,social media
11137,Customer_11137,male,31,Indore,Madhya Pradesh,consumer,2025-11-18,organic search
11138,Customer_11138,male,52,Hyderabad,Telangana,home office,2024-08-05,referral
11139,Customer_11139,male,19,Hyderabad,Telangana,corporate,2023-08-20,email
11140,Customer_11140,female,42,Surat,Gujarat,corporate,2024-03-05,paid ads
11141,Customer_11141,female,33,Lucknow,Uttar Pradesh,home office,2024-09-13,organic search
11142,Customer_11142,male,33,Bengaluru,Karnataka,consumer,2023-09-16,social media
11143,Customer_11143,male,28,Jaipur,Rajasthan,consumer,2022-04-07,email
11144,Customer_11144,other,52,Vadodara,Gujarat,corporate,2024-04-22,social media
11145,Customer_11145,female,40,New Delhi,Delhi,home office,2022-08-17,direct
11146,Customer_11146,female,22,Indore,Madhya Pradesh,consumer,2023-07-04,social media
11147,Customer_11147,male,52,Kanpur,Uttar Pradesh,consumer,2024-12-28,direct
11148,Customer_11148,male,46,Udaipur,Rajasthan,corporate,2024-07-06,social media
11149,Customer_11149,male,22,Indore,Madhya Pradesh,consumer,2022-04-03,direct
11150,Customer_11150,female,20,Bhopal,Madhya Pradesh,consumer,2024-06-05,social media
11151,Customer_11151,male,23,Kolkata,West Bengal,consumer,2024-07-10,social media
11152,Customer_11152,male,40,Kanpur,Uttar Pradesh,home office,2022-09-20,referral
11153,Customer_11153,male,19,Kolkata,West Bengal,consumer,2022-03-31,organic search
11154,Customer_11154,male,35,Jaipur,Rajasthan,home office,2024-10-31,organic search
11155,Customer_11155,female,47,Vadodara,Gujarat,consumer,2025-04-18,email
11156,Customer_11156,male,55,Lucknow,Uttar Pradesh,consumer,2023-11-14,organic search
11157,Customer_11157,female,22,Nagpur,Maharashtra,home office,2025-01-22,referral
11158,Customer_11158,female,28,Indore,Madhya Pradesh,consumer,2024-04-15,organic search
11159,Customer_11159,male,18,Indore,Madhya Pradesh,consumer,2024-07-07,social media
11160,Customer_11160,female,27,Mumbai,Maharashtra,consumer,2024-07-14,referral
11161,Customer_11161,female,58,Lucknow,Uttar Pradesh,corporate,2025-11-24,social media
11162,Customer_11162,female,43,Mumbai,Maharashtra,consumer,2022-08-01,paid ads
11163,Customer_11163,male,50,Mysuru,Karnataka,consumer,2025-08-20,referral
11164,Customer_11164,male,44,Lucknow,Uttar Pradesh,corporate,2025-08-24,paid ads
11165,Customer_11165,male,29,Nagpur,Maharashtra,consumer,2024-04-05,organic search
11166,Customer_11166,female,19,Kanpur,Uttar Pradesh,consumer,2022-03-31,referral
11167,Customer_11167,female,18,Noida,Uttar Pradesh,corporate,2024-12-07,social media
11168,Customer_11168,female,18,Hyderabad,Telangana,consumer,2025-10-27,social media
11169,Customer_11169,male,50,Nagpur,Maharashtra,consumer,2023-04-02,organic search
11170,Customer_11170,male,39,Mysuru,Karnataka,consumer,2025-11-13,organic search
11171,Customer_11171,female,29,Vadodara,Gujarat,home office,2025-03-08,email
11172,Customer_11172,male,56,Amritsar,Punjab,consumer,2022-06-25,direct
11173,Customer_11173,female,53,Udaipur,Rajasthan,consumer,2023-10-28,social media
11174,Customer_11174,male,38,Delhi,Delhi,corporate,2022-05-13,paid ads
11175,Customer_11175,male,37,Udaipur,Rajasthan,consumer,2025-05-27,email
11176,Customer_11176,male,53,Ahmedabad,Gujarat,consumer,2022-06-02,organic search
11177,Customer_11177,male,43,Noida,Uttar Pradesh,consumer,2023-12-30,direct
11178,Customer_11178,male,48,Nagpur,Maharashtra,corporate,2023-04-28,email
11179,Customer_11179,male,18,Kanpur,Uttar Pradesh,consumer,2023-07-09,paid ads
11180,Customer_11180,male,55,Ahmedabad,Gujarat,corporate,2024-03-27,direct
11181,Customer_11181,male,31,Amritsar,Punjab,consumer,2023-05-20,social media
11182,Customer_11182,male,43,Bengaluru,Karnataka,consumer,2025-10-20,email
11183,Customer_11183,female,59,Udaipur,Rajasthan,consumer,2022-08-05,direct
11184,Customer_11184,male,24,Faridabad,Haryana,home office,2022-11-15,organic search
11185,Customer_11185,female,29,Mumbai,Maharashtra,consumer,2022-12-07,organic search
11186,Customer_11186,female,41,Gurugram,Haryana,consumer,2024-01-16,organic search
11187,Customer_11187,female,36,Kolkata,West Bengal,consumer,2024-10-11,social media
11188,Customer_11188,female,26,Nagpur,Maharashtra,consumer,2025-06-20,email
11189,Customer_11189,male,52,Bengaluru,Karnataka,consumer,2025-11-17,paid ads
11190,Customer_11190,female,21,Kolkata,West Bengal,consumer,2025-08-07,organic search
11191,Customer_11191,female,59,Mumbai,Maharashtra,consumer,2022-06-16,referral
11192,Customer_11192,female,49,Ahmedabad,Gujarat,consumer,2023-12-18,social media
11193,Customer_11193,male,23,Mysuru,Karnataka,corporate,2022-02-21,email
11194,Customer_11194,male,45,Surat,Gujarat,home office,2025-02-26,email
11195,Customer_11195,male,45,Nagpur,Maharashtra,consumer,2022-11-18,email
11196,Customer_11196,female,57,Bhopal,Madhya Pradesh,consumer,2022-11-14,referral
11197,Customer_11197,female,46,Amritsar,Punjab,consumer,2022-10-24,email
11198,Customer_11198,male,59,Amritsar,Punjab,consumer,2024-05-27,paid ads
11199,Customer_11199,male,22,Noida,Uttar Pradesh,consumer,2024-08-18,referral
11200,Customer_11200,unknown,22,Nashik,Maharashtra,consumer,2024-01-04,paid ads
11201,Customer_11201,male,54,Noida,Uttar Pradesh,home office,2024-07-20,social media
11202,Customer_11202,female,58,Nagpur,Maharashtra,consumer,2024-05-07,paid ads
11203,Customer_11203,female,45,Mumbai,Maharashtra,consumer,2022-06-28,referral
11204,Customer_11204,male,58,Bengaluru,Karnataka,consumer,2025-05-21,email
11205,Customer_11205,female,26,Warangal,Telangana,consumer,2023-03-28,email
11206,Customer_11206,male,46,Lucknow,Uttar Pradesh,home office,2024-03-07,social media
11207,Customer_11207,female,31,Jaipur,Rajasthan,consumer,2024-11-12,organic search
11208,Customer_11208,female,55,Chennai,Tamil Nadu,home office,2025-06-15,organic search
11209,Customer_11209,female,57,Delhi,Delhi,consumer,2022-09-08,social media
11210,Customer_11210,male,51,Ludhiana,Punjab,consumer,2025-08-25,organic search
11211,Customer_11211,male,54,Coimbatore,Tamil Nadu,home office,2025-06-02,direct
11212,Customer_11212,male,59,Chennai,Tamil Nadu,consumer,2024-03-19,organic search
11213,Customer_11213,male,31,Nagpur,Maharashtra,consumer,2025-11-30,email
11214,Customer_11214,male,35,Kanpur,Uttar Pradesh,corporate,2022-11-04,social media
11215,Customer_11215,female,50,Kolkata,West Bengal,consumer,2025-05-02,direct
11216,Customer_11216,male,51,Delhi,Delhi,corporate,2024-06-29,direct
11217,Customer_11217,male,45,Nashik,Maharashtra,consumer,2022-07-26,email
11218,Customer_11218,male,53,Udaipur,Rajasthan,consumer,2025-01-01,social media
11219,Customer_11219,female,54,Udaipur,Rajasthan,consumer,2024-03-29,social media
11220,Customer_11220,female,40,Delhi,Delhi,home office,2023-11-30,direct
11221,Customer_11221,male,59,Gurugram,Haryana,consumer,2023-10-26,social media
11222,Customer_11222,male,34,Mumbai,Maharashtra,consumer,2022-07-22,social media
11223,Customer_11223,male,28,Coimbatore,Tamil Nadu,consumer,2025-12-01,organic search
11224,Customer_11224,male,49,Faridabad,Haryana,consumer,2024-04-08,referral
11225,Customer_11225,male,54,Chennai,Tamil Nadu,consumer,2025-10-03,referral
11226,Customer_11226,female,32,Udaipur,Rajasthan,consumer,2023-07-19,paid ads
11227,Customer_11227,female,21,Chennai,Tamil Nadu,corporate,2023-09-09,organic search
11228,Customer_11228,female,56,Mysuru,Karnataka,consumer,2025-12-24,social media
11229,Customer_11229,female,47,Ludhiana,Punjab,consumer,2022-04-03,direct
11230,Customer_11230,female,27,Coimbatore,Tamil Nadu,consumer,2024-08-09,organic search
11231,Customer_11231,female,40,Bhopal,Madhya Pradesh,consumer,2025-09-25,social media
11232,Customer_11232,male,41,New Delhi,Delhi,corporate,2024-09-22,organic search
11233,Customer_11233,male,53,New Delhi,Delhi,consumer,2022-10-22,organic search
11234,Customer_11234,male,22,Pune,Maharashtra,consumer,2025-03-26,social media
11235,Customer_11235,male,54,Udaipur,Rajasthan,consumer,2022-04-28,direct
11236,Customer_11236,female,60,Bengaluru,Karnataka,corporate,2023-04-01,email
11237,Customer_11237,male,36,Bhopal,Madhya Pradesh,home office,2024-03-04,organic search
11238,Customer_11238,male,54,Hyderabad,Telangana,consumer,2025-03-07,organic search
11239,Customer_11239,male,25,Ludhiana,Punjab,consumer,2023-04-16,referral
11240,Customer_11240,male,24,Delhi,Delhi,consumer,2025-07-27,email
11241,Customer_11241,female,57,Indore,Madhya Pradesh,consumer,2022-12-04,organic search
11242,Customer_11242,female,30,Kanpur,Uttar Pradesh,consumer,2025-01-24,organic search
11243,Customer_11243,female,54,Noida,Uttar Pradesh,home office,2023-01-05,paid ads
11244,Customer_11244,male,44,Indore,Madhya Pradesh,consumer,2023-01-07,organic search
11245,Customer_11245,female,35,Kanpur,Uttar Pradesh,corporate,2024-01-28,organic search
11246,Customer_11246,male,41,Vadodara,Gujarat,consumer,2022-06-01,social media
11247,Customer_11247,female,58,Nagpur,Maharashtra,corporate,2024-03-09,organic search
11248,Customer_11248,male,19,Pune,Maharashtra,consumer,2023-12-19,social media
11249,Customer_11249,male,33,Gurugram,Haryana,consumer,2024-07-12,email
11250,Customer_11250,male,31,Ahmedabad,Gujarat,home office,2025-04-26,paid ads
11251,Customer_11251,male,34,Lucknow,Uttar Pradesh,consumer,2023-03-13,organic search
11252,Customer_11252,female,23,Warangal,Telangana,consumer,2023-01-18,social media
11253,Customer_11253,male,52,Mumbai,Maharashtra,home office,2025-04-21,organic search
11254,Customer_11254,male,34,Mumbai,Maharashtra,consumer,2023-08-25,referral
11255,Customer_11255,male,55,Kolkata,West Bengal,consumer,2025-01-18,organic search
11256,Customer_11256,female,57,Chennai,Tamil Nadu,corporate,2024-10-08,direct
11257,Customer_11257,male,23,New Delhi,Delhi,home office,2022-02-09,organic search
11258,Customer_11258,female,55,Warangal,Telangana,corporate,2022-04-05,paid ads
11259,Customer_11259,female,38,Nashik,Maharashtra,consumer,2025-06-19,social media
11260,Customer_11260,male,52,Ahmedabad,Gujarat,corporate,2024-06-26,email
11261,Customer_11261,male,40,unknown,Delhi,corporate,2025-01-24,social media
11262,Customer_11262,male,29,Kanpur,Uttar Pradesh,corporate,2024-01-21,organic search
11263,Customer_11263,female,46,Bengaluru,Karnataka,corporate,2024-09-16,organic search
11264,Customer_11264,male,44,Coimbatore,Tamil Nadu,consumer,2022-05-08,organic search
11265,Customer_11265,male,23,Pune,Maharashtra,consumer,2024-12-28,social media
11266,Customer_11266,female,38,Nashik,Maharashtra,consumer,2023-10-24,paid ads
11267,Customer_11267,female,24,Chennai,Tamil Nadu,home office,2025-06-30,referral
11268,Customer_11268,male,60,Hyderabad,Telangana,consumer,2023-04-29,organic search
11269,Customer_11269,male,58,Vadodara,Gujarat,home office,2025-11-21,direct
11270,Customer_11270,male,33,Mysuru,Karnataka,home office,2022-08-17,organic search
11271,Customer_11271,male,22,Kolkata,West Bengal,home office,2022-11-20,referral
11272,Customer_11272,male,32,Bhopal,Madhya Pradesh,home office,2022-08-17,email
11273,Customer_11273,female,38,Noida,Uttar Pradesh,home office,2022-12-16,direct
11274,Customer_11274,male,21,Pune,Maharashtra,corporate,2023-02-23,social media
11275,Customer_11275,female,22,Warangal,Telangana,corporate,2022-08-27,referral
11276,Customer_11276,female,24,Mumbai,Maharashtra,consumer,2022-10-10,organic search
11277,Customer_11277,male,52,New Delhi,Delhi,consumer,2025-04-21,organic search
11278,Customer_11278,female,53,Amritsar,Punjab,consumer,2024-07-30,referral
11279,Customer_11279,male,32,Nashik,Maharashtra,consumer,2023-03-11,referral
11280,Customer_11280,other,45,Warangal,Telangana,consumer,2025-11-16,organic search
11281,Customer_11281,female,19,Vadodara,Gujarat,home office,2025-12-27,organic search
11282,Customer_11282,male,22,Kolkata,West Bengal,consumer,2024-09-10,organic search
11283,Customer_11283,male,24,Surat,Gujarat,consumer,2022-03-29,referral
11284,Customer_11284,male,39,Nashik,Maharashtra,corporate,2023-07-04,paid ads
11285,Customer_11285,male,48,Mysuru,Karnataka,consumer,2025-08-18,paid ads
11286,Customer_11286,male,49,Hyderabad,Telangana,consumer,2023-10-22,organic search
11287,Customer_11287,male,25,Pune,Maharashtra,home office,2022-06-04,email
11288,Customer_11288,female,58,Bengaluru,Karnataka,consumer,2022-09-13,social media
11289,Customer_11289,male,59,Nagpur,Maharashtra,corporate,2024-05-30,referral
11290,Customer_11290,female,28,Pune,Maharashtra,consumer,2022-12-24,organic search
11291,Customer_11291,female,18,Chennai,Tamil Nadu,consumer,2024-09-21,social media
11292,Customer_11292,male,57,Nagpur,Maharashtra,corporate,2025-03-14,organic search
11293,Customer_11293,female,36,Ahmedabad,Gujarat,consumer,2024-01-16,referral
11294,Customer_11294,male,55,Kolkata,West Bengal,home office,2023-07-09,paid ads
11295,Customer_11295,male,59,Kanpur,Uttar Pradesh,consumer,2025-05-03,referral
11296,Customer_11296,female,54,Delhi,Delhi,consumer,2025-01-09,social media
11297,Customer_11297,male,24,Pune,Maharashtra,home office,2023-07-14,email
11298,Customer_11298,female,56,Pune,Maharashtra,home office,2022-01-13,organic search
11299,Customer_11299,female,42,Jaipur,Rajasthan,consumer,2022-06-11,organic search
11300,Customer_11300,female,39,Kolkata,West Bengal,consumer,2022-06-03,organic search
11301,Customer_11301,female,44,Pune,Maharashtra,corporate,2024-11-13,social media
11302,Customer_11302,female,58,Gurugram,Haryana,consumer,2022-06-02,organic search
11303,Customer_11303,male,55,Nagpur,Maharashtra,consumer,2024-06-17,paid ads
11304,Customer_11304,male,56,Vadodara,Gujarat,corporate,2023-03-16,organic search
11305,Customer_11305,female,32,Kolkata,West Bengal,consumer,2024-10-01,organic search
11306,Customer_11306,male,19,Indore,Madhya Pradesh,consumer,2024-06-04,referral
11307,Customer_11307,male,25,Kolkata,West Bengal,consumer,2025-05-14,paid ads
11308,Customer_11308,male,60,Noida,Uttar Pradesh,home office,2022-12-04,social media
11309,Customer_11309,female,23,Mysuru,Karnataka,consumer,2023-02-23,organic search
11310,Customer_11310,male,37,Kanpur,Uttar Pradesh,corporate,2024-10-15,social media
11311,Customer_11311,female,44,Nashik,Maharashtra,consumer,2024-03-14,social media
11312,Customer_11312,male,40,Bhopal,Madhya Pradesh,consumer,2025-09-16,organic search
11313,Customer_11313,male,57,Surat,Gujarat,consumer,2025-05-31,social media
11314,Customer_11314,male,34,Kanpur,Uttar Pradesh,consumer,2024-05-10,referral
11315,Customer_11315,male,30,Coimbatore,Tamil Nadu,consumer,2024-09-25,referral
11316,Customer_11316,female,21,Jaipur,Rajasthan,consumer,2025-02-13,organic search
11317,Customer_11317,male,37,Warangal,Telangana,corporate,2024-04-23,organic search
11318,Customer_11318,male,59,Kolkata,West Bengal,corporate,2025-11-23,organic search
11319,Customer_11319,female,42,Nagpur,Maharashtra,consumer,2024-09-20,social media
11320,Customer_11320,male,39,Nagpur,Maharashtra,corporate,2025-02-16,paid ads
11321,Customer_11321,male,34,New Delhi,Delhi,consumer,2022-10-21,social media
11322,Customer_11322,male,57,Nashik,Maharashtra,consumer,2022-11-05,direct
11323,Customer_11323,other,28,Indore,Madhya Pradesh,consumer,2024-12-27,paid ads
11324,Customer_11324,female,42,Delhi,Delhi,consumer,2025-09-27,social media
11325,Customer_11325,male,22,Ludhiana,Punjab,consumer,2023-03-16,direct
11326,Customer_11326,male,38,Mysuru,Karnataka,consumer,2025-01-11,referral
11327,Customer_11327,male,43,New Delhi,Delhi,consumer,2025-05-06,direct
11328,Customer_11328,male,33,Kanpur,Uttar Pradesh,consumer,2025-07-26,organic search
11329,Customer_11329,female,57,Jaipur,Rajasthan,home office,2022-05-05,referral
11330,Customer_11330,female,38,Hyderabad,Telangana,corporate,2024-12-22,direct
11331,Customer_11331,male,49,Ahmedabad,Gujarat,consumer,2023-10-24,paid ads
11332,Customer_11332,female,21,Kolkata,West Bengal,home office,2022-10-16,direct
11333,Customer_11333,male,55,New Delhi,Delhi,consumer,2025-11-15,direct
11334,Customer_11334,male,25,Ludhiana,Punjab,corporate,2025-08-28,paid ads
11335,Customer_11335,male,26,Ludhiana,Punjab,consumer,2022-01-12,organic search
11336,Customer_11336,male,34,Udaipur,Rajasthan,consumer,2022-05-28,email
11337,Customer_11337,female,58,New Delhi,Delhi,consumer,2022-09-14,paid ads
11338,Customer_11338,male,30,Jaipur,Rajasthan,consumer,2024-08-21,organic search
11339,Customer_11339,male,26,Pune,Maharashtra,consumer,2022-01-02,social media
11340,Customer_11340,female,23,Pune,Maharashtra,consumer,2023-06-08,email
11341,Customer_11341,female,44,Delhi,Delhi,consumer,2023-09-14,paid ads
11342,Customer_11342,female,59,Chennai,Tamil Nadu,consumer,2025-04-27,social media
11343,Customer_11343,female,54,Bhopal,Madhya Pradesh,corporate,2022-02-16,referral
11344,Customer_11344,male,56,Kolkata,West Bengal,consumer,2022-08-05,direct
11345,Customer_11345,female,60,Noida,Uttar Pradesh,corporate,2024-12-30,referral
11346,Customer_11346,female,41,Coimbatore,Tamil Nadu,consumer,2022-04-18,organic search
11347,Customer_11347,female,26,Bengaluru,Karnataka,consumer,2025-05-05,paid ads
11348,Customer_11348,female,59,Bengaluru,Karnataka,consumer,2024-05-06,organic search
11349,Customer_11349,male,28,Ludhiana,Punjab,home office,2024-09-15,referral
11350,Customer_11350,unknown,52,Pune,Maharashtra,consumer,2022-04-15,referral
11351,Customer_11351,male,46,Indore,Madhya Pradesh,corporate,2023-03-16,social media
11352,Customer_11352,male,25,Surat,Gujarat,consumer,2023-12-06,paid ads
11353,Customer_11353,male,34,Coimbatore,Tamil Nadu,consumer,2022-07-23,organic search
11354,Customer_11354,female,24,Kolkata,West Bengal,consumer,2023-01-16,organic search
11355,Customer_11355,male,29,Hyderabad,Telangana,consumer,2023-03-22,social media
11356,Customer_11356,male,32,Bhopal,Madhya Pradesh,home office,2024-01-15,email
11357,Customer_11357,male,46,Bhopal,Madhya Pradesh,corporate,2024-09-22,referral
11358,Customer_11358,female,41,Chennai,Tamil Nadu,home office,2024-03-03,email
11359,Customer_11359,male,54,Mysuru,Karnataka,consumer,2022-04-11,organic search
11360,Customer_11360,female,31,Surat,Gujarat,consumer,2025-06-22,organic search
11361,Customer_11361,female,28,Faridabad,Haryana,consumer,2022-12-09,organic search
11362,Customer_11362,male,52,New Delhi,Delhi,home office,2024-12-24,paid ads
11363,Customer_11363,male,34,Surat,Gujarat,consumer,2023-12-14,referral
11364,Customer_11364,female,44,Vadodara,Gujarat,consumer,2022-09-30,social media
11365,Customer_11365,female,20,Kolkata,West Bengal,home office,2023-12-13,paid ads
11366,Customer_11366,female,19,Nagpur,Maharashtra,consumer,2022-07-21,social media
11367,Customer_11367,male,21,Kolkata,West Bengal,consumer,2022-05-04,referral
11368,Customer_11368,female,35,Faridabad,Haryana,consumer,2024-05-26,email
11369,Customer_11369,male,37,Delhi,Delhi,consumer,2023-08-29,social media
11370,Customer_11370,female,38,Delhi,Delhi,home office,2023-12-31,paid ads
11371,Customer_11371,female,31,Amritsar,Punjab,consumer,2024-11-05,referral
11372,Customer_11372,male,25,New Delhi,Delhi,consumer,2025-12-22,direct
11373,Customer_11373,female,19,Indore,Madhya Pradesh,consumer,2023-05-02,social media
11374,Customer_11374,female,43,Warangal,Telangana,consumer,2022-03-29,organic search
11375,Customer_11375,female,36,New Delhi,Delhi,consumer,2023-11-26,organic search
11376,Customer_11376,male,59,Bhopal,Madhya Pradesh,consumer,2023-01-16,organic search
11377,Customer_11377,male,45,Coimbatore,Tamil Nadu,consumer,2025-06-21,social media
11378,Customer_11378,female,46,Warangal,Telangana,consumer,2022-10-26,social media
11379,Customer_11379,male,22,Mysuru,Karnataka,corporate,2024-10-09,organic search
11380,Customer_11380,male,60,Ahmedabad,Gujarat,consumer,2025-06-15,paid ads
11381,Customer_11381,other,45,Mumbai,Maharashtra,corporate,2022-05-09,direct
11382,Customer_11382,male,58,Coimbatore,Tamil Nadu,consumer,2022-06-08,social media
11383,Customer_11383,female,43,Amritsar,Punjab,consumer,2023-07-28,direct
11384,Customer_11384,male,22,New Delhi,Delhi,home office,2022-04-24,social media
11385,Customer_11385,male,32,Jaipur,Rajasthan,consumer,2022-03-05,organic search
11386,Customer_11386,female,26,Bengaluru,Karnataka,consumer,2025-04-13,email
11387,Customer_11387,female,49,Kanpur,Uttar Pradesh,consumer,2022-05-22,direct
11388,Customer_11388,female,43,Pune,Maharashtra,consumer,2025-07-01,referral
11389,Customer_11389,male,54,Amritsar,Punjab,consumer,2023-09-27,direct
11390,Customer_11390,female,32,Chennai,Tamil Nadu,consumer,2025-08-05,social media
11391,Customer_11391,male,58,Delhi,Delhi,consumer,2025-07-11,social media
11392,Customer_11392,male,21,Mumbai,Maharashtra,consumer,2022-05-25,email
11393,Customer_11393,male,53,Delhi,Delhi,corporate,2025-12-29,organic search
11394,Customer_11394,female,37,Warangal,Telangana,consumer,2023-12-14,email
11395,Customer_11395,male,44,Mysuru,Karnataka,consumer,2023-03-06,organic search
11396,Customer_11396,male,38,Noida,Uttar Pradesh,consumer,2024-09-23,paid ads
11397,Customer_11397,male,39,Coimbatore,Tamil Nadu,consumer,2024-04-26,email
11398,Customer_11398,unknown,24,Delhi,Delhi,consumer,2025-08-06,email
11399,Customer_11399,male,48,Ahmedabad,Gujarat,consumer,2025-05-17,direct
11400,Customer_11400,female,34,Kolkata,West Bengal,consumer,2022-06-12,social media
11401,Customer_11401,male,24,Nagpur,Maharashtra,corporate,2025-07-20,referral
11402,Customer_11402,female,36,Pune,Maharashtra,corporate,2022-02-01,direct
11403,Customer_11403,female,45,Nagpur,Maharashtra,consumer,2024-03-16,organic search
11404,Customer_11404,male,27,Kolkata,West Bengal,home office,2024-07-01,referral
11405,Customer_11405,female,44,Udaipur,Rajasthan,corporate,2022-04-22,organic search
11406,Customer_11406,male,30,Hyderabad,Telangana,consumer,2025-07-05,social media
11407,Customer_11407,female,19,Indore,Madhya Pradesh,home office,2022-10-01,organic search
11408,Customer_11408,other,39,Lucknow,Uttar Pradesh,corporate,2025-01-19,social media
11409,Customer_11409,male,37,Ahmedabad,Gujarat,consumer,2024-10-29,paid ads
11410,Customer_11410,female,60,Bhopal,Madhya Pradesh,consumer,2025-07-26,email
11411,Customer_11411,male,22,New Delhi,Delhi,home office,2024-07-11,referral
11412,Customer_11412,male,23,Nashik,Maharashtra,consumer,2022-03-02,social media
11413,Customer_11413,female,52,New Delhi,Delhi,consumer,2022-11-05,social media
11414,Customer_11414,male,18,Nashik,Maharashtra,consumer,2024-03-09,direct
11415,Customer_11415,male,52,Hyderabad,Telangana,consumer,2025-02-24,organic search
11416,Customer_11416,male,20,Faridabad,Haryana,consumer,2025-09-22,paid ads
11417,Customer_11417,female,53,Nagpur,Maharashtra,corporate,2022-06-04,organic search
11418,Customer_11418,male,24,Nashik,Maharashtra,consumer,2025-05-04,email
11419,Customer_11419,female,46,Chennai,Tamil Nadu,consumer,2024-01-25,organic search
11420,Customer_11420,male,32,Faridabad,Haryana,corporate,2022-06-26,social media
11421,Customer_11421,male,28,Mysuru,Karnataka,consumer,2025-11-15,organic search
11422,Customer_11422,female,35,Warangal,Telangana,consumer,2022-09-08,direct
11423,Customer_11423,male,21,Nashik,Maharashtra,consumer,2024-12-20,email
11424,Customer_11424,female,41,Nagpur,Maharashtra,home office,2022-03-21,social media
11425,Customer_11425,male,28,Ludhiana,Punjab,consumer,2025-03-11,organic search
11426,Customer_11426,male,23,Ludhiana,Punjab,consumer,2023-10-11,direct
11427,Customer_11427,male,35,Nashik,Maharashtra,consumer,2024-09-17,direct
11428,Customer_11428,female,32,Faridabad,Haryana,corporate,2023-10-09,organic search
11429,Customer_11429,female,20,Udaipur,Rajasthan,consumer,2023-08-05,referral
11430,Customer_11430,female,34,Bhopal,Madhya Pradesh,consumer,2024-02-01,direct
11431,Customer_11431,male,50,Coimbatore,Tamil Nadu,consumer,2025-10-07,paid ads
11432,Customer_11432,female,51,Hyderabad,Telangana,consumer,2025-11-27,referral
11433,Customer_11433,male,47,Hyderabad,Telangana,consumer,2022-06-06,social media
11434,Customer_11434,female,36,Jaipur,Rajasthan,consumer,2024-06-19,paid ads
11435,Customer_11435,female,26,Nashik,Maharashtra,corporate,2025-08-01,direct
11436,Customer_11436,female,57,Pune,Maharashtra,home office,2023-05-11,referral
11437,Customer_11437,male,48,Mysuru,Karnataka,consumer,2022-05-04,referral
11438,Customer_11438,female,44,Kolkata,West Bengal,consumer,2022-07-15,organic search
11439,Customer_11439,male,42,Delhi,Delhi,consumer,2023-04-16,email
11440,Customer_11440,female,24,Udaipur,Rajasthan,corporate,2023-05-22,social media
11441,Customer_11441,male,24,Amritsar,Punjab,consumer,2025-05-17,paid ads
11442,Customer_11442,male,37,Nashik,Maharashtra,consumer,2024-01-06,social media
11443,Customer_11443,male,60,Jaipur,Rajasthan,corporate,2025-07-17,organic search
11444,Customer_11444,male,53,Chennai,Tamil Nadu,corporate,2022-05-09,paid ads
11445,Customer_11445,male,36,Bhopal,Madhya Pradesh,consumer,2025-02-07,referral
11446,Customer_11446,female,19,Delhi,Delhi,consumer,2023-11-09,organic search
11447,Customer_11447,female,51,Kolkata,West Bengal,consumer,2025-02-12,email
11448,Customer_11448,female,34,Noida,Uttar Pradesh,consumer,2025-06-19,social media
11449,Customer_11449,female,41,Gurugram,Haryana,corporate,2025-03-14,social media
11450,Customer_11450,male,26,Jaipur,Rajasthan,consumer,2024-01-06,social media
11451,Customer_11451,female,18,Warangal,Telangana,consumer,2024-08-13,organic search
11452,Customer_11452,male,59,Ahmedabad,Gujarat,corporate,2023-11-15,referral
11453,Customer_11453,female,45,Indore,Madhya Pradesh,consumer,2025-03-04,organic search
11454,Customer_11454,male,32,Vadodara,Gujarat,consumer,2024-04-01,organic search
11455,Customer_11455,male,38,Nashik,Maharashtra,consumer,2023-07-31,organic search
11456,Customer_11456,male,32,Gurugram,Haryana,home office,2024-11-05,social media
11457,Customer_11457,male,40,Kolkata,West Bengal,consumer,2024-03-15,organic search
11458,Customer_11458,male,19,Jaipur,Rajasthan,consumer,2025-12-16,social media
11459,Customer_11459,male,53,Delhi,Delhi,consumer,2023-02-25,paid ads
11460,Customer_11460,female,26,Udaipur,Rajasthan,corporate,2024-03-25,social media
11461,Customer_11461,female,19,Chennai,Tamil Nadu,consumer,2023-04-07,organic search
11462,Customer_11462,male,19,Udaipur,Rajasthan,consumer,2022-08-30,referral
11463,Customer_11463,male,35,Mumbai,Maharashtra,home office,2022-01-09,email
11464,Customer_11464,female,34,Jaipur,Rajasthan,home office,2025-11-19,organic search
11465,Customer_11465,unknown,58,Amritsar,Punjab,home office,2024-12-14,organic search
11466,Customer_11466,female,25,Nashik,Maharashtra,consumer,2022-12-26,organic search
11467,Customer_11467,male,51,Ludhiana,Punjab,home office,2023-05-16,organic search
11468,Customer_11468,female,51,Coimbatore,Tamil Nadu,consumer,2025-10-27,organic search
11469,Customer_11469,female,22,Bhopal,Madhya Pradesh,consumer,2025-01-04,social media
11470,Customer_11470,female,46,Kanpur,Uttar Pradesh,consumer,2022-01-11,paid ads
11471,Customer_11471,female,45,Ahmedabad,Gujarat,consumer,2025-07-10,social media
11472,Customer_11472,male,33,Kanpur,Uttar Pradesh,consumer,2024-11-07,social media
11473,Customer_11473,male,31,Indore,Madhya Pradesh,consumer,2025-06-18,paid ads
11474,Customer_11474,male,19,Chennai,Tamil Nadu,corporate,2022-05-24,referral
11475,Customer_11475,female,57,Bengaluru,Karnataka,consumer,2023-05-13,social media
11476,Customer_11476,male,21,Udaipur,Rajasthan,consumer,2024-06-29,social media
11477,Customer_11477,female,58,Lucknow,Uttar Pradesh,consumer,2024-04-02,social media
11478,Customer_11478,male,48,Noida,Uttar Pradesh,home office,2024-01-24,social media
11479,Customer_11479,male,43,Lucknow,Uttar Pradesh,consumer,2025-12-23,organic search
11480,Customer_11480,female,44,Coimbatore,Tamil Nadu,consumer,2022-12-12,organic search
11481,Customer_11481,male,51,Kanpur,Uttar Pradesh,consumer,2024-09-14,paid ads
11482,Customer_11482,male,48,Pune,Maharashtra,home office,2022-07-03,direct
11483,Customer_11483,male,28,Surat,Gujarat,consumer,2024-07-17,organic search
11484,Customer_11484,male,25,Nagpur,Maharashtra,consumer,2024-06-13,organic search
11485,Customer_11485,female,29,Mysuru,Karnataka,consumer,2022-12-15,organic search
11486,Customer_11486,female,52,Mysuru,Karnataka,home office,2024-06-12,organic search
11487,Customer_11487,male,51,Coimbatore,Tamil Nadu,consumer,2022-09-21,paid ads
11488,Customer_11488,male,30,Kolkata,West Bengal,consumer,2024-02-29,email
11489,Customer_11489,male,44,Chennai,Tamil Nadu,consumer,2022-03-31,email
11490,Customer_11490,male,25,Chennai,Tamil Nadu,home office,2024-11-10,paid ads
11491,Customer_11491,female,38,Delhi,Delhi,consumer,2025-02-22,social media
11492,Customer_11492,female,58,Mysuru,Karnataka,consumer,2023-04-21,referral
11493,Customer_11493,male,28,New Delhi,Delhi,consumer,2023-02-23,paid ads
11494,Customer_11494,male,39,Nagpur,Maharashtra,consumer,2023-04-19,organic search
11495,Customer_11495,female,38,Surat,Gujarat,consumer,2025-12-18,referral
11496,Customer_11496,male,45,Jaipur,Rajasthan,consumer,2022-05-26,referral
11497,Customer_11497,male,20,Surat,Gujarat,home office,2024-05-07,paid ads
11498,Customer_11498,female,24,Warangal,Telangana,consumer,2022-01-14,organic search
11499,Customer_11499,male,31,Chennai,Tamil Nadu,home office,2022-07-23,direct
11500,Customer_11500,male,32,Indore,Madhya Pradesh,consumer,2023-01-13,social media
11501,Customer_11501,female,26,Warangal,Telangana,home office,2025-07-11,social media
11502,Customer_11502,female,60,Warangal,Telangana,consumer,2025-11-23,social media
11503,Customer_11503,male,24,Nagpur,Maharashtra,consumer,2025-12-07,organic search
11504,Customer_11504,male,29,Mysuru,Karnataka,consumer,2024-05-07,organic search
11505,Customer_11505,male,36,Chennai,Tamil Nadu,corporate,2023-01-23,direct
11506,Customer_11506,female,44,Chennai,Tamil Nadu,corporate,2025-01-08,social media
11507,Customer_11507,male,35,Ahmedabad,Gujarat,consumer,2022-04-05,organic search
11508,Customer_11508,male,30,Hyderabad,Telangana,consumer,2023-05-22,social media
11509,Customer_11509,female,60,Ahmedabad,Gujarat,consumer,2025-05-19,organic search
11510,Customer_11510,male,18,Noida,Uttar Pradesh,consumer,2022-03-29,referral
11511,Customer_11511,male,55,Lucknow,Uttar Pradesh,consumer,2024-06-22,organic search
11512,Customer_11512,male,38,Kolkata,West Bengal,consumer,2025-10-21,referral
11513,Customer_11513,male,51,Gurugram,Haryana,consumer,2023-10-04,paid ads
11514,Customer_11514,male,30,Nagpur,Maharashtra,corporate,2025-04-20,organic search
11515,Customer_11515,female,58,New Delhi,Delhi,corporate,2022-08-22,organic search
11516,Customer_11516,female,40,Nagpur,Maharashtra,consumer,2023-07-25,paid ads
11517,Customer_11517,male,18,Jaipur,Rajasthan,corporate,2024-01-31,social media
11518,Customer_11518,male,40,Indore,Madhya Pradesh,consumer,2024-01-07,organic search
11519,Customer_11519,female,45,Delhi,Delhi,corporate,2024-06-14,email
11520,Customer_11520,male,49,Faridabad,Haryana,consumer,2023-11-30,paid ads
11521,Customer_11521,male,25,Nashik,Maharashtra,corporate,2025-06-30,organic search
11522,Customer_11522,female,43,Faridabad,Haryana,consumer,2025-09-18,social media
11523,Customer_11523,male,31,Bengaluru,Karnataka,consumer,2025-09-07,referral
11524,Customer_11524,male,41,Pune,Maharashtra,corporate,2025-06-07,organic search
11525,Customer_11525,male,46,Hyderabad,Telangana,consumer,2022-08-05,social media
11526,Customer_11526,male,21,Delhi,Delhi,consumer,2023-06-08,social media
11527,Customer_11527,male,35,Mysuru,Karnataka,consumer,2025-01-17,direct
11528,Customer_11528,male,31,Bengaluru,Karnataka,corporate,2024-05-18,organic search
11529,Customer_11529,male,44,Lucknow,Uttar Pradesh,consumer,2025-02-11,social media
11530,Customer_11530,female,58,Surat,Gujarat,consumer,2023-06-14,organic search
11531,Customer_11531,male,20,Mysuru,Karnataka,consumer,2022-08-17,organic search
11532,Customer_11532,male,47,Surat,Gujarat,consumer,2025-09-18,organic search
11533,Customer_11533,female,53,Kolkata,West Bengal,consumer,2023-08-25,email
11534,Customer_11534,female,40,Delhi,Delhi,home office,2024-05-30,social media
11535,Customer_11535,male,35,Chennai,Tamil Nadu,consumer,2022-01-30,organic search
11536,Customer_11536,male,57,Pune,Maharashtra,consumer,2023-06-23,organic search
11537,Customer_11537,male,27,Delhi,Delhi,consumer,2023-10-08,referral
11538,Customer_11538,female,29,Udaipur,Rajasthan,consumer,2022-11-14,social media
11539,Customer_11539,male,58,Delhi,Delhi,corporate,2025-06-04,organic search
11540,Customer_11540,male,25,Warangal,Telangana,consumer,2025-11-08,social media
11541,Customer_11541,male,49,Kolkata,West Bengal,home office,2024-01-22,organic search
11542,Customer_11542,male,34,Mumbai,Maharashtra,consumer,2024-03-25,paid ads
11543,Customer_11543,male,58,Ahmedabad,Gujarat,consumer,2023-02-09,social media
11544,Customer_11544,male,31,New Delhi,Delhi,consumer,2023-08-13,social media
11545,Customer_11545,female,54,Ludhiana,Punjab,home office,2025-03-21,direct
11546,Customer_11546,female,26,Hyderabad,Telangana,corporate,2024-06-23,email
11547,Customer_11547,male,43,Kanpur,Uttar Pradesh,consumer,2022-04-03,paid ads
11548,Customer_11548,male,41,Ahmedabad,Gujarat,home office,2024-11-06,social media
11549,Customer_11549,male,40,Pune,Maharashtra,consumer,2024-12-17,social media
11550,Customer_11550,male,48,Jaipur,Rajasthan,corporate,2023-02-17,direct
11551,Customer_11551,female,56,Gurugram,Haryana,corporate,2023-08-26,direct
11552,Customer_11552,other,19,Ahmedabad,Gujarat,corporate,2025-07-02,organic search
11553,Customer_11553,male,35,Kanpur,Uttar Pradesh,home office,2022-08-19,organic search
11554,Customer_11554,male,33,Bhopal,Madhya Pradesh,home office,2025-04-09,social media
11555,Customer_11555,male,46,Delhi,Delhi,home office,2023-11-03,social media
11556,Customer_11556,female,28,New Delhi,Delhi,consumer,2022-02-25,referral
11557,Customer_11557,female,19,Ahmedabad,Gujarat,consumer,2023-04-10,organic search
11558,Customer_11558,female,31,Coimbatore,Tamil Nadu,consumer,2022-11-30,organic search
11559,Customer_11559,female,21,Noida,Uttar Pradesh,corporate,2024-01-12,social media
11560,Customer_11560,male,56,Bhopal,Madhya Pradesh,consumer,2025-07-09,direct
11561,Customer_11561,female,51,Mysuru,Karnataka,consumer,2023-09-17,paid ads
11562,Customer_11562,female,56,Delhi,Delhi,corporate,2022-04-24,referral
11563,Customer_11563,male,26,Noida,Uttar Pradesh,home office,2024-04-09,organic search
11564,Customer_11564,male,57,Mysuru,Karnataka,consumer,2024-07-19,organic search
11565,Customer_11565,female,58,Kanpur,Uttar Pradesh,consumer,2024-06-25,referral
11566,Customer_11566,female,24,Coimbatore,Tamil Nadu,consumer,2024-02-22,organic search
11567,Customer_11567,female,34,Jaipur,Rajasthan,consumer,2022-04-26,referral
11568,Customer_11568,female,40,Pune,Maharashtra,corporate,2025-07-03,social media
11569,Customer_11569,female,28,Ahmedabad,Gujarat,home office,2023-03-01,organic search
11570,Customer_11570,female,39,Chennai,Tamil Nadu,consumer,2023-10-08,social media
11571,Customer_11571,male,35,Vadodara,Gujarat,consumer,2025-07-18,email
11572,Customer_11572,female,45,Nashik,Maharashtra,corporate,2025-02-25,organic search
11573,Customer_11573,male,33,Noida,Uttar Pradesh,consumer,2022-03-02,direct
11574,Customer_11574,male,59,Bhopal,Madhya Pradesh,consumer,2025-03-07,organic search
11575,Customer_11575,male,21,New Delhi,Delhi,corporate,2025-01-13,social media
11576,Customer_11576,female,53,Pune,Maharashtra,corporate,2024-05-25,paid ads
11577,Customer_11577,female,39,Pune,Maharashtra,consumer,2025-11-20,paid ads
11578,Customer_11578,female,28,Udaipur,Rajasthan,corporate,2022-07-27,social media
11579,Customer_11579,male,38,Surat,Gujarat,consumer,2022-12-08,organic search
11580,Customer_11580,male,57,Surat,Gujarat,consumer,2023-07-06,referral
11581,Customer_11581,male,58,New Delhi,Delhi,consumer,2023-05-27,social media
11582,Customer_11582,male,33,Chennai,Tamil Nadu,consumer,2025-07-22,referral
11583,Customer_11583,female,59,Surat,Gujarat,consumer,2024-08-27,organic search
11584,Customer_11584,male,26,Warangal,Telangana,consumer,2024-09-16,social media
11585,Customer_11585,female,52,Amritsar,Punjab,consumer,2025-10-24,referral
11586,Customer_11586,female,51,Mumbai,Maharashtra,consumer,2023-04-19,organic search
11587,Customer_11587,male,26,Kolkata,West Bengal,consumer,2022-05-19,social media
11588,Customer_11588,female,30,Chennai,Tamil Nadu,consumer,2023-01-13,social media
11589,Customer_11589,male,23,Coimbatore,Tamil Nadu,consumer,2025-09-20,social media
11590,Customer_11590,male,21,Kolkata,West Bengal,consumer,2024-07-11,direct
11591,Customer_11591,female,45,Kolkata,West Bengal,consumer,2023-01-14,direct
11592,Customer_11592,female,28,Ludhiana,Punjab,corporate,2025-08-08,social media
11593,Customer_11593,male,51,Nagpur,Maharashtra,consumer,2024-11-27,organic search
11594,Customer_11594,male,52,Pune,Maharashtra,consumer,2025-05-09,social media
11595,Customer_11595,male,22,Kolkata,West Bengal,consumer,2024-11-08,email
11596,Customer_11596,male,56,Surat,Gujarat,consumer,2024-08-22,social media
11597,Customer_11597,female,28,Mysuru,Karnataka,home office,2022-07-18,social media
11598,Customer_11598,female,29,Mumbai,Maharashtra,consumer,2024-06-08,email
11599,Customer_11599,male,60,Mumbai,Maharashtra,consumer,2024-11-13,referral
11600,Customer_11600,female,36,Bhopal,Madhya Pradesh,corporate,2024-10-03,social media
11601,Customer_11601,male,30,Delhi,Delhi,consumer,2024-09-19,referral
11602,Customer_11602,male,21,Bengaluru,Karnataka,consumer,2022-10-17,referral
11603,Customer_11603,female,31,New Delhi,Delhi,corporate,2024-03-23,organic search
11604,Customer_11604,female,19,Mysuru,Karnataka,home office,2025-04-04,social media
11605,Customer_11605,female,25,Nagpur,Maharashtra,consumer,2025-05-23,referral
11606,Customer_11606,male,39,Warangal,Telangana,consumer,2024-05-11,direct
11607,Customer_11607,female,30,Nashik,Maharashtra,corporate,2024-07-02,organic search
11608,Customer_11608,male,38,Kanpur,Uttar Pradesh,consumer,2023-01-15,organic search
11609,Customer_11609,female,38,New Delhi,Delhi,consumer,2023-05-08,paid ads
11610,Customer_11610,other,45,Ahmedabad,Gujarat,consumer,2023-01-24,social media
11611,Customer_11611,male,50,Bhopal,Madhya Pradesh,consumer,2022-03-12,organic search
11612,Customer_11612,female,46,Udaipur,Rajasthan,consumer,2023-11-25,direct
11613,Customer_11613,male,54,Warangal,Telangana,consumer,2023-12-16,organic search
11614,Customer_11614,male,39,Mysuru,Karnataka,corporate,2022-07-02,direct
11615,Customer_11615,female,43,Mysuru,Karnataka,consumer,2025-09-26,email
11616,Customer_11616,male,28,Udaipur,Rajasthan,consumer,2023-10-13,referral
11617,Customer_11617,female,28,Ludhiana,Punjab,consumer,2024-07-25,email
11618,Customer_11618,male,51,Udaipur,Rajasthan,corporate,2025-08-08,organic search
11619,Customer_11619,female,36,Surat,Gujarat,consumer,2023-10-06,organic search
11620,Customer_11620,male,54,Kolkata,West Bengal,consumer,2023-05-29,social media
11621,Customer_11621,male,31,Warangal,Telangana,consumer,2025-08-18,direct
11622,Customer_11622,male,46,Nashik,Maharashtra,consumer,2025-12-26,organic search
11623,Customer_11623,female,36,Vadodara,Gujarat,home office,2023-11-02,organic search
11624,Customer_11624,female,54,Faridabad,Haryana,consumer,2022-10-29,paid ads
11625,Customer_11625,female,38,New Delhi,Delhi,consumer,2025-11-16,organic search
11626,Customer_11626,male,41,Kolkata,West Bengal,corporate,2024-08-29,referral
11627,Customer_11627,male,43,New Delhi,Delhi,consumer,2025-01-21,paid ads
11628,Customer_11628,male,58,Warangal,Telangana,consumer,2022-11-16,email
11629,Customer_11629,female,29,Nashik,Maharashtra,consumer,2022-08-13,referral
11630,Customer_11630,male,36,Chennai,Tamil Nadu,consumer,2025-05-15,organic search
11631,Customer_11631,female,47,Lucknow,Uttar Pradesh,consumer,2023-09-24,paid ads
11632,Customer_11632,female,32,Mysuru,Karnataka,consumer,2022-07-03,referral
11633,Customer_11633,male,20,Jaipur,Rajasthan,consumer,2022-05-18,paid ads
11634,Customer_11634,male,30,Kanpur,Uttar Pradesh,consumer,2024-12-15,organic search
11635,Customer_11635,female,26,Faridabad,Haryana,corporate,2023-12-08,organic search
11636,Customer_11636,male,30,Delhi,Delhi,corporate,2025-06-30,direct
11637,Customer_11637,male,33,Coimbatore,Tamil Nadu,corporate,2023-09-28,referral
11638,Customer_11638,male,31,Nagpur,Maharashtra,consumer,2024-11-07,organic search
11639,Customer_11639,female,25,Ludhiana,Punjab,home office,2025-04-30,paid ads
11640,Customer_11640,female,36,Gurugram,Haryana,consumer,2023-11-29,paid ads
11641,Customer_11641,male,49,Vadodara,Gujarat,consumer,2024-10-12,direct
11642,Customer_11642,male,52,Lucknow,Uttar Pradesh,consumer,2024-11-14,paid ads
11643,Customer_11643,male,40,Hyderabad,Telangana,consumer,2025-09-18,email
11644,Customer_11644,female,38,Surat,Gujarat,consumer,2024-06-29,email
11645,Customer_11645,male,35,Mumbai,Maharashtra,consumer,2023-01-30,organic search
11646,Customer_11646,male,31,Lucknow,Uttar Pradesh,consumer,2022-04-23,referral
11647,Customer_11647,female,33,Mumbai,Maharashtra,consumer,2023-12-19,organic search
11648,Customer_11648,female,41,Lucknow,Uttar Pradesh,home office,2025-10-25,organic search
11649,Customer_11649,other,49,Noida,Uttar Pradesh,consumer,2025-06-30,email
11650,Customer_11650,female,28,Kolkata,West Bengal,consumer,2025-07-20,organic search
11651,Customer_11651,male,28,Nashik,Maharashtra,corporate,2023-08-11,referral
11652,Customer_11652,male,21,Mysuru,Karnataka,consumer,2022-01-12,direct
11653,Customer_11653,male,43,New Delhi,Delhi,consumer,2024-05-18,organic search
11654,Customer_11654,male,22,Bengaluru,Karnataka,consumer,2023-06-06,social media
11655,Customer_11655,female,53,Pune,Maharashtra,corporate,2022-08-27,referral
11656,Customer_11656,female,50,Faridabad,Haryana,corporate,2024-10-13,referral
11657,Customer_11657,female,31,Surat,Gujarat,consumer,2025-04-27,social media
11658,Customer_11658,male,49,Bengaluru,Karnataka,consumer,2024-06-14,paid ads
11659,Customer_11659,female,24,Chennai,Tamil Nadu,consumer,2024-10-29,social media
11660,Customer_11660,female,27,Coimbatore,Tamil Nadu,consumer,2025-05-04,social media
11661,Customer_11661,male,19,Surat,Gujarat,home office,2024-12-12,organic search
11662,Customer_11662,female,27,Warangal,Telangana,consumer,2022-10-07,email
11663,Customer_11663,male,52,Gurugram,Haryana,consumer,2024-05-09,direct
11664,Customer_11664,male,38,Warangal,Telangana,consumer,2024-01-12,paid ads
11665,Customer_11665,female,57,Ludhiana,Punjab,consumer,2025-03-30,direct
11666,Customer_11666,female,59,Bhopal,Madhya Pradesh,home office,2023-04-21,social media
11667,Customer_11667,male,25,New Delhi,Delhi,corporate,2025-12-16,referral
11668,Customer_11668,male,35,Gurugram,Haryana,consumer,2025-01-09,email
11669,Customer_11669,other,26,Pune,Maharashtra,corporate,2025-04-22,referral
11670,Customer_11670,female,58,Lucknow,Uttar Pradesh,consumer,2024-06-06,organic search
11671,Customer_11671,female,47,Chennai,Tamil Nadu,consumer,2025-03-17,paid ads
11672,Customer_11672,male,21,Indore,Madhya Pradesh,corporate,2024-08-09,organic search
11673,Customer_11673,male,52,Indore,Madhya Pradesh,consumer,2023-05-19,social media
11674,Customer_11674,male,31,Noida,Uttar Pradesh,consumer,2023-10-30,email
11675,Customer_11675,male,31,Noida,Uttar Pradesh,consumer,2022-07-27,organic search
11676,Customer_11676,male,54,Mysuru,Karnataka,consumer,2024-08-03,direct
11677,Customer_11677,male,37,Nagpur,Maharashtra,consumer,2025-02-08,email
11678,Customer_11678,female,46,Chennai,Tamil Nadu,consumer,2024-03-20,direct
11679,Customer_11679,male,40,New Delhi,Delhi,consumer,2024-12-03,organic search
11680,Customer_11680,female,38,Kolkata,West Bengal,consumer,2022-08-21,organic search
11681,Customer_11681,male,48,Bengaluru,Karnataka,corporate,2023-03-05,paid ads
11682,Customer_11682,male,49,Amritsar,Punjab,consumer,2022-08-06,paid ads
11683,Customer_11683,male,58,unknown,Rajasthan,consumer,2024-07-24,paid ads
11684,Customer_11684,male,24,Lucknow,Uttar Pradesh,consumer,2025-12-07,email
11685,Customer_11685,male,30,Pune,Maharashtra,consumer,2022-03-20,organic search
11686,Customer_11686,female,40,Indore,Madhya Pradesh,consumer,2025-06-08,direct
11687,Customer_11687,female,25,Gurugram,Haryana,consumer,2024-05-22,paid ads
11688,Customer_11688,male,29,Warangal,Telangana,consumer,2024-09-20,direct
11689,Customer_11689,male,53,Surat,Gujarat,corporate,2023-02-02,organic search
11690,Customer_11690,female,33,Noida,Uttar Pradesh,consumer,2022-05-16,referral
11691,Customer_11691,female,43,Delhi,Delhi,consumer,2022-04-05,email
11692,Customer_11692,male,46,Warangal,Telangana,consumer,2022-04-05,organic search
11693,Customer_11693,female,46,Coimbatore,Tamil Nadu,consumer,2023-11-15,social media
11694,Customer_11694,female,23,Nagpur,Maharashtra,consumer,2022-04-14,paid ads
11695,Customer_11695,female,54,Mysuru,Karnataka,consumer,2024-07-20,organic search
11696,Customer_11696,female,50,Mumbai,Maharashtra,consumer,2022-03-21,paid ads
11697,Customer_11697,female,48,Nagpur,Maharashtra,corporate,2022-09-24,direct
11698,Customer_11698,female,58,Nashik,Maharashtra,consumer,2025-10-07,organic search
11699,Customer_11699,male,35,unknown,Punjab,corporate,2025-07-01,direct
11700,Customer_11700,female,55,Ahmedabad,Gujarat,consumer,2024-01-12,social media
11701,Customer_11701,female,48,Ludhiana,Punjab,consumer,2022-08-28,organic search
11702,Customer_11702,female,33,Chennai,Tamil Nadu,consumer,2025-05-10,social media
11703,Customer_11703,other,57,Mysuru,Karnataka,consumer,2025-11-08,social media
11704,Customer_11704,male,54,Hyderabad,Telangana,consumer,2025-03-07,organic search
11705,Customer_11705,male,31,Chennai,Tamil Nadu,home office,2025-03-18,email
11706,Customer_11706,male,56,Mumbai,Maharashtra,consumer,2025-08-07,social media
11707,Customer_11707,male,21,Udaipur,Rajasthan,home office,2023-09-17,social media
11708,Customer_11708,male,47,New Delhi,Delhi,corporate,2022-08-02,social media
11709,Customer_11709,female,50,Surat,Gujarat,consumer,2022-07-01,direct
11710,Customer_11710,male,53,Jaipur,Rajasthan,consumer,2024-06-12,referral
11711,Customer_11711,female,47,Nagpur,Maharashtra,consumer,2023-06-15,organic search
11712,Customer_11712,female,31,Nagpur,Maharashtra,corporate,2025-05-18,email
11713,Customer_11713,male,40,Noida,Uttar Pradesh,home office,2022-01-12,paid ads
11714,Customer_11714,male,45,Chennai,Tamil Nadu,consumer,2024-12-19,organic search
11715,Customer_11715,female,24,unknown,Maharashtra,consumer,2024-06-30,organic search
11716,Customer_11716,female,59,Ludhiana,Punjab,consumer,2025-02-26,social media
11717,Customer_11717,female,27,Nagpur,Maharashtra,corporate,2024-10-11,organic search
11718,Customer_11718,female,21,Kolkata,West Bengal,home office,2023-08-03,paid ads
11719,Customer_11719,female,55,Amritsar,Punjab,consumer,2023-08-04,organic search
11720,Customer_11720,female,30,New Delhi,Delhi,consumer,2022-08-22,referral
11721,Customer_11721,female,38,Nagpur,Maharashtra,consumer,2023-03-29,referral
11722,Customer_11722,female,50,Nagpur,Maharashtra,consumer,2024-06-29,paid ads
11723,Customer_11723,female,57,Bengaluru,Karnataka,corporate,2025-03-25,paid ads
11724,Customer_11724,male,45,Pune,Maharashtra,consumer,2023-08-17,referral
11725,Customer_11725,female,40,Kolkata,West Bengal,consumer,2025-09-25,organic search
11726,Customer_11726,male,49,Mumbai,Maharashtra,consumer,2023-09-20,social media
11727,Customer_11727,female,22,Hyderabad,Telangana,consumer,2023-12-21,social media
11728,Customer_11728,male,43,Amritsar,Punjab,consumer,2025-11-09,paid ads
11729,Customer_11729,male,56,Lucknow,Uttar Pradesh,corporate,2025-09-18,referral
11730,Customer_11730,male,43,Ahmedabad,Gujarat,corporate,2024-05-10,social media
11731,Customer_11731,male,20,Bengaluru,Karnataka,consumer,2025-10-30,social media
11732,Customer_11732,male,41,Surat,Gujarat,consumer,2024-02-06,organic search
11733,Customer_11733,female,51,Hyderabad,Telangana,consumer,2022-11-15,paid ads
11734,Customer_11734,male,51,Coimbatore,Tamil Nadu,consumer,2023-12-26,email
11735,Customer_11735,male,37,Nashik,Maharashtra,consumer,2025-10-08,email
11736,Customer_11736,male,47,Bhopal,Madhya Pradesh,consumer,2022-12-22,organic search
11737,Customer_11737,female,59,Coimbatore,Tamil Nadu,consumer,2023-04-03,email
11738,Customer_11738,male,37,Delhi,Delhi,corporate,2022-02-06,email
11739,Customer_11739,male,58,Mysuru,Karnataka,consumer,2024-07-26,paid ads
11740,Customer_11740,male,35,Coimbatore,Tamil Nadu,consumer,2022-07-31,organic search
11741,Customer_11741,female,55,Lucknow,Uttar Pradesh,consumer,2023-12-12,email
11742,Customer_11742,male,37,Kolkata,West Bengal,corporate,2025-03-24,social media
11743,Customer_11743,male,23,Kanpur,Uttar Pradesh,consumer,2023-02-12,referral
11744,Customer_11744,male,59,Nashik,Maharashtra,consumer,2023-06-14,social media
11745,Customer_11745,female,42,Coimbatore,Tamil Nadu,consumer,2023-05-26,email
11746,Customer_11746,male,58,Warangal,Telangana,consumer,2024-08-19,organic search
11747,Customer_11747,female,58,Nashik,Maharashtra,corporate,2025-02-15,social media
11748,Customer_11748,male,20,Delhi,Delhi,home office,2025-10-09,social media
11749,Customer_11749,male,60,Noida,Uttar Pradesh,consumer,2022-06-27,email
11750,Customer_11750,male,36,Nagpur,Maharashtra,corporate,2025-03-03,social media
11751,Customer_11751,male,27,Hyderabad,Telangana,consumer,2025-06-18,organic search
11752,Customer_11752,male,22,Delhi,Delhi,consumer,2025-08-08,paid ads
11753,Customer_11753,male,39,Nashik,Maharashtra,corporate,2025-08-24,social media
11754,Customer_11754,male,26,Delhi,Delhi,consumer,2024-09-17,paid ads
11755,Customer_11755,female,50,Ludhiana,Punjab,consumer,2024-07-19,email
11756,Customer_11756,other,32,Lucknow,Uttar Pradesh,home office,2025-02-03,organic search
11757,Customer_11757,male,41,Ludhiana,Punjab,consumer,2024-09-02,social media
11758,Customer_11758,female,47,Hyderabad,Telangana,consumer,2024-12-31,social media
11759,Customer_11759,female,53,Nashik,Maharashtra,corporate,2023-12-27,referral
11760,Customer_11760,female,56,Surat,Gujarat,corporate,2024-06-23,direct
11761,Customer_11761,male,23,Chennai,Tamil Nadu,corporate,2023-10-16,direct
11762,Customer_11762,female,32,Indore,Madhya Pradesh,consumer,2024-06-09,email
11763,Customer_11763,male,55,Mumbai,Maharashtra,corporate,2022-06-11,organic search
11764,Customer_11764,male,56,Hyderabad,Telangana,corporate,2025-10-19,organic search
11765,Customer_11765,male,39,Nashik,Maharashtra,consumer,2025-05-19,organic search
11766,Customer_11766,male,20,Bengaluru,Karnataka,corporate,2025-03-09,referral
11767,Customer_11767,male,46,Noida,Uttar Pradesh,consumer,2022-06-07,organic search
11768,Customer_11768,male,46,Hyderabad,Telangana,consumer,2025-04-28,referral
11769,Customer_11769,female,48,Mysuru,Karnataka,consumer,2024-09-17,paid ads
11770,Customer_11770,male,19,Chennai,Tamil Nadu,consumer,2023-07-08,social media
11771,Customer_11771,male,52,Coimbatore,Tamil Nadu,consumer,2024-08-22,social media
11772,Customer_11772,male,26,Noida,Uttar Pradesh,consumer,2023-09-12,organic search
11773,Customer_11773,male,39,Indore,Madhya Pradesh,consumer,2023-02-15,organic search
11774,Customer_11774,female,36,Faridabad,Haryana,consumer,2024-05-05,referral
11775,Customer_11775,other,54,Kanpur,Uttar Pradesh,consumer,2022-10-07,organic search
11776,Customer_11776,male,27,Mysuru,Karnataka,corporate,2024-01-03,paid ads
11777,Customer_11777,male,38,Kolkata,West Bengal,home office,2025-05-14,organic search
11778,Customer_11778,female,34,Coimbatore,Tamil Nadu,corporate,2024-01-13,email
11779,Customer_11779,male,20,New Delhi,Delhi,consumer,2023-02-20,email
11780,Customer_11780,female,24,Lucknow,Uttar Pradesh,corporate,2022-12-11,organic search
11781,Customer_11781,male,58,Pune,Maharashtra,consumer,2024-06-07,organic search
11782,Customer_11782,male,54,Bhopal,Madhya Pradesh,consumer,2022-09-05,organic search
11783,Customer_11783,male,53,Coimbatore,Tamil Nadu,consumer,2022-04-20,direct
11784,Customer_11784,male,20,Udaipur,Rajasthan,consumer,2022-04-30,organic search
11785,Customer_11785,male,30,Jaipur,Rajasthan,corporate,2024-10-30,social media
11786,Customer_11786,female,58,Bhopal,Madhya Pradesh,consumer,2022-04-18,email
11787,Customer_11787,female,47,Udaipur,Rajasthan,consumer,2025-04-21,organic search
11788,Customer_11788,female,40,Surat,Gujarat,corporate,2025-10-31,paid ads
11789,Customer_11789,female,24,Pune,Maharashtra,consumer,2024-03-13,organic search
11790,Customer_11790,male,47,Warangal,Telangana,corporate,2025-07-20,social media
11791,Customer_11791,female,46,Nashik,Maharashtra,corporate,2022-10-07,organic search
11792,Customer_11792,male,25,Noida,Uttar Pradesh,consumer,2023-09-27,organic search
11793,Customer_11793,female,27,Hyderabad,Telangana,consumer,2025-03-25,organic search
11794,Customer_11794,male,50,Jaipur,Rajasthan,consumer,2024-03-11,paid ads
11795,Customer_11795,female,37,Mumbai,Maharashtra,consumer,2024-02-17,organic search
11796,Customer_11796,female,46,Mumbai,Maharashtra,consumer,2024-03-07,direct
11797,Customer_11797,male,46,Kolkata,West Bengal,consumer,2023-01-16,organic search
11798,Customer_11798,male,38,Nashik,Maharashtra,home office,2025-02-28,organic search
11799,Customer_11799,male,18,Nashik,Maharashtra,home office,2024-07-09,social media
11800,Customer_11800,male,51,Mumbai,Maharashtra,corporate,2024-12-28,organic search
11801,Customer_11801,female,49,Gurugram,Haryana,consumer,2025-09-12,organic search
11802,Customer_11802,female,31,Kanpur,Uttar Pradesh,consumer,2024-04-02,paid ads
11803,Customer_11803,male,54,Mysuru,Karnataka,corporate,2025-02-09,paid ads
11804,Customer_11804,male,52,Mysuru,Karnataka,consumer,2023-06-13,organic search
11805,Customer_11805,female,41,Bengaluru,Karnataka,corporate,2024-01-20,referral
11806,Customer_11806,male,18,Kanpur,Uttar Pradesh,home office,2025-06-06,referral
11807,Customer_11807,male,23,Jaipur,Rajasthan,consumer,2023-02-10,direct
11808,Customer_11808,female,21,New Delhi,Delhi,corporate,2022-09-08,paid ads
11809,Customer_11809,female,55,New Delhi,Delhi,consumer,2025-12-27,organic search
11810,Customer_11810,male,18,Nashik,Maharashtra,corporate,2023-06-24,paid ads
11811,Customer_11811,male,58,Jaipur,Rajasthan,consumer,2023-10-12,organic search
11812,Customer_11812,female,48,Noida,Uttar Pradesh,consumer,2025-02-20,organic search
11813,Customer_11813,female,53,New Delhi,Delhi,corporate,2022-04-03,paid ads
11814,Customer_11814,female,26,Mumbai,Maharashtra,corporate,2025-10-06,social media
11815,Customer_11815,male,58,Pune,Maharashtra,consumer,2023-02-14,direct
11816,Customer_11816,female,40,Ludhiana,Punjab,consumer,2023-04-24,organic search
11817,Customer_11817,female,48,Mysuru,Karnataka,consumer,2023-07-01,social media
11818,Customer_11818,female,46,Noida,Uttar Pradesh,corporate,2024-11-14,organic search
11819,Customer_11819,female,38,Ahmedabad,Gujarat,home office,2025-09-05,referral
11820,Customer_11820,male,20,Chennai,Tamil Nadu,home office,2025-08-22,organic search
11821,Customer_11821,female,43,Delhi,Delhi,corporate,2024-02-07,organic search
11822,Customer_11822,male,23,Nashik,Maharashtra,corporate,2023-06-10,referral
11823,Customer_11823,male,37,Vadodara,Gujarat,consumer,2022-04-15,social media
11824,Customer_11824,female,30,Lucknow,Uttar Pradesh,consumer,2023-09-25,organic search
11825,Customer_11825,female,58,Udaipur,Rajasthan,consumer,2022-08-25,referral
11826,Customer_11826,female,40,Hyderabad,Telangana,corporate,2022-01-20,social media
11827,Customer_11827,male,32,Pune,Maharashtra,corporate,2024-03-19,direct
11828,Customer_11828,male,48,Amritsar,Punjab,consumer,2024-07-10,email
11829,Customer_11829,female,21,Kanpur,Uttar Pradesh,consumer,2023-12-04,paid ads
11830,Customer_11830,male,28,Mysuru,Karnataka,consumer,2022-01-19,social media
11831,Customer_11831,female,19,Amritsar,Punjab,consumer,2022-05-02,social media
11832,Customer_11832,male,33,Surat,Gujarat,consumer,2024-01-28,direct
11833,Customer_11833,female,48,Surat,Gujarat,consumer,2025-10-24,paid ads
11834,Customer_11834,male,56,Lucknow,Uttar Pradesh,home office,2022-12-18,organic search
11835,Customer_11835,female,60,Lucknow,Uttar Pradesh,consumer,2022-10-01,social media
11836,Customer_11836,female,21,Udaipur,Rajasthan,consumer,2022-01-13,social media
11837,Customer_11837,male,45,Nashik,Maharashtra,consumer,2024-12-30,organic search
11838,Customer_11838,female,33,Bengaluru,Karnataka,home office,2024-12-18,email
11839,Customer_11839,female,56,Faridabad,Haryana,home office,2025-04-02,organic search
11840,Customer_11840,female,42,Delhi,Delhi,consumer,2022-12-28,social media
11841,Customer_11841,female,30,Bengaluru,Karnataka,home office,2022-01-29,direct
11842,Customer_11842,male,22,Chennai,Tamil Nadu,consumer,2023-10-22,paid ads
11843,Customer_11843,male,47,Coimbatore,Tamil Nadu,consumer,2023-10-19,email
11844,Customer_11844,male,18,Surat,Gujarat,consumer,2022-08-18,organic search
11845,Customer_11845,male,22,Gurugram,Haryana,consumer,2024-12-29,referral
11846,Customer_11846,male,31,Delhi,Delhi,consumer,2024-07-02,paid ads
11847,Customer_11847,female,28,Mumbai,Maharashtra,home office,2023-09-13,email
11848,Customer_11848,male,51,New Delhi,Delhi,corporate,2024-04-27,email
11849,Customer_11849,male,46,Indore,Madhya Pradesh,consumer,2025-02-06,organic search
11850,Customer_11850,male,35,Udaipur,Rajasthan,consumer,2022-08-05,paid ads
11851,Customer_11851,female,32,Bengaluru,Karnataka,consumer,2024-01-04,organic search
11852,Customer_11852,female,42,Kanpur,Uttar Pradesh,consumer,2024-03-14,social media
11853,Customer_11853,male,47,Indore,Madhya Pradesh,consumer,2023-09-09,social media
11854,Customer_11854,female,19,Bhopal,Madhya Pradesh,consumer,2024-07-30,organic search
11855,Customer_11855,male,57,Faridabad,Haryana,corporate,2023-11-03,email
11856,Customer_11856,other,44,Delhi,Delhi,corporate,2024-07-27,referral
11857,Customer_11857,female,32,Lucknow,Uttar Pradesh,consumer,2022-10-08,organic search
11858,Customer_11858,male,49,Coimbatore,Tamil Nadu,consumer,2025-06-02,social media
11859,Customer_11859,female,37,Noida,Uttar Pradesh,consumer,2025-10-25,organic search
11860,Customer_11860,female,31,Kolkata,West Bengal,consumer,2025-06-06,social media
11861,Customer_11861,male,44,Lucknow,Uttar Pradesh,consumer,2022-02-11,social media
11862,Customer_11862,female,20,Jaipur,Rajasthan,consumer,2025-03-27,social media
11863,Customer_11863,male,20,Delhi,Delhi,consumer,2023-02-18,email
11864,Customer_11864,male,30,Surat,Gujarat,home office,2023-04-24,email
11865,Customer_11865,male,42,Ludhiana,Punjab,consumer,2023-10-08,paid ads
11866,Customer_11866,male,35,Faridabad,Haryana,corporate,2024-10-13,direct
11867,Customer_11867,male,18,Mumbai,Maharashtra,consumer,2025-05-13,paid ads
11868,Customer_11868,female,56,Mumbai,Maharashtra,home office,2022-03-11,referral
11869,Customer_11869,male,22,Nashik,Maharashtra,consumer,2024-10-09,organic search
11870,Customer_11870,male,19,Kolkata,West Bengal,consumer,2022-09-17,organic search
11871,Customer_11871,male,47,Noida,Uttar Pradesh,consumer,2023-05-06,organic search
11872,Customer_11872,female,34,Delhi,Delhi,consumer,2023-02-15,paid ads
11873,Customer_11873,other,46,Warangal,Telangana,consumer,2023-10-22,direct
11874,Customer_11874,female,59,Lucknow,Uttar Pradesh,home office,2024-04-26,organic search
11875,Customer_11875,female,21,Kolkata,West Bengal,corporate,2024-03-06,organic search
11876,Customer_11876,female,26,Surat,Gujarat,consumer,2022-05-19,email
11877,Customer_11877,female,38,Surat,Gujarat,consumer,2022-03-12,social media
11878,Customer_11878,female,60,Hyderabad,Telangana,consumer,2022-06-18,direct
11879,Customer_11879,male,29,Mysuru,Karnataka,corporate,2025-04-03,direct
11880,Customer_11880,male,29,Vadodara,Gujarat,corporate,2023-09-23,social media
11881,Customer_11881,female,21,Kolkata,West Bengal,consumer,2025-08-13,referral
11882,Customer_11882,male,45,Indore,Madhya Pradesh,consumer,2023-05-29,paid ads
11883,Customer_11883,male,26,Jaipur,Rajasthan,corporate,2025-02-12,referral
11884,Customer_11884,female,57,Lucknow,Uttar Pradesh,consumer,2024-10-30,direct
11885,Customer_11885,female,49,Nagpur,Maharashtra,consumer,2023-01-28,social media
11886,Customer_11886,male,30,Coimbatore,Tamil Nadu,corporate,2022-09-20,paid ads
11887,Customer_11887,female,51,Mumbai,Maharashtra,corporate,2022-04-07,referral
11888,Customer_11888,female,36,New Delhi,Delhi,consumer,2024-03-19,referral
11889,Customer_11889,female,31,Kolkata,West Bengal,home office,2025-01-20,organic search
11890,Customer_11890,female,22,Ludhiana,Punjab,consumer,2024-05-19,paid ads
11891,Customer_11891,female,44,Mumbai,Maharashtra,consumer,2022-11-14,social media
11892,Customer_11892,male,45,Chennai,Tamil Nadu,consumer,2024-08-17,organic search
11893,Customer_11893,male,43,Lucknow,Uttar Pradesh,home office,2022-04-18,organic search
11894,Customer_11894,female,27,New Delhi,Delhi,consumer,2025-09-03,organic search
11895,Customer_11895,female,41,Vadodara,Gujarat,consumer,2025-11-16,paid ads
11896,Customer_11896,female,34,Kolkata,West Bengal,consumer,2022-04-10,paid ads
11897,Customer_11897,female,33,Surat,Gujarat,consumer,2024-05-02,organic search
11898,Customer_11898,male,34,Delhi,Delhi,corporate,2024-03-19,organic search
11899,Customer_11899,female,18,Bengaluru,Karnataka,consumer,2024-12-22,direct
11900,Customer_11900,male,38,Kanpur,Uttar Pradesh,corporate,2024-03-01,social media
11901,Customer_11901,male,60,Ahmedabad,Gujarat,home office,2022-05-07,email
11902,Customer_11902,male,39,Nashik,Maharashtra,consumer,2023-03-12,social media
11903,Customer_11903,male,22,Lucknow,Uttar Pradesh,corporate,2025-01-27,referral
11904,Customer_11904,female,53,Nagpur,Maharashtra,consumer,2024-09-07,email
11905,Customer_11905,male,38,Lucknow,Uttar Pradesh,consumer,2024-10-14,direct
11906,Customer_11906,male,26,Delhi,Delhi,consumer,2023-02-28,organic search
11907,Customer_11907,female,44,Amritsar,Punjab,corporate,2024-05-21,referral
11908,Customer_11908,male,29,Bengaluru,Karnataka,consumer,2024-02-16,social media
11909,Customer_11909,male,35,Mysuru,Karnataka,consumer,2024-07-30,referral
11910,Customer_11910,male,52,Mumbai,Maharashtra,home office,2024-08-26,organic search
11911,Customer_11911,male,32,Bengaluru,Karnataka,corporate,2023-05-15,email
11912,Customer_11912,male,47,Bhopal,Madhya Pradesh,consumer,2025-12-10,organic search
11913,Customer_11913,male,50,Amritsar,Punjab,consumer,2023-06-04,organic search
11914,Customer_11914,female,53,Mysuru,Karnataka,consumer,2025-07-13,paid ads
11915,Customer_11915,male,57,Coimbatore,Tamil Nadu,consumer,2022-04-10,direct
11916,Customer_11916,male,47,Kolkata,West Bengal,consumer,2025-01-11,organic search
11917,Customer_11917,female,43,Indore,Madhya Pradesh,consumer,2023-06-05,social media
11918,Customer_11918,male,38,Vadodara,Gujarat,consumer,2022-05-19,organic search
11919,Customer_11919,female,54,Coimbatore,Tamil Nadu,corporate,2025-12-04,social media
11920,Customer_11920,male,60,Coimbatore,Tamil Nadu,consumer,2023-08-31,email
11921,Customer_11921,male,48,Kolkata,West Bengal,consumer,2025-06-15,email
11922,Customer_11922,female,34,Mumbai,Maharashtra,consumer,2023-09-09,organic search
11923,Customer_11923,male,34,Vadodara,Gujarat,consumer,2025-02-15,referral
11924,Customer_11924,male,51,Bengaluru,Karnataka,consumer,2025-11-07,paid ads
11925,Customer_11925,female,41,Lucknow,Uttar Pradesh,consumer,2025-01-04,organic search
11926,Customer_11926,male,50,Nashik,Maharashtra,consumer,2024-04-10,organic search
11927,Customer_11927,female,21,Surat,Gujarat,consumer,2022-11-17,organic search
11928,Customer_11928,female,26,Hyderabad,Telangana,consumer,2025-03-21,organic search
11929,Customer_11929,male,19,Jaipur,Rajasthan,consumer,2023-05-30,organic search
11930,Customer_11930,female,52,Nashik,Maharashtra,consumer,2022-10-25,organic search
11931,Customer_11931,male,55,Vadodara,Gujarat,consumer,2022-09-12,social media
11932,Customer_11932,other,32,Surat,Gujarat,consumer,2024-12-09,social media
11933,Customer_11933,female,60,Vadodara,Gujarat,consumer,2024-04-11,organic search
11934,Customer_11934,female,59,Surat,Gujarat,home office,2023-09-11,social media
11935,Customer_11935,male,20,Jaipur,Rajasthan,consumer,2024-05-01,referral
11936,Customer_11936,female,48,Lucknow,Uttar Pradesh,corporate,2023-12-07,email
11937,Customer_11937,male,58,New Delhi,Delhi,corporate,2024-09-19,direct
11938,Customer_11938,male,59,Lucknow,Uttar Pradesh,home office,2022-04-01,email
11939,Customer_11939,female,40,Hyderabad,Telangana,consumer,2024-05-17,social media
11940,Customer_11940,male,29,Nagpur,Maharashtra,corporate,2022-07-08,email
11941,Customer_11941,female,25,Nashik,Maharashtra,home office,2022-05-23,email
11942,Customer_11942,male,38,Bengaluru,Karnataka,consumer,2022-05-20,direct
11943,Customer_11943,female,38,Kanpur,Uttar Pradesh,consumer,2025-03-27,organic search
11944,Customer_11944,male,49,Kolkata,West Bengal,home office,2022-02-10,social media
11945,Customer_11945,male,34,Kanpur,Uttar Pradesh,consumer,2025-04-07,organic search
11946,Customer_11946,male,54,Warangal,Telangana,consumer,2023-07-27,social media
11947,Customer_11947,female,41,Chennai,Tamil Nadu,corporate,2025-06-07,organic search
11948,Customer_11948,male,25,Mumbai,Maharashtra,consumer,2025-05-22,direct
11949,Customer_11949,female,35,Bengaluru,Karnataka,consumer,2025-08-08,direct
11950,Customer_11950,male,28,Chennai,Tamil Nadu,consumer,2022-04-15,paid ads
11951,Customer_11951,male,27,Nashik,Maharashtra,consumer,2023-01-14,organic search
11952,Customer_11952,male,43,New Delhi,Delhi,corporate,2024-04-07,organic search
11953,Customer_11953,male,23,Surat,Gujarat,consumer,2025-05-13,paid ads
11954,Customer_11954,female,34,Kolkata,West Bengal,corporate,2025-02-24,social media
11955,Customer_11955,female,40,Amritsar,Punjab,consumer,2023-03-29,organic search
11956,Customer_11956,male,59,Gurugram,Haryana,consumer,2023-08-21,organic search
11957,Customer_11957,female,54,Udaipur,Rajasthan,consumer,2025-07-06,referral
11958,Customer_11958,female,45,Chennai,Tamil Nadu,consumer,2023-03-06,organic search
11959,Customer_11959,male,33,Udaipur,Rajasthan,corporate,2025-04-04,referral
11960,Customer_11960,male,29,Lucknow,Uttar Pradesh,consumer,2024-12-06,direct
11961,Customer_11961,male,38,Mumbai,Maharashtra,corporate,2022-09-22,paid ads
11962,Customer_11962,male,41,Chennai,Tamil Nadu,consumer,2022-02-25,direct
11963,Customer_11963,male,45,Kanpur,Uttar Pradesh,consumer,2022-06-01,organic search
11964,Customer_11964,male,54,Coimbatore,Tamil Nadu,consumer,2025-06-03,direct
11965,Customer_11965,female,38,Surat,Gujarat,corporate,2023-09-04,social media
11966,Customer_11966,male,50,Ahmedabad,Gujarat,consumer,2025-12-30,referral
11967,Customer_11967,male,19,Delhi,Delhi,consumer,2025-11-15,organic search
11968,Customer_11968,male,54,Bengaluru,Karnataka,corporate,2025-12-13,direct
11969,Customer_11969,male,36,Bengaluru,Karnataka,consumer,2024-10-24,social media
11970,Customer_11970,male,45,Nashik,Maharashtra,consumer,2024-01-30,organic search
11971,Customer_11971,female,32,Mumbai,Maharashtra,consumer,2023-02-04,referral
11972,Customer_11972,male,18,Kanpur,Uttar Pradesh,home office,2023-04-19,organic search
11973,Customer_11973,female,60,New Delhi,Delhi,consumer,2024-11-24,social media
11974,Customer_11974,male,45,Hyderabad,Telangana,consumer,2022-05-01,organic search
11975,Customer_11975,female,52,Bengaluru,Karnataka,consumer,2024-09-28,social media
11976,Customer_11976,female,49,Faridabad,Haryana,consumer,2025-10-20,organic search
11977,Customer_11977,male,45,Delhi,Delhi,corporate,2025-08-04,organic search
11978,Customer_11978,female,26,Coimbatore,Tamil Nadu,home office,2025-03-28,organic search
11979,Customer_11979,male,41,Indore,Madhya Pradesh,home office,2023-09-10,direct
11980,Customer_11980,female,21,Lucknow,Uttar Pradesh,consumer,2023-11-10,referral
11981,Customer_11981,male,58,New Delhi,Delhi,consumer,2023-04-22,organic search
11982,Customer_11982,other,20,Lucknow,Uttar Pradesh,corporate,2024-04-03,direct
11983,Customer_11983,female,39,Chennai,Tamil Nadu,home office,2024-04-27,referral
11984,Customer_11984,female,57,Hyderabad,Telangana,consumer,2022-07-31,social media
11985,Customer_11985,male,56,Pune,Maharashtra,consumer,2023-08-07,social media
11986,Customer_11986,male,42,Nagpur,Maharashtra,home office,2025-02-26,organic search
11987,Customer_11987,female,39,Kolkata,West Bengal,consumer,2023-12-26,direct
11988,Customer_11988,female,51,Warangal,Telangana,consumer,2022-12-31,email
11989,Customer_11989,female,37,Chennai,Tamil Nadu,home office,2023-04-27,organic search
11990,Customer_11990,male,53,Kolkata,West Bengal,corporate,2024-12-23,paid ads
11991,Customer_11991,female,54,Noida,Uttar Pradesh,consumer,2024-12-18,social media
11992,Customer_11992,male,56,Mumbai,Maharashtra,consumer,2024-12-13,email
11993,Customer_11993,female,44,Surat,Gujarat,consumer,2024-12-14,referral
11994,Customer_11994,male,49,Pune,Maharashtra,home office,2025-04-29,social media
11995,Customer_11995,male,59,Kanpur,Uttar Pradesh,home office,2023-03-21,social media
11996,Customer_11996,female,46,Jaipur,Rajasthan,corporate,2025-10-08,paid ads
11997,Customer_11997,male,58,Faridabad,Haryana,consumer,2025-02-02,paid ads
11998,Customer_11998,female,49,Nagpur,Maharashtra,consumer,2024-06-28,referral
11999,Customer_11999,female,41,Nagpur,Maharashtra,corporate,2025-02-13,email
12000,Customer_12000,male,20,Bengaluru,Karnataka,consumer,2022-12-23,paid ads
12001,Customer_12001,male,44,Delhi,Delhi,consumer,2025-03-21,organic search
12002,Customer_12002,female,26,New Delhi,Delhi,consumer,2022-09-02,email
12003,Customer_12003,male,57,Faridabad,Haryana,consumer,2024-07-31,organic search
12004,Customer_12004,female,40,Delhi,Delhi,home office,2022-06-04,direct
12005,Customer_12005,female,24,New Delhi,Delhi,consumer,2025-11-09,email
12006,Customer_12006,male,34,Noida,Uttar Pradesh,corporate,2023-06-04,direct
12007,Customer_12007,male,54,Chennai,Tamil Nadu,consumer,2023-06-26,paid ads
12008,Customer_12008,male,24,Lucknow,Uttar Pradesh,corporate,2025-07-22,paid ads
12009,Customer_12009,female,47,Pune,Maharashtra,consumer,2022-09-18,organic search
12010,Customer_12010,male,30,Warangal,Telangana,consumer,2025-04-28,referral
12011,Customer_12011,male,35,Nashik,Maharashtra,consumer,2023-09-29,social media
12012,Customer_12012,female,48,Pune,Maharashtra,consumer,2023-08-09,organic search
12013,Customer_12013,female,39,Faridabad,Haryana,consumer,2022-09-14,social media
12014,Customer_12014,male,31,Nagpur,Maharashtra,corporate,2025-10-22,paid ads
12015,Customer_12015,male,35,Warangal,Telangana,consumer,2024-11-02,email
12016,Customer_12016,female,52,Chennai,Tamil Nadu,consumer,2025-08-09,social media
12017,Customer_12017,female,34,Bengaluru,Karnataka,consumer,2023-07-29,organic search
12018,Customer_12018,female,36,Bhopal,Madhya Pradesh,consumer,2023-02-17,organic search
12019,Customer_12019,female,48,Nashik,Maharashtra,corporate,2023-06-10,social media
12020,Customer_12020,female,56,Udaipur,Rajasthan,consumer,2023-06-05,organic search
12021,Customer_12021,female,53,Amritsar,Punjab,consumer,2024-09-14,social media
12022,Customer_12022,female,32,Surat,Gujarat,corporate,2025-07-23,organic search
12023,Customer_12023,female,46,Gurugram,Haryana,consumer,2025-04-26,paid ads
12024,Customer_12024,female,57,Mumbai,Maharashtra,corporate,2022-04-17,organic search
12025,Customer_12025,male,33,Chennai,Tamil Nadu,consumer,2023-05-16,paid ads
12026,Customer_12026,male,50,Delhi,Delhi,consumer,2025-01-19,social media
12027,Customer_12027,female,42,Kolkata,West Bengal,consumer,2025-01-06,social media
12028,Customer_12028,male,33,Amritsar,Punjab,consumer,2025-06-16,organic search
12029,Customer_12029,female,47,New Delhi,Delhi,corporate,2023-12-26,direct
12030,Customer_12030,male,51,Udaipur,Rajasthan,consumer,2025-11-22,organic search
12031,Customer_12031,female,19,Delhi,Delhi,consumer,2025-03-04,organic search
12032,Customer_12032,male,57,Surat,Gujarat,consumer,2024-09-26,organic search
12033,Customer_12033,female,60,Hyderabad,Telangana,consumer,2025-12-15,social media
12034,Customer_12034,female,55,Amritsar,Punjab,corporate,2023-09-26,referral
12035,Customer_12035,male,35,Ahmedabad,Gujarat,consumer,2024-05-06,organic search
12036,Customer_12036,female,22,Mysuru,Karnataka,corporate,2023-12-04,paid ads
12037,Customer_12037,male,57,Pune,Maharashtra,home office,2022-06-06,referral
12038,Customer_12038,male,23,Mumbai,Maharashtra,consumer,2024-11-22,email
12039,Customer_12039,male,29,Delhi,Delhi,corporate,2022-01-15,direct
12040,Customer_12040,male,29,Delhi,Delhi,consumer,2023-06-07,paid ads
12041,Customer_12041,other,29,Bhopal,Madhya Pradesh,consumer,2023-09-10,referral
12042,Customer_12042,male,26,Ahmedabad,Gujarat,consumer,2023-09-01,referral
12043,Customer_12043,female,59,Warangal,Telangana,consumer,2024-09-16,organic search
12044,Customer_12044,male,39,Pune,Maharashtra,home office,2025-03-04,email
12045,Customer_12045,female,33,Bhopal,Madhya Pradesh,consumer,2025-10-23,social media
12046,Customer_12046,male,21,Kolkata,West Bengal,consumer,2023-06-07,paid ads
12047,Customer_12047,female,20,Nashik,Maharashtra,consumer,2023-09-06,social media
12048,Customer_12048,female,33,Kolkata,West Bengal,consumer,2023-06-18,direct
12049,Customer_12049,female,31,Ahmedabad,Gujarat,consumer,2023-09-08,social media
12050,Customer_12050,male,58,Nagpur,Maharashtra,corporate,2023-11-07,referral
12051,Customer_12051,female,55,Coimbatore,Tamil Nadu,consumer,2024-06-10,organic search
12052,Customer_12052,male,21,Warangal,Telangana,home office,2025-06-20,referral
12053,Customer_12053,male,19,Mumbai,Maharashtra,corporate,2024-10-22,organic search
12054,Customer_12054,male,27,Faridabad,Haryana,consumer,2025-11-30,paid ads
12055,Customer_12055,male,28,Bhopal,Madhya Pradesh,consumer,2023-04-03,social media
12056,Customer_12056,male,56,Udaipur,Rajasthan,consumer,2024-01-31,social media
12057,Customer_12057,female,43,Coimbatore,Tamil Nadu,corporate,2025-05-27,referral
12058,Customer_12058,male,54,Coimbatore,Tamil Nadu,consumer,2024-03-12,organic search
12059,Customer_12059,male,43,Udaipur,Rajasthan,consumer,2024-03-29,social media
12060,Customer_12060,male,21,Surat,Gujarat,consumer,2022-12-13,direct
12061,Customer_12061,female,43,Nashik,Maharashtra,consumer,2023-01-31,email
12062,Customer_12062,female,55,Hyderabad,Telangana,consumer,2025-12-01,organic search
12063,Customer_12063,male,45,Kanpur,Uttar Pradesh,consumer,2025-10-25,referral
12064,Customer_12064,female,19,Coimbatore,Tamil Nadu,consumer,2025-05-30,referral
12065,Customer_12065,male,19,Pune,Maharashtra,consumer,2024-03-01,social media
12066,Customer_12066,male,33,Noida,Uttar Pradesh,consumer,2025-10-12,social media
12067,Customer_12067,male,40,Delhi,Delhi,consumer,2025-04-29,direct
12068,Customer_12068,female,40,New Delhi,Delhi,corporate,2022-04-19,organic search
12069,Customer_12069,female,30,Nagpur,Maharashtra,consumer,2025-09-09,direct
12070,Customer_12070,male,38,Bengaluru,Karnataka,consumer,2024-02-27,social media
12071,Customer_12071,male,56,Lucknow,Uttar Pradesh,consumer,2024-10-23,organic search
12072,Customer_12072,male,42,Warangal,Telangana,consumer,2025-03-02,organic search
12073,Customer_12073,female,54,Delhi,Delhi,consumer,2025-02-07,organic search
12074,Customer_12074,female,30,Bhopal,Madhya Pradesh,consumer,2025-09-28,organic search
12075,Customer_12075,male,32,Indore,Madhya Pradesh,corporate,2025-05-30,organic search
12076,Customer_12076,male,45,Bhopal,Madhya Pradesh,consumer,2025-10-20,email
12077,Customer_12077,female,20,Delhi,Delhi,corporate,2025-06-23,organic search
12078,Customer_12078,female,40,Chennai,Tamil Nadu,home office,2022-05-25,email
12079,Customer_12079,female,21,Ludhiana,Punjab,consumer,2025-09-27,direct
12080,Customer_12080,female,20,Kanpur,Uttar Pradesh,consumer,2024-05-08,organic search
12081,Customer_12081,female,56,Nagpur,Maharashtra,consumer,2025-09-22,referral
12082,Customer_12082,male,25,Mumbai,Maharashtra,home office,2025-04-11,social media
12083,Customer_12083,male,60,Warangal,Telangana,corporate,2022-10-13,email
12084,Customer_12084,male,42,Faridabad,Haryana,consumer,2025-11-10,social media
12085,Customer_12085,female,58,Vadodara,Gujarat,consumer,2024-01-16,paid ads
12086,Customer_12086,male,29,Warangal,Telangana,corporate,2023-05-14,social media
12087,Customer_12087,male,22,Nashik,Maharashtra,corporate,2023-04-02,referral
12088,Customer_12088,male,50,Udaipur,Rajasthan,consumer,2024-09-13,referral
12089,Customer_12089,male,42,Kanpur,Uttar Pradesh,consumer,2023-03-27,organic search
12090,Customer_12090,female,42,Coimbatore,Tamil Nadu,consumer,2022-04-21,referral
12091,Customer_12091,male,52,Noida,Uttar Pradesh,consumer,2022-01-13,email
12092,Customer_12092,male,32,Amritsar,Punjab,corporate,2024-05-08,organic search
12093,Customer_12093,female,59,New Delhi,Delhi,consumer,2024-08-03,social media
12094,Customer_12094,male,43,Warangal,Telangana,consumer,2023-07-31,organic search
12095,Customer_12095,female,27,Bengaluru,Karnataka,consumer,2022-11-28,organic search
12096,Customer_12096,female,41,Kanpur,Uttar Pradesh,consumer,2022-11-04,social media
12097,Customer_12097,female,52,Ahmedabad,Gujarat,consumer,2024-02-24,paid ads
12098,Customer_12098,female,46,Jaipur,Rajasthan,home office,2022-03-13,social media
12099,Customer_12099,male,55,Noida,Uttar Pradesh,consumer,2025-03-14,paid ads
12100,Customer_12100,female,22,Chennai,Tamil Nadu,consumer,2023-09-15,direct
12101,Customer_12101,male,41,Gurugram,Haryana,consumer,2023-09-14,paid ads
12102,Customer_12102,male,36,Hyderabad,Telangana,consumer,2023-07-16,social media
12103,Customer_12103,male,26,Mumbai,Maharashtra,consumer,2022-12-29,referral
12104,Customer_12104,male,43,Kolkata,West Bengal,consumer,2022-06-02,organic search
12105,Customer_12105,female,42,Kanpur,Uttar Pradesh,consumer,2023-06-22,organic search
12106,Customer_12106,male,52,Mysuru,Karnataka,consumer,2024-12-26,paid ads
12107,Customer_12107,female,53,Indore,Madhya Pradesh,consumer,2023-11-06,paid ads
12108,Customer_12108,male,31,Faridabad,Haryana,consumer,2024-10-28,email
12109,Customer_12109,male,23,Mysuru,Karnataka,corporate,2022-11-21,organic search
12110,Customer_12110,female,49,Ludhiana,Punjab,consumer,2023-11-28,email
12111,Customer_12111,male,43,Pune,Maharashtra,home office,2025-08-30,paid ads
12112,Customer_12112,female,32,Delhi,Delhi,consumer,2022-01-25,organic search
12113,Customer_12113,male,48,Delhi,Delhi,consumer,2023-03-19,direct
12114,Customer_12114,male,54,Indore,Madhya Pradesh,home office,2023-09-29,organic search
12115,Customer_12115,male,55,Jaipur,Rajasthan,consumer,2024-02-27,paid ads
12116,Customer_12116,female,54,Nagpur,Maharashtra,consumer,2024-04-22,social media
12117,Customer_12117,male,36,Chennai,Tamil Nadu,consumer,2025-05-31,email
12118,Customer_12118,male,31,Ahmedabad,Gujarat,corporate,2023-07-16,paid ads
12119,Customer_12119,male,53,Mumbai,Maharashtra,consumer,2024-02-20,organic search
12120,Customer_12120,female,54,Indore,Madhya Pradesh,consumer,2023-07-22,organic search
12121,Customer_12121,female,28,Noida,Uttar Pradesh,consumer,2023-12-03,direct
12122,Customer_12122,female,44,Warangal,Telangana,corporate,2022-10-12,organic search
12123,Customer_12123,male,19,Ludhiana,Punjab,consumer,2022-01-27,organic search
12124,Customer_12124,female,39,Coimbatore,Tamil Nadu,consumer,2022-09-02,organic search
12125,Customer_12125,female,19,Ludhiana,Punjab,consumer,2025-10-05,paid ads
12126,Customer_12126,female,37,Jaipur,Rajasthan,corporate,2022-05-22,organic search
12127,Customer_12127,female,34,Jaipur,Rajasthan,consumer,2023-06-12,social media
12128,Customer_12128,female,21,Pune,Maharashtra,consumer,2024-10-05,organic search
12129,Customer_12129,male,31,Indore,Madhya Pradesh,corporate,2023-08-19,paid ads
12130,Customer_12130,female,24,Chennai,Tamil Nadu,consumer,2024-11-26,organic search
12131,Customer_12131,female,32,Mumbai,Maharashtra,consumer,2025-02-06,paid ads
12132,Customer_12132,male,47,Mumbai,Maharashtra,home office,2025-07-04,organic search
12133,Customer_12133,male,33,Surat,Gujarat,corporate,2024-09-21,social media
12134,Customer_12134,female,57,Hyderabad,Telangana,consumer,2025-09-25,direct
12135,Customer_12135,male,19,Kolkata,West Bengal,consumer,2022-12-17,social media
12136,Customer_12136,female,36,Bhopal,Madhya Pradesh,consumer,2022-01-11,organic search
12137,Customer_12137,male,18,Nashik,Maharashtra,home office,2025-10-07,social media
12138,Customer_12138,male,48,Kolkata,West Bengal,home office,2024-06-09,social media
12139,Customer_12139,male,21,New Delhi,Delhi,consumer,2022-10-19,social media
12140,Customer_12140,male,44,Indore,Madhya Pradesh,consumer,2023-03-10,paid ads
12141,Customer_12141,male,42,Noida,Uttar Pradesh,corporate,2025-12-28,organic search
12142,Customer_12142,male,39,Ahmedabad,Gujarat,consumer,2024-09-30,social media
12143,Customer_12143,female,60,Kolkata,West Bengal,consumer,2024-01-19,organic search
12144,Customer_12144,other,27,Mysuru,Karnataka,consumer,2023-12-02,social media
12145,Customer_12145,male,50,Warangal,Telangana,consumer,2024-01-11,organic search
12146,Customer_12146,male,47,Kanpur,Uttar Pradesh,home office,2024-09-09,organic search
12147,Customer_12147,male,47,Chennai,Tamil Nadu,home office,2025-05-18,referral
12148,Customer_12148,male,33,Bengaluru,Karnataka,consumer,2024-12-31,social media
12149,Customer_12149,male,26,Warangal,Telangana,consumer,2022-10-27,organic search
12150,Customer_12150,male,34,Lucknow,Uttar Pradesh,consumer,2025-07-31,referral
12151,Customer_12151,male,52,Bengaluru,Karnataka,corporate,2023-02-13,email
12152,Customer_12152,male,32,Delhi,Delhi,consumer,2024-12-09,email
12153,Customer_12153,male,45,Kolkata,West Bengal,consumer,2024-10-26,email
12154,Customer_12154,female,37,Kanpur,Uttar Pradesh,consumer,2025-01-26,organic search
12155,Customer_12155,male,50,Pune,Maharashtra,consumer,2025-12-28,paid ads
12156,Customer_12156,female,50,Delhi,Delhi,consumer,2023-12-06,direct
12157,Customer_12157,female,53,Pune,Maharashtra,home office,2022-12-30,paid ads
12158,Customer_12158,female,30,Mysuru,Karnataka,consumer,2025-05-21,organic search
12159,Customer_12159,female,21,Coimbatore,Tamil Nadu,consumer,2024-02-26,referral
12160,Customer_12160,male,40,Kanpur,Uttar Pradesh,consumer,2022-10-21,social media
12161,Customer_12161,male,25,Jaipur,Rajasthan,consumer,2022-06-26,social media
12162,Customer_12162,male,30,Vadodara,Gujarat,consumer,2025-02-27,paid ads
12163,Customer_12163,female,41,Mysuru,Karnataka,consumer,2024-04-13,organic search
12164,Customer_12164,female,57,Kanpur,Uttar Pradesh,corporate,2022-03-20,organic search
12165,Customer_12165,female,47,Warangal,Telangana,consumer,2025-04-24,referral
12166,Customer_12166,male,47,Amritsar,Punjab,consumer,2025-03-04,direct
12167,Customer_12167,female,42,Udaipur,Rajasthan,consumer,2022-11-14,organic search
12168,Customer_12168,male,50,Nashik,Maharashtra,corporate,2022-09-08,social media
12169,Customer_12169,male,26,Jaipur,Rajasthan,consumer,2023-09-20,referral
12170,Customer_12170,female,43,Bengaluru,Karnataka,corporate,2025-03-22,organic search
12171,Customer_12171,male,41,Kolkata,West Bengal,consumer,2022-06-04,organic search
12172,Customer_12172,other,50,Mumbai,Maharashtra,consumer,2024-04-19,organic search
12173,Customer_12173,male,56,Delhi,Delhi,consumer,2023-02-03,paid ads
12174,Customer_12174,female,42,Indore,Madhya Pradesh,home office,2022-04-24,social media
12175,Customer_12175,male,32,New Delhi,Delhi,consumer,2024-10-29,referral
12176,Customer_12176,female,58,Lucknow,Uttar Pradesh,consumer,2022-12-30,referral
12177,Customer_12177,female,58,Mysuru,Karnataka,consumer,2023-03-09,social media
12178,Customer_12178,female,23,Jaipur,Rajasthan,consumer,2023-08-01,organic search
12179,Customer_12179,male,37,Kolkata,West Bengal,consumer,2022-05-15,organic search
12180,Customer_12180,female,33,Warangal,Telangana,consumer,2025-06-10,social media
12181,Customer_12181,male,38,Bengaluru,Karnataka,consumer,2024-12-21,organic search
12182,Customer_12182,male,32,Delhi,Delhi,consumer,2024-02-27,direct
12183,Customer_12183,male,56,Nagpur,Maharashtra,consumer,2023-06-27,social media
12184,Customer_12184,female,59,Bengaluru,Karnataka,consumer,2025-08-04,social media
12185,Customer_12185,male,21,Jaipur,Rajasthan,consumer,2024-07-19,organic search
12186,Customer_12186,female,41,Faridabad,Haryana,consumer,2025-12-29,organic search
12187,Customer_12187,female,20,Indore,Madhya Pradesh,consumer,2024-10-16,referral
12188,Customer_12188,male,18,Kanpur,Uttar Pradesh,consumer,2024-06-05,email
12189,Customer_12189,female,47,Noida,Uttar Pradesh,consumer,2023-05-28,paid ads
12190,Customer_12190,male,30,Udaipur,Rajasthan,consumer,2023-02-19,paid ads
12191,Customer_12191,female,35,New Delhi,Delhi,consumer,2023-12-18,direct
12192,Customer_12192,male,57,Gurugram,Haryana,consumer,2024-08-23,organic search
12193,Customer_12193,male,28,Udaipur,Rajasthan,consumer,2024-02-13,organic search
12194,Customer_12194,male,59,Vadodara,Gujarat,consumer,2022-05-10,organic search
12195,Customer_12195,male,46,Nashik,Maharashtra,consumer,2023-07-28,paid ads
12196,Customer_12196,unknown,21,Chennai,Tamil Nadu,consumer,2025-11-07,email
12197,Customer_12197,male,42,Coimbatore,Tamil Nadu,consumer,2024-05-21,organic search
12198,Customer_12198,male,53,Indore,Madhya Pradesh,consumer,2024-10-10,paid ads
12199,Customer_12199,male,53,Surat,Gujarat,corporate,2025-05-03,paid ads
12200,Customer_12200,male,57,Coimbatore,Tamil Nadu,consumer,2022-03-14,referral
12201,Customer_12201,female,45,Ludhiana,Punjab,home office,2025-05-11,referral
12202,Customer_12202,female,25,Nagpur,Maharashtra,consumer,2025-09-03,paid ads
12203,Customer_12203,female,38,Chennai,Tamil Nadu,corporate,2022-03-27,direct
12204,Customer_12204,female,52,Nashik,Maharashtra,consumer,2025-08-11,social media
12205,Customer_12205,female,35,Lucknow,Uttar Pradesh,home office,2024-12-06,organic search
12206,Customer_12206,female,42,Faridabad,Haryana,consumer,2023-06-12,paid ads
12207,Customer_12207,male,58,Bengaluru,Karnataka,consumer,2024-11-10,organic search
12208,Customer_12208,female,22,Indore,Madhya Pradesh,consumer,2022-03-26,email
12209,Customer_12209,male,25,Mysuru,Karnataka,home office,2024-03-30,direct
12210,Customer_12210,female,40,Faridabad,Haryana,home office,2024-09-06,paid ads
12211,Customer_12211,female,20,Kanpur,Uttar Pradesh,consumer,2023-02-24,social media
12212,Customer_12212,male,54,Noida,Uttar Pradesh,consumer,2023-07-22,organic search
12213,Customer_12213,female,48,Nashik,Maharashtra,consumer,2024-12-15,organic search
12214,Customer_12214,male,46,Ludhiana,Punjab,consumer,2025-12-08,organic search
12215,Customer_12215,male,58,Kolkata,West Bengal,consumer,2022-04-13,social media
12216,Customer_12216,male,37,Mysuru,Karnataka,home office,2024-05-29,referral
12217,Customer_12217,female,20,Lucknow,Uttar Pradesh,consumer,2023-05-05,social media
12218,Customer_12218,female,40,Bengaluru,Karnataka,consumer,2022-06-20,social media
12219,Customer_12219,female,57,Bhopal,Madhya Pradesh,consumer,2024-11-29,paid ads
12220,Customer_12220,male,38,Mumbai,Maharashtra,consumer,2024-02-13,social media
12221,Customer_12221,male,30,Kolkata,West Bengal,consumer,2022-04-06,paid ads
12222,Customer_12222,female,25,Vadodara,Gujarat,consumer,2025-08-03,referral
12223,Customer_12223,male,22,Pune,Maharashtra,consumer,2024-05-07,paid ads
12224,Customer_12224,female,42,Delhi,Delhi,consumer,2022-11-08,referral
12225,Customer_12225,male,56,Pune,Maharashtra,consumer,2023-11-09,organic search
12226,Customer_12226,male,54,Warangal,Telangana,consumer,2025-03-01,paid ads
12227,Customer_12227,male,58,Mysuru,Karnataka,home office,2025-03-11,referral
12228,Customer_12228,female,22,Ahmedabad,Gujarat,consumer,2025-11-01,referral
12229,Customer_12229,male,25,Bengaluru,Karnataka,corporate,2024-12-16,referral
12230,Customer_12230,male,21,Mysuru,Karnataka,consumer,2025-10-08,direct
12231,Customer_12231,male,58,Kanpur,Uttar Pradesh,consumer,2025-12-03,social media
12232,Customer_12232,male,39,Pune,Maharashtra,consumer,2023-01-25,organic search
12233,Customer_12233,male,31,Bhopal,Madhya Pradesh,corporate,2024-11-30,referral
12234,Customer_12234,male,36,Indore,Madhya Pradesh,corporate,2022-12-24,organic search
12235,Customer_12235,female,30,Jaipur,Rajasthan,consumer,2022-05-25,email
12236,Customer_12236,male,52,Surat,Gujarat,consumer,2022-01-21,organic search
12237,Customer_12237,female,21,Bhopal,Madhya Pradesh,corporate,2022-11-30,direct
12238,Customer_12238,female,50,Delhi,Delhi,consumer,2022-01-07,organic search
12239,Customer_12239,male,39,Pune,Maharashtra,consumer,2025-08-20,social media
12240,Customer_12240,male,18,Delhi,Delhi,consumer,2024-07-22,organic search
12241,Customer_12241,female,28,Noida,Uttar Pradesh,consumer,2024-06-22,social media
12242,Customer_12242,male,33,Mumbai,Maharashtra,consumer,2025-01-26,social media
12243,Customer_12243,male,21,Surat,Gujarat,consumer,2024-12-22,paid ads
12244,Customer_12244,male,46,Amritsar,Punjab,consumer,2022-10-16,organic search
12245,Customer_12245,female,56,Indore,Madhya Pradesh,consumer,2025-01-12,organic search
12246,Customer_12246,female,55,Warangal,Telangana,consumer,2023-02-01,organic search
12247,Customer_12247,other,41,Pune,Maharashtra,consumer,2023-03-25,referral
12248,Customer_12248,female,26,Kanpur,Uttar Pradesh,consumer,2022-04-13,organic search
12249,Customer_12249,male,25,Vadodara,Gujarat,consumer,2024-07-02,social media
12250,Customer_12250,male,31,Pune,Maharashtra,home office,2025-03-15,social media
12251,Customer_12251,male,32,Mumbai,Maharashtra,consumer,2025-12-13,email
12252,Customer_12252,male,39,Gurugram,Haryana,consumer,2025-03-15,email
12253,Customer_12253,male,54,Jaipur,Rajasthan,corporate,2025-02-01,direct
12254,Customer_12254,male,32,Noida,Uttar Pradesh,consumer,2024-10-07,email
12255,Customer_12255,male,23,Bhopal,Madhya Pradesh,consumer,2022-01-06,email
12256,Customer_12256,male,18,Vadodara,Gujarat,consumer,2025-05-30,direct
12257,Customer_12257,male,37,Hyderabad,Telangana,corporate,2022-11-18,email
12258,Customer_12258,female,58,Coimbatore,Tamil Nadu,corporate,2022-04-04,organic search
12259,Customer_12259,female,53,Mysuru,Karnataka,consumer,2024-06-06,paid ads
12260,Customer_12260,other,19,Coimbatore,Tamil Nadu,consumer,2024-12-10,paid ads
12261,Customer_12261,male,23,Noida,Uttar Pradesh,consumer,2022-06-10,referral
12262,Customer_12262,male,19,Ahmedabad,Gujarat,consumer,2022-03-01,organic search
12263,Customer_12263,male,20,Bhopal,Madhya Pradesh,consumer,2025-01-26,organic search
12264,Customer_12264,male,24,Chennai,Tamil Nadu,consumer,2025-02-05,organic search
12265,Customer_12265,male,37,Vadodara,Gujarat,corporate,2025-12-11,email
12266,Customer_12266,female,58,Ahmedabad,Gujarat,corporate,2023-03-24,organic search
12267,Customer_12267,other,58,Surat,Gujarat,consumer,2023-02-03,social media
12268,Customer_12268,male,22,Kolkata,West Bengal,consumer,2025-07-04,direct
12269,Customer_12269,male,42,New Delhi,Delhi,corporate,2023-11-04,referral
12270,Customer_12270,male,55,Hyderabad,Telangana,home office,2023-02-27,paid ads
12271,Customer_12271,male,35,Mumbai,Maharashtra,consumer,2022-03-27,paid ads
12272,Customer_12272,male,18,Chennai,Tamil Nadu,consumer,2024-02-26,email
12273,Customer_12273,male,42,Warangal,Telangana,corporate,2022-08-08,social media
12274,Customer_12274,male,34,Jaipur,Rajasthan,corporate,2025-10-07,organic search
12275,Customer_12275,male,32,Faridabad,Haryana,consumer,2022-09-22,email
12276,Customer_12276,male,22,Ahmedabad,Gujarat,consumer,2025-06-10,referral
12277,Customer_12277,male,34,Noida,Uttar Pradesh,consumer,2025-08-24,referral
12278,Customer_12278,male,38,Warangal,Telangana,consumer,2022-04-05,referral
12279,Customer_12279,other,40,Udaipur,Rajasthan,corporate,2023-07-18,organic search
12280,Customer_12280,male,60,Nagpur,Maharashtra,consumer,2023-03-18,organic search
12281,Customer_12281,female,27,Delhi,Delhi,consumer,2024-01-08,paid ads
12282,Customer_12282,female,34,Mysuru,Karnataka,consumer,2025-03-04,organic search
12283,Customer_12283,female,18,Hyderabad,Telangana,consumer,2022-01-23,referral
12284,Customer_12284,female,54,Nashik,Maharashtra,consumer,2025-04-28,organic search
12285,Customer_12285,female,24,Nagpur,Maharashtra,corporate,2024-07-21,organic search
12286,Customer_12286,female,29,Bengaluru,Karnataka,home office,2024-10-25,email
12287,Customer_12287,male,57,Amritsar,Punjab,consumer,2024-02-22,direct
12288,Customer_12288,male,18,Bengaluru,Karnataka,consumer,2023-09-08,organic search
12289,Customer_12289,other,37,Hyderabad,Telangana,home office,2022-10-26,email
12290,Customer_12290,female,48,New Delhi,Delhi,consumer,2022-04-21,organic search
12291,Customer_12291,female,21,Ahmedabad,Gujarat,home office,2025-02-13,social media
12292,Customer_12292,female,43,Bengaluru,Karnataka,consumer,2023-09-03,social media
12293,Customer_12293,female,29,New Delhi,Delhi,consumer,2023-05-12,social media
12294,Customer_12294,female,39,Warangal,Telangana,consumer,2025-05-15,social media
12295,Customer_12295,female,18,Nagpur,Maharashtra,corporate,2025-08-24,referral
12296,Customer_12296,male,18,Pune,Maharashtra,home office,2025-04-16,paid ads
12297,Customer_12297,female,20,New Delhi,Delhi,consumer,2025-08-30,direct
12298,Customer_12298,female,29,Nashik,Maharashtra,consumer,2025-06-28,organic search
12299,Customer_12299,female,38,Nashik,Maharashtra,consumer,2024-09-16,direct
12300,Customer_12300,female,30,Mysuru,Karnataka,consumer,2022-09-10,paid ads
12301,Customer_12301,male,30,Kanpur,Uttar Pradesh,consumer,2025-01-31,organic search
12302,Customer_12302,male,58,Ahmedabad,Gujarat,corporate,2025-10-09,organic search
12303,Customer_12303,female,35,Hyderabad,Telangana,consumer,2024-06-09,organic search
12304,Customer_12304,female,50,Mysuru,Karnataka,consumer,2025-06-10,social media
12305,Customer_12305,male,23,Gurugram,Haryana,consumer,2022-09-14,referral
12306,Customer_12306,male,42,Chennai,Tamil Nadu,consumer,2022-08-03,referral
12307,Customer_12307,female,40,Pune,Maharashtra,consumer,2025-05-04,social media
12308,Customer_12308,female,41,Vadodara,Gujarat,home office,2023-01-05,paid ads
12309,Customer_12309,female,54,Nagpur,Maharashtra,consumer,2023-01-15,paid ads
12310,Customer_12310,female,43,Mysuru,Karnataka,consumer,2024-06-27,referral
12311,Customer_12311,male,21,Warangal,Telangana,consumer,2025-01-20,referral
12312,Customer_12312,male,55,Indore,Madhya Pradesh,home office,2023-01-18,organic search
12313,Customer_12313,male,52,Warangal,Telangana,consumer,2024-11-20,referral
12314,Customer_12314,female,28,Kolkata,West Bengal,consumer,2023-08-19,organic search
12315,Customer_12315,male,53,Ludhiana,Punjab,home office,2024-10-02,referral
12316,Customer_12316,female,42,Mumbai,Maharashtra,consumer,2025-02-01,referral
12317,Customer_12317,male,37,Bengaluru,Karnataka,consumer,2023-11-06,direct
12318,Customer_12318,male,18,Chennai,Tamil Nadu,consumer,2024-04-02,social media
12319,Customer_12319,female,47,Chennai,Tamil Nadu,corporate,2023-02-03,social media
12320,Customer_12320,male,21,Coimbatore,Tamil Nadu,consumer,2023-02-02,social media
12321,Customer_12321,female,40,Faridabad,Haryana,consumer,2023-06-23,organic search
12322,Customer_12322,male,52,Kolkata,West Bengal,consumer,2022-11-22,organic search
12323,Customer_12323,male,59,Ahmedabad,Gujarat,consumer,2023-11-10,referral
12324,Customer_12324,male,39,Mysuru,Karnataka,home office,2024-10-19,organic search
12325,Customer_12325,male,48,Noida,Uttar Pradesh,consumer,2025-01-24,social media
12326,Customer_12326,female,18,Gurugram,Haryana,consumer,2022-08-23,organic search
12327,Customer_12327,male,21,Noida,Uttar Pradesh,home office,2024-08-01,direct
12328,Customer_12328,male,36,Nashik,Maharashtra,consumer,2024-04-22,paid ads
12329,Customer_12329,male,47,Jaipur,Rajasthan,consumer,2025-10-11,organic search
12330,Customer_12330,female,18,Mumbai,Maharashtra,consumer,2024-04-16,organic search
12331,Customer_12331,female,36,New Delhi,Delhi,consumer,2023-08-22,social media
12332,Customer_12332,male,38,Mumbai,Maharashtra,consumer,2024-11-27,referral
12333,Customer_12333,female,39,Ahmedabad,Gujarat,consumer,2023-11-12,referral
12334,Customer_12334,female,19,Kolkata,West Bengal,consumer,2023-10-10,organic search
12335,Customer_12335,unknown,23,Mumbai,Maharashtra,consumer,2023-03-02,paid ads
12336,Customer_12336,male,38,Chennai,Tamil Nadu,consumer,2023-05-19,organic search
12337,Customer_12337,female,50,Coimbatore,Tamil Nadu,consumer,2025-02-03,direct
12338,Customer_12338,female,36,Bengaluru,Karnataka,consumer,2024-03-19,social media
12339,Customer_12339,female,44,Nashik,Maharashtra,consumer,2024-11-20,direct
12340,Customer_12340,female,54,Coimbatore,Tamil Nadu,consumer,2024-06-30,referral
12341,Customer_12341,female,46,Kanpur,Uttar Pradesh,home office,2024-07-31,social media
12342,Customer_12342,male,45,Nashik,Maharashtra,home office,2022-09-03,paid ads
12343,Customer_12343,female,51,Pune,Maharashtra,consumer,2025-02-14,organic search
12344,Customer_12344,male,18,Mysuru,Karnataka,home office,2024-10-15,referral
12345,Customer_12345,female,42,Gurugram,Haryana,home office,2025-11-23,organic search
12346,Customer_12346,male,38,Udaipur,Rajasthan,consumer,2025-05-26,email
12347,Customer_12347,male,51,Udaipur,Rajasthan,consumer,2023-03-11,email
12348,Customer_12348,female,43,Bengaluru,Karnataka,home office,2024-04-30,referral
12349,Customer_12349,female,53,Surat,Gujarat,consumer,2025-07-03,organic search
12350,Customer_12350,male,52,Nashik,Maharashtra,consumer,2022-01-19,social media
12351,Customer_12351,female,40,Udaipur,Rajasthan,corporate,2024-10-14,referral
12352,Customer_12352,male,34,Gurugram,Haryana,consumer,2024-12-26,social media
12353,Customer_12353,other,59,Surat,Gujarat,consumer,2024-01-01,paid ads
12354,Customer_12354,female,29,Indore,Madhya Pradesh,consumer,2025-08-15,social media
12355,Customer_12355,male,37,Kolkata,West Bengal,consumer,2022-04-25,referral
12356,Customer_12356,female,56,Pune,Maharashtra,consumer,2023-04-19,organic search
12357,Customer_12357,female,44,Indore,Madhya Pradesh,home office,2024-07-10,paid ads
12358,Customer_12358,male,59,Nagpur,Maharashtra,consumer,2022-10-05,email
12359,Customer_12359,female,54,Hyderabad,Telangana,consumer,2024-06-13,social media
12360,Customer_12360,male,37,Nashik,Maharashtra,consumer,2023-04-24,direct
12361,Customer_12361,female,28,Pune,Maharashtra,consumer,2024-06-18,organic search
12362,Customer_12362,male,45,Coimbatore,Tamil Nadu,home office,2025-05-26,organic search
12363,Customer_12363,male,19,Mysuru,Karnataka,consumer,2024-10-13,social media
12364,Customer_12364,male,41,Warangal,Telangana,consumer,2022-07-25,social media
12365,Customer_12365,male,33,Vadodara,Gujarat,consumer,2023-06-03,paid ads
12366,Customer_12366,female,29,Mumbai,Maharashtra,consumer,2025-01-26,email
12367,Customer_12367,male,33,Mumbai,Maharashtra,consumer,2024-07-18,social media
12368,Customer_12368,male,53,Surat,Gujarat,consumer,2024-10-26,referral
12369,Customer_12369,female,19,Mysuru,Karnataka,consumer,2023-10-20,referral
12370,Customer_12370,male,42,Kolkata,West Bengal,consumer,2022-02-13,organic search
12371,Customer_12371,female,46,Jaipur,Rajasthan,home office,2025-08-11,social media
12372,Customer_12372,female,45,Bhopal,Madhya Pradesh,consumer,2024-10-15,organic search
12373,Customer_12373,female,27,Kolkata,West Bengal,consumer,2023-03-15,social media
12374,Customer_12374,male,40,Coimbatore,Tamil Nadu,corporate,2023-03-30,organic search
12375,Customer_12375,male,49,Jaipur,Rajasthan,corporate,2025-10-18,email
12376,Customer_12376,female,48,Bengaluru,Karnataka,consumer,2022-11-08,email
12377,Customer_12377,male,36,Mysuru,Karnataka,home office,2023-05-21,paid ads
12378,Customer_12378,male,32,Noida,Uttar Pradesh,corporate,2025-07-12,direct
12379,Customer_12379,male,50,Chennai,Tamil Nadu,consumer,2022-06-22,referral
12380,Customer_12380,male,34,Noida,Uttar Pradesh,consumer,2025-03-18,organic search
12381,Customer_12381,female,53,Lucknow,Uttar Pradesh,consumer,2023-04-17,email
12382,Customer_12382,female,37,Indore,Madhya Pradesh,consumer,2023-12-05,organic search
12383,Customer_12383,female,26,Gurugram,Haryana,consumer,2025-01-21,organic search
12384,Customer_12384,female,55,Coimbatore,Tamil Nadu,consumer,2023-07-31,paid ads
12385,Customer_12385,male,20,Bengaluru,Karnataka,corporate,2024-03-11,organic search
12386,Customer_12386,male,19,Vadodara,Gujarat,consumer,2022-03-18,referral
12387,Customer_12387,other,35,Mysuru,Karnataka,consumer,2023-01-09,social media
12388,Customer_12388,male,40,Vadodara,Gujarat,consumer,2023-12-01,referral
12389,Customer_12389,male,36,Kolkata,West Bengal,consumer,2022-05-08,paid ads
12390,Customer_12390,female,24,Kolkata,West Bengal,corporate,2023-12-08,social media
12391,Customer_12391,female,52,Mysuru,Karnataka,consumer,2022-04-20,social media
12392,Customer_12392,male,37,Pune,Maharashtra,consumer,2024-03-18,social media
12393,Customer_12393,female,37,Coimbatore,Tamil Nadu,consumer,2023-06-16,social media
12394,Customer_12394,other,36,Nagpur,Maharashtra,corporate,2024-01-07,paid ads
12395,Customer_12395,male,58,Indore,Madhya Pradesh,consumer,2024-11-22,social media
12396,Customer_12396,female,33,Mysuru,Karnataka,consumer,2025-12-28,paid ads
12397,Customer_12397,male,55,Nashik,Maharashtra,consumer,2024-02-15,paid ads
12398,Customer_12398,male,38,Pune,Maharashtra,home office,2022-01-31,referral
12399,Customer_12399,female,46,Jaipur,Rajasthan,consumer,2024-05-16,social media
12400,Customer_12400,female,55,Udaipur,Rajasthan,home office,2025-05-29,social media
12401,Customer_12401,male,41,Mysuru,Karnataka,consumer,2023-12-02,paid ads
12402,Customer_12402,male,54,Pune,Maharashtra,consumer,2023-09-10,referral
12403,Customer_12403,male,46,Chennai,Tamil Nadu,consumer,2024-05-03,organic search
12404,Customer_12404,female,48,Mysuru,Karnataka,consumer,2023-04-10,referral
12405,Customer_12405,male,56,Jaipur,Rajasthan,corporate,2023-06-14,paid ads
12406,Customer_12406,male,29,Ahmedabad,Gujarat,corporate,2025-01-17,referral
12407,Customer_12407,male,47,Mysuru,Karnataka,consumer,2025-04-28,organic search
12408,Customer_12408,male,21,Delhi,Delhi,consumer,2023-01-29,direct
12409,Customer_12409,male,47,Amritsar,Punjab,home office,2023-01-03,paid ads
12410,Customer_12410,female,22,Chennai,Tamil Nadu,consumer,2023-06-13,organic search
12411,Customer_12411,male,33,Kolkata,West Bengal,corporate,2025-02-09,paid ads
12412,Customer_12412,male,44,Nagpur,Maharashtra,home office,2025-10-12,paid ads
12413,Customer_12413,female,21,Hyderabad,Telangana,consumer,2023-08-14,referral
12414,Customer_12414,female,25,Nashik,Maharashtra,corporate,2022-10-19,referral
12415,Customer_12415,male,25,Hyderabad,Telangana,consumer,2023-03-21,organic search
12416,Customer_12416,male,34,Amritsar,Punjab,consumer,2024-03-15,social media
12417,Customer_12417,female,20,Coimbatore,Tamil Nadu,consumer,2024-05-31,referral
12418,Customer_12418,male,44,Nashik,Maharashtra,consumer,2023-05-12,organic search
12419,Customer_12419,female,51,Nagpur,Maharashtra,consumer,2025-10-05,direct
12420,Customer_12420,male,38,Chennai,Tamil Nadu,home office,2024-07-08,organic search
12421,Customer_12421,male,60,Mumbai,Maharashtra,consumer,2024-03-06,social media
12422,Customer_12422,male,41,Pune,Maharashtra,consumer,2023-10-30,direct
12423,Customer_12423,female,58,Kanpur,Uttar Pradesh,consumer,2025-08-11,organic search
12424,Customer_12424,female,46,Chennai,Tamil Nadu,consumer,2025-01-21,paid ads
12425,Customer_12425,male,56,Mysuru,Karnataka,consumer,2024-05-17,social media
12426,Customer_12426,male,23,Bhopal,Madhya Pradesh,consumer,2024-06-21,paid ads
12427,Customer_12427,male,31,Nagpur,Maharashtra,consumer,2025-04-13,paid ads
12428,Customer_12428,male,31,Faridabad,Haryana,consumer,2024-03-14,referral
12429,Customer_12429,female,54,Bengaluru,Karnataka,home office,2022-03-23,email
12430,Customer_12430,male,41,Bhopal,Madhya Pradesh,consumer,2023-10-16,organic search
12431,Customer_12431,female,30,Vadodara,Gujarat,consumer,2025-04-11,organic search
12432,Customer_12432,female,18,Noida,Uttar Pradesh,home office,2023-01-30,paid ads
12433,Customer_12433,female,29,unknown,Punjab,corporate,2025-04-15,referral
12434,Customer_12434,female,59,Bengaluru,Karnataka,consumer,2023-05-25,direct
12435,Customer_12435,male,41,unknown,Punjab,consumer,2023-04-06,social media
12436,Customer_12436,male,54,Coimbatore,Tamil Nadu,corporate,2023-08-13,referral
12437,Customer_12437,male,37,Chennai,Tamil Nadu,corporate,2025-12-29,referral
12438,Customer_12438,male,23,Bengaluru,Karnataka,corporate,2025-05-13,organic search
12439,Customer_12439,male,29,Surat,Gujarat,consumer,2022-01-15,organic search
12440,Customer_12440,male,38,Mumbai,Maharashtra,consumer,2025-08-23,organic search
12441,Customer_12441,female,20,Surat,Gujarat,consumer,2023-02-13,social media
12442,Customer_12442,male,44,Vadodara,Gujarat,consumer,2024-07-28,social media
12443,Customer_12443,female,53,Kanpur,Uttar Pradesh,consumer,2022-03-27,social media
12444,Customer_12444,female,34,Noida,Uttar Pradesh,consumer,2023-08-27,paid ads
12445,Customer_12445,female,32,Coimbatore,Tamil Nadu,consumer,2022-09-15,organic search
12446,Customer_12446,male,56,Bengaluru,Karnataka,home office,2024-08-08,social media
12447,Customer_12447,male,21,Delhi,Delhi,consumer,2024-05-11,direct
12448,Customer_12448,male,34,Delhi,Delhi,consumer,2022-12-24,paid ads
12449,Customer_12449,male,55,Nagpur,Maharashtra,corporate,2023-12-24,social media
12450,Customer_12450,male,28,Mysuru,Karnataka,consumer,2022-06-08,referral
12451,Customer_12451,female,29,New Delhi,Delhi,consumer,2022-04-21,social media
12452,Customer_12452,male,49,Amritsar,Punjab,consumer,2024-06-12,social media
12453,Customer_12453,male,44,Ahmedabad,Gujarat,consumer,2024-01-02,organic search
12454,Customer_12454,other,60,Bengaluru,Karnataka,consumer,2024-03-25,organic search
12455,Customer_12455,male,44,Surat,Gujarat,home office,2024-09-02,organic search
12456,Customer_12456,male,57,Mumbai,Maharashtra,consumer,2023-12-08,social media
12457,Customer_12457,female,46,Chennai,Tamil Nadu,consumer,2024-05-20,organic search
12458,Customer_12458,male,26,Vadodara,Gujarat,consumer,2022-12-07,referral
12459,Customer_12459,female,60,Hyderabad,Telangana,consumer,2022-12-02,referral
12460,Customer_12460,male,20,Chennai,Tamil Nadu,corporate,2023-02-20,organic search
12461,Customer_12461,female,56,Amritsar,Punjab,consumer,2022-07-25,referral
12462,Customer_12462,male,46,Indore,Madhya Pradesh,consumer,2023-02-17,social media
12463,Customer_12463,male,38,Vadodara,Gujarat,consumer,2022-11-24,referral
12464,Customer_12464,female,52,Surat,Gujarat,consumer,2023-09-20,email
12465,Customer_12465,male,27,Vadodara,Gujarat,consumer,2023-03-14,organic search
12466,Customer_12466,male,40,Delhi,Delhi,consumer,2025-12-21,social media
12467,Customer_12467,male,56,Coimbatore,Tamil Nadu,consumer,2024-06-14,social media
12468,Customer_12468,male,42,Pune,Maharashtra,home office,2022-08-07,referral
12469,Customer_12469,male,41,Hyderabad,Telangana,consumer,2023-04-22,paid ads
12470,Customer_12470,female,37,Vadodara,Gujarat,consumer,2025-01-02,organic search
12471,Customer_12471,female,32,New Delhi,Delhi,consumer,2024-06-17,paid ads
12472,Customer_12472,female,38,Amritsar,Punjab,consumer,2025-02-27,organic search
12473,Customer_12473,male,59,Faridabad,Haryana,consumer,2022-05-05,direct
12474,Customer_12474,male,29,Kolkata,West Bengal,corporate,2024-06-29,organic search
12475,Customer_12475,female,35,Warangal,Telangana,consumer,2024-03-12,direct
12476,Customer_12476,female,40,Indore,Madhya Pradesh,consumer,2023-12-21,direct
12477,Customer_12477,male,58,Mumbai,Maharashtra,home office,2022-05-07,email
12478,Customer_12478,male,46,Kanpur,Uttar Pradesh,consumer,2024-12-12,organic search
12479,Customer_12479,male,58,Nagpur,Maharashtra,consumer,2025-05-23,organic search
12480,Customer_12480,male,53,Kanpur,Uttar Pradesh,consumer,2022-04-14,referral
12481,Customer_12481,female,22,Mysuru,Karnataka,consumer,2025-09-08,paid ads
12482,Customer_12482,male,56,Indore,Madhya Pradesh,consumer,2023-11-02,paid ads
12483,Customer_12483,female,43,Faridabad,Haryana,consumer,2023-10-12,organic search
12484,Customer_12484,male,56,Nashik,Maharashtra,consumer,2024-07-23,paid ads
12485,Customer_12485,male,28,Chennai,Tamil Nadu,consumer,2025-02-10,social media
12486,Customer_12486,female,59,Amritsar,Punjab,corporate,2024-02-06,social media
12487,Customer_12487,male,28,Hyderabad,Telangana,corporate,2025-07-09,paid ads
12488,Customer_12488,male,35,Indore,Madhya Pradesh,consumer,2023-01-24,organic search
12489,Customer_12489,other,29,Ahmedabad,Gujarat,consumer,2022-11-05,referral
12490,Customer_12490,female,33,Bengaluru,Karnataka,consumer,2024-07-14,referral
12491,Customer_12491,female,44,Mysuru,Karnataka,consumer,2022-10-20,referral
12492,Customer_12492,male,53,Delhi,Delhi,consumer,2025-06-06,referral
12493,Customer_12493,male,34,Noida,Uttar Pradesh,consumer,2023-01-23,organic search
12494,Customer_12494,female,38,Coimbatore,Tamil Nadu,consumer,2024-09-26,organic search
12495,Customer_12495,male,54,Warangal,Telangana,corporate,2025-03-03,social media
12496,Customer_12496,female,48,Warangal,Telangana,consumer,2025-10-19,direct
12497,Customer_12497,male,52,Ahmedabad,Gujarat,home office,2023-07-28,paid ads
12498,Customer_12498,male,44,Indore,Madhya Pradesh,corporate,2023-07-03,social media
12499,Customer_12499,other,40,Ludhiana,Punjab,consumer,2025-12-30,paid ads
12500,Customer_12500,male,49,Coimbatore,Tamil Nadu,consumer,2022-07-25,organic search
12501,Customer_12501,male,34,Kanpur,Uttar Pradesh,consumer,2024-08-20,organic search
12502,Customer_12502,male,28,Noida,Uttar Pradesh,corporate,2022-02-05,referral
12503,Customer_12503,male,18,Ahmedabad,Gujarat,consumer,2024-01-08,organic search
12504,Customer_12504,male,45,Faridabad,Haryana,consumer,2025-05-25,referral
12505,Customer_12505,male,35,New Delhi,Delhi,consumer,2023-09-06,organic search
12506,Customer_12506,male,58,Nashik,Maharashtra,consumer,2025-10-26,email
12507,Customer_12507,female,37,Bhopal,Madhya Pradesh,home office,2025-09-21,social media
12508,Customer_12508,male,24,Coimbatore,Tamil Nadu,consumer,2025-12-01,organic search
12509,Customer_12509,other,54,Bhopal,Madhya Pradesh,consumer,2023-03-20,direct
12510,Customer_12510,male,33,Indore,Madhya Pradesh,consumer,2022-05-08,referral
12511,Customer_12511,female,56,Nagpur,Maharashtra,corporate,2023-05-31,direct
12512,Customer_12512,male,40,Bhopal,Madhya Pradesh,consumer,2022-08-18,organic search
12513,Customer_12513,female,49,Coimbatore,Tamil Nadu,corporate,2024-07-13,social media
12514,Customer_12514,other,34,Warangal,Telangana,corporate,2023-11-23,social media
12515,Customer_12515,female,36,Ahmedabad,Gujarat,corporate,2023-01-09,organic search
12516,Customer_12516,female,59,Faridabad,Haryana,consumer,2022-02-24,social media
12517,Customer_12517,male,51,Pune,Maharashtra,consumer,2022-01-11,organic search
12518,Customer_12518,female,31,Hyderabad,Telangana,consumer,2022-12-08,organic search
12519,Customer_12519,female,20,Kolkata,West Bengal,consumer,2023-05-12,organic search
12520,Customer_12520,other,56,Kolkata,West Bengal,consumer,2024-09-03,organic search
12521,Customer_12521,male,42,Kolkata,West Bengal,consumer,2025-12-17,direct
12522,Customer_12522,other,28,Nashik,Maharashtra,consumer,2022-04-21,organic search
12523,Customer_12523,male,32,Mysuru,Karnataka,consumer,2023-10-16,email
12524,Customer_12524,male,36,Bengaluru,Karnataka,consumer,2023-10-09,social media
12525,Customer_12525,male,60,Noida,Uttar Pradesh,consumer,2025-06-24,organic search
12526,Customer_12526,male,32,Bengaluru,Karnataka,corporate,2024-12-17,email
12527,Customer_12527,female,32,Delhi,Delhi,consumer,2025-07-20,paid ads
12528,Customer_12528,female,55,Gurugram,Haryana,consumer,2024-07-19,referral
12529,Customer_12529,female,32,Pune,Maharashtra,consumer,2022-09-28,organic search
12530,Customer_12530,female,26,Amritsar,Punjab,home office,2025-05-14,paid ads
12531,Customer_12531,male,22,Udaipur,Rajasthan,corporate,2023-03-20,organic search
12532,Customer_12532,female,36,Noida,Uttar Pradesh,consumer,2024-06-20,organic search
12533,Customer_12533,male,41,Bengaluru,Karnataka,consumer,2022-05-12,email
12534,Customer_12534,female,46,Nashik,Maharashtra,consumer,2025-12-21,organic search
12535,Customer_12535,female,22,Noida,Uttar Pradesh,consumer,2022-02-13,referral
12536,Customer_12536,female,39,Lucknow,Uttar Pradesh,corporate,2022-08-27,social media
12537,Customer_12537,male,30,Lucknow,Uttar Pradesh,consumer,2025-04-21,social media
12538,Customer_12538,female,46,Pune,Maharashtra,consumer,2022-12-20,paid ads
12539,Customer_12539,male,33,Kanpur,Uttar Pradesh,consumer,2025-05-14,organic search
12540,Customer_12540,male,53,Noida,Uttar Pradesh,corporate,2022-01-03,social media
12541,Customer_12541,female,34,Jaipur,Rajasthan,consumer,2025-07-05,social media
12542,Customer_12542,male,37,Lucknow,Uttar Pradesh,corporate,2024-08-05,paid ads
12543,Customer_12543,female,31,Bhopal,Madhya Pradesh,consumer,2024-03-11,social media
12544,Customer_12544,male,23,Vadodara,Gujarat,consumer,2023-06-25,direct
12545,Customer_12545,male,39,Pune,Maharashtra,consumer,2022-10-20,direct
12546,Customer_12546,female,57,Hyderabad,Telangana,consumer,2023-05-30,email
12547,Customer_12547,male,26,Mumbai,Maharashtra,home office,2023-07-11,paid ads
12548,Customer_12548,male,49,Chennai,Tamil Nadu,corporate,2022-09-22,paid ads
12549,Customer_12549,male,41,Coimbatore,Tamil Nadu,consumer,2024-11-06,referral
12550,Customer_12550,male,50,Pune,Maharashtra,consumer,2022-07-14,paid ads
12551,Customer_12551,female,30,Bengaluru,Karnataka,consumer,2023-08-12,referral
12552,Customer_12552,male,52,Nashik,Maharashtra,consumer,2023-10-25,direct
12553,Customer_12553,female,23,Lucknow,Uttar Pradesh,consumer,2024-10-07,email
12554,Customer_12554,female,57,Faridabad,Haryana,consumer,2023-03-04,referral
12555,Customer_12555,male,47,Mumbai,Maharashtra,corporate,2025-09-09,social media
12556,Customer_12556,female,55,Gurugram,Haryana,corporate,2024-10-20,organic search
12557,Customer_12557,female,33,Hyderabad,Telangana,consumer,2024-11-14,organic search
12558,Customer_12558,male,18,Bengaluru,Karnataka,corporate,2024-05-16,organic search
12559,Customer_12559,male,59,unknown,Maharashtra,consumer,2022-03-09,email
12560,Customer_12560,male,35,Warangal,Telangana,consumer,2022-05-06,direct
12561,Customer_12561,female,39,Lucknow,Uttar Pradesh,consumer,2024-02-10,social media
12562,Customer_12562,female,43,Kolkata,West Bengal,corporate,2022-02-26,paid ads
12563,Customer_12563,male,31,Pune,Maharashtra,home office,2023-03-27,organic search
12564,Customer_12564,female,54,Nashik,Maharashtra,corporate,2025-02-13,referral
12565,Customer_12565,female,31,Coimbatore,Tamil Nadu,consumer,2024-04-08,organic search
12566,Customer_12566,female,43,Mysuru,Karnataka,consumer,2024-07-18,direct
12567,Customer_12567,female,53,Delhi,Delhi,consumer,2023-11-17,organic search
12568,Customer_12568,male,40,Mysuru,Karnataka,consumer,2024-02-07,organic search
12569,Customer_12569,female,19,Noida,Uttar Pradesh,corporate,2023-12-04,paid ads
12570,Customer_12570,female,56,Gurugram,Haryana,home office,2024-10-01,social media
12571,Customer_12571,female,24,Chennai,Tamil Nadu,consumer,2023-01-11,organic search
12572,Customer_12572,female,56,Gurugram,Haryana,corporate,2025-05-06,organic search
12573,Customer_12573,male,39,Mysuru,Karnataka,consumer,2024-03-06,organic search
12574,Customer_12574,female,45,Warangal,Telangana,consumer,2023-06-30,direct
12575,Customer_12575,male,55,New Delhi,Delhi,consumer,2024-05-20,social media
12576,Customer_12576,female,37,Udaipur,Rajasthan,corporate,2024-10-19,organic search
12577,Customer_12577,male,35,Amritsar,Punjab,consumer,2022-08-23,organic search
12578,Customer_12578,female,41,Vadodara,Gujarat,home office,2023-03-27,organic search
12579,Customer_12579,female,50,Bengaluru,Karnataka,consumer,2025-12-22,paid ads
12580,Customer_12580,female,43,Jaipur,Rajasthan,consumer,2024-07-17,organic search
12581,Customer_12581,male,36,Pune,Maharashtra,consumer,2024-12-30,referral
12582,Customer_12582,other,59,Bhopal,Madhya Pradesh,corporate,2024-08-18,referral
12583,Customer_12583,female,30,Warangal,Telangana,consumer,2023-12-08,social media
12584,Customer_12584,female,27,Chennai,Tamil Nadu,corporate,2023-11-03,paid ads
12585,Customer_12585,male,31,Vadodara,Gujarat,consumer,2024-03-19,organic search
12586,Customer_12586,male,26,Vadodara,Gujarat,consumer,2024-12-13,social media
12587,Customer_12587,male,28,Mumbai,Maharashtra,corporate,2024-11-14,social media
12588,Customer_12588,male,20,unknown,Rajasthan,consumer,2024-10-27,organic search
12589,Customer_12589,male,57,New Delhi,Delhi,corporate,2022-11-29,organic search
12590,Customer_12590,female,29,Kolkata,West Bengal,consumer,2025-12-12,referral
12591,Customer_12591,female,52,Lucknow,Uttar Pradesh,consumer,2022-03-20,organic search
12592,Customer_12592,male,56,Kanpur,Uttar Pradesh,corporate,2022-06-16,direct
12593,Customer_12593,male,56,Surat,Gujarat,home office,2023-09-19,paid ads
12594,Customer_12594,female,49,unknown,Telangana,consumer,2022-11-16,organic search
12595,Customer_12595,male,56,Pune,Maharashtra,consumer,2023-03-14,paid ads
12596,Customer_12596,female,31,Noida,Uttar Pradesh,consumer,2022-12-06,email
12597,Customer_12597,male,18,New Delhi,Delhi,consumer,2024-11-17,direct
12598,Customer_12598,male,44,Warangal,Telangana,consumer,2024-09-14,social media
12599,Customer_12599,male,54,Bengaluru,Karnataka,consumer,2024-10-31,social media
12600,Customer_12600,female,60,Nagpur,Maharashtra,corporate,2023-03-02,referral
12601,Customer_12601,male,18,Surat,Gujarat,corporate,2023-07-23,direct
12602,Customer_12602,female,46,Mumbai,Maharashtra,consumer,2023-03-29,paid ads
12603,Customer_12603,male,41,Noida,Uttar Pradesh,corporate,2025-02-06,social media
12604,Customer_12604,male,34,Bengaluru,Karnataka,consumer,2025-04-04,organic search
12605,Customer_12605,female,52,Nagpur,Maharashtra,consumer,2024-02-10,organic search
12606,Customer_12606,male,48,Warangal,Telangana,home office,2022-01-26,referral
12607,Customer_12607,female,59,Pune,Maharashtra,corporate,2023-08-13,organic search
12608,Customer_12608,male,49,Mysuru,Karnataka,consumer,2025-03-23,social media
12609,Customer_12609,male,36,Kolkata,West Bengal,corporate,2024-01-31,social media
12610,Customer_12610,female,48,Nashik,Maharashtra,consumer,2023-12-13,referral
12611,Customer_12611,female,56,Kanpur,Uttar Pradesh,corporate,2024-03-21,social media
12612,Customer_12612,male,37,Nagpur,Maharashtra,consumer,2024-08-08,social media
12613,Customer_12613,female,45,New Delhi,Delhi,corporate,2023-09-25,referral
12614,Customer_12614,male,20,Lucknow,Uttar Pradesh,consumer,2025-02-18,referral
12615,Customer_12615,female,49,unknown,Karnataka,consumer,2022-06-25,social media
12616,Customer_12616,female,39,Nagpur,Maharashtra,consumer,2025-11-24,paid ads
12617,Customer_12617,male,59,Bengaluru,Karnataka,consumer,2023-12-11,social media
12618,Customer_12618,male,32,Delhi,Delhi,corporate,2022-01-12,paid ads
12619,Customer_12619,male,55,Indore,Madhya Pradesh,home office,2023-05-01,direct
12620,Customer_12620,male,36,Bengaluru,Karnataka,corporate,2023-10-05,paid ads
12621,Customer_12621,male,48,Lucknow,Uttar Pradesh,consumer,2025-10-18,paid ads
12622,Customer_12622,female,43,Indore,Madhya Pradesh,corporate,2023-08-29,email
12623,Customer_12623,other,22,Coimbatore,Tamil Nadu,consumer,2023-09-04,organic search
12624,Customer_12624,male,37,Faridabad,Haryana,consumer,2022-04-23,referral
12625,Customer_12625,female,19,Bengaluru,Karnataka,home office,2023-07-24,paid ads
12626,Customer_12626,female,38,Amritsar,Punjab,consumer,2023-08-29,direct
12627,Customer_12627,female,53,Pune,Maharashtra,corporate,2024-02-27,email
12628,Customer_12628,male,45,Kolkata,West Bengal,corporate,2025-09-13,social media
12629,Customer_12629,female,37,Warangal,Telangana,consumer,2022-03-25,social media
12630,Customer_12630,male,54,Coimbatore,Tamil Nadu,consumer,2024-05-05,organic search
12631,Customer_12631,male,56,Jaipur,Rajasthan,consumer,2023-08-16,organic search
12632,Customer_12632,male,53,Kolkata,West Bengal,home office,2023-12-03,social media
12633,Customer_12633,male,28,Nashik,Maharashtra,consumer,2023-04-24,paid ads
12634,Customer_12634,male,20,Nashik,Maharashtra,consumer,2025-04-02,organic search
12635,Customer_12635,female,54,Kolkata,West Bengal,consumer,2025-07-13,paid ads
12636,Customer_12636,male,37,Jaipur,Rajasthan,consumer,2023-08-29,organic search
12637,Customer_12637,male,49,Ludhiana,Punjab,corporate,2023-06-16,referral
12638,Customer_12638,male,42,Lucknow,Uttar Pradesh,consumer,2023-08-28,referral
12639,Customer_12639,female,38,Gurugram,Haryana,home office,2023-06-30,referral
12640,Customer_12640,female,33,Kolkata,West Bengal,consumer,2023-01-28,social media
12641,Customer_12641,male,59,Mysuru,Karnataka,consumer,2022-06-04,organic search
12642,Customer_12642,male,18,Nagpur,Maharashtra,consumer,2023-06-01,paid ads
12643,Customer_12643,female,40,Noida,Uttar Pradesh,home office,2024-10-29,organic search
12644,Customer_12644,male,60,Udaipur,Rajasthan,consumer,2023-08-12,organic search
12645,Customer_12645,male,41,Nagpur,Maharashtra,consumer,2022-01-22,organic search
12646,Customer_12646,male,42,Bengaluru,Karnataka,consumer,2024-08-11,organic search
12647,Customer_12647,female,24,Faridabad,Haryana,consumer,2025-05-24,paid ads
12648,Customer_12648,female,55,Warangal,Telangana,consumer,2024-02-23,paid ads
12649,Customer_12649,female,56,Chennai,Tamil Nadu,consumer,2024-07-13,social media
12650,Customer_12650,male,52,Chennai,Tamil Nadu,consumer,2024-02-15,paid ads
12651,Customer_12651,female,31,New Delhi,Delhi,consumer,2025-05-14,email
12652,Customer_12652,female,26,Mysuru,Karnataka,corporate,2022-11-12,social media
12653,Customer_12653,female,20,Mysuru,Karnataka,consumer,2024-06-22,email
12654,Customer_12654,male,55,Nagpur,Maharashtra,consumer,2022-02-20,referral
12655,Customer_12655,male,37,Kanpur,Uttar Pradesh,consumer,2025-03-25,email
12656,Customer_12656,female,58,Coimbatore,Tamil Nadu,consumer,2023-01-19,social media
12657,Customer_12657,female,50,Kanpur,Uttar Pradesh,consumer,2025-06-22,organic search
12658,Customer_12658,male,58,Indore,Madhya Pradesh,consumer,2025-09-29,organic search
12659,Customer_12659,male,49,New Delhi,Delhi,consumer,2023-12-29,social media
12660,Customer_12660,female,53,Udaipur,Rajasthan,consumer,2022-11-12,social media
12661,Customer_12661,female,43,Warangal,Telangana,consumer,2022-06-23,social media
12662,Customer_12662,male,22,Indore,Madhya Pradesh,home office,2024-05-14,direct
12663,Customer_12663,female,47,Delhi,Delhi,home office,2024-11-16,social media
12664,Customer_12664,female,34,Jaipur,Rajasthan,corporate,2025-01-04,social media
12665,Customer_12665,female,23,Vadodara,Gujarat,consumer,2022-10-29,social media
12666,Customer_12666,male,32,Mysuru,Karnataka,consumer,2025-05-24,email
12667,Customer_12667,male,18,Pune,Maharashtra,corporate,2023-11-06,social media
12668,Customer_12668,male,30,Udaipur,Rajasthan,consumer,2023-02-02,paid ads
12669,Customer_12669,male,51,Noida,Uttar Pradesh,consumer,2023-10-14,organic search
12670,Customer_12670,female,47,Bengaluru,Karnataka,consumer,2022-10-08,social media
12671,Customer_12671,male,36,Udaipur,Rajasthan,consumer,2024-11-17,referral
12672,Customer_12672,other,19,Chennai,Tamil Nadu,corporate,2025-07-22,referral
12673,Customer_12673,male,29,Kolkata,West Bengal,corporate,2023-01-13,referral
12674,Customer_12674,male,57,New Delhi,Delhi,corporate,2024-04-16,paid ads
12675,Customer_12675,male,41,Indore,Madhya Pradesh,corporate,2024-09-18,referral
12676,Customer_12676,male,28,Bengaluru,Karnataka,consumer,2022-04-25,organic search
12677,Customer_12677,male,19,Mysuru,Karnataka,corporate,2025-07-13,referral
12678,Customer_12678,female,18,Mumbai,Maharashtra,consumer,2024-02-02,organic search
12679,Customer_12679,male,45,Nashik,Maharashtra,consumer,2023-08-25,social media
12680,Customer_12680,female,21,Warangal,Telangana,consumer,2025-03-23,organic search
12681,Customer_12681,female,58,Delhi,Delhi,corporate,2024-09-21,direct
12682,Customer_12682,male,47,Kanpur,Uttar Pradesh,home office,2022-05-20,organic search
12683,Customer_12683,female,24,Pune,Maharashtra,consumer,2024-01-05,organic search
12684,Customer_12684,female,39,Chennai,Tamil Nadu,consumer,2022-08-02,paid ads
12685,Customer_12685,male,43,Mysuru,Karnataka,consumer,2024-04-15,paid ads
12686,Customer_12686,male,46,Pune,Maharashtra,consumer,2024-02-05,social media
12687,Customer_12687,female,42,Mumbai,Maharashtra,consumer,2025-02-28,paid ads
12688,Customer_12688,male,27,Coimbatore,Tamil Nadu,corporate,2023-03-05,social media
12689,Customer_12689,male,37,Warangal,Telangana,consumer,2025-08-31,paid ads
12690,Customer_12690,other,31,Coimbatore,Tamil Nadu,consumer,2023-12-15,referral
12691,Customer_12691,male,50,Warangal,Telangana,corporate,2024-01-14,paid ads
12692,Customer_12692,male,22,Vadodara,Gujarat,consumer,2025-02-23,paid ads
12693,Customer_12693,female,23,Nashik,Maharashtra,consumer,2024-02-26,organic search
12694,Customer_12694,female,39,Warangal,Telangana,corporate,2022-03-10,social media
12695,Customer_12695,male,34,Ludhiana,Punjab,corporate,2025-10-26,referral
12696,Customer_12696,male,32,Warangal,Telangana,consumer,2024-10-18,organic search
12697,Customer_12697,female,56,Jaipur,Rajasthan,consumer,2024-08-19,direct
12698,Customer_12698,female,57,Mysuru,Karnataka,consumer,2024-07-12,direct
12699,Customer_12699,male,45,Kanpur,Uttar Pradesh,consumer,2023-09-20,paid ads
12700,Customer_12700,male,19,Noida,Uttar Pradesh,consumer,2025-01-16,organic search
12701,Customer_12701,male,35,Warangal,Telangana,consumer,2022-02-15,social media
12702,Customer_12702,female,44,Ludhiana,Punjab,corporate,2022-01-13,direct
12703,Customer_12703,female,38,Nagpur,Maharashtra,consumer,2022-10-08,referral
12704,Customer_12704,female,40,unknown,Maharashtra,consumer,2022-05-21,social media
12705,Customer_12705,female,24,Kanpur,Uttar Pradesh,consumer,2025-07-29,organic search
12706,Customer_12706,female,36,Noida,Uttar Pradesh,consumer,2025-05-02,organic search
12707,Customer_12707,male,26,Mumbai,Maharashtra,consumer,2024-02-16,paid ads
12708,Customer_12708,female,29,Delhi,Delhi,home office,2025-08-29,social media
12709,Customer_12709,female,47,Nagpur,Maharashtra,consumer,2022-12-08,social media
12710,Customer_12710,male,24,Bengaluru,Karnataka,consumer,2024-02-07,paid ads
12711,Customer_12711,male,19,Kanpur,Uttar Pradesh,consumer,2024-11-20,organic search
12712,Customer_12712,female,34,Hyderabad,Telangana,consumer,2024-09-26,organic search
12713,Customer_12713,male,28,Bengaluru,Karnataka,consumer,2023-10-18,social media
12714,Customer_12714,male,29,Bengaluru,Karnataka,consumer,2022-03-27,organic search
12715,Customer_12715,female,20,Nagpur,Maharashtra,consumer,2022-12-14,referral
12716,Customer_12716,female,38,Bengaluru,Karnataka,consumer,2023-04-30,referral
12717,Customer_12717,male,31,Jaipur,Rajasthan,home office,2024-12-17,organic search
12718,Customer_12718,female,32,Amritsar,Punjab,consumer,2023-10-14,paid ads
12719,Customer_12719,male,59,Indore,Madhya Pradesh,consumer,2025-10-01,organic search
12720,Customer_12720,male,58,Nashik,Maharashtra,consumer,2024-03-27,social media
12721,Customer_12721,male,27,Indore,Madhya Pradesh,consumer,2023-07-26,organic search
12722,Customer_12722,female,53,Kanpur,Uttar Pradesh,consumer,2023-06-11,paid ads
12723,Customer_12723,female,27,Lucknow,Uttar Pradesh,consumer,2022-04-13,email
12724,Customer_12724,female,34,Coimbatore,Tamil Nadu,consumer,2024-01-14,social media
12725,Customer_12725,female,42,Coimbatore,Tamil Nadu,corporate,2024-08-01,social media
12726,Customer_12726,male,44,Bengaluru,Karnataka,consumer,2022-03-29,paid ads
12727,Customer_12727,male,50,Mumbai,Maharashtra,home office,2025-07-10,email
12728,Customer_12728,female,28,New Delhi,Delhi,corporate,2023-01-03,email
12729,Customer_12729,male,30,Delhi,Delhi,consumer,2024-01-09,referral
12730,Customer_12730,female,18,Hyderabad,Telangana,consumer,2023-12-19,referral
12731,Customer_12731,female,48,Kanpur,Uttar Pradesh,consumer,2023-04-06,referral
12732,Customer_12732,female,50,Hyderabad,Telangana,consumer,2023-12-19,referral
12733,Customer_12733,male,38,Mumbai,Maharashtra,consumer,2024-07-20,referral
12734,Customer_12734,male,33,Gurugram,Haryana,consumer,2022-08-04,organic search
12735,Customer_12735,male,56,Faridabad,Haryana,home office,2023-12-06,direct
12736,Customer_12736,male,40,Noida,Uttar Pradesh,consumer,2023-12-24,organic search
12737,Customer_12737,female,27,Ludhiana,Punjab,consumer,2025-03-09,social media
12738,Customer_12738,male,50,Ahmedabad,Gujarat,consumer,2023-02-22,paid ads
12739,Customer_12739,male,39,Amritsar,Punjab,consumer,2024-01-18,referral
12740,Customer_12740,male,58,Nagpur,Maharashtra,corporate,2023-10-20,organic search
12741,Customer_12741,male,23,Mysuru,Karnataka,consumer,2025-11-01,referral
12742,Customer_12742,male,53,New Delhi,Delhi,consumer,2022-04-12,direct
12743,Customer_12743,male,27,unknown,Delhi,home office,2024-09-02,referral
12744,Customer_12744,male,33,Nashik,Maharashtra,corporate,2022-07-26,paid ads
12745,Customer_12745,male,30,Vadodara,Gujarat,corporate,2024-03-09,social media
12746,Customer_12746,male,37,Kanpur,Uttar Pradesh,corporate,2022-12-17,social media
12747,Customer_12747,male,21,Surat,Gujarat,consumer,2023-08-20,organic search
12748,Customer_12748,male,37,Nagpur,Maharashtra,consumer,2025-03-29,email
12749,Customer_12749,male,39,Kanpur,Uttar Pradesh,consumer,2023-04-02,paid ads
12750,Customer_12750,female,46,Jaipur,Rajasthan,consumer,2023-08-31,organic search
12751,Customer_12751,female,33,Coimbatore,Tamil Nadu,consumer,2022-03-20,referral
12752,Customer_12752,female,60,Jaipur,Rajasthan,home office,2023-08-25,paid ads
12753,Customer_12753,male,60,New Delhi,Delhi,consumer,2023-08-02,referral
12754,Customer_12754,male,40,Bengaluru,Karnataka,home office,2025-05-27,direct
12755,Customer_12755,female,47,Faridabad,Haryana,consumer,2025-10-07,organic search
12756,Customer_12756,male,47,Bengaluru,Karnataka,corporate,2023-01-09,paid ads
12757,Customer_12757,female,60,Warangal,Telangana,consumer,2024-02-20,referral
12758,Customer_12758,male,20,Bhopal,Madhya Pradesh,consumer,2022-01-21,direct
12759,Customer_12759,male,41,Kolkata,West Bengal,consumer,2022-06-09,email
12760,Customer_12760,female,54,Pune,Maharashtra,consumer,2025-09-12,referral
12761,Customer_12761,male,30,Mumbai,Maharashtra,consumer,2025-07-07,social media
12762,Customer_12762,male,59,Mumbai,Maharashtra,home office,2025-02-17,organic search
12763,Customer_12763,male,49,Ahmedabad,Gujarat,consumer,2022-11-22,email
12764,Customer_12764,male,54,Chennai,Tamil Nadu,consumer,2024-02-10,email
12765,Customer_12765,male,29,Pune,Maharashtra,consumer,2022-10-09,social media
12766,Customer_12766,female,25,Amritsar,Punjab,consumer,2025-12-05,organic search
12767,Customer_12767,female,41,Hyderabad,Telangana,corporate,2022-09-06,direct
12768,Customer_12768,female,33,Delhi,Delhi,corporate,2022-03-12,social media
12769,Customer_12769,male,49,Hyderabad,Telangana,home office,2024-02-06,paid ads
12770,Customer_12770,other,51,Udaipur,Rajasthan,consumer,2023-09-14,referral
12771,Customer_12771,female,52,Mumbai,Maharashtra,consumer,2023-02-16,paid ads
12772,Customer_12772,male,49,Bengaluru,Karnataka,home office,2024-04-20,organic search
12773,Customer_12773,female,34,Noida,Uttar Pradesh,home office,2023-12-08,referral
12774,Customer_12774,female,19,Chennai,Tamil Nadu,home office,2023-04-13,referral
12775,Customer_12775,female,43,Ahmedabad,Gujarat,corporate,2022-11-12,paid ads
12776,Customer_12776,male,34,Coimbatore,Tamil Nadu,consumer,2022-02-25,direct
12777,Customer_12777,male,55,Mumbai,Maharashtra,consumer,2025-03-23,email
12778,Customer_12778,female,19,Mumbai,Maharashtra,corporate,2025-12-11,social media
12779,Customer_12779,male,25,Chennai,Tamil Nadu,corporate,2024-02-20,referral
12780,Customer_12780,female,23,Delhi,Delhi,corporate,2022-09-18,organic search
12781,Customer_12781,female,26,Nashik,Maharashtra,consumer,2025-08-30,organic search
12782,Customer_12782,female,18,Bhopal,Madhya Pradesh,consumer,2023-11-23,organic search
12783,Customer_12783,male,22,Amritsar,Punjab,consumer,2022-05-01,organic search
12784,Customer_12784,female,56,Noida,Uttar Pradesh,consumer,2024-06-24,paid ads
12785,Customer_12785,male,26,Indore,Madhya Pradesh,consumer,2023-01-13,organic search
12786,Customer_12786,female,31,New Delhi,Delhi,home office,2022-01-04,organic search
12787,Customer_12787,female,44,Ludhiana,Punjab,consumer,2022-01-21,organic search
12788,Customer_12788,male,26,Delhi,Delhi,consumer,2023-12-17,direct
12789,Customer_12789,female,53,Gurugram,Haryana,consumer,2025-12-12,organic search
12790,Customer_12790,male,46,Amritsar,Punjab,consumer,2023-06-10,paid ads
12791,Customer_12791,male,37,Kolkata,West Bengal,consumer,2023-06-20,email
12792,Customer_12792,male,32,Ludhiana,Punjab,home office,2025-04-24,email
12793,Customer_12793,male,53,Ahmedabad,Gujarat,consumer,2022-06-07,direct
12794,Customer_12794,male,20,New Delhi,Delhi,consumer,2025-07-18,social media
12795,Customer_12795,male,40,Coimbatore,Tamil Nadu,corporate,2022-04-02,social media
12796,Customer_12796,female,26,Ahmedabad,Gujarat,consumer,2024-05-31,organic search
12797,Customer_12797,female,47,Mumbai,Maharashtra,consumer,2022-01-21,organic search
12798,Customer_12798,female,36,unknown,Gujarat,consumer,2022-01-21,direct
12799,Customer_12799,male,55,Ludhiana,Punjab,consumer,2022-05-08,email
12800,Customer_12800,female,20,Delhi,Delhi,consumer,2023-10-30,social media
12801,Customer_12801,female,20,Noida,Uttar Pradesh,consumer,2022-12-04,paid ads
12802,Customer_12802,male,51,Faridabad,Haryana,corporate,2022-04-02,email
12803,Customer_12803,female,19,Faridabad,Haryana,consumer,2023-11-03,organic search
12804,Customer_12804,male,44,Ludhiana,Punjab,consumer,2024-02-01,direct
12805,Customer_12805,female,40,Warangal,Telangana,consumer,2025-03-25,social media
12806,Customer_12806,male,59,Amritsar,Punjab,consumer,2022-12-06,referral
12807,Customer_12807,male,49,Kanpur,Uttar Pradesh,consumer,2023-07-22,paid ads
12808,Customer_12808,female,52,Nagpur,Maharashtra,corporate,2023-05-18,referral
12809,Customer_12809,male,57,Hyderabad,Telangana,consumer,2025-03-22,organic search
12810,Customer_12810,male,35,Kolkata,West Bengal,consumer,2024-05-25,direct
12811,Customer_12811,female,44,New Delhi,Delhi,home office,2023-03-25,organic search
12812,Customer_12812,female,28,Jaipur,Rajasthan,consumer,2023-04-01,referral
12813,Customer_12813,female,56,Udaipur,Rajasthan,consumer,2024-11-26,organic search
12814,Customer_12814,male,36,Mumbai,Maharashtra,consumer,2024-09-11,paid ads
12815,Customer_12815,male,42,Ahmedabad,Gujarat,consumer,2025-09-09,organic search
12816,Customer_12816,female,24,Noida,Uttar Pradesh,consumer,2024-03-17,organic search
12817,Customer_12817,male,48,Hyderabad,Telangana,consumer,2022-11-04,social media
12818,Customer_12818,male,19,Nashik,Maharashtra,consumer,2024-07-31,paid ads
12819,Customer_12819,male,55,Nashik,Maharashtra,consumer,2022-12-15,social media
12820,Customer_12820,male,22,Mysuru,Karnataka,corporate,2022-10-15,direct
12821,Customer_12821,male,31,Faridabad,Haryana,consumer,2024-08-19,direct
12822,Customer_12822,male,35,Delhi,Delhi,consumer,2025-09-08,social media
12823,Customer_12823,male,53,Udaipur,Rajasthan,consumer,2025-12-17,referral
12824,Customer_12824,male,21,Delhi,Delhi,consumer,2022-04-02,direct
12825,Customer_12825,male,41,Mysuru,Karnataka,consumer,2023-04-03,email
12826,Customer_12826,male,30,Bhopal,Madhya Pradesh,consumer,2022-02-21,organic search
12827,Customer_12827,female,38,Kolkata,West Bengal,consumer,2024-11-30,organic search
12828,Customer_12828,female,50,Pune,Maharashtra,consumer,2022-05-28,referral
12829,Customer_12829,male,37,Chennai,Tamil Nadu,consumer,2024-06-04,email
12830,Customer_12830,male,22,Pune,Maharashtra,corporate,2023-03-13,paid ads
12831,Customer_12831,male,41,Warangal,Telangana,consumer,2025-06-27,referral
12832,Customer_12832,male,52,Jaipur,Rajasthan,home office,2022-11-18,email
12833,Customer_12833,male,47,Pune,Maharashtra,corporate,2024-11-24,organic search
12834,Customer_12834,female,45,Mysuru,Karnataka,home office,2023-02-07,social media
12835,Customer_12835,female,24,Chennai,Tamil Nadu,home office,2024-01-08,paid ads
12836,Customer_12836,female,59,Gurugram,Haryana,consumer,2025-07-12,organic search
12837,Customer_12837,male,52,Amritsar,Punjab,consumer,2024-12-17,social media
12838,Customer_12838,male,47,Mumbai,Maharashtra,consumer,2022-03-28,social media
12839,Customer_12839,female,51,Noida,Uttar Pradesh,corporate,2023-09-06,organic search
12840,Customer_12840,male,56,Mysuru,Karnataka,consumer,2022-09-09,organic search
12841,Customer_12841,female,26,Chennai,Tamil Nadu,consumer,2025-10-12,referral
12842,Customer_12842,male,29,Noida,Uttar Pradesh,corporate,2022-12-17,direct
12843,Customer_12843,female,46,Faridabad,Haryana,consumer,2022-01-17,organic search
12844,Customer_12844,female,27,Gurugram,Haryana,consumer,2025-12-04,organic search
12845,Customer_12845,female,44,Surat,Gujarat,consumer,2025-10-16,organic search
12846,Customer_12846,male,36,Mysuru,Karnataka,corporate,2024-04-15,social media
12847,Customer_12847,male,30,Kanpur,Uttar Pradesh,home office,2024-09-08,social media
12848,Customer_12848,male,59,Delhi,Delhi,corporate,2022-01-24,direct
12849,Customer_12849,female,54,Ahmedabad,Gujarat,corporate,2024-10-11,email
12850,Customer_12850,male,49,Mysuru,Karnataka,consumer,2022-11-26,social media
12851,Customer_12851,male,32,Udaipur,Rajasthan,home office,2024-11-16,social media
12852,Customer_12852,male,38,New Delhi,Delhi,consumer,2025-07-12,social media
12853,Customer_12853,male,20,New Delhi,Delhi,home office,2022-03-18,referral
12854,Customer_12854,male,25,Gurugram,Haryana,consumer,2023-01-10,email
12855,Customer_12855,female,23,Nagpur,Maharashtra,consumer,2023-12-01,organic search
12856,Customer_12856,male,46,Hyderabad,Telangana,corporate,2022-03-18,organic search
12857,Customer_12857,male,36,New Delhi,Delhi,consumer,2022-01-27,direct
12858,Customer_12858,female,34,Nagpur,Maharashtra,consumer,2025-11-11,social media
12859,Customer_12859,female,27,Pune,Maharashtra,consumer,2024-02-11,paid ads
12860,Customer_12860,female,50,Delhi,Delhi,consumer,2025-02-03,email
12861,Customer_12861,male,30,Bhopal,Madhya Pradesh,consumer,2022-07-15,social media
12862,Customer_12862,female,44,Bengaluru,Karnataka,consumer,2022-03-11,organic search
12863,Customer_12863,male,59,Faridabad,Haryana,consumer,2025-03-31,paid ads
12864,Customer_12864,male,29,Ahmedabad,Gujarat,corporate,2024-01-28,referral
12865,Customer_12865,male,19,Coimbatore,Tamil Nadu,consumer,2023-10-09,email
12866,Customer_12866,male,27,Surat,Gujarat,consumer,2022-08-16,email
12867,Customer_12867,male,38,Warangal,Telangana,consumer,2025-01-11,social media
12868,Customer_12868,other,40,Lucknow,Uttar Pradesh,consumer,2025-10-23,organic search
12869,Customer_12869,male,18,Bengaluru,Karnataka,consumer,2025-04-21,referral
12870,Customer_12870,male,50,Mysuru,Karnataka,consumer,2022-05-27,direct
12871,Customer_12871,male,43,Indore,Madhya Pradesh,home office,2023-01-31,organic search
12872,Customer_12872,male,32,Gurugram,Haryana,corporate,2025-07-03,referral
12873,Customer_12873,female,39,Bhopal,Madhya Pradesh,corporate,2022-02-20,organic search
12874,Customer_12874,male,42,Chennai,Tamil Nadu,consumer,2022-08-18,direct
12875,Customer_12875,female,18,Lucknow,Uttar Pradesh,consumer,2022-09-27,email
12876,Customer_12876,male,43,Hyderabad,Telangana,consumer,2025-03-15,referral
12877,Customer_12877,female,38,Hyderabad,Telangana,consumer,2024-03-12,referral
12878,Customer_12878,female,58,Delhi,Delhi,corporate,2024-05-01,referral
12879,Customer_12879,female,41,Surat,Gujarat,consumer,2022-06-13,direct
12880,Customer_12880,female,56,New Delhi,Delhi,consumer,2023-11-03,direct
12881,Customer_12881,female,33,Mysuru,Karnataka,consumer,2023-04-18,paid ads
12882,Customer_12882,male,49,Bhopal,Madhya Pradesh,consumer,2024-09-29,organic search
12883,Customer_12883,male,33,Delhi,Delhi,consumer,2023-11-11,referral
12884,Customer_12884,female,30,Mumbai,Maharashtra,consumer,2023-04-06,referral
12885,Customer_12885,female,59,Nagpur,Maharashtra,consumer,2023-05-05,paid ads
12886,Customer_12886,unknown,49,Faridabad,Haryana,consumer,2022-08-28,email
12887,Customer_12887,male,58,Warangal,Telangana,consumer,2024-06-28,referral
12888,Customer_12888,female,41,Chennai,Tamil Nadu,corporate,2022-11-12,referral
12889,Customer_12889,male,30,Lucknow,Uttar Pradesh,corporate,2024-09-27,email
12890,Customer_12890,male,28,Kanpur,Uttar Pradesh,corporate,2023-05-10,social media
12891,Customer_12891,male,32,Bengaluru,Karnataka,consumer,2022-04-23,social media
12892,Customer_12892,female,27,Kolkata,West Bengal,consumer,2024-01-17,organic search
12893,Customer_12893,other,59,Lucknow,Uttar Pradesh,home office,2023-12-23,organic search
12894,Customer_12894,male,58,Jaipur,Rajasthan,consumer,2024-04-19,social media
12895,Customer_12895,male,20,Pune,Maharashtra,consumer,2023-01-30,organic search
12896,Customer_12896,male,33,Indore,Madhya Pradesh,consumer,2022-03-03,organic search
12897,Customer_12897,male,34,Surat,Gujarat,consumer,2024-11-05,paid ads
12898,Customer_12898,female,42,Bengaluru,Karnataka,consumer,2025-09-06,referral
12899,Customer_12899,female,47,Chennai,Tamil Nadu,corporate,2024-12-26,referral
12900,Customer_12900,male,52,Nashik,Maharashtra,consumer,2023-05-20,email
12901,Customer_12901,female,54,Nashik,Maharashtra,consumer,2023-08-17,social media
12902,Customer_12902,female,30,Noida,Uttar Pradesh,consumer,2023-08-30,paid ads
12903,Customer_12903,male,41,Mumbai,Maharashtra,consumer,2024-08-12,referral
12904,Customer_12904,male,55,Chennai,Tamil Nadu,consumer,2022-12-12,paid ads
12905,Customer_12905,other,43,Warangal,Telangana,consumer,2023-04-24,paid ads
12906,Customer_12906,male,26,Nagpur,Maharashtra,consumer,2024-07-02,email
12907,Customer_12907,female,36,Amritsar,Punjab,corporate,2022-04-30,referral
12908,Customer_12908,male,45,New Delhi,Delhi,consumer,2022-03-08,email
12909,Customer_12909,female,24,Bengaluru,Karnataka,consumer,2024-02-27,social media
12910,Customer_12910,female,39,Bengaluru,Karnataka,consumer,2025-11-04,direct
12911,Customer_12911,female,47,Delhi,Delhi,consumer,2024-03-15,organic search
12912,Customer_12912,female,54,Nagpur,Maharashtra,consumer,2022-09-26,organic search
12913,Customer_12913,female,33,Kolkata,West Bengal,consumer,2022-06-15,organic search
12914,Customer_12914,female,53,Amritsar,Punjab,home office,2024-06-03,social media
12915,Customer_12915,male,22,Delhi,Delhi,consumer,2025-03-07,referral
12916,Customer_12916,male,46,Jaipur,Rajasthan,corporate,2024-06-18,social media
12917,Customer_12917,female,40,Kanpur,Uttar Pradesh,consumer,2024-08-04,organic search
12918,Customer_12918,female,23,Bhopal,Madhya Pradesh,corporate,2023-08-27,organic search
12919,Customer_12919,male,53,Coimbatore,Tamil Nadu,consumer,2025-08-20,email
12920,Customer_12920,male,50,Bengaluru,Karnataka,consumer,2023-10-21,organic search
12921,Customer_12921,female,58,Bengaluru,Karnataka,home office,2022-08-19,direct
12922,Customer_12922,male,33,Kolkata,West Bengal,consumer,2025-11-19,paid ads
12923,Customer_12923,male,51,Lucknow,Uttar Pradesh,consumer,2025-12-22,direct
12924,Customer_12924,female,60,Delhi,Delhi,consumer,2022-01-11,organic search
12925,Customer_12925,female,43,Mysuru,Karnataka,corporate,2023-08-03,referral
12926,Customer_12926,male,54,Indore,Madhya Pradesh,corporate,2024-03-13,referral
12927,Customer_12927,male,30,Noida,Uttar Pradesh,corporate,2022-05-29,referral
12928,Customer_12928,male,34,Ludhiana,Punjab,home office,2023-10-15,paid ads
12929,Customer_12929,male,49,Lucknow,Uttar Pradesh,consumer,2025-08-08,paid ads
12930,Customer_12930,female,49,Chennai,Tamil Nadu,consumer,2025-10-14,social media
12931,Customer_12931,male,45,Surat,Gujarat,consumer,2025-01-23,email
12932,Customer_12932,male,46,Udaipur,Rajasthan,home office,2025-04-17,organic search
12933,Customer_12933,male,42,Nagpur,Maharashtra,consumer,2025-09-14,organic search
12934,Customer_12934,male,39,Vadodara,Gujarat,home office,2024-03-13,referral
12935,Customer_12935,other,44,Kolkata,West Bengal,consumer,2024-01-30,email
12936,Customer_12936,male,55,Pune,Maharashtra,corporate,2023-12-09,social media
12937,Customer_12937,female,37,Lucknow,Uttar Pradesh,consumer,2022-04-04,paid ads
12938,Customer_12938,female,41,Ahmedabad,Gujarat,corporate,2022-08-18,organic search
12939,Customer_12939,male,25,Gurugram,Haryana,consumer,2025-06-07,direct
12940,Customer_12940,female,31,Pune,Maharashtra,consumer,2022-03-24,organic search
12941,Customer_12941,male,56,Delhi,Delhi,consumer,2022-05-31,organic search
12942,Customer_12942,female,31,Surat,Gujarat,consumer,2024-09-21,organic search
12943,Customer_12943,male,22,Mysuru,Karnataka,consumer,2022-03-16,organic search
12944,Customer_12944,female,38,Kolkata,West Bengal,home office,2023-01-17,direct
12945,Customer_12945,male,32,Lucknow,Uttar Pradesh,consumer,2025-01-05,organic search
12946,Customer_12946,female,53,Mumbai,Maharashtra,consumer,2024-06-10,organic search
12947,Customer_12947,male,50,Warangal,Telangana,consumer,2022-12-23,organic search
12948,Customer_12948,female,34,Warangal,Telangana,consumer,2022-02-19,email
12949,Customer_12949,male,37,Bengaluru,Karnataka,corporate,2024-10-13,social media
12950,Customer_12950,female,18,Gurugram,Haryana,corporate,2023-09-08,referral
12951,Customer_12951,male,33,Noida,Uttar Pradesh,home office,2025-12-06,email
12952,Customer_12952,male,35,Kolkata,West Bengal,consumer,2024-09-13,social media
12953,Customer_12953,female,27,Kolkata,West Bengal,consumer,2025-09-16,organic search
12954,Customer_12954,female,40,Coimbatore,Tamil Nadu,consumer,2024-04-15,organic search
12955,Customer_12955,male,35,Gurugram,Haryana,consumer,2025-11-04,referral
12956,Customer_12956,female,26,Kolkata,West Bengal,home office,2025-12-27,referral
12957,Customer_12957,female,47,Kolkata,West Bengal,consumer,2025-05-20,email
12958,Customer_12958,female,30,Bhopal,Madhya Pradesh,consumer,2022-03-30,social media
12959,Customer_12959,male,48,Bengaluru,Karnataka,corporate,2022-12-06,email
12960,Customer_12960,male,60,Lucknow,Uttar Pradesh,consumer,2023-11-08,referral
12961,Customer_12961,female,30,Delhi,Delhi,consumer,2023-04-30,referral
12962,Customer_12962,male,49,Bengaluru,Karnataka,corporate,2023-03-03,referral
12963,Customer_12963,male,34,Bengaluru,Karnataka,consumer,2023-03-02,social media
12964,Customer_12964,male,20,Ludhiana,Punjab,home office,2022-05-28,email
12965,Customer_12965,male,18,Bhopal,Madhya Pradesh,consumer,2023-11-29,email
12966,Customer_12966,female,22,Kolkata,West Bengal,consumer,2022-01-07,email
12967,Customer_12967,female,49,Kolkata,West Bengal,consumer,2023-01-05,organic search
12968,Customer_12968,female,42,Vadodara,Gujarat,consumer,2024-03-15,paid ads
12969,Customer_12969,male,22,Faridabad,Haryana,consumer,2023-01-02,social media
12970,Customer_12970,male,54,unknown,Telangana,corporate,2024-04-26,organic search
12971,Customer_12971,male,40,Chennai,Tamil Nadu,consumer,2022-08-23,organic search
12972,Customer_12972,male,29,Mumbai,Maharashtra,consumer,2024-09-10,paid ads
12973,Customer_12973,female,51,Lucknow,Uttar Pradesh,consumer,2023-07-20,social media
12974,Customer_12974,female,40,Kolkata,West Bengal,consumer,2023-02-27,social media
12975,Customer_12975,male,33,Chennai,Tamil Nadu,home office,2025-05-10,organic search
12976,Customer_12976,female,22,Nashik,Maharashtra,corporate,2025-06-26,referral
12977,Customer_12977,male,45,Noida,Uttar Pradesh,consumer,2023-03-17,organic search
12978,Customer_12978,female,23,Mumbai,Maharashtra,consumer,2023-11-14,organic search
12979,Customer_12979,male,30,Kolkata,West Bengal,consumer,2024-04-25,organic search
12980,Customer_12980,female,60,Amritsar,Punjab,consumer,2022-10-24,social media
12981,Customer_12981,male,47,Coimbatore,Tamil Nadu,consumer,2025-01-21,paid ads
12982,Customer_12982,male,43,New Delhi,Delhi,consumer,2023-11-16,referral
12983,Customer_12983,male,34,Kolkata,West Bengal,consumer,2022-09-19,organic search
12984,Customer_12984,male,26,Noida,Uttar Pradesh,consumer,2025-12-15,organic search
12985,Customer_12985,male,33,Surat,Gujarat,corporate,2025-08-02,social media
12986,Customer_12986,male,35,Amritsar,Punjab,consumer,2022-03-15,email
12987,Customer_12987,male,30,Pune,Maharashtra,consumer,2025-12-25,social media
12988,Customer_12988,female,46,Hyderabad,Telangana,corporate,2024-01-30,organic search
12989,Customer_12989,male,60,Kolkata,West Bengal,corporate,2022-10-02,email
12990,Customer_12990,female,41,Bhopal,Madhya Pradesh,consumer,2022-09-09,social media
12991,Customer_12991,male,30,New Delhi,Delhi,home office,2025-04-21,paid ads
12992,Customer_12992,female,42,Kanpur,Uttar Pradesh,corporate,2022-08-11,organic search
12993,Customer_12993,female,58,Vadodara,Gujarat,consumer,2025-01-09,email
12994,Customer_12994,male,18,Coimbatore,Tamil Nadu,consumer,2025-10-16,organic search
12995,Customer_12995,female,26,Mumbai,Maharashtra,corporate,2024-05-23,organic search
12996,Customer_12996,male,21,Bhopal,Madhya Pradesh,consumer,2023-01-10,paid ads
12997,Customer_12997,female,45,Nashik,Maharashtra,consumer,2025-06-23,social media
12998,Customer_12998,male,29,Bengaluru,Karnataka,consumer,2022-12-28,referral
12999,Customer_12999,male,41,Mysuru,Karnataka,consumer,2022-05-15,organic search
13000,Customer_13000,male,26,Bhopal,Madhya Pradesh,consumer,2022-03-17,social media
13001,Customer_13001,male,52,Udaipur,Rajasthan,consumer,2024-08-13,referral
13002,Customer_13002,male,55,Noida,Uttar Pradesh,consumer,2023-04-18,paid ads
13003,Customer_13003,female,52,New Delhi,Delhi,consumer,2025-01-16,email
13004,Customer_13004,male,50,Ahmedabad,Gujarat,consumer,2024-12-06,social media
13005,Customer_13005,male,52,Ahmedabad,Gujarat,corporate,2022-01-12,referral
13006,Customer_13006,male,37,Noida,Uttar Pradesh,consumer,2023-01-01,social media
13007,Customer_13007,male,19,Gurugram,Haryana,consumer,2023-08-26,paid ads
13008,Customer_13008,male,43,Pune,Maharashtra,home office,2025-02-01,referral
13009,Customer_13009,female,59,Udaipur,Rajasthan,consumer,2025-08-19,referral
13010,Customer_13010,male,30,Nashik,Maharashtra,consumer,2022-06-02,social media
13011,Customer_13011,female,47,Ahmedabad,Gujarat,consumer,2025-05-23,organic search
13012,Customer_13012,male,49,Bengaluru,Karnataka,consumer,2023-12-01,social media
13013,Customer_13013,male,53,Bengaluru,Karnataka,consumer,2022-12-10,email
13014,Customer_13014,female,36,Bengaluru,Karnataka,consumer,2022-01-09,social media
13015,Customer_13015,male,39,Ahmedabad,Gujarat,consumer,2022-11-21,email
13016,Customer_13016,male,18,Bengaluru,Karnataka,consumer,2022-04-19,organic search
13017,Customer_13017,female,28,Kolkata,West Bengal,corporate,2022-11-28,referral
13018,Customer_13018,male,43,Chennai,Tamil Nadu,home office,2024-05-31,organic search
13019,Customer_13019,male,36,Mumbai,Maharashtra,corporate,2022-11-14,social media
13020,Customer_13020,female,36,Noida,Uttar Pradesh,consumer,2025-10-09,direct
13021,Customer_13021,female,29,Bengaluru,Karnataka,consumer,2022-08-21,referral
13022,Customer_13022,male,20,Chennai,Tamil Nadu,consumer,2025-12-19,organic search
13023,Customer_13023,male,35,Kolkata,West Bengal,consumer,2025-08-31,email
13024,Customer_13024,male,22,Bengaluru,Karnataka,corporate,2022-09-22,referral
13025,Customer_13025,male,41,Nashik,Maharashtra,consumer,2024-08-11,paid ads
13026,Customer_13026,female,31,Bengaluru,Karnataka,consumer,2025-06-15,referral
13027,Customer_13027,female,55,Gurugram,Haryana,consumer,2023-02-24,organic search
13028,Customer_13028,female,20,Jaipur,Rajasthan,consumer,2022-06-09,social media
13029,Customer_13029,male,23,Udaipur,Rajasthan,consumer,2023-06-25,organic search
13030,Customer_13030,male,29,Udaipur,Rajasthan,consumer,2025-12-23,organic search
13031,Customer_13031,female,28,New Delhi,Delhi,consumer,2022-04-12,referral
13032,Customer_13032,male,56,Chennai,Tamil Nadu,home office,2025-02-08,organic search
13033,Customer_13033,female,43,Noida,Uttar Pradesh,consumer,2022-09-08,organic search
13034,Customer_13034,female,18,Pune,Maharashtra,corporate,2024-11-13,referral
13035,Customer_13035,female,33,Mysuru,Karnataka,corporate,2024-03-01,social media
13036,Customer_13036,male,26,Bengaluru,Karnataka,consumer,2022-06-08,organic search
13037,Customer_13037,male,22,Chennai,Tamil Nadu,consumer,2023-12-12,social media
13038,Customer_13038,female,25,Ludhiana,Punjab,consumer,2023-09-03,referral
13039,Customer_13039,female,38,Nagpur,Maharashtra,consumer,2025-08-23,referral
13040,Customer_13040,female,50,Warangal,Telangana,consumer,2024-03-17,email
13041,Customer_13041,male,56,Delhi,Delhi,consumer,2022-01-31,direct
13042,Customer_13042,female,60,Amritsar,Punjab,consumer,2022-01-18,organic search
13043,Customer_13043,female,37,Nashik,Maharashtra,corporate,2025-07-04,social media
13044,Customer_13044,male,39,Coimbatore,Tamil Nadu,home office,2025-01-19,social media
13045,Customer_13045,male,30,Kanpur,Uttar Pradesh,consumer,2023-07-20,paid ads
13046,Customer_13046,female,56,Kolkata,West Bengal,consumer,2023-02-07,organic search
13047,Customer_13047,male,28,Chennai,Tamil Nadu,corporate,2022-01-22,organic search
13048,Customer_13048,male,35,Bengaluru,Karnataka,consumer,2023-05-18,organic search
13049,Customer_13049,female,47,Chennai,Tamil Nadu,consumer,2025-07-08,paid ads
13050,Customer_13050,male,50,New Delhi,Delhi,consumer,2022-10-12,organic search
13051,Customer_13051,female,20,Delhi,Delhi,home office,2022-04-29,social media
13052,Customer_13052,male,18,Warangal,Telangana,consumer,2023-03-04,organic search
13053,Customer_13053,male,53,Delhi,Delhi,consumer,2024-03-08,direct
13054,Customer_13054,other,23,Mysuru,Karnataka,consumer,2024-01-17,referral
13055,Customer_13055,female,54,Udaipur,Rajasthan,corporate,2024-07-30,organic search
13056,Customer_13056,male,46,Ludhiana,Punjab,home office,2024-04-18,organic search
13057,Customer_13057,female,28,Ahmedabad,Gujarat,consumer,2025-03-13,social media
13058,Customer_13058,male,30,Mumbai,Maharashtra,home office,2025-09-05,organic search
13059,Customer_13059,male,28,Pune,Maharashtra,consumer,2024-02-26,organic search
13060,Customer_13060,male,55,Faridabad,Haryana,consumer,2025-12-16,organic search
13061,Customer_13061,male,42,Mysuru,Karnataka,home office,2022-03-29,direct
13062,Customer_13062,female,32,Pune,Maharashtra,consumer,2024-09-04,social media
13063,Customer_13063,female,30,Ahmedabad,Gujarat,consumer,2022-12-15,organic search
13064,Customer_13064,other,59,Surat,Gujarat,consumer,2022-08-12,social media
13065,Customer_13065,female,50,Jaipur,Rajasthan,corporate,2025-03-24,social media
13066,Customer_13066,male,30,Delhi,Delhi,corporate,2022-01-03,organic search
13067,Customer_13067,female,55,Nagpur,Maharashtra,home office,2022-10-20,social media
13068,Customer_13068,other,41,Amritsar,Punjab,consumer,2023-08-28,organic search
13069,Customer_13069,female,37,Delhi,Delhi,home office,2022-12-22,organic search
13070,Customer_13070,female,34,Jaipur,Rajasthan,consumer,2024-05-30,direct
13071,Customer_13071,female,41,Kolkata,West Bengal,consumer,2022-02-04,organic search
13072,Customer_13072,male,43,Vadodara,Gujarat,corporate,2025-09-03,organic search
13073,Customer_13073,female,57,Mysuru,Karnataka,consumer,2023-12-31,paid ads
13074,Customer_13074,female,49,New Delhi,Delhi,consumer,2025-12-20,organic search
13075,Customer_13075,female,46,Surat,Gujarat,consumer,2023-05-22,direct
13076,Customer_13076,male,31,Bhopal,Madhya Pradesh,consumer,2023-12-27,direct
13077,Customer_13077,male,54,Gurugram,Haryana,consumer,2024-11-25,paid ads
13078,Customer_13078,female,39,Nashik,Maharashtra,consumer,2024-11-14,direct
13079,Customer_13079,male,51,Pune,Maharashtra,consumer,2025-07-12,organic search
13080,Customer_13080,female,44,Gurugram,Haryana,consumer,2023-06-15,organic search
13081,Customer_13081,male,45,Kolkata,West Bengal,corporate,2025-09-10,email
13082,Customer_13082,male,39,Bhopal,Madhya Pradesh,consumer,2025-11-21,referral
13083,Customer_13083,male,60,Delhi,Delhi,consumer,2025-09-30,paid ads
13084,Customer_13084,male,20,Ahmedabad,Gujarat,corporate,2022-03-27,organic search
13085,Customer_13085,male,39,Kolkata,West Bengal,corporate,2024-06-03,social media
13086,Customer_13086,male,38,Jaipur,Rajasthan,consumer,2022-06-16,organic search
13087,Customer_13087,male,33,Chennai,Tamil Nadu,consumer,2025-05-02,organic search
13088,Customer_13088,male,26,Pune,Maharashtra,home office,2023-09-22,referral
13089,Customer_13089,male,30,Ahmedabad,Gujarat,consumer,2023-12-15,organic search
13090,Customer_13090,male,27,New Delhi,Delhi,home office,2025-09-17,referral
13091,Customer_13091,female,38,Chennai,Tamil Nadu,consumer,2024-01-29,organic search
13092,Customer_13092,female,59,Faridabad,Haryana,consumer,2024-03-23,paid ads
13093,Customer_13093,male,57,Chennai,Tamil Nadu,consumer,2023-06-30,direct
13094,Customer_13094,male,24,Kanpur,Uttar Pradesh,consumer,2023-01-04,referral
13095,Customer_13095,female,39,Delhi,Delhi,home office,2025-07-22,organic search
13096,Customer_13096,male,35,Udaipur,Rajasthan,home office,2023-05-11,paid ads
13097,Customer_13097,female,38,Amritsar,Punjab,home office,2025-08-17,email
13098,Customer_13098,female,31,Pune,Maharashtra,corporate,2024-02-28,social media
13099,Customer_13099,male,27,Pune,Maharashtra,corporate,2024-09-27,referral
13100,Customer_13100,male,50,Coimbatore,Tamil Nadu,consumer,2024-04-22,organic search
13101,Customer_13101,male,26,Nagpur,Maharashtra,corporate,2025-06-05,referral
13102,Customer_13102,male,35,Lucknow,Uttar Pradesh,consumer,2025-09-14,organic search
13103,Customer_13103,male,30,Faridabad,Haryana,consumer,2025-09-29,social media
13104,Customer_13104,male,34,Coimbatore,Tamil Nadu,consumer,2022-08-16,organic search
13105,Customer_13105,female,40,New Delhi,Delhi,home office,2023-03-05,organic search
13106,Customer_13106,male,42,Coimbatore,Tamil Nadu,consumer,2024-08-29,email
13107,Customer_13107,male,33,Kolkata,West Bengal,corporate,2024-06-21,referral
13108,Customer_13108,female,41,Pune,Maharashtra,consumer,2023-10-02,paid ads
13109,Customer_13109,male,48,Ahmedabad,Gujarat,corporate,2025-03-21,social media
13110,Customer_13110,male,28,Surat,Gujarat,home office,2023-12-01,paid ads
13111,Customer_13111,male,40,Jaipur,Rajasthan,consumer,2024-01-15,social media
13112,Customer_13112,female,58,New Delhi,Delhi,home office,2022-07-07,social media
13113,Customer_13113,female,56,Kolkata,West Bengal,consumer,2023-10-27,organic search
13114,Customer_13114,unknown,39,Nagpur,Maharashtra,consumer,2023-02-03,social media
13115,Customer_13115,male,50,New Delhi,Delhi,home office,2025-12-08,organic search
13116,Customer_13116,male,58,Indore,Madhya Pradesh,consumer,2024-05-01,social media
13117,Customer_13117,male,59,Noida,Uttar Pradesh,consumer,2023-03-29,direct
13118,Customer_13118,male,35,Pune,Maharashtra,consumer,2022-06-14,email
13119,Customer_13119,female,31,Delhi,Delhi,consumer,2024-12-06,social media
13120,Customer_13120,female,45,Delhi,Delhi,consumer,2025-09-18,social media
13121,Customer_13121,male,28,Delhi,Delhi,consumer,2024-12-05,social media
13122,Customer_13122,female,41,New Delhi,Delhi,home office,2022-11-14,social media
13123,Customer_13123,female,53,Pune,Maharashtra,consumer,2022-04-01,organic search
13124,Customer_13124,male,36,Coimbatore,Tamil Nadu,consumer,2023-11-16,social media
13125,Customer_13125,male,30,Kolkata,West Bengal,home office,2022-04-20,social media
13126,Customer_13126,male,50,Surat,Gujarat,home office,2024-02-19,email
13127,Customer_13127,male,36,Udaipur,Rajasthan,corporate,2024-05-12,organic search
13128,Customer_13128,male,49,Nashik,Maharashtra,consumer,2024-09-06,social media
13129,Customer_13129,female,32,Gurugram,Haryana,consumer,2022-08-09,organic search
13130,Customer_13130,female,28,Noida,Uttar Pradesh,consumer,2023-03-22,referral
13131,Customer_13131,male,40,Noida,Uttar Pradesh,consumer,2022-01-16,referral
13132,Customer_13132,male,22,Noida,Uttar Pradesh,corporate,2023-03-01,referral
13133,Customer_13133,female,39,Faridabad,Haryana,consumer,2025-05-31,referral
13134,Customer_13134,male,59,Surat,Gujarat,consumer,2024-08-06,paid ads
13135,Customer_13135,female,35,New Delhi,Delhi,consumer,2025-09-21,organic search
13136,Customer_13136,male,24,Surat,Gujarat,consumer,2024-12-24,organic search
13137,Customer_13137,male,50,Lucknow,Uttar Pradesh,consumer,2022-08-12,paid ads
13138,Customer_13138,male,20,Kanpur,Uttar Pradesh,corporate,2023-01-15,organic search
13139,Customer_13139,female,45,Warangal,Telangana,consumer,2022-02-19,paid ads
13140,Customer_13140,male,18,Pune,Maharashtra,consumer,2024-12-25,organic search
13141,Customer_13141,male,54,Mysuru,Karnataka,consumer,2025-11-22,direct
13142,Customer_13142,male,39,Gurugram,Haryana,consumer,2022-09-05,organic search
13143,Customer_13143,female,36,Surat,Gujarat,consumer,2025-05-08,paid ads
13144,Customer_13144,female,31,Surat,Gujarat,consumer,2024-09-28,organic search
13145,Customer_13145,other,20,Delhi,Delhi,consumer,2023-09-28,social media
13146,Customer_13146,female,36,Bengaluru,Karnataka,home office,2023-11-29,direct
13147,Customer_13147,male,50,Indore,Madhya Pradesh,consumer,2023-04-09,social media
13148,Customer_13148,male,38,Udaipur,Rajasthan,consumer,2023-06-02,social media
13149,Customer_13149,male,18,Lucknow,Uttar Pradesh,consumer,2022-08-13,organic search
13150,Customer_13150,male,43,Coimbatore,Tamil Nadu,consumer,2024-01-20,organic search
13151,Customer_13151,female,27,Vadodara,Gujarat,consumer,2024-01-19,organic search
13152,Customer_13152,female,52,Delhi,Delhi,consumer,2024-10-23,referral
13153,Customer_13153,male,30,Kolkata,West Bengal,consumer,2022-12-13,organic search
13154,Customer_13154,female,23,Chennai,Tamil Nadu,consumer,2024-02-17,organic search
13155,Customer_13155,female,60,Coimbatore,Tamil Nadu,consumer,2023-01-11,social media
13156,Customer_13156,male,23,Udaipur,Rajasthan,consumer,2025-08-06,organic search
13157,Customer_13157,male,52,Gurugram,Haryana,consumer,2024-01-13,paid ads
13158,Customer_13158,male,33,Mumbai,Maharashtra,corporate,2022-02-26,direct
13159,Customer_13159,male,58,Lucknow,Uttar Pradesh,consumer,2024-06-23,email
13160,Customer_13160,female,25,Bengaluru,Karnataka,consumer,2024-04-23,direct
13161,Customer_13161,male,20,Chennai,Tamil Nadu,home office,2023-03-02,referral
13162,Customer_13162,male,22,Pune,Maharashtra,consumer,2022-12-04,organic search
13163,Customer_13163,other,38,Mysuru,Karnataka,consumer,2023-04-09,paid ads
13164,Customer_13164,female,48,Hyderabad,Telangana,corporate,2025-03-17,organic search
13165,Customer_13165,male,31,Nashik,Maharashtra,corporate,2023-12-04,social media
13166,Customer_13166,female,54,Warangal,Telangana,corporate,2024-03-18,paid ads
13167,Customer_13167,male,36,Gurugram,Haryana,consumer,2025-11-03,email
13168,Customer_13168,unknown,54,Pune,Maharashtra,consumer,2023-10-18,organic search
13169,Customer_13169,female,37,Lucknow,Uttar Pradesh,consumer,2023-05-28,organic search
13170,Customer_13170,male,19,Chennai,Tamil Nadu,consumer,2024-05-14,paid ads
13171,Customer_13171,female,24,Udaipur,Rajasthan,consumer,2022-09-28,organic search
13172,Customer_13172,male,50,New Delhi,Delhi,corporate,2024-05-19,direct
13173,Customer_13173,male,59,Nashik,Maharashtra,consumer,2024-10-18,social media
13174,Customer_13174,male,23,Nagpur,Maharashtra,consumer,2022-01-20,paid ads
13175,Customer_13175,male,24,Nagpur,Maharashtra,consumer,2025-03-09,paid ads
13176,Customer_13176,female,35,New Delhi,Delhi,home office,2022-07-20,social media
13177,Customer_13177,female,60,Jaipur,Rajasthan,home office,2025-11-04,social media
13178,Customer_13178,female,46,Bhopal,Madhya Pradesh,home office,2025-09-23,email
13179,Customer_13179,female,36,Lucknow,Uttar Pradesh,consumer,2022-07-17,organic search
13180,Customer_13180,male,42,Kolkata,West Bengal,consumer,2023-01-03,organic search
13181,Customer_13181,female,21,Mumbai,Maharashtra,consumer,2023-06-28,organic search
13182,Customer_13182,female,30,Mysuru,Karnataka,consumer,2022-05-08,paid ads
13183,Customer_13183,female,49,Mysuru,Karnataka,consumer,2024-08-27,organic search
13184,Customer_13184,female,44,Delhi,Delhi,consumer,2024-03-25,referral
13185,Customer_13185,female,51,Warangal,Telangana,consumer,2023-03-29,social media
13186,Customer_13186,male,45,Hyderabad,Telangana,consumer,2023-03-10,email
13187,Customer_13187,female,26,Mysuru,Karnataka,consumer,2023-06-27,social media
13188,Customer_13188,male,25,Bengaluru,Karnataka,consumer,2024-08-27,organic search
13189,Customer_13189,male,38,Lucknow,Uttar Pradesh,consumer,2025-10-18,email
13190,Customer_13190,female,47,Noida,Uttar Pradesh,consumer,2023-05-19,organic search
13191,Customer_13191,male,46,Bengaluru,Karnataka,consumer,2022-10-05,email
13192,Customer_13192,male,26,Gurugram,Haryana,corporate,2024-10-19,organic search
13193,Customer_13193,male,30,Faridabad,Haryana,consumer,2025-08-28,organic search
13194,Customer_13194,female,35,Bengaluru,Karnataka,corporate,2024-01-28,paid ads
13195,Customer_13195,male,55,Bengaluru,Karnataka,consumer,2022-06-24,referral
13196,Customer_13196,female,39,Hyderabad,Telangana,consumer,2024-02-01,organic search
13197,Customer_13197,male,48,Gurugram,Haryana,consumer,2022-03-29,direct
13198,Customer_13198,male,52,Bhopal,Madhya Pradesh,home office,2024-05-14,referral
13199,Customer_13199,male,59,Nagpur,Maharashtra,consumer,2023-08-29,organic search
13200,Customer_13200,female,59,Chennai,Tamil Nadu,consumer,2024-02-22,social media
13201,Customer_13201,male,27,Surat,Gujarat,consumer,2023-03-18,direct
13202,Customer_13202,female,26,Warangal,Telangana,consumer,2025-03-05,organic search
13203,Customer_13203,female,48,Delhi,Delhi,consumer,2022-04-16,direct
13204,Customer_13204,female,57,Indore,Madhya Pradesh,consumer,2024-11-02,organic search
13205,Customer_13205,female,41,Jaipur,Rajasthan,consumer,2023-07-05,organic search
13206,Customer_13206,male,58,Lucknow,Uttar Pradesh,consumer,2025-11-08,organic search
13207,Customer_13207,male,25,Bhopal,Madhya Pradesh,corporate,2022-03-14,organic search
13208,Customer_13208,female,37,Kanpur,Uttar Pradesh,consumer,2022-10-18,organic search
13209,Customer_13209,female,34,Coimbatore,Tamil Nadu,consumer,2024-08-17,organic search
13210,Customer_13210,female,45,Ahmedabad,Gujarat,home office,2025-10-03,social media
13211,Customer_13211,female,23,Pune,Maharashtra,consumer,2025-06-01,organic search
13212,Customer_13212,other,59,Jaipur,Rajasthan,consumer,2025-10-05,paid ads
13213,Customer_13213,male,50,Delhi,Delhi,consumer,2024-05-13,direct
13214,Customer_13214,female,45,Kolkata,West Bengal,consumer,2023-03-04,organic search
13215,Customer_13215,female,18,New Delhi,Delhi,consumer,2024-02-20,referral
13216,Customer_13216,female,58,Mumbai,Maharashtra,home office,2023-02-21,organic search
13217,Customer_13217,male,52,Nagpur,Maharashtra,consumer,2023-09-13,social media
13218,Customer_13218,female,41,Pune,Maharashtra,consumer,2022-03-04,paid ads
13219,Customer_13219,female,23,Kolkata,West Bengal,home office,2023-12-02,email
13220,Customer_13220,male,24,Kolkata,West Bengal,home office,2025-08-29,email
13221,Customer_13221,female,26,Hyderabad,Telangana,consumer,2023-02-24,organic search
13222,Customer_13222,male,54,Mumbai,Maharashtra,corporate,2022-09-11,referral
13223,Customer_13223,other,33,Nagpur,Maharashtra,consumer,2022-10-06,organic search
13224,Customer_13224,male,51,Pune,Maharashtra,corporate,2023-07-30,social media
13225,Customer_13225,male,52,Mumbai,Maharashtra,home office,2023-03-14,direct
13226,Customer_13226,male,52,Bhopal,Madhya Pradesh,consumer,2022-01-21,organic search
13227,Customer_13227,female,37,New Delhi,Delhi,consumer,2025-12-11,referral
13228,Customer_13228,male,40,Mysuru,Karnataka,consumer,2025-08-30,social media
13229,Customer_13229,female,59,Pune,Maharashtra,consumer,2025-12-11,email
13230,Customer_13230,female,52,New Delhi,Delhi,consumer,2022-02-10,organic search
13231,Customer_13231,female,40,Warangal,Telangana,corporate,2024-04-20,social media
13232,Customer_13232,male,21,Ahmedabad,Gujarat,consumer,2025-12-18,organic search
13233,Customer_13233,other,27,Delhi,Delhi,consumer,2023-07-16,social media
13234,Customer_13234,female,60,Pune,Maharashtra,corporate,2024-04-21,referral
13235,Customer_13235,male,28,Coimbatore,Tamil Nadu,consumer,2025-03-29,organic search
13236,Customer_13236,male,57,Delhi,Delhi,consumer,2025-11-12,referral
13237,Customer_13237,male,26,New Delhi,Delhi,consumer,2024-02-15,paid ads
13238,Customer_13238,female,57,Amritsar,Punjab,consumer,2024-11-02,organic search
13239,Customer_13239,male,29,Surat,Gujarat,consumer,2025-07-22,paid ads
13240,Customer_13240,male,34,Ahmedabad,Gujarat,corporate,2025-11-02,direct
13241,Customer_13241,female,49,Chennai,Tamil Nadu,consumer,2022-07-04,organic search
13242,Customer_13242,female,40,Coimbatore,Tamil Nadu,consumer,2024-07-19,organic search
13243,Customer_13243,female,32,Vadodara,Gujarat,consumer,2024-10-02,social media
13244,Customer_13244,female,45,Kolkata,West Bengal,consumer,2023-03-18,organic search
13245,Customer_13245,male,55,Kolkata,West Bengal,consumer,2025-07-18,paid ads
13246,Customer_13246,female,22,New Delhi,Delhi,consumer,2023-03-06,organic search
13247,Customer_13247,male,57,Hyderabad,Telangana,home office,2025-06-02,organic search
13248,Customer_13248,female,35,Chennai,Tamil Nadu,consumer,2022-05-19,social media
13249,Customer_13249,female,38,Indore,Madhya Pradesh,consumer,2023-03-30,paid ads
13250,Customer_13250,male,32,Ahmedabad,Gujarat,consumer,2024-10-17,paid ads
13251,Customer_13251,female,20,Hyderabad,Telangana,corporate,2023-06-11,referral
13252,Customer_13252,male,43,Nagpur,Maharashtra,consumer,2022-11-18,social media
13253,Customer_13253,male,32,Ahmedabad,Gujarat,consumer,2022-04-11,referral
13254,Customer_13254,female,37,Nashik,Maharashtra,consumer,2023-02-06,social media
13255,Customer_13255,female,38,Mysuru,Karnataka,consumer,2023-08-18,paid ads
13256,Customer_13256,female,43,Pune,Maharashtra,consumer,2022-02-24,email
13257,Customer_13257,male,58,Kolkata,West Bengal,corporate,2025-05-01,organic search
13258,Customer_13258,female,40,Delhi,Delhi,home office,2024-06-13,organic search
13259,Customer_13259,male,42,Coimbatore,Tamil Nadu,consumer,2022-04-24,referral
13260,Customer_13260,male,21,Indore,Madhya Pradesh,consumer,2022-10-09,email
13261,Customer_13261,male,27,New Delhi,Delhi,consumer,2024-10-26,direct
13262,Customer_13262,male,39,Warangal,Telangana,consumer,2023-06-21,organic search
13263,Customer_13263,female,20,Coimbatore,Tamil Nadu,consumer,2022-03-18,social media
13264,Customer_13264,male,36,Nagpur,Maharashtra,consumer,2022-12-15,paid ads
13265,Customer_13265,male,48,Noida,Uttar Pradesh,consumer,2025-02-09,direct
13266,Customer_13266,male,26,Mumbai,Maharashtra,consumer,2022-07-28,organic search
13267,Customer_13267,female,46,Warangal,Telangana,consumer,2022-04-27,social media
13268,Customer_13268,female,54,Vadodara,Gujarat,consumer,2022-01-08,social media
13269,Customer_13269,male,24,Surat,Gujarat,consumer,2022-02-18,organic search
13270,Customer_13270,female,55,Kolkata,West Bengal,consumer,2022-07-04,email
13271,Customer_13271,male,41,New Delhi,Delhi,consumer,2023-11-01,organic search
13272,Customer_13272,female,25,Pune,Maharashtra,consumer,2022-11-18,email
13273,Customer_13273,male,51,Kolkata,West Bengal,corporate,2023-11-16,organic search
13274,Customer_13274,male,43,Warangal,Telangana,consumer,2024-10-05,direct
13275,Customer_13275,female,45,Lucknow,Uttar Pradesh,consumer,2025-08-11,referral
13276,Customer_13276,female,45,Lucknow,Uttar Pradesh,consumer,2025-03-24,organic search
13277,Customer_13277,male,24,Bhopal,Madhya Pradesh,consumer,2025-04-20,referral
13278,Customer_13278,female,20,Warangal,Telangana,consumer,2022-06-11,organic search
13279,Customer_13279,female,39,Bengaluru,Karnataka,consumer,2023-04-24,organic search
13280,Customer_13280,female,55,Kanpur,Uttar Pradesh,consumer,2025-01-08,organic search
13281,Customer_13281,male,35,Chennai,Tamil Nadu,consumer,2022-11-05,email
13282,Customer_13282,male,29,Delhi,Delhi,consumer,2022-06-25,organic search
13283,Customer_13283,female,48,Bhopal,Madhya Pradesh,consumer,2024-12-14,social media
13284,Customer_13284,male,56,Indore,Madhya Pradesh,consumer,2025-06-13,referral
13285,Customer_13285,male,22,Warangal,Telangana,consumer,2023-06-06,email
13286,Customer_13286,male,58,Pune,Maharashtra,corporate,2025-08-12,organic search
13287,Customer_13287,female,46,Chennai,Tamil Nadu,consumer,2022-02-22,email
13288,Customer_13288,male,60,Kanpur,Uttar Pradesh,home office,2023-04-24,paid ads
13289,Customer_13289,female,53,Indore,Madhya Pradesh,consumer,2025-09-12,social media
13290,Customer_13290,male,31,Delhi,Delhi,consumer,2022-01-29,direct
13291,Customer_13291,male,35,Pune,Maharashtra,consumer,2022-03-01,organic search
13292,Customer_13292,male,24,Indore,Madhya Pradesh,consumer,2023-02-17,paid ads
13293,Customer_13293,male,40,Chennai,Tamil Nadu,home office,2022-12-02,paid ads
13294,Customer_13294,female,50,Vadodara,Gujarat,consumer,2024-03-26,direct
13295,Customer_13295,female,33,Amritsar,Punjab,consumer,2023-10-05,email
13296,Customer_13296,male,54,Mumbai,Maharashtra,consumer,2025-03-04,referral
13297,Customer_13297,male,42,Jaipur,Rajasthan,consumer,2024-09-10,organic search
13298,Customer_13298,female,26,Mumbai,Maharashtra,consumer,2023-11-09,referral
13299,Customer_13299,female,45,Bengaluru,Karnataka,corporate,2025-12-01,organic search
13300,Customer_13300,female,26,Noida,Uttar Pradesh,consumer,2023-01-01,social media
13301,Customer_13301,female,29,Coimbatore,Tamil Nadu,consumer,2025-06-19,organic search
13302,Customer_13302,male,35,Ludhiana,Punjab,consumer,2022-08-25,direct
13303,Customer_13303,female,44,Surat,Gujarat,corporate,2024-07-16,social media
13304,Customer_13304,male,43,Bengaluru,Karnataka,corporate,2023-09-02,organic search
13305,Customer_13305,male,43,Delhi,Delhi,consumer,2025-04-05,organic search
13306,Customer_13306,female,27,Mysuru,Karnataka,home office,2022-06-04,social media
13307,Customer_13307,female,34,Bengaluru,Karnataka,consumer,2025-05-08,organic search
13308,Customer_13308,female,49,Nagpur,Maharashtra,consumer,2024-11-18,social media
13309,Customer_13309,male,41,Mysuru,Karnataka,consumer,2024-06-17,organic search
13310,Customer_13310,male,60,Warangal,Telangana,consumer,2023-10-31,email
13311,Customer_13311,male,25,Kolkata,West Bengal,consumer,2025-09-06,social media
13312,Customer_13312,female,47,Jaipur,Rajasthan,consumer,2022-02-17,paid ads
13313,Customer_13313,male,43,Kolkata,West Bengal,consumer,2025-02-04,social media
13314,Customer_13314,female,41,Nagpur,Maharashtra,consumer,2022-12-05,paid ads
13315,Customer_13315,male,44,New Delhi,Delhi,corporate,2023-12-14,social media
13316,Customer_13316,female,32,Jaipur,Rajasthan,corporate,2025-11-20,paid ads
13317,Customer_13317,female,45,Warangal,Telangana,consumer,2024-07-05,paid ads
13318,Customer_13318,male,28,Mumbai,Maharashtra,consumer,2024-08-21,referral
13319,Customer_13319,male,56,Noida,Uttar Pradesh,consumer,2025-12-06,organic search
13320,Customer_13320,female,19,Lucknow,Uttar Pradesh,home office,2022-09-02,social media
13321,Customer_13321,male,26,Vadodara,Gujarat,consumer,2022-11-06,paid ads
13322,Customer_13322,female,40,Pune,Maharashtra,consumer,2022-07-22,direct
13323,Customer_13323,female,50,Noida,Uttar Pradesh,consumer,2024-03-23,paid ads
13324,Customer_13324,male,36,Surat,Gujarat,corporate,2025-04-26,direct
13325,Customer_13325,female,30,Noida,Uttar Pradesh,consumer,2023-06-30,organic search
13326,Customer_13326,male,31,Kanpur,Uttar Pradesh,consumer,2023-03-04,organic search
13327,Customer_13327,female,49,Kanpur,Uttar Pradesh,consumer,2022-04-12,social media
13328,Customer_13328,male,39,Hyderabad,Telangana,home office,2022-06-30,paid ads
13329,Customer_13329,female,37,Pune,Maharashtra,consumer,2023-03-09,social media
13330,Customer_13330,male,50,Udaipur,Rajasthan,consumer,2022-05-01,paid ads
13331,Customer_13331,male,22,Ahmedabad,Gujarat,consumer,2023-07-17,paid ads
13332,Customer_13332,male,37,Kanpur,Uttar Pradesh,consumer,2024-06-06,referral
13333,Customer_13333,female,31,Delhi,Delhi,consumer,2023-09-09,paid ads
13334,Customer_13334,female,44,New Delhi,Delhi,corporate,2023-05-25,organic search
13335,Customer_13335,female,43,Indore,Madhya Pradesh,home office,2025-03-19,organic search
13336,Customer_13336,male,49,Kanpur,Uttar Pradesh,consumer,2022-09-14,organic search
13337,Customer_13337,female,47,Faridabad,Haryana,consumer,2023-06-06,direct
13338,Customer_13338,female,44,Noida,Uttar Pradesh,consumer,2024-03-31,paid ads
13339,Customer_13339,male,43,Ahmedabad,Gujarat,consumer,2024-06-30,organic search
13340,Customer_13340,male,35,Udaipur,Rajasthan,consumer,2025-03-29,social media
13341,Customer_13341,male,40,Indore,Madhya Pradesh,consumer,2022-11-07,organic search
13342,Customer_13342,male,41,Vadodara,Gujarat,consumer,2024-12-02,paid ads
13343,Customer_13343,male,21,Udaipur,Rajasthan,consumer,2022-05-10,direct
13344,Customer_13344,female,58,Nashik,Maharashtra,home office,2025-02-23,paid ads
13345,Customer_13345,male,20,Warangal,Telangana,consumer,2023-08-04,referral
13346,Customer_13346,female,60,Kolkata,West Bengal,corporate,2023-12-25,direct
13347,Customer_13347,female,47,New Delhi,Delhi,home office,2023-10-22,referral
13348,Customer_13348,female,33,New Delhi,Delhi,home office,2022-05-30,paid ads
13349,Customer_13349,female,24,Bengaluru,Karnataka,consumer,2023-01-02,direct
13350,Customer_13350,male,56,Delhi,Delhi,consumer,2022-09-09,referral
13351,Customer_13351,female,39,New Delhi,Delhi,consumer,2025-12-17,referral
13352,Customer_13352,male,58,Chennai,Tamil Nadu,corporate,2025-10-26,referral
13353,Customer_13353,female,48,Gurugram,Haryana,consumer,2024-02-16,paid ads
13354,Customer_13354,female,30,Hyderabad,Telangana,home office,2025-11-12,organic search
13355,Customer_13355,female,58,Delhi,Delhi,consumer,2024-04-05,social media
13356,Customer_13356,female,58,Nashik,Maharashtra,consumer,2023-05-01,organic search
13357,Customer_13357,male,46,Kolkata,West Bengal,consumer,2025-03-19,paid ads
13358,Customer_13358,male,45,Coimbatore,Tamil Nadu,corporate,2025-01-18,direct
13359,Customer_13359,female,36,Kanpur,Uttar Pradesh,consumer,2023-08-07,social media
13360,Customer_13360,male,40,Jaipur,Rajasthan,consumer,2024-07-03,organic search
13361,Customer_13361,female,25,Lucknow,Uttar Pradesh,consumer,2022-12-28,organic search
13362,Customer_13362,male,42,Delhi,Delhi,consumer,2022-12-06,organic search
13363,Customer_13363,female,55,Kolkata,West Bengal,consumer,2023-10-24,referral
13364,Customer_13364,male,55,Delhi,Delhi,consumer,2023-10-28,social media
13365,Customer_13365,male,52,Faridabad,Haryana,consumer,2025-08-16,direct
13366,Customer_13366,female,43,Udaipur,Rajasthan,consumer,2025-06-05,email
13367,Customer_13367,male,20,Mysuru,Karnataka,home office,2022-12-29,social media
13368,Customer_13368,male,19,New Delhi,Delhi,home office,2024-04-18,organic search
13369,Customer_13369,male,22,Delhi,Delhi,consumer,2024-11-07,social media
13370,Customer_13370,male,37,Kolkata,West Bengal,consumer,2023-12-19,organic search
13371,Customer_13371,male,29,Delhi,Delhi,consumer,2022-12-15,referral
13372,Customer_13372,male,55,Ahmedabad,Gujarat,home office,2024-04-07,email
13373,Customer_13373,female,33,Delhi,Delhi,consumer,2023-02-07,social media
13374,Customer_13374,male,54,Udaipur,Rajasthan,consumer,2023-07-01,social media
13375,Customer_13375,other,55,Noida,Uttar Pradesh,consumer,2024-01-30,direct
13376,Customer_13376,male,53,Lucknow,Uttar Pradesh,consumer,2025-08-07,social media
13377,Customer_13377,male,46,Lucknow,Uttar Pradesh,consumer,2022-06-24,organic search
13378,Customer_13378,male,52,Delhi,Delhi,corporate,2022-03-05,organic search
13379,Customer_13379,female,54,Nashik,Maharashtra,consumer,2025-11-02,paid ads
13380,Customer_13380,male,38,Kolkata,West Bengal,consumer,2023-06-04,organic search
13381,Customer_13381,female,38,Mysuru,Karnataka,consumer,2023-11-16,direct
13382,Customer_13382,female,45,unknown,Tamil Nadu,corporate,2022-08-11,direct
13383,Customer_13383,male,23,Mumbai,Maharashtra,consumer,2025-01-27,email
13384,Customer_13384,female,37,Delhi,Delhi,consumer,2023-08-26,referral
13385,Customer_13385,male,53,Mumbai,Maharashtra,consumer,2023-05-17,referral
13386,Customer_13386,male,30,Bhopal,Madhya Pradesh,home office,2023-10-01,direct
13387,Customer_13387,female,57,New Delhi,Delhi,consumer,2023-05-07,organic search
13388,Customer_13388,female,28,Vadodara,Gujarat,consumer,2023-07-17,social media
13389,Customer_13389,female,41,Nashik,Maharashtra,consumer,2025-11-24,social media
13390,Customer_13390,unknown,36,Jaipur,Rajasthan,home office,2025-02-03,social media
13391,Customer_13391,female,40,Mysuru,Karnataka,consumer,2023-09-30,email
13392,Customer_13392,female,48,Indore,Madhya Pradesh,consumer,2025-03-15,paid ads
13393,Customer_13393,male,54,Indore,Madhya Pradesh,consumer,2025-06-25,direct
13394,Customer_13394,female,54,Mysuru,Karnataka,consumer,2022-10-05,organic search
13395,Customer_13395,female,20,Bhopal,Madhya Pradesh,consumer,2022-09-20,email
13396,Customer_13396,male,51,Ludhiana,Punjab,home office,2023-02-18,social media
13397,Customer_13397,male,46,Lucknow,Uttar Pradesh,consumer,2024-05-07,referral
13398,Customer_13398,male,20,Bhopal,Madhya Pradesh,home office,2022-08-06,paid ads
13399,Customer_13399,female,32,Delhi,Delhi,consumer,2025-05-20,organic search
13400,Customer_13400,female,24,Ahmedabad,Gujarat,home office,2025-01-09,paid ads
13401,Customer_13401,female,20,Nashik,Maharashtra,consumer,2024-09-14,social media
13402,Customer_13402,male,60,Pune,Maharashtra,consumer,2022-02-17,organic search
13403,Customer_13403,female,33,Ludhiana,Punjab,consumer,2025-07-05,social media
13404,Customer_13404,male,51,Mysuru,Karnataka,consumer,2023-06-22,paid ads
13405,Customer_13405,female,37,Lucknow,Uttar Pradesh,consumer,2024-02-07,social media
13406,Customer_13406,female,56,Noida,Uttar Pradesh,consumer,2023-07-02,referral
13407,Customer_13407,female,50,Bhopal,Madhya Pradesh,consumer,2022-05-26,organic search
13408,Customer_13408,female,31,Amritsar,Punjab,consumer,2023-08-30,social media
13409,Customer_13409,female,59,Delhi,Delhi,corporate,2023-07-16,direct
13410,Customer_13410,male,52,Nashik,Maharashtra,consumer,2023-12-08,direct
13411,Customer_13411,male,28,Coimbatore,Tamil Nadu,home office,2022-03-02,email
13412,Customer_13412,female,37,Nagpur,Maharashtra,home office,2025-09-03,social media
13413,Customer_13413,male,47,Nagpur,Maharashtra,consumer,2024-06-03,organic search
13414,Customer_13414,male,45,Bengaluru,Karnataka,consumer,2025-11-30,direct
13415,Customer_13415,female,32,Noida,Uttar Pradesh,consumer,2024-04-16,social media
13416,Customer_13416,male,55,Ahmedabad,Gujarat,consumer,2022-11-29,email
13417,Customer_13417,male,30,Mysuru,Karnataka,consumer,2025-08-14,referral
13418,Customer_13418,female,52,Jaipur,Rajasthan,consumer,2022-10-06,email
13419,Customer_13419,male,41,Delhi,Delhi,consumer,2025-02-25,organic search
13420,Customer_13420,male,18,Nashik,Maharashtra,consumer,2022-08-30,email
13421,Customer_13421,male,59,Kanpur,Uttar Pradesh,consumer,2024-03-22,email
13422,Customer_13422,female,41,Vadodara,Gujarat,home office,2024-06-27,organic search
13423,Customer_13423,female,44,Lucknow,Uttar Pradesh,consumer,2023-04-10,referral
13424,Customer_13424,female,35,Mumbai,Maharashtra,consumer,2022-07-09,organic search
13425,Customer_13425,male,43,Kanpur,Uttar Pradesh,corporate,2023-10-04,social media
13426,Customer_13426,female,46,Vadodara,Gujarat,consumer,2024-05-10,social media
13427,Customer_13427,female,25,Surat,Gujarat,consumer,2022-07-10,organic search
13428,Customer_13428,female,43,Vadodara,Gujarat,consumer,2022-03-31,social media
13429,Customer_13429,female,22,Bhopal,Madhya Pradesh,consumer,2025-06-10,referral
13430,Customer_13430,male,50,Surat,Gujarat,consumer,2023-06-13,referral
13431,Customer_13431,male,57,Vadodara,Gujarat,consumer,2022-01-19,social media
13432,Customer_13432,male,22,Ludhiana,Punjab,consumer,2022-08-05,organic search
13433,Customer_13433,male,53,Lucknow,Uttar Pradesh,consumer,2025-11-22,organic search
13434,Customer_13434,female,30,Coimbatore,Tamil Nadu,consumer,2023-02-14,email
13435,Customer_13435,female,34,Kolkata,West Bengal,consumer,2023-05-03,referral
13436,Customer_13436,female,30,Chennai,Tamil Nadu,corporate,2024-01-07,paid ads
13437,Customer_13437,male,42,Delhi,Delhi,consumer,2022-04-21,organic search
13438,Customer_13438,male,19,Surat,Gujarat,consumer,2022-04-05,social media
13439,Customer_13439,male,41,Faridabad,Haryana,consumer,2022-12-31,direct
13440,Customer_13440,male,53,Gurugram,Haryana,corporate,2025-07-17,paid ads
13441,Customer_13441,male,42,Bengaluru,Karnataka,corporate,2025-11-23,paid ads
13442,Customer_13442,female,51,Hyderabad,Telangana,corporate,2022-11-05,social media
13443,Customer_13443,male,29,New Delhi,Delhi,consumer,2022-04-19,paid ads
13444,Customer_13444,other,36,Ludhiana,Punjab,corporate,2024-10-14,paid ads
13445,Customer_13445,male,59,Amritsar,Punjab,consumer,2022-02-21,organic search
13446,Customer_13446,female,47,Jaipur,Rajasthan,consumer,2022-09-07,organic search
13447,Customer_13447,male,54,Noida,Uttar Pradesh,consumer,2024-03-05,organic search
13448,Customer_13448,male,60,Kolkata,West Bengal,consumer,2025-03-09,organic search
13449,Customer_13449,female,18,Surat,Gujarat,consumer,2025-07-30,referral
13450,Customer_13450,female,20,Nagpur,Maharashtra,consumer,2022-08-12,direct
13451,Customer_13451,male,43,Coimbatore,Tamil Nadu,corporate,2025-05-06,paid ads
13452,Customer_13452,male,32,Udaipur,Rajasthan,corporate,2023-06-02,paid ads
13453,Customer_13453,male,45,Jaipur,Rajasthan,consumer,2023-02-08,email
13454,Customer_13454,female,21,Mysuru,Karnataka,consumer,2025-04-11,direct
13455,Customer_13455,female,36,Faridabad,Haryana,corporate,2022-12-11,social media
13456,Customer_13456,male,41,Nashik,Maharashtra,corporate,2022-12-29,organic search
13457,Customer_13457,male,57,Hyderabad,Telangana,consumer,2023-05-19,paid ads
13458,Customer_13458,female,23,Kolkata,West Bengal,consumer,2023-03-24,social media
13459,Customer_13459,male,33,Kolkata,West Bengal,consumer,2022-03-06,direct
13460,Customer_13460,female,49,Udaipur,Rajasthan,consumer,2022-02-12,direct
13461,Customer_13461,male,47,Mysuru,Karnataka,consumer,2023-05-13,direct
13462,Customer_13462,female,52,Mumbai,Maharashtra,consumer,2024-05-06,paid ads
13463,Customer_13463,male,25,Jaipur,Rajasthan,consumer,2025-01-05,referral
13464,Customer_13464,male,22,Ahmedabad,Gujarat,consumer,2023-08-17,paid ads
13465,Customer_13465,male,54,New Delhi,Delhi,corporate,2022-01-10,organic search
13466,Customer_13466,female,29,Kolkata,West Bengal,consumer,2024-03-21,organic search
13467,Customer_13467,female,42,Chennai,Tamil Nadu,consumer,2023-09-12,social media
13468,Customer_13468,female,50,unknown,Rajasthan,corporate,2023-04-20,referral
13469,Customer_13469,female,56,Kanpur,Uttar Pradesh,consumer,2022-10-23,email
13470,Customer_13470,male,41,New Delhi,Delhi,consumer,2023-08-25,organic search
13471,Customer_13471,male,28,Mumbai,Maharashtra,consumer,2024-10-08,organic search
13472,Customer_13472,female,59,Kanpur,Uttar Pradesh,corporate,2022-08-07,direct
13473,Customer_13473,male,52,Ahmedabad,Gujarat,home office,2022-01-15,organic search
13474,Customer_13474,male,57,Kolkata,West Bengal,consumer,2025-04-07,paid ads
13475,Customer_13475,male,18,Kanpur,Uttar Pradesh,corporate,2024-01-24,organic search
13476,Customer_13476,male,25,Noida,Uttar Pradesh,consumer,2024-04-10,direct
13477,Customer_13477,male,40,Ludhiana,Punjab,home office,2023-03-06,paid ads
13478,Customer_13478,female,37,Hyderabad,Telangana,home office,2023-09-30,organic search
13479,Customer_13479,female,49,Warangal,Telangana,consumer,2022-02-04,organic search
13480,Customer_13480,female,28,Chennai,Tamil Nadu,corporate,2023-12-07,direct
13481,Customer_13481,female,24,Nashik,Maharashtra,consumer,2023-06-17,email
13482,Customer_13482,female,47,Surat,Gujarat,consumer,2023-07-02,organic search
13483,Customer_13483,male,56,Bengaluru,Karnataka,corporate,2025-05-29,social media
13484,Customer_13484,male,30,Faridabad,Haryana,consumer,2023-06-03,social media
13485,Customer_13485,female,59,Vadodara,Gujarat,consumer,2022-02-13,social media
13486,Customer_13486,male,20,Vadodara,Gujarat,consumer,2022-12-31,organic search
13487,Customer_13487,male,24,Mysuru,Karnataka,corporate,2024-08-02,email
13488,Customer_13488,male,60,Pune,Maharashtra,corporate,2023-12-16,social media
13489,Customer_13489,male,30,Mumbai,Maharashtra,consumer,2023-09-23,organic search
13490,Customer_13490,male,54,Chennai,Tamil Nadu,consumer,2025-06-29,social media
13491,Customer_13491,male,42,Pune,Maharashtra,home office,2022-12-15,referral
13492,Customer_13492,male,40,Ahmedabad,Gujarat,consumer,2022-01-04,paid ads
13493,Customer_13493,female,50,Indore,Madhya Pradesh,home office,2024-06-01,organic search
13494,Customer_13494,female,22,Indore,Madhya Pradesh,corporate,2023-05-31,social media
13495,Customer_13495,female,49,Udaipur,Rajasthan,consumer,2022-08-26,social media
13496,Customer_13496,male,47,New Delhi,Delhi,consumer,2023-01-08,organic search
13497,Customer_13497,male,48,Indore,Madhya Pradesh,consumer,2023-08-29,organic search
13498,Customer_13498,female,30,Indore,Madhya Pradesh,consumer,2025-08-16,direct
13499,Customer_13499,male,59,Delhi,Delhi,consumer,2022-04-11,social media
13500,Customer_13500,female,22,Noida,Uttar Pradesh,corporate,2024-04-26,referral
13501,Customer_13501,female,40,Bengaluru,Karnataka,corporate,2023-04-01,organic search
13502,Customer_13502,female,18,Lucknow,Uttar Pradesh,consumer,2022-05-17,direct
13503,Customer_13503,female,27,Amritsar,Punjab,corporate,2022-02-25,direct
13504,Customer_13504,male,44,Nagpur,Maharashtra,consumer,2023-11-27,paid ads
13505,Customer_13505,male,25,Bhopal,Madhya Pradesh,consumer,2023-05-19,social media
13506,Customer_13506,female,20,Ahmedabad,Gujarat,consumer,2025-11-22,social media
13507,Customer_13507,male,36,Ludhiana,Punjab,home office,2024-06-30,email
13508,Customer_13508,male,19,Warangal,Telangana,consumer,2022-05-28,email
13509,Customer_13509,male,48,Indore,Madhya Pradesh,consumer,2025-07-21,direct
13510,Customer_13510,male,27,Pune,Maharashtra,consumer,2025-11-02,organic search
13511,Customer_13511,male,33,Mysuru,Karnataka,consumer,2024-12-16,paid ads
13512,Customer_13512,male,54,Mumbai,Maharashtra,consumer,2023-03-07,paid ads
13513,Customer_13513,female,37,Ludhiana,Punjab,consumer,2025-10-15,social media
13514,Customer_13514,female,20,Noida,Uttar Pradesh,corporate,2023-02-03,organic search
13515,Customer_13515,female,52,Bhopal,Madhya Pradesh,consumer,2022-10-18,organic search
13516,Customer_13516,female,51,Gurugram,Haryana,consumer,2023-02-18,email
13517,Customer_13517,male,38,Nashik,Maharashtra,consumer,2023-03-19,social media
13518,Customer_13518,male,53,Chennai,Tamil Nadu,home office,2025-01-28,email
13519,Customer_13519,male,49,Nagpur,Maharashtra,consumer,2023-12-25,organic search
13520,Customer_13520,female,35,Delhi,Delhi,corporate,2023-03-14,organic search
13521,Customer_13521,female,51,Delhi,Delhi,corporate,2024-03-02,social media
13522,Customer_13522,male,55,unknown,Telangana,corporate,2023-01-30,paid ads
13523,Customer_13523,male,20,New Delhi,Delhi,corporate,2022-11-16,referral
13524,Customer_13524,female,20,Mumbai,Maharashtra,consumer,2022-03-11,organic search
13525,Customer_13525,female,44,Mumbai,Maharashtra,consumer,2023-12-15,direct
13526,Customer_13526,female,19,Nashik,Maharashtra,consumer,2022-12-04,direct
13527,Customer_13527,male,20,Ludhiana,Punjab,corporate,2025-11-16,organic search
13528,Customer_13528,male,34,Noida,Uttar Pradesh,home office,2025-01-19,referral
13529,Customer_13529,female,56,Amritsar,Punjab,home office,2022-05-28,organic search
13530,Customer_13530,female,55,Chennai,Tamil Nadu,consumer,2025-05-01,direct
13531,Customer_13531,female,57,Bengaluru,Karnataka,consumer,2023-11-26,social media
13532,Customer_13532,female,36,Noida,Uttar Pradesh,consumer,2022-10-25,direct
13533,Customer_13533,female,36,Mysuru,Karnataka,consumer,2023-06-08,social media
13534,Customer_13534,female,22,Mysuru,Karnataka,consumer,2025-03-06,paid ads
13535,Customer_13535,male,22,Delhi,Delhi,consumer,2025-12-26,direct
13536,Customer_13536,male,31,Mumbai,Maharashtra,home office,2022-02-15,referral
13537,Customer_13537,female,44,Delhi,Delhi,consumer,2022-11-21,organic search
13538,Customer_13538,male,53,Bengaluru,Karnataka,consumer,2024-11-14,paid ads
13539,Customer_13539,female,57,Jaipur,Rajasthan,consumer,2023-08-24,direct
13540,Customer_13540,female,52,Nagpur,Maharashtra,consumer,2023-09-10,organic search
13541,Customer_13541,other,38,New Delhi,Delhi,home office,2024-07-28,social media
13542,Customer_13542,male,22,Lucknow,Uttar Pradesh,consumer,2022-04-21,direct
13543,Customer_13543,male,41,Pune,Maharashtra,consumer,2024-11-09,paid ads
13544,Customer_13544,female,56,Bengaluru,Karnataka,consumer,2025-06-13,organic search
13545,Customer_13545,female,41,Bhopal,Madhya Pradesh,home office,2023-06-09,email
13546,Customer_13546,female,57,Nashik,Maharashtra,consumer,2023-03-12,social media
13547,Customer_13547,male,60,Nashik,Maharashtra,consumer,2024-08-08,email
13548,Customer_13548,male,30,Warangal,Telangana,consumer,2022-04-13,paid ads
13549,Customer_13549,female,55,Mysuru,Karnataka,consumer,2024-04-12,paid ads
13550,Customer_13550,female,18,Ahmedabad,Gujarat,home office,2024-02-08,organic search
13551,Customer_13551,female,60,Lucknow,Uttar Pradesh,consumer,2025-08-06,referral
13552,Customer_13552,male,56,Pune,Maharashtra,consumer,2022-10-25,email
13553,Customer_13553,male,27,Vadodara,Gujarat,consumer,2022-06-17,email
13554,Customer_13554,male,19,Hyderabad,Telangana,home office,2022-12-07,organic search
13555,Customer_13555,female,33,Nagpur,Maharashtra,consumer,2025-07-28,social media
13556,Customer_13556,female,54,Surat,Gujarat,corporate,2024-12-15,social media
13557,Customer_13557,male,33,New Delhi,Delhi,consumer,2024-08-03,social media
13558,Customer_13558,male,40,Warangal,Telangana,corporate,2025-04-09,social media
13559,Customer_13559,female,43,Pune,Maharashtra,home office,2025-05-17,organic search
13560,Customer_13560,male,33,Chennai,Tamil Nadu,consumer,2024-03-11,direct
13561,Customer_13561,female,44,Bengaluru,Karnataka,consumer,2022-08-24,paid ads
13562,Customer_13562,female,58,Noida,Uttar Pradesh,consumer,2022-01-26,social media
13563,Customer_13563,male,47,Pune,Maharashtra,corporate,2024-09-22,direct
13564,Customer_13564,male,50,Coimbatore,Tamil Nadu,consumer,2024-10-07,referral
13565,Customer_13565,female,49,Coimbatore,Tamil Nadu,consumer,2023-05-11,organic search
13566,Customer_13566,male,26,Kolkata,West Bengal,consumer,2023-10-31,social media
13567,Customer_13567,male,28,Vadodara,Gujarat,consumer,2024-03-16,organic search
13568,Customer_13568,female,54,Udaipur,Rajasthan,consumer,2025-09-14,direct
13569,Customer_13569,female,23,Noida,Uttar Pradesh,corporate,2022-12-25,organic search
13570,Customer_13570,female,47,Indore,Madhya Pradesh,home office,2025-04-28,social media
13571,Customer_13571,male,57,Bengaluru,Karnataka,consumer,2022-01-20,paid ads
13572,Customer_13572,male,32,Vadodara,Gujarat,consumer,2023-04-01,organic search
13573,Customer_13573,male,47,Lucknow,Uttar Pradesh,consumer,2024-02-07,organic search
13574,Customer_13574,male,35,Ludhiana,Punjab,corporate,2025-10-18,social media
13575,Customer_13575,female,29,Bhopal,Madhya Pradesh,consumer,2022-03-13,email
13576,Customer_13576,male,21,Mysuru,Karnataka,consumer,2023-05-17,referral
13577,Customer_13577,female,33,Delhi,Delhi,consumer,2022-08-10,paid ads
13578,Customer_13578,male,40,Warangal,Telangana,corporate,2025-07-29,organic search
13579,Customer_13579,male,28,Kanpur,Uttar Pradesh,consumer,2022-01-30,email
13580,Customer_13580,other,41,Warangal,Telangana,consumer,2023-08-30,referral
13581,Customer_13581,male,39,Hyderabad,Telangana,consumer,2025-05-08,social media
13582,Customer_13582,male,56,Noida,Uttar Pradesh,consumer,2025-11-12,paid ads
13583,Customer_13583,male,32,Bengaluru,Karnataka,consumer,2024-02-27,social media
13584,Customer_13584,male,32,Bhopal,Madhya Pradesh,consumer,2024-04-19,organic search
13585,Customer_13585,male,27,Coimbatore,Tamil Nadu,consumer,2022-11-20,paid ads
13586,Customer_13586,male,45,Mysuru,Karnataka,corporate,2022-10-26,organic search
13587,Customer_13587,female,53,Chennai,Tamil Nadu,consumer,2024-11-19,paid ads
13588,Customer_13588,female,34,Kanpur,Uttar Pradesh,consumer,2025-04-14,referral
13589,Customer_13589,female,53,Mumbai,Maharashtra,consumer,2024-07-09,referral
13590,Customer_13590,male,39,Delhi,Delhi,consumer,2025-10-12,social media
13591,Customer_13591,female,40,Gurugram,Haryana,consumer,2022-04-20,organic search
13592,Customer_13592,male,46,Delhi,Delhi,corporate,2023-03-30,paid ads
13593,Customer_13593,female,39,Surat,Gujarat,consumer,2022-08-10,email
13594,Customer_13594,female,28,Ahmedabad,Gujarat,home office,2025-10-24,social media
13595,Customer_13595,male,53,Warangal,Telangana,home office,2025-07-26,organic search
13596,Customer_13596,female,46,Jaipur,Rajasthan,consumer,2024-11-17,organic search
13597,Customer_13597,female,59,Delhi,Delhi,corporate,2023-08-08,referral
13598,Customer_13598,female,49,Surat,Gujarat,consumer,2025-10-15,organic search
13599,Customer_13599,male,31,Mysuru,Karnataka,consumer,2022-02-24,social media
13600,Customer_13600,female,35,Jaipur,Rajasthan,home office,2024-08-02,referral
13601,Customer_13601,female,55,Nagpur,Maharashtra,consumer,2023-12-31,paid ads
13602,Customer_13602,male,54,Ahmedabad,Gujarat,consumer,2025-07-31,social media
13603,Customer_13603,female,51,New Delhi,Delhi,consumer,2022-08-12,paid ads
13604,Customer_13604,male,40,Mysuru,Karnataka,consumer,2022-01-29,direct
13605,Customer_13605,male,49,Delhi,Delhi,consumer,2023-06-03,organic search
13606,Customer_13606,female,20,New Delhi,Delhi,home office,2023-02-23,paid ads
13607,Customer_13607,female,60,Noida,Uttar Pradesh,consumer,2025-01-10,social media
13608,Customer_13608,female,39,Bengaluru,Karnataka,corporate,2022-07-21,organic search
13609,Customer_13609,female,40,Gurugram,Haryana,consumer,2025-05-11,organic search
13610,Customer_13610,male,21,Amritsar,Punjab,consumer,2023-11-18,paid ads
13611,Customer_13611,male,30,Vadodara,Gujarat,consumer,2022-07-16,organic search
13612,Customer_13612,female,49,Mumbai,Maharashtra,consumer,2022-12-03,direct
13613,Customer_13613,male,46,Mysuru,Karnataka,consumer,2022-12-20,referral
13614,Customer_13614,female,57,Kanpur,Uttar Pradesh,home office,2024-02-02,social media
13615,Customer_13615,male,57,Bengaluru,Karnataka,consumer,2023-11-24,referral
13616,Customer_13616,male,27,Pune,Maharashtra,consumer,2023-03-26,organic search
13617,Customer_13617,male,30,Surat,Gujarat,consumer,2023-03-19,organic search
13618,Customer_13618,male,34,Bhopal,Madhya Pradesh,consumer,2025-01-28,referral
13619,Customer_13619,female,55,Noida,Uttar Pradesh,consumer,2022-06-22,organic search
13620,Customer_13620,female,19,New Delhi,Delhi,consumer,2025-06-23,organic search
13621,Customer_13621,female,34,Jaipur,Rajasthan,home office,2023-09-27,referral
13622,Customer_13622,male,43,Delhi,Delhi,corporate,2023-02-05,social media
13623,Customer_13623,male,55,Delhi,Delhi,consumer,2023-03-25,social media
13624,Customer_13624,male,54,Indore,Madhya Pradesh,consumer,2024-05-14,paid ads
13625,Customer_13625,male,22,New Delhi,Delhi,consumer,2023-10-04,paid ads
13626,Customer_13626,male,42,New Delhi,Delhi,corporate,2025-05-08,email
13627,Customer_13627,male,26,Mumbai,Maharashtra,corporate,2023-03-15,organic search
13628,Customer_13628,male,45,Bhopal,Madhya Pradesh,corporate,2025-05-19,organic search
13629,Customer_13629,male,39,Kanpur,Uttar Pradesh,consumer,2022-10-15,referral
13630,Customer_13630,male,46,Vadodara,Gujarat,consumer,2025-11-05,direct
13631,Customer_13631,female,52,Lucknow,Uttar Pradesh,consumer,2025-12-30,paid ads
13632,Customer_13632,female,37,Pune,Maharashtra,home office,2025-02-13,paid ads
13633,Customer_13633,male,22,Coimbatore,Tamil Nadu,home office,2023-05-22,social media
13634,Customer_13634,female,56,Bengaluru,Karnataka,consumer,2025-06-19,referral
13635,Customer_13635,male,49,Mumbai,Maharashtra,corporate,2025-09-22,paid ads
13636,Customer_13636,female,56,Warangal,Telangana,home office,2022-05-11,referral
13637,Customer_13637,male,27,Faridabad,Haryana,consumer,2025-12-20,organic search
13638,Customer_13638,female,57,Mumbai,Maharashtra,corporate,2025-11-13,paid ads
13639,Customer_13639,male,34,Mysuru,Karnataka,consumer,2023-08-14,referral
13640,Customer_13640,female,54,New Delhi,Delhi,consumer,2024-10-13,organic search
13641,Customer_13641,male,32,Delhi,Delhi,consumer,2024-03-19,referral
13642,Customer_13642,female,26,Gurugram,Haryana,consumer,2023-07-09,social media
13643,Customer_13643,male,49,Hyderabad,Telangana,corporate,2023-10-05,organic search
13644,Customer_13644,male,40,Warangal,Telangana,consumer,2022-03-25,social media
13645,Customer_13645,female,28,Lucknow,Uttar Pradesh,consumer,2025-09-20,direct
13646,Customer_13646,male,30,Pune,Maharashtra,consumer,2023-09-30,organic search
13647,Customer_13647,female,35,Warangal,Telangana,consumer,2022-05-08,social media
13648,Customer_13648,male,26,Coimbatore,Tamil Nadu,consumer,2024-09-29,email
13649,Customer_13649,male,59,Vadodara,Gujarat,consumer,2023-08-28,direct
13650,Customer_13650,female,22,Ludhiana,Punjab,consumer,2022-06-13,organic search
13651,Customer_13651,male,60,Kanpur,Uttar Pradesh,corporate,2023-12-12,paid ads
13652,Customer_13652,male,39,Coimbatore,Tamil Nadu,home office,2025-10-03,social media
13653,Customer_13653,female,49,Lucknow,Uttar Pradesh,consumer,2024-11-11,organic search
13654,Customer_13654,female,19,New Delhi,Delhi,corporate,2025-03-22,paid ads
13655,Customer_13655,female,38,Mumbai,Maharashtra,home office,2024-03-29,social media
13656,Customer_13656,male,45,New Delhi,Delhi,consumer,2024-09-01,organic search
13657,Customer_13657,male,41,Mysuru,Karnataka,consumer,2024-07-29,paid ads
13658,Customer_13658,male,41,Hyderabad,Telangana,corporate,2022-01-26,organic search
13659,Customer_13659,unknown,31,Surat,Gujarat,consumer,2024-12-11,referral
13660,Customer_13660,female,54,Faridabad,Haryana,consumer,2024-09-08,social media
13661,Customer_13661,male,44,Warangal,Telangana,corporate,2022-05-22,organic search
13662,Customer_13662,male,41,Warangal,Telangana,consumer,2022-02-01,organic search
13663,Customer_13663,male,23,Nagpur,Maharashtra,home office,2023-02-01,organic search
13664,Customer_13664,female,43,Mumbai,Maharashtra,consumer,2022-03-24,direct
13665,Customer_13665,female,32,Ahmedabad,Gujarat,consumer,2024-01-03,social media
13666,Customer_13666,female,46,Coimbatore,Tamil Nadu,consumer,2024-07-03,email
13667,Customer_13667,male,53,Lucknow,Uttar Pradesh,consumer,2023-10-03,paid ads
13668,Customer_13668,female,27,Nashik,Maharashtra,corporate,2023-12-17,paid ads
13669,Customer_13669,female,45,Nagpur,Maharashtra,consumer,2023-05-30,paid ads
13670,Customer_13670,male,26,Chennai,Tamil Nadu,home office,2022-01-06,organic search
13671,Customer_13671,male,38,New Delhi,Delhi,consumer,2023-09-24,organic search
13672,Customer_13672,male,27,Nashik,Maharashtra,consumer,2022-08-08,paid ads
13673,Customer_13673,male,21,Kolkata,West Bengal,home office,2022-12-03,paid ads
13674,Customer_13674,female,21,Nagpur,Maharashtra,consumer,2022-08-16,email
13675,Customer_13675,male,23,Surat,Gujarat,corporate,2022-08-05,paid ads
13676,Customer_13676,male,43,Mysuru,Karnataka,consumer,2025-05-21,paid ads
13677,Customer_13677,female,57,New Delhi,Delhi,corporate,2022-09-16,referral
13678,Customer_13678,female,33,Chennai,Tamil Nadu,consumer,2022-05-06,email
13679,Customer_13679,female,25,Noida,Uttar Pradesh,home office,2025-07-29,social media
13680,Customer_13680,male,45,Coimbatore,Tamil Nadu,home office,2024-04-19,organic search
13681,Customer_13681,male,33,Noida,Uttar Pradesh,consumer,2023-04-21,organic search
13682,Customer_13682,male,55,Pune,Maharashtra,consumer,2024-12-30,organic search
13683,Customer_13683,male,18,Lucknow,Uttar Pradesh,consumer,2022-09-12,social media
13684,Customer_13684,male,36,New Delhi,Delhi,consumer,2022-01-01,direct
13685,Customer_13685,female,34,Jaipur,Rajasthan,consumer,2024-01-28,social media
13686,Customer_13686,male,45,Surat,Gujarat,consumer,2024-09-18,referral
13687,Customer_13687,male,29,Gurugram,Haryana,consumer,2024-06-10,email
13688,Customer_13688,male,23,Chennai,Tamil Nadu,consumer,2022-11-03,email
13689,Customer_13689,female,24,Nashik,Maharashtra,home office,2025-10-13,organic search
13690,Customer_13690,female,25,Pune,Maharashtra,corporate,2023-02-04,referral
13691,Customer_13691,female,20,Noida,Uttar Pradesh,corporate,2025-03-09,organic search
13692,Customer_13692,male,38,Hyderabad,Telangana,consumer,2022-04-28,social media
13693,Customer_13693,male,25,Noida,Uttar Pradesh,consumer,2025-05-27,social media
13694,Customer_13694,male,45,Delhi,Delhi,consumer,2025-02-23,organic search
13695,Customer_13695,male,47,Bengaluru,Karnataka,home office,2025-12-12,organic search
13696,Customer_13696,female,49,Pune,Maharashtra,consumer,2024-12-18,referral
13697,Customer_13697,female,28,Ludhiana,Punjab,consumer,2022-02-22,organic search
13698,Customer_13698,female,37,Udaipur,Rajasthan,consumer,2024-05-29,organic search
13699,Customer_13699,female,33,Faridabad,Haryana,consumer,2025-09-28,social media
13700,Customer_13700,female,42,New Delhi,Delhi,consumer,2025-01-03,organic search
13701,Customer_13701,male,26,Ahmedabad,Gujarat,consumer,2025-12-11,paid ads
13702,Customer_13702,other,56,Udaipur,Rajasthan,consumer,2022-05-03,referral
13703,Customer_13703,male,57,Bengaluru,Karnataka,consumer,2022-06-07,direct
13704,Customer_13704,female,57,Bhopal,Madhya Pradesh,consumer,2025-03-22,social media
13705,Customer_13705,male,20,Gurugram,Haryana,consumer,2023-05-21,organic search
13706,Customer_13706,male,33,Indore,Madhya Pradesh,corporate,2022-01-17,email
13707,Customer_13707,female,29,Kanpur,Uttar Pradesh,corporate,2022-03-16,organic search
13708,Customer_13708,male,32,Mysuru,Karnataka,consumer,2024-09-03,organic search
13709,Customer_13709,male,21,Bengaluru,Karnataka,corporate,2023-02-28,referral
13710,Customer_13710,male,40,Amritsar,Punjab,home office,2024-05-12,social media
13711,Customer_13711,male,44,Pune,Maharashtra,consumer,2024-12-08,paid ads
13712,Customer_13712,female,56,Kolkata,West Bengal,consumer,2025-05-26,organic search
13713,Customer_13713,female,60,Kolkata,West Bengal,corporate,2024-02-16,referral
13714,Customer_13714,male,54,Surat,Gujarat,consumer,2022-03-09,social media
13715,Customer_13715,male,30,Ludhiana,Punjab,home office,2025-04-30,referral
13716,Customer_13716,female,60,Mysuru,Karnataka,consumer,2023-09-07,email
13717,Customer_13717,male,54,Mysuru,Karnataka,home office,2024-04-29,referral
13718,Customer_13718,male,57,Nashik,Maharashtra,consumer,2025-06-28,paid ads
13719,Customer_13719,male,38,Coimbatore,Tamil Nadu,corporate,2023-06-04,paid ads
13720,Customer_13720,female,46,Delhi,Delhi,consumer,2024-11-08,paid ads
13721,Customer_13721,male,46,Bengaluru,Karnataka,home office,2024-01-21,social media
13722,Customer_13722,male,28,Noida,Uttar Pradesh,consumer,2023-10-28,organic search
13723,Customer_13723,male,45,Gurugram,Haryana,consumer,2022-02-26,organic search
13724,Customer_13724,male,27,New Delhi,Delhi,consumer,2023-12-30,referral
13725,Customer_13725,female,22,Mysuru,Karnataka,home office,2023-12-30,organic search
13726,Customer_13726,male,42,Faridabad,Haryana,consumer,2025-05-17,organic search
13727,Customer_13727,male,50,Mumbai,Maharashtra,consumer,2024-06-12,organic search
13728,Customer_13728,male,34,Mumbai,Maharashtra,corporate,2022-05-13,organic search
13729,Customer_13729,male,50,Mumbai,Maharashtra,home office,2025-01-18,direct
13730,Customer_13730,female,42,Ahmedabad,Gujarat,consumer,2022-04-03,organic search
13731,Customer_13731,female,50,Nagpur,Maharashtra,consumer,2022-11-02,organic search
13732,Customer_13732,male,26,Amritsar,Punjab,corporate,2025-08-26,paid ads
13733,Customer_13733,male,44,Chennai,Tamil Nadu,corporate,2024-01-09,paid ads
13734,Customer_13734,male,42,Warangal,Telangana,consumer,2024-03-13,email
13735,Customer_13735,female,21,New Delhi,Delhi,consumer,2023-06-03,referral
13736,Customer_13736,female,26,Warangal,Telangana,consumer,2022-02-21,organic search
13737,Customer_13737,male,32,Jaipur,Rajasthan,consumer,2023-03-07,organic search
13738,Customer_13738,female,33,Noida,Uttar Pradesh,consumer,2024-01-20,email
13739,Customer_13739,female,33,Kanpur,Uttar Pradesh,consumer,2023-07-02,organic search
13740,Customer_13740,female,30,Surat,Gujarat,home office,2023-10-05,social media
13741,Customer_13741,male,31,Indore,Madhya Pradesh,consumer,2024-09-30,social media
13742,Customer_13742,male,39,Noida,Uttar Pradesh,corporate,2022-03-11,paid ads
13743,Customer_13743,male,38,Noida,Uttar Pradesh,consumer,2025-03-06,direct
13744,Customer_13744,female,26,Nashik,Maharashtra,consumer,2025-01-23,social media
13745,Customer_13745,female,58,Nashik,Maharashtra,consumer,2023-04-20,paid ads
13746,Customer_13746,female,21,Delhi,Delhi,home office,2022-10-10,email
13747,Customer_13747,male,27,Jaipur,Rajasthan,consumer,2023-06-30,organic search
13748,Customer_13748,male,52,Chennai,Tamil Nadu,consumer,2023-10-15,referral
13749,Customer_13749,male,26,Coimbatore,Tamil Nadu,consumer,2023-12-30,email
13750,Customer_13750,female,33,Bhopal,Madhya Pradesh,consumer,2023-02-27,paid ads
13751,Customer_13751,male,35,Bhopal,Madhya Pradesh,consumer,2023-03-04,paid ads
13752,Customer_13752,male,27,Gurugram,Haryana,corporate,2022-10-15,email
13753,Customer_13753,female,38,Mysuru,Karnataka,corporate,2022-01-17,organic search
13754,Customer_13754,male,32,Kolkata,West Bengal,consumer,2025-01-01,direct
13755,Customer_13755,male,32,New Delhi,Delhi,home office,2025-01-11,direct
13756,Customer_13756,male,28,Delhi,Delhi,consumer,2023-06-06,referral
13757,Customer_13757,female,57,Delhi,Delhi,corporate,2025-08-14,social media
13758,Customer_13758,female,59,Mysuru,Karnataka,consumer,2023-10-08,social media
13759,Customer_13759,female,58,Coimbatore,Tamil Nadu,home office,2023-06-22,referral
13760,Customer_13760,male,54,Lucknow,Uttar Pradesh,corporate,2022-11-23,organic search
13761,Customer_13761,female,37,Nashik,Maharashtra,home office,2024-05-28,referral
13762,Customer_13762,female,51,Kolkata,West Bengal,consumer,2022-07-01,referral
13763,Customer_13763,female,39,Hyderabad,Telangana,consumer,2025-09-26,paid ads
13764,Customer_13764,female,35,Bengaluru,Karnataka,corporate,2025-03-26,organic search
13765,Customer_13765,male,33,Warangal,Telangana,corporate,2024-04-09,organic search
13766,Customer_13766,male,22,Mysuru,Karnataka,consumer,2022-03-21,direct
13767,Customer_13767,male,18,Ahmedabad,Gujarat,consumer,2025-02-06,paid ads
13768,Customer_13768,female,36,Chennai,Tamil Nadu,consumer,2022-05-04,social media
13769,Customer_13769,female,27,Mumbai,Maharashtra,consumer,2022-08-14,organic search
13770,Customer_13770,female,38,Nashik,Maharashtra,corporate,2023-07-10,referral
13771,Customer_13771,male,30,Ahmedabad,Gujarat,corporate,2024-10-07,organic search
13772,Customer_13772,male,41,Indore,Madhya Pradesh,consumer,2025-06-03,organic search
13773,Customer_13773,male,40,Bengaluru,Karnataka,home office,2025-09-28,paid ads
13774,Customer_13774,female,40,Kolkata,West Bengal,consumer,2025-03-31,direct
13775,Customer_13775,male,28,Udaipur,Rajasthan,consumer,2023-06-25,paid ads
13776,Customer_13776,female,19,Gurugram,Haryana,consumer,2023-03-19,organic search
13777,Customer_13777,male,23,Kanpur,Uttar Pradesh,home office,2022-12-23,social media
13778,Customer_13778,male,28,Surat,Gujarat,corporate,2024-06-27,organic search
13779,Customer_13779,female,32,Jaipur,Rajasthan,consumer,2024-08-19,social media
13780,Customer_13780,male,26,Indore,Madhya Pradesh,corporate,2023-09-10,referral
13781,Customer_13781,male,29,Chennai,Tamil Nadu,consumer,2025-10-24,referral
13782,Customer_13782,male,53,Mysuru,Karnataka,consumer,2024-05-25,social media
13783,Customer_13783,male,45,Nagpur,Maharashtra,consumer,2024-07-30,paid ads
13784,Customer_13784,other,40,Lucknow,Uttar Pradesh,consumer,2022-12-14,paid ads
13785,Customer_13785,female,44,Lucknow,Uttar Pradesh,home office,2023-08-16,direct
13786,Customer_13786,male,41,Nagpur,Maharashtra,consumer,2024-05-23,social media
13787,Customer_13787,female,31,Surat,Gujarat,consumer,2024-05-25,social media
13788,Customer_13788,male,52,Hyderabad,Telangana,consumer,2022-06-17,email
13789,Customer_13789,female,44,Nashik,Maharashtra,consumer,2024-06-09,organic search
13790,Customer_13790,female,38,Ludhiana,Punjab,consumer,2024-12-03,social media
13791,Customer_13791,female,30,New Delhi,Delhi,consumer,2023-10-27,referral
13792,Customer_13792,male,25,Nagpur,Maharashtra,consumer,2025-02-11,organic search
13793,Customer_13793,male,51,Surat,Gujarat,corporate,2022-12-14,organic search
13794,Customer_13794,male,59,Noida,Uttar Pradesh,consumer,2024-12-26,social media
13795,Customer_13795,female,40,Mumbai,Maharashtra,consumer,2022-02-14,social media
13796,Customer_13796,male,26,Jaipur,Rajasthan,home office,2024-06-09,paid ads
13797,Customer_13797,male,18,Warangal,Telangana,consumer,2024-10-14,referral
13798,Customer_13798,female,53,Nagpur,Maharashtra,consumer,2023-11-11,organic search
13799,Customer_13799,male,33,Delhi,Delhi,consumer,2024-08-18,direct
13800,Customer_13800,male,42,Ahmedabad,Gujarat,consumer,2023-01-06,email
13801,Customer_13801,male,35,Mysuru,Karnataka,consumer,2023-07-25,organic search
13802,Customer_13802,male,51,Gurugram,Haryana,consumer,2022-04-28,organic search
13803,Customer_13803,male,55,Lucknow,Uttar Pradesh,home office,2022-01-29,referral
13804,Customer_13804,male,20,Amritsar,Punjab,corporate,2025-05-12,organic search
13805,Customer_13805,male,37,Delhi,Delhi,corporate,2024-09-19,direct
13806,Customer_13806,male,36,Amritsar,Punjab,consumer,2022-10-23,social media
13807,Customer_13807,female,30,Coimbatore,Tamil Nadu,consumer,2024-05-09,paid ads
13808,Customer_13808,male,34,Bengaluru,Karnataka,consumer,2022-07-25,referral
13809,Customer_13809,female,31,Nashik,Maharashtra,consumer,2023-03-05,social media
13810,Customer_13810,male,47,Nashik,Maharashtra,consumer,2024-04-30,paid ads
13811,Customer_13811,male,39,Kolkata,West Bengal,consumer,2023-08-28,social media
13812,Customer_13812,female,60,Chennai,Tamil Nadu,consumer,2023-01-21,referral
13813,Customer_13813,male,60,Delhi,Delhi,consumer,2025-11-30,social media
13814,Customer_13814,male,46,Ahmedabad,Gujarat,consumer,2025-08-20,direct
13815,Customer_13815,female,19,Delhi,Delhi,consumer,2023-02-12,organic search
13816,Customer_13816,female,25,Surat,Gujarat,consumer,2024-07-04,organic search
13817,Customer_13817,male,31,Mysuru,Karnataka,consumer,2024-10-25,organic search
13818,Customer_13818,male,51,Noida,Uttar Pradesh,consumer,2022-10-08,email
13819,Customer_13819,female,30,Noida,Uttar Pradesh,consumer,2025-12-08,organic search
13820,Customer_13820,female,27,Hyderabad,Telangana,consumer,2024-01-21,organic search
13821,Customer_13821,male,25,Bengaluru,Karnataka,consumer,2022-03-20,organic search
13822,Customer_13822,male,24,Mysuru,Karnataka,consumer,2023-07-20,direct
13823,Customer_13823,male,30,Noida,Uttar Pradesh,corporate,2024-12-06,email
13824,Customer_13824,unknown,43,Bengaluru,Karnataka,consumer,2022-11-16,paid ads
13825,Customer_13825,male,49,New Delhi,Delhi,consumer,2024-08-17,social media
13826,Customer_13826,male,36,Pune,Maharashtra,consumer,2022-01-21,organic search
13827,Customer_13827,male,32,Warangal,Telangana,consumer,2022-07-03,direct
13828,Customer_13828,male,19,Warangal,Telangana,consumer,2022-01-03,organic search
13829,Customer_13829,female,54,Kanpur,Uttar Pradesh,home office,2022-01-09,organic search
13830,Customer_13830,male,36,Delhi,Delhi,corporate,2024-05-01,social media
13831,Customer_13831,male,50,Coimbatore,Tamil Nadu,consumer,2022-05-28,organic search
13832,Customer_13832,male,56,Lucknow,Uttar Pradesh,consumer,2025-10-07,direct
13833,Customer_13833,female,50,Kanpur,Uttar Pradesh,consumer,2025-04-01,organic search
13834,Customer_13834,female,18,Chennai,Tamil Nadu,consumer,2024-06-17,direct
13835,Customer_13835,female,56,Chennai,Tamil Nadu,corporate,2023-09-18,referral
13836,Customer_13836,male,45,Mysuru,Karnataka,consumer,2024-07-03,organic search
13837,Customer_13837,female,34,Gurugram,Haryana,consumer,2024-02-02,email
13838,Customer_13838,male,23,Mumbai,Maharashtra,consumer,2024-11-03,social media
13839,Customer_13839,male,37,Faridabad,Haryana,consumer,2025-05-02,referral
13840,Customer_13840,female,30,Jaipur,Rajasthan,home office,2023-12-09,organic search
13841,Customer_13841,female,29,Hyderabad,Telangana,corporate,2022-05-02,email
13842,Customer_13842,female,47,Pune,Maharashtra,corporate,2025-09-29,email
13843,Customer_13843,female,38,Warangal,Telangana,consumer,2023-11-28,paid ads
13844,Customer_13844,female,19,Coimbatore,Tamil Nadu,consumer,2025-03-07,paid ads
13845,Customer_13845,male,35,Nashik,Maharashtra,corporate,2024-09-08,organic search
13846,Customer_13846,male,45,Udaipur,Rajasthan,home office,2024-01-20,social media
13847,Customer_13847,male,21,Amritsar,Punjab,consumer,2023-06-21,organic search
13848,Customer_13848,female,59,Ahmedabad,Gujarat,home office,2023-03-03,referral
13849,Customer_13849,male,60,Kolkata,West Bengal,consumer,2023-07-28,organic search
13850,Customer_13850,female,23,Mumbai,Maharashtra,consumer,2022-11-15,organic search
13851,Customer_13851,male,55,Coimbatore,Tamil Nadu,consumer,2024-06-21,email
13852,Customer_13852,male,26,Nagpur,Maharashtra,consumer,2024-10-13,direct
13853,Customer_13853,male,37,Surat,Gujarat,corporate,2024-07-31,social media
13854,Customer_13854,male,47,Gurugram,Haryana,consumer,2024-03-08,paid ads
13855,Customer_13855,female,54,Udaipur,Rajasthan,home office,2024-12-29,organic search
13856,Customer_13856,male,55,Mumbai,Maharashtra,consumer,2024-12-30,referral
13857,Customer_13857,male,21,Mysuru,Karnataka,consumer,2024-08-28,referral
13858,Customer_13858,male,55,Vadodara,Gujarat,corporate,2025-09-11,email
13859,Customer_13859,male,30,Coimbatore,Tamil Nadu,consumer,2023-08-05,organic search
13860,Customer_13860,male,52,Kanpur,Uttar Pradesh,corporate,2024-10-04,organic search
13861,Customer_13861,male,47,Kanpur,Uttar Pradesh,consumer,2025-11-28,social media
13862,Customer_13862,female,59,Surat,Gujarat,consumer,2025-10-23,paid ads
13863,Customer_13863,male,21,Bengaluru,Karnataka,consumer,2022-07-28,organic search
13864,Customer_13864,male,42,New Delhi,Delhi,home office,2023-08-08,organic search
13865,Customer_13865,female,48,Mumbai,Maharashtra,consumer,2025-08-26,organic search
13866,Customer_13866,male,29,Bengaluru,Karnataka,consumer,2023-12-18,social media
13867,Customer_13867,male,32,Chennai,Tamil Nadu,corporate,2022-11-23,email
13868,Customer_13868,female,43,Udaipur,Rajasthan,consumer,2023-07-28,organic search
13869,Customer_13869,male,27,Udaipur,Rajasthan,corporate,2024-09-22,organic search
13870,Customer_13870,female,29,Nagpur,Maharashtra,consumer,2024-03-20,organic search
13871,Customer_13871,male,39,Coimbatore,Tamil Nadu,consumer,2022-05-06,organic search
13872,Customer_13872,female,57,New Delhi,Delhi,consumer,2024-12-26,referral
13873,Customer_13873,female,38,Pune,Maharashtra,consumer,2025-05-18,referral
13874,Customer_13874,male,52,Kanpur,Uttar Pradesh,consumer,2024-04-17,organic search
13875,Customer_13875,male,24,Nagpur,Maharashtra,consumer,2023-06-28,email
13876,Customer_13876,male,35,Chennai,Tamil Nadu,consumer,2023-12-07,social media
13877,Customer_13877,male,44,Nagpur,Maharashtra,consumer,2023-05-26,direct
13878,Customer_13878,female,52,Bhopal,Madhya Pradesh,consumer,2022-07-23,organic search
13879,Customer_13879,female,19,Vadodara,Gujarat,consumer,2025-10-06,referral
13880,Customer_13880,male,49,Delhi,Delhi,consumer,2023-04-11,paid ads
13881,Customer_13881,male,32,Warangal,Telangana,corporate,2022-04-29,organic search
13882,Customer_13882,male,41,Kolkata,West Bengal,consumer,2023-01-07,paid ads
13883,Customer_13883,female,37,Ludhiana,Punjab,consumer,2022-04-03,email
13884,Customer_13884,female,27,New Delhi,Delhi,consumer,2024-08-10,paid ads
13885,Customer_13885,female,41,Indore,Madhya Pradesh,consumer,2025-10-26,email
13886,Customer_13886,male,41,Faridabad,Haryana,consumer,2022-04-02,social media
13887,Customer_13887,female,41,Faridabad,Haryana,corporate,2024-03-26,social media
13888,Customer_13888,male,57,Jaipur,Rajasthan,home office,2023-01-31,organic search
13889,Customer_13889,female,51,Vadodara,Gujarat,corporate,2023-01-23,paid ads
13890,Customer_13890,male,58,Coimbatore,Tamil Nadu,consumer,2023-08-03,organic search
13891,Customer_13891,male,57,Kanpur,Uttar Pradesh,consumer,2022-10-01,organic search
13892,Customer_13892,female,28,Warangal,Telangana,home office,2024-08-11,referral
13893,Customer_13893,female,43,Udaipur,Rajasthan,consumer,2024-01-20,referral
13894,Customer_13894,male,18,Coimbatore,Tamil Nadu,home office,2025-03-26,social media
13895,Customer_13895,female,47,Kolkata,West Bengal,consumer,2024-06-09,referral
13896,Customer_13896,male,60,Kanpur,Uttar Pradesh,home office,2022-02-05,social media
13897,Customer_13897,female,35,Mumbai,Maharashtra,home office,2023-04-05,organic search
13898,Customer_13898,female,43,Kanpur,Uttar Pradesh,consumer,2023-10-29,organic search
13899,Customer_13899,male,26,Surat,Gujarat,consumer,2023-04-01,organic search
13900,Customer_13900,female,26,Indore,Madhya Pradesh,consumer,2022-11-02,social media
13901,Customer_13901,male,18,Coimbatore,Tamil Nadu,home office,2025-09-15,paid ads
13902,Customer_13902,male,24,Chennai,Tamil Nadu,home office,2024-12-18,social media
13903,Customer_13903,female,59,Gurugram,Haryana,consumer,2024-07-06,social media
13904,Customer_13904,female,33,Delhi,Delhi,consumer,2022-01-31,paid ads
13905,Customer_13905,female,55,Bhopal,Madhya Pradesh,corporate,2025-09-28,direct
13906,Customer_13906,female,28,Hyderabad,Telangana,consumer,2024-07-18,organic search
13907,Customer_13907,male,42,Hyderabad,Telangana,corporate,2023-03-01,paid ads
13908,Customer_13908,male,46,Mysuru,Karnataka,corporate,2023-09-15,referral
13909,Customer_13909,other,36,Ahmedabad,Gujarat,home office,2023-12-10,referral
13910,Customer_13910,male,35,Mysuru,Karnataka,consumer,2025-11-23,organic search
13911,Customer_13911,female,46,Mumbai,Maharashtra,consumer,2022-01-01,social media
13912,Customer_13912,male,33,New Delhi,Delhi,consumer,2025-06-04,organic search
13913,Customer_13913,female,57,Mumbai,Maharashtra,home office,2024-11-21,organic search
13914,Customer_13914,male,25,Amritsar,Punjab,consumer,2025-07-26,organic search
13915,Customer_13915,female,51,Ludhiana,Punjab,consumer,2022-07-24,paid ads
13916,Customer_13916,female,23,Chennai,Tamil Nadu,consumer,2024-12-15,referral
13917,Customer_13917,female,47,Kolkata,West Bengal,consumer,2023-08-28,social media
13918,Customer_13918,male,51,Mysuru,Karnataka,corporate,2023-06-26,organic search
13919,Customer_13919,female,38,Udaipur,Rajasthan,corporate,2024-08-28,paid ads
13920,Customer_13920,female,29,Noida,Uttar Pradesh,corporate,2025-10-16,social media
13921,Customer_13921,female,23,Gurugram,Haryana,consumer,2024-02-27,referral
13922,Customer_13922,female,56,Coimbatore,Tamil Nadu,home office,2025-06-02,organic search
13923,Customer_13923,male,23,Noida,Uttar Pradesh,consumer,2022-05-06,email
13924,Customer_13924,male,21,New Delhi,Delhi,consumer,2023-11-19,referral
13925,Customer_13925,male,26,Ludhiana,Punjab,consumer,2023-01-04,social media
13926,Customer_13926,unknown,22,Nagpur,Maharashtra,consumer,2023-08-02,email
13927,Customer_13927,female,27,Vadodara,Gujarat,consumer,2022-06-01,email
13928,Customer_13928,male,25,Udaipur,Rajasthan,consumer,2024-05-14,organic search
13929,Customer_13929,male,40,Kolkata,West Bengal,consumer,2025-08-21,social media
13930,Customer_13930,male,21,Mumbai,Maharashtra,consumer,2025-12-28,referral
13931,Customer_13931,male,54,Faridabad,Haryana,consumer,2023-11-06,direct
13932,Customer_13932,male,24,New Delhi,Delhi,corporate,2023-08-02,paid ads
13933,Customer_13933,male,23,Vadodara,Gujarat,consumer,2022-05-11,organic search
13934,Customer_13934,male,59,Delhi,Delhi,consumer,2023-09-05,paid ads
13935,Customer_13935,male,32,Mysuru,Karnataka,consumer,2024-12-28,social media
13936,Customer_13936,other,52,Ahmedabad,Gujarat,corporate,2025-08-16,organic search
13937,Customer_13937,male,49,Chennai,Tamil Nadu,consumer,2025-02-20,social media
13938,Customer_13938,female,31,Pune,Maharashtra,home office,2025-02-19,social media
13939,Customer_13939,other,52,Delhi,Delhi,consumer,2024-11-14,organic search
13940,Customer_13940,female,28,Chennai,Tamil Nadu,consumer,2023-12-23,referral
13941,Customer_13941,other,27,Noida,Uttar Pradesh,consumer,2025-09-30,direct
13942,Customer_13942,female,34,Indore,Madhya Pradesh,corporate,2022-05-31,email
13943,Customer_13943,male,30,Pune,Maharashtra,consumer,2025-11-22,referral
13944,Customer_13944,female,51,Chennai,Tamil Nadu,consumer,2022-03-19,organic search
13945,Customer_13945,male,22,Nagpur,Maharashtra,consumer,2025-02-22,organic search
13946,Customer_13946,male,27,Nagpur,Maharashtra,consumer,2022-12-29,paid ads
13947,Customer_13947,female,49,Udaipur,Rajasthan,corporate,2022-07-12,social media
13948,Customer_13948,male,29,Surat,Gujarat,corporate,2024-06-08,referral
13949,Customer_13949,female,30,Nashik,Maharashtra,consumer,2025-01-08,paid ads
13950,Customer_13950,female,38,Delhi,Delhi,consumer,2022-12-06,referral
13951,Customer_13951,male,50,Mumbai,Maharashtra,consumer,2025-12-13,organic search
13952,Customer_13952,female,58,Lucknow,Uttar Pradesh,consumer,2023-10-05,direct
13953,Customer_13953,male,49,Amritsar,Punjab,consumer,2023-10-08,organic search
13954,Customer_13954,male,29,Pune,Maharashtra,consumer,2024-05-12,direct
13955,Customer_13955,female,52,Delhi,Delhi,consumer,2025-04-04,referral
13956,Customer_13956,male,53,Bhopal,Madhya Pradesh,corporate,2024-03-20,email
13957,Customer_13957,female,55,Gurugram,Haryana,consumer,2025-01-06,organic search
13958,Customer_13958,female,45,Coimbatore,Tamil Nadu,consumer,2024-05-03,email
13959,Customer_13959,male,30,Nagpur,Maharashtra,consumer,2022-06-05,organic search
13960,Customer_13960,female,29,Nashik,Maharashtra,home office,2022-11-09,email
13961,Customer_13961,female,39,Vadodara,Gujarat,corporate,2024-06-22,social media
13962,Customer_13962,male,19,Coimbatore,Tamil Nadu,consumer,2024-04-21,email
13963,Customer_13963,male,46,Nagpur,Maharashtra,consumer,2024-05-28,organic search
13964,Customer_13964,female,30,Vadodara,Gujarat,consumer,2024-12-13,paid ads
13965,Customer_13965,male,52,Nashik,Maharashtra,consumer,2024-05-10,paid ads
13966,Customer_13966,female,30,Lucknow,Uttar Pradesh,consumer,2022-02-01,social media
13967,Customer_13967,male,51,Bengaluru,Karnataka,home office,2023-05-14,email
13968,Customer_13968,female,36,Nagpur,Maharashtra,consumer,2024-03-29,paid ads
13969,Customer_13969,female,26,Vadodara,Gujarat,consumer,2025-02-09,social media
13970,Customer_13970,male,48,Chennai,Tamil Nadu,corporate,2022-11-05,direct
13971,Customer_13971,female,50,Amritsar,Punjab,corporate,2024-06-17,social media
13972,Customer_13972,female,44,Ahmedabad,Gujarat,consumer,2024-03-02,paid ads
13973,Customer_13973,female,19,Bengaluru,Karnataka,corporate,2023-05-13,paid ads
13974,Customer_13974,male,32,Kolkata,West Bengal,consumer,2023-10-07,organic search
13975,Customer_13975,female,36,New Delhi,Delhi,consumer,2024-11-20,social media
13976,Customer_13976,female,48,Indore,Madhya Pradesh,home office,2022-10-30,referral
13977,Customer_13977,female,33,Mysuru,Karnataka,home office,2024-08-24,organic search
13978,Customer_13978,female,60,Surat,Gujarat,corporate,2023-01-26,organic search
13979,Customer_13979,male,32,Mumbai,Maharashtra,consumer,2024-12-20,referral
13980,Customer_13980,other,23,Coimbatore,Tamil Nadu,corporate,2024-09-10,organic search
13981,Customer_13981,male,31,Lucknow,Uttar Pradesh,consumer,2023-09-18,paid ads
13982,Customer_13982,male,44,Noida,Uttar Pradesh,consumer,2023-06-20,email
13983,Customer_13983,male,55,Delhi,Delhi,consumer,2025-12-28,organic search
13984,Customer_13984,male,36,New Delhi,Delhi,consumer,2024-01-14,paid ads
13985,Customer_13985,male,54,Kanpur,Uttar Pradesh,home office,2022-07-01,paid ads
13986,Customer_13986,male,60,Gurugram,Haryana,consumer,2024-05-02,organic search
13987,Customer_13987,male,21,Mumbai,Maharashtra,consumer,2022-10-05,referral
13988,Customer_13988,female,43,Coimbatore,Tamil Nadu,consumer,2024-05-30,referral
13989,Customer_13989,male,26,Mysuru,Karnataka,corporate,2023-03-21,referral
13990,Customer_13990,male,58,Indore,Madhya Pradesh,consumer,2024-01-13,paid ads
13991,Customer_13991,male,57,Nashik,Maharashtra,consumer,2023-01-08,organic search
13992,Customer_13992,male,32,Delhi,Delhi,corporate,2022-05-04,organic search
13993,Customer_13993,male,58,Lucknow,Uttar Pradesh,consumer,2025-09-08,direct
13994,Customer_13994,female,54,Mumbai,Maharashtra,consumer,2024-05-31,paid ads
13995,Customer_13995,female,21,Warangal,Telangana,consumer,2024-11-16,social media
13996,Customer_13996,female,43,Chennai,Tamil Nadu,consumer,2025-04-19,paid ads
13997,Customer_13997,female,35,Bengaluru,Karnataka,home office,2025-05-09,paid ads
13998,Customer_13998,male,58,Coimbatore,Tamil Nadu,consumer,2024-05-19,social media
13999,Customer_13999,male,52,Warangal,Telangana,home office,2022-06-11,referral
14000,Customer_14000,male,58,Nagpur,Maharashtra,consumer,2025-10-05,organic search
14001,Customer_14001,female,58,Vadodara,Gujarat,home office,2024-01-04,referral
14002,Customer_14002,male,46,Kanpur,Uttar Pradesh,consumer,2025-10-01,paid ads
14003,Customer_14003,female,41,Noida,Uttar Pradesh,consumer,2022-08-12,paid ads
14004,Customer_14004,male,21,Nashik,Maharashtra,consumer,2025-04-17,direct
14005,Customer_14005,male,38,Mumbai,Maharashtra,consumer,2024-06-28,organic search
14006,Customer_14006,other,56,New Delhi,Delhi,consumer,2024-07-26,organic search
14007,Customer_14007,female,24,Bengaluru,Karnataka,consumer,2023-07-31,direct
14008,Customer_14008,female,40,Coimbatore,Tamil Nadu,consumer,2024-06-17,referral
14009,Customer_14009,female,57,Jaipur,Rajasthan,consumer,2025-10-19,referral
14010,Customer_14010,female,38,Nashik,Maharashtra,consumer,2023-08-16,social media
14011,Customer_14011,female,18,Mumbai,Maharashtra,consumer,2024-04-29,social media
14012,Customer_14012,female,58,Coimbatore,Tamil Nadu,corporate,2022-12-08,organic search
14013,Customer_14013,male,42,Kolkata,West Bengal,consumer,2024-11-18,referral
14014,Customer_14014,female,48,New Delhi,Delhi,home office,2022-06-09,organic search
14015,Customer_14015,female,55,Udaipur,Rajasthan,consumer,2025-06-27,referral
14016,Customer_14016,male,22,New Delhi,Delhi,home office,2024-10-13,organic search
14017,Customer_14017,female,48,Indore,Madhya Pradesh,consumer,2023-12-27,paid ads
14018,Customer_14018,female,18,Indore,Madhya Pradesh,home office,2023-10-13,direct
14019,Customer_14019,male,47,Bengaluru,Karnataka,consumer,2024-02-27,organic search
14020,Customer_14020,male,35,Delhi,Delhi,corporate,2024-01-28,organic search
14021,Customer_14021,male,25,Coimbatore,Tamil Nadu,corporate,2025-04-14,referral
14022,Customer_14022,female,43,Delhi,Delhi,consumer,2023-10-12,social media
14023,Customer_14023,female,57,Udaipur,Rajasthan,consumer,2023-01-12,email
14024,Customer_14024,male,32,Noida,Uttar Pradesh,corporate,2024-03-13,organic search
14025,Customer_14025,female,36,Jaipur,Rajasthan,consumer,2025-05-31,referral
14026,Customer_14026,male,27,Noida,Uttar Pradesh,consumer,2022-06-09,direct
14027,Customer_14027,female,41,Coimbatore,Tamil Nadu,corporate,2023-10-28,paid ads
14028,Customer_14028,male,33,Pune,Maharashtra,consumer,2023-03-11,organic search
14029,Customer_14029,male,60,Noida,Uttar Pradesh,corporate,2025-08-28,organic search
14030,Customer_14030,female,48,Bengaluru,Karnataka,consumer,2022-12-31,social media
14031,Customer_14031,male,33,Jaipur,Rajasthan,consumer,2022-06-29,social media
14032,Customer_14032,male,33,New Delhi,Delhi,consumer,2025-09-12,organic search
14033,Customer_14033,male,45,Mumbai,Maharashtra,consumer,2024-04-24,social media
14034,Customer_14034,male,37,Amritsar,Punjab,home office,2022-03-09,paid ads
14035,Customer_14035,male,52,Nashik,Maharashtra,consumer,2024-03-21,social media
14036,Customer_14036,other,26,Ludhiana,Punjab,consumer,2025-12-08,organic search
14037,Customer_14037,female,57,Ludhiana,Punjab,consumer,2025-07-06,direct
14038,Customer_14038,female,27,Noida,Uttar Pradesh,corporate,2024-04-16,organic search
14039,Customer_14039,female,35,Udaipur,Rajasthan,consumer,2022-04-08,referral
14040,Customer_14040,male,32,Vadodara,Gujarat,consumer,2023-04-26,paid ads
14041,Customer_14041,male,47,Indore,Madhya Pradesh,consumer,2025-05-22,organic search
14042,Customer_14042,male,49,Bengaluru,Karnataka,consumer,2025-07-12,social media
14043,Customer_14043,female,57,Hyderabad,Telangana,consumer,2022-07-04,social media
14044,Customer_14044,female,44,Surat,Gujarat,consumer,2022-01-19,referral
14045,Customer_14045,male,44,Coimbatore,Tamil Nadu,corporate,2025-09-07,referral
14046,Customer_14046,male,36,Chennai,Tamil Nadu,home office,2022-10-13,organic search
14047,Customer_14047,male,27,Mysuru,Karnataka,corporate,2024-12-13,email
14048,Customer_14048,male,23,Surat,Gujarat,consumer,2022-08-09,social media
14049,Customer_14049,female,41,Indore,Madhya Pradesh,consumer,2022-11-30,social media
14050,Customer_14050,male,26,New Delhi,Delhi,consumer,2023-02-27,paid ads
14051,Customer_14051,female,44,Gurugram,Haryana,corporate,2025-10-16,referral
14052,Customer_14052,male,24,Kolkata,West Bengal,consumer,2024-03-05,organic search
14053,Customer_14053,female,23,Kanpur,Uttar Pradesh,home office,2023-02-14,direct
14054,Customer_14054,female,50,Ahmedabad,Gujarat,consumer,2024-06-11,email
14055,Customer_14055,female,38,Lucknow,Uttar Pradesh,corporate,2023-01-08,referral
14056,Customer_14056,male,55,Pune,Maharashtra,corporate,2024-11-16,referral
14057,Customer_14057,male,34,Noida,Uttar Pradesh,consumer,2022-02-06,paid ads
14058,Customer_14058,male,48,Pune,Maharashtra,consumer,2023-12-27,social media
14059,Customer_14059,male,54,Bhopal,Madhya Pradesh,home office,2025-12-09,paid ads
14060,Customer_14060,female,28,Amritsar,Punjab,home office,2025-10-10,organic search
14061,Customer_14061,female,45,Mysuru,Karnataka,corporate,2024-04-30,social media
14062,Customer_14062,male,22,New Delhi,Delhi,consumer,2022-03-18,referral
14063,Customer_14063,male,29,Kanpur,Uttar Pradesh,home office,2023-03-30,referral
14064,Customer_14064,male,20,New Delhi,Delhi,consumer,2023-05-03,organic search
14065,Customer_14065,female,58,Bhopal,Madhya Pradesh,consumer,2025-11-11,paid ads
14066,Customer_14066,female,55,Pune,Maharashtra,consumer,2024-07-22,organic search
14067,Customer_14067,male,19,Nagpur,Maharashtra,consumer,2022-03-24,paid ads
14068,Customer_14068,male,43,Ludhiana,Punjab,consumer,2022-04-20,direct
14069,Customer_14069,female,19,Jaipur,Rajasthan,corporate,2025-08-22,direct
14070,Customer_14070,female,29,Indore,Madhya Pradesh,consumer,2022-09-27,referral
14071,Customer_14071,male,57,Bengaluru,Karnataka,consumer,2023-03-09,paid ads
14072,Customer_14072,female,19,Udaipur,Rajasthan,consumer,2023-09-21,organic search
14073,Customer_14073,female,58,Surat,Gujarat,consumer,2023-04-08,social media
14074,Customer_14074,female,33,Ahmedabad,Gujarat,consumer,2023-10-30,organic search
14075,Customer_14075,female,47,Udaipur,Rajasthan,consumer,2023-08-16,paid ads
14076,Customer_14076,male,53,Vadodara,Gujarat,consumer,2022-01-07,paid ads
14077,Customer_14077,female,21,Coimbatore,Tamil Nadu,consumer,2022-07-11,organic search
14078,Customer_14078,male,28,Bengaluru,Karnataka,consumer,2025-04-23,social media
14079,Customer_14079,male,41,Kanpur,Uttar Pradesh,consumer,2024-04-27,paid ads
14080,Customer_14080,male,35,Delhi,Delhi,consumer,2022-02-02,paid ads
14081,Customer_14081,male,44,Kolkata,West Bengal,consumer,2023-06-26,social media
14082,Customer_14082,male,54,Delhi,Delhi,consumer,2024-07-16,social media
14083,Customer_14083,female,19,Surat,Gujarat,consumer,2023-10-17,organic search
14084,Customer_14084,female,32,Noida,Uttar Pradesh,consumer,2023-04-02,organic search
14085,Customer_14085,female,28,Delhi,Delhi,consumer,2025-05-13,social media
14086,Customer_14086,male,44,Mumbai,Maharashtra,consumer,2022-04-17,social media
14087,Customer_14087,male,40,Pune,Maharashtra,corporate,2022-12-30,direct
14088,Customer_14088,female,52,Vadodara,Gujarat,consumer,2024-05-25,referral
14089,Customer_14089,male,47,Bhopal,Madhya Pradesh,home office,2022-09-12,organic search
14090,Customer_14090,other,41,Mumbai,Maharashtra,corporate,2024-11-16,organic search
14091,Customer_14091,male,36,Kolkata,West Bengal,corporate,2023-02-05,social media
14092,Customer_14092,female,46,Mysuru,Karnataka,consumer,2025-10-01,direct
14093,Customer_14093,male,30,Warangal,Telangana,corporate,2022-11-18,paid ads
14094,Customer_14094,female,40,Gurugram,Haryana,consumer,2025-08-26,social media
14095,Customer_14095,female,29,Mysuru,Karnataka,consumer,2023-06-14,direct
14096,Customer_14096,female,58,Warangal,Telangana,consumer,2024-12-11,organic search
14097,Customer_14097,other,46,Nashik,Maharashtra,home office,2022-07-13,social media
14098,Customer_14098,male,23,Nashik,Maharashtra,consumer,2023-12-27,organic search
14099,Customer_14099,female,40,New Delhi,Delhi,home office,2023-09-15,email
14100,Customer_14100,male,48,Nagpur,Maharashtra,consumer,2022-01-24,organic search
14101,Customer_14101,female,38,Surat,Gujarat,home office,2023-05-03,direct
14102,Customer_14102,male,41,Coimbatore,Tamil Nadu,home office,2023-04-20,referral
14103,Customer_14103,female,25,Ahmedabad,Gujarat,home office,2025-08-14,direct
14104,Customer_14104,female,26,New Delhi,Delhi,consumer,2023-06-15,referral
14105,Customer_14105,male,39,Mysuru,Karnataka,home office,2025-08-04,social media
14106,Customer_14106,male,21,Jaipur,Rajasthan,home office,2022-12-26,social media
14107,Customer_14107,male,30,Ludhiana,Punjab,consumer,2024-06-05,email
14108,Customer_14108,female,51,Mumbai,Maharashtra,consumer,2025-03-16,social media
14109,Customer_14109,male,20,Indore,Madhya Pradesh,corporate,2023-09-28,email
14110,Customer_14110,female,54,Ahmedabad,Gujarat,consumer,2022-02-23,email
14111,Customer_14111,female,45,Surat,Gujarat,corporate,2025-01-19,organic search
14112,Customer_14112,female,43,Warangal,Telangana,consumer,2023-08-09,direct
14113,Customer_14113,female,51,Nagpur,Maharashtra,consumer,2025-09-11,organic search
14114,Customer_14114,male,32,Pune,Maharashtra,consumer,2022-03-20,email
14115,Customer_14115,female,25,Ahmedabad,Gujarat,consumer,2023-02-20,organic search
14116,Customer_14116,female,52,Bengaluru,Karnataka,consumer,2024-07-30,paid ads
14117,Customer_14117,other,41,Gurugram,Haryana,corporate,2022-08-09,direct
14118,Customer_14118,male,54,Coimbatore,Tamil Nadu,consumer,2023-01-25,organic search
14119,Customer_14119,female,21,Pune,Maharashtra,corporate,2024-03-27,organic search
14120,Customer_14120,male,29,Kolkata,West Bengal,corporate,2022-12-17,social media
14121,Customer_14121,female,36,Mysuru,Karnataka,consumer,2025-07-15,social media
14122,Customer_14122,female,32,Warangal,Telangana,consumer,2022-12-23,organic search
14123,Customer_14123,female,47,Kolkata,West Bengal,consumer,2024-11-25,social media
14124,Customer_14124,female,54,Indore,Madhya Pradesh,consumer,2023-07-20,paid ads
14125,Customer_14125,male,29,Kanpur,Uttar Pradesh,consumer,2022-10-01,email
14126,Customer_14126,female,36,Jaipur,Rajasthan,consumer,2023-06-09,social media
14127,Customer_14127,other,51,Jaipur,Rajasthan,home office,2022-03-02,social media
14128,Customer_14128,male,24,Gurugram,Haryana,consumer,2025-05-31,organic search
14129,Customer_14129,female,45,Mysuru,Karnataka,consumer,2023-04-08,paid ads
14130,Customer_14130,male,45,Mumbai,Maharashtra,home office,2023-02-03,organic search
14131,Customer_14131,female,46,Delhi,Delhi,home office,2025-02-28,referral
14132,Customer_14132,male,54,New Delhi,Delhi,corporate,2024-09-20,referral
14133,Customer_14133,female,37,Jaipur,Rajasthan,corporate,2022-07-10,organic search
14134,Customer_14134,male,28,Jaipur,Rajasthan,consumer,2023-06-12,social media
14135,Customer_14135,male,56,Surat,Gujarat,home office,2023-02-14,organic search
14136,Customer_14136,male,59,Nagpur,Maharashtra,home office,2025-09-21,organic search
14137,Customer_14137,male,40,Kolkata,West Bengal,consumer,2025-07-30,organic search
14138,Customer_14138,female,37,Bengaluru,Karnataka,consumer,2022-01-06,organic search
14139,Customer_14139,male,37,Jaipur,Rajasthan,consumer,2024-10-23,referral
14140,Customer_14140,female,28,Ahmedabad,Gujarat,consumer,2022-07-03,paid ads
14141,Customer_14141,other,19,Mysuru,Karnataka,consumer,2024-11-18,organic search
14142,Customer_14142,female,30,Pune,Maharashtra,consumer,2024-09-16,referral
14143,Customer_14143,female,30,Nagpur,Maharashtra,consumer,2023-06-23,social media
14144,Customer_14144,male,58,Lucknow,Uttar Pradesh,consumer,2023-01-16,referral
14145,Customer_14145,male,32,Faridabad,Haryana,consumer,2022-05-19,organic search
14146,Customer_14146,male,48,Udaipur,Rajasthan,corporate,2025-06-09,organic search
14147,Customer_14147,male,40,Pune,Maharashtra,consumer,2022-06-09,social media
14148,Customer_14148,female,39,Chennai,Tamil Nadu,consumer,2025-02-22,organic search
14149,Customer_14149,male,33,Kolkata,West Bengal,consumer,2023-07-14,paid ads
14150,Customer_14150,female,59,Lucknow,Uttar Pradesh,consumer,2024-04-07,paid ads
14151,Customer_14151,male,46,Nashik,Maharashtra,consumer,2023-12-03,organic search
14152,Customer_14152,female,37,Nashik,Maharashtra,consumer,2022-06-13,social media
14153,Customer_14153,male,45,Kolkata,West Bengal,corporate,2024-04-17,organic search
14154,Customer_14154,male,44,Bengaluru,Karnataka,consumer,2023-10-14,paid ads
14155,Customer_14155,female,46,Delhi,Delhi,consumer,2022-10-25,organic search
14156,Customer_14156,male,22,Mumbai,Maharashtra,consumer,2025-07-03,social media
14157,Customer_14157,female,59,unknown,Gujarat,consumer,2023-07-22,organic search
14158,Customer_14158,female,55,Bhopal,Madhya Pradesh,home office,2024-12-02,paid ads
14159,Customer_14159,male,55,Faridabad,Haryana,consumer,2024-08-15,organic search
14160,Customer_14160,female,19,Vadodara,Gujarat,corporate,2022-05-31,social media
14161,Customer_14161,male,37,Hyderabad,Telangana,consumer,2025-02-20,organic search
14162,Customer_14162,female,60,Nagpur,Maharashtra,corporate,2024-02-09,direct
14163,Customer_14163,male,30,Ahmedabad,Gujarat,home office,2022-05-26,paid ads
14164,Customer_14164,female,43,Coimbatore,Tamil Nadu,corporate,2024-01-20,organic search
14165,Customer_14165,male,52,Surat,Gujarat,home office,2023-04-15,social media
14166,Customer_14166,male,25,Coimbatore,Tamil Nadu,consumer,2023-10-28,social media
14167,Customer_14167,female,45,Delhi,Delhi,home office,2024-01-01,organic search
14168,Customer_14168,male,58,Pune,Maharashtra,consumer,2022-12-30,organic search
14169,Customer_14169,male,32,Bengaluru,Karnataka,home office,2025-05-14,referral
14170,Customer_14170,female,25,Nashik,Maharashtra,consumer,2022-06-27,email
14171,Customer_14171,female,28,Delhi,Delhi,consumer,2024-12-09,referral
14172,Customer_14172,male,46,Ludhiana,Punjab,corporate,2023-12-03,referral
14173,Customer_14173,male,22,Coimbatore,Tamil Nadu,consumer,2025-12-14,referral
14174,Customer_14174,male,24,Warangal,Telangana,consumer,2025-03-31,social media
14175,Customer_14175,male,35,Bhopal,Madhya Pradesh,corporate,2023-09-13,organic search
14176,Customer_14176,male,45,Ludhiana,Punjab,consumer,2025-10-04,organic search
14177,Customer_14177,male,29,Vadodara,Gujarat,consumer,2023-06-27,social media
14178,Customer_14178,other,29,Lucknow,Uttar Pradesh,consumer,2022-12-09,organic search
14179,Customer_14179,female,53,Mysuru,Karnataka,consumer,2024-08-13,referral
14180,Customer_14180,male,46,Mysuru,Karnataka,consumer,2022-07-16,social media
14181,Customer_14181,male,28,Coimbatore,Tamil Nadu,consumer,2025-07-14,referral
14182,Customer_14182,female,23,Jaipur,Rajasthan,consumer,2024-03-14,email
14183,Customer_14183,male,38,Udaipur,Rajasthan,consumer,2022-05-06,organic search
14184,Customer_14184,female,27,Mysuru,Karnataka,consumer,2023-07-12,social media
14185,Customer_14185,female,49,Nashik,Maharashtra,corporate,2022-04-10,organic search
14186,Customer_14186,female,50,Udaipur,Rajasthan,consumer,2024-10-01,direct
14187,Customer_14187,male,34,Nashik,Maharashtra,corporate,2022-03-02,referral
14188,Customer_14188,female,20,Vadodara,Gujarat,consumer,2025-04-22,email
14189,Customer_14189,female,60,Kolkata,West Bengal,consumer,2022-06-05,paid ads
14190,Customer_14190,female,35,Kolkata,West Bengal,consumer,2024-03-28,organic search
14191,Customer_14191,female,27,Kanpur,Uttar Pradesh,corporate,2022-07-27,email
14192,Customer_14192,male,58,Bhopal,Madhya Pradesh,corporate,2025-12-14,social media
14193,Customer_14193,male,56,Hyderabad,Telangana,home office,2023-10-18,paid ads
14194,Customer_14194,female,60,Kolkata,West Bengal,consumer,2022-11-03,referral
14195,Customer_14195,female,25,Surat,Gujarat,corporate,2024-01-12,paid ads
14196,Customer_14196,female,51,Delhi,Delhi,consumer,2023-06-02,referral
14197,Customer_14197,female,54,Nagpur,Maharashtra,corporate,2025-07-26,direct
14198,Customer_14198,male,58,Bengaluru,Karnataka,consumer,2023-12-01,referral
14199,Customer_14199,male,50,Coimbatore,Tamil Nadu,consumer,2022-08-27,organic search
14200,Customer_14200,male,27,Ahmedabad,Gujarat,consumer,2023-02-02,social media
14201,Customer_14201,male,57,Indore,Madhya Pradesh,consumer,2022-04-29,direct
14202,Customer_14202,female,35,Delhi,Delhi,consumer,2025-05-26,paid ads
14203,Customer_14203,male,42,Pune,Maharashtra,consumer,2023-09-05,referral
14204,Customer_14204,female,59,Amritsar,Punjab,consumer,2023-09-15,organic search
14205,Customer_14205,female,58,Nashik,Maharashtra,home office,2023-10-13,organic search
14206,Customer_14206,male,53,Warangal,Telangana,consumer,2025-11-03,paid ads
14207,Customer_14207,male,19,Vadodara,Gujarat,home office,2024-09-09,paid ads
14208,Customer_14208,female,36,Ahmedabad,Gujarat,home office,2025-03-31,social media
14209,Customer_14209,other,27,Nashik,Maharashtra,home office,2023-09-11,direct
14210,Customer_14210,female,20,Nashik,Maharashtra,home office,2022-04-07,paid ads
14211,Customer_14211,male,36,Mumbai,Maharashtra,home office,2025-09-20,email
14212,Customer_14212,male,43,Surat,Gujarat,consumer,2023-12-31,organic search
14213,Customer_14213,male,42,Vadodara,Gujarat,consumer,2023-10-10,referral
14214,Customer_14214,male,34,New Delhi,Delhi,consumer,2024-04-03,paid ads
14215,Customer_14215,female,27,Jaipur,Rajasthan,consumer,2024-03-27,paid ads
14216,Customer_14216,female,28,Noida,Uttar Pradesh,consumer,2023-02-18,paid ads
14217,Customer_14217,male,28,Nashik,Maharashtra,consumer,2024-01-08,referral
14218,Customer_14218,male,29,Warangal,Telangana,consumer,2022-06-03,paid ads
14219,Customer_14219,male,57,Kolkata,West Bengal,home office,2024-07-16,organic search
14220,Customer_14220,female,25,Delhi,Delhi,consumer,2023-10-23,paid ads
14221,Customer_14221,male,41,Mysuru,Karnataka,consumer,2023-01-18,social media
14222,Customer_14222,female,31,Ahmedabad,Gujarat,consumer,2024-05-28,paid ads
14223,Customer_14223,male,40,Bhopal,Madhya Pradesh,consumer,2025-10-10,paid ads
14224,Customer_14224,female,53,Noida,Uttar Pradesh,home office,2022-09-25,organic search
14225,Customer_14225,male,34,Vadodara,Gujarat,consumer,2023-10-04,paid ads
14226,Customer_14226,male,22,Kolkata,West Bengal,consumer,2022-02-05,social media
14227,Customer_14227,female,20,Bengaluru,Karnataka,consumer,2023-03-24,paid ads
14228,Customer_14228,female,26,Jaipur,Rajasthan,consumer,2025-06-28,organic search
14229,Customer_14229,male,37,Hyderabad,Telangana,consumer,2023-01-23,organic search
14230,Customer_14230,male,37,New Delhi,Delhi,consumer,2024-03-16,referral
14231,Customer_14231,male,36,Kolkata,West Bengal,consumer,2024-04-27,organic search
14232,Customer_14232,male,38,Ahmedabad,Gujarat,consumer,2022-06-16,email
14233,Customer_14233,female,33,Bengaluru,Karnataka,home office,2022-04-08,organic search
14234,Customer_14234,female,50,Faridabad,Haryana,consumer,2025-07-24,referral
14235,Customer_14235,male,22,Nashik,Maharashtra,consumer,2024-06-01,paid ads
14236,Customer_14236,male,41,Bengaluru,Karnataka,consumer,2025-05-08,organic search
14237,Customer_14237,male,32,unknown,Maharashtra,consumer,2024-03-05,email
14238,Customer_14238,male,43,Noida,Uttar Pradesh,home office,2023-11-11,paid ads
14239,Customer_14239,male,42,Kolkata,West Bengal,consumer,2025-04-03,paid ads
14240,Customer_14240,female,45,Bengaluru,Karnataka,home office,2025-05-10,organic search
14241,Customer_14241,male,50,Udaipur,Rajasthan,consumer,2025-11-21,social media
14242,Customer_14242,female,35,Chennai,Tamil Nadu,corporate,2025-12-03,referral
14243,Customer_14243,female,35,Lucknow,Uttar Pradesh,consumer,2023-01-09,organic search
14244,Customer_14244,female,55,Coimbatore,Tamil Nadu,consumer,2025-10-21,email
14245,Customer_14245,female,50,Chennai,Tamil Nadu,consumer,2025-09-13,social media
14246,Customer_14246,female,44,Gurugram,Haryana,consumer,2023-09-14,email
14247,Customer_14247,female,32,Delhi,Delhi,consumer,2025-07-04,email
14248,Customer_14248,male,30,Nashik,Maharashtra,consumer,2022-10-15,social media
14249,Customer_14249,male,51,Surat,Gujarat,corporate,2025-04-17,organic search
14250,Customer_14250,male,21,Ludhiana,Punjab,consumer,2022-01-11,social media
14251,Customer_14251,female,52,Mysuru,Karnataka,consumer,2022-09-15,social media
14252,Customer_14252,female,36,Nashik,Maharashtra,corporate,2025-11-06,social media
14253,Customer_14253,male,48,Bengaluru,Karnataka,consumer,2022-05-20,organic search
14254,Customer_14254,female,42,Hyderabad,Telangana,corporate,2023-04-19,organic search
14255,Customer_14255,female,57,Mumbai,Maharashtra,consumer,2025-06-08,social media
14256,Customer_14256,female,29,Jaipur,Rajasthan,consumer,2024-10-30,social media
14257,Customer_14257,female,29,Amritsar,Punjab,consumer,2025-05-05,email
14258,Customer_14258,female,59,Coimbatore,Tamil Nadu,home office,2023-05-15,organic search
14259,Customer_14259,male,42,Bengaluru,Karnataka,home office,2025-10-03,direct
14260,Customer_14260,male,50,Chennai,Tamil Nadu,home office,2024-10-04,direct
14261,Customer_14261,female,54,Mumbai,Maharashtra,consumer,2024-10-18,organic search
14262,Customer_14262,male,45,Indore,Madhya Pradesh,corporate,2024-11-23,organic search
14263,Customer_14263,male,60,Coimbatore,Tamil Nadu,consumer,2024-07-03,organic search
14264,Customer_14264,female,26,Chennai,Tamil Nadu,consumer,2024-03-02,social media
14265,Customer_14265,female,31,Udaipur,Rajasthan,corporate,2024-10-24,social media
14266,Customer_14266,female,20,Chennai,Tamil Nadu,consumer,2022-09-13,social media
14267,Customer_14267,male,22,Udaipur,Rajasthan,consumer,2023-01-01,paid ads
14268,Customer_14268,male,43,Pune,Maharashtra,consumer,2023-12-25,referral
14269,Customer_14269,male,58,Noida,Uttar Pradesh,corporate,2022-02-10,social media
14270,Customer_14270,male,35,Gurugram,Haryana,consumer,2025-03-31,paid ads
14271,Customer_14271,female,55,Udaipur,Rajasthan,consumer,2023-10-25,social media
14272,Customer_14272,male,38,Gurugram,Haryana,home office,2022-01-15,social media
14273,Customer_14273,male,56,Pune,Maharashtra,consumer,2024-05-05,social media
14274,Customer_14274,female,33,Warangal,Telangana,consumer,2024-01-22,social media
14275,Customer_14275,male,57,Ahmedabad,Gujarat,consumer,2024-06-11,paid ads
14276,Customer_14276,female,40,Vadodara,Gujarat,corporate,2024-12-26,organic search
14277,Customer_14277,male,46,Coimbatore,Tamil Nadu,consumer,2024-04-27,paid ads
14278,Customer_14278,other,27,Mysuru,Karnataka,consumer,2022-11-06,direct
14279,Customer_14279,male,22,Nagpur,Maharashtra,consumer,2022-08-04,organic search
14280,Customer_14280,female,28,Coimbatore,Tamil Nadu,consumer,2023-10-19,paid ads
14281,Customer_14281,male,46,Nagpur,Maharashtra,consumer,2023-06-14,referral
14282,Customer_14282,female,44,Kolkata,West Bengal,consumer,2022-03-01,organic search
14283,Customer_14283,male,51,New Delhi,Delhi,consumer,2023-08-24,organic search
14284,Customer_14284,male,31,Nagpur,Maharashtra,home office,2022-02-24,direct
14285,Customer_14285,female,58,Vadodara,Gujarat,corporate,2023-11-26,paid ads
14286,Customer_14286,male,59,Ahmedabad,Gujarat,home office,2025-12-12,referral
14287,Customer_14287,male,27,Indore,Madhya Pradesh,consumer,2024-03-20,direct
14288,Customer_14288,male,59,Ahmedabad,Gujarat,consumer,2023-04-05,social media
14289,Customer_14289,female,28,Mysuru,Karnataka,consumer,2024-11-22,organic search
14290,Customer_14290,male,28,Lucknow,Uttar Pradesh,home office,2025-05-26,social media
14291,Customer_14291,male,52,Ahmedabad,Gujarat,consumer,2024-07-31,organic search
14292,Customer_14292,male,36,Nashik,Maharashtra,home office,2023-10-31,direct
14293,Customer_14293,female,41,Surat,Gujarat,consumer,2024-01-09,paid ads
14294,Customer_14294,female,18,Faridabad,Haryana,consumer,2024-01-11,referral
14295,Customer_14295,male,29,Coimbatore,Tamil Nadu,consumer,2023-09-07,email
14296,Customer_14296,male,31,Mysuru,Karnataka,consumer,2024-09-30,referral
14297,Customer_14297,male,20,Mumbai,Maharashtra,consumer,2023-06-07,organic search
14298,Customer_14298,male,49,Nagpur,Maharashtra,consumer,2025-11-14,organic search
14299,Customer_14299,male,33,Coimbatore,Tamil Nadu,consumer,2023-06-12,referral
14300,Customer_14300,male,55,Ahmedabad,Gujarat,consumer,2024-01-07,email
14301,Customer_14301,male,27,Mumbai,Maharashtra,consumer,2025-09-16,organic search
14302,Customer_14302,female,34,Gurugram,Haryana,corporate,2022-06-11,paid ads
14303,Customer_14303,male,57,Kanpur,Uttar Pradesh,consumer,2025-06-19,organic search
14304,Customer_14304,female,21,Vadodara,Gujarat,consumer,2025-03-27,social media
14305,Customer_14305,male,32,Kanpur,Uttar Pradesh,consumer,2025-06-26,organic search
14306,Customer_14306,male,50,Nagpur,Maharashtra,home office,2023-09-12,referral
14307,Customer_14307,female,56,Warangal,Telangana,consumer,2024-07-14,organic search
14308,Customer_14308,male,27,Vadodara,Gujarat,home office,2022-04-12,email
14309,Customer_14309,male,24,Kanpur,Uttar Pradesh,consumer,2024-07-12,direct
14310,Customer_14310,female,50,Kanpur,Uttar Pradesh,consumer,2023-07-20,organic search
14311,Customer_14311,male,34,Mysuru,Karnataka,consumer,2023-04-23,referral
14312,Customer_14312,male,29,Faridabad,Haryana,consumer,2022-04-08,paid ads
14313,Customer_14313,male,34,Nagpur,Maharashtra,consumer,2024-10-16,organic search
14314,Customer_14314,male,33,Bhopal,Madhya Pradesh,corporate,2025-09-16,referral
14315,Customer_14315,female,31,Amritsar,Punjab,consumer,2022-06-17,direct
14316,Customer_14316,male,20,New Delhi,Delhi,consumer,2025-02-19,referral
14317,Customer_14317,male,47,Kolkata,West Bengal,corporate,2022-03-06,referral
14318,Customer_14318,male,58,Nashik,Maharashtra,consumer,2025-08-13,social media
14319,Customer_14319,male,52,Chennai,Tamil Nadu,consumer,2022-09-06,referral
14320,Customer_14320,female,43,Warangal,Telangana,home office,2025-11-08,email
14321,Customer_14321,male,29,Vadodara,Gujarat,consumer,2025-07-31,social media
14322,Customer_14322,female,48,Faridabad,Haryana,consumer,2024-11-25,paid ads
14323,Customer_14323,female,34,Jaipur,Rajasthan,corporate,2025-11-14,referral
14324,Customer_14324,female,54,Hyderabad,Telangana,consumer,2022-02-06,organic search
14325,Customer_14325,male,25,Lucknow,Uttar Pradesh,corporate,2024-11-06,social media
14326,Customer_14326,unknown,36,Gurugram,Haryana,consumer,2022-12-12,social media
14327,Customer_14327,female,43,Nashik,Maharashtra,consumer,2023-08-01,social media
14328,Customer_14328,female,21,Ludhiana,Punjab,consumer,2024-01-12,organic search
14329,Customer_14329,male,32,Mumbai,Maharashtra,consumer,2024-05-10,organic search
14330,Customer_14330,male,31,Noida,Uttar Pradesh,consumer,2025-09-24,social media
14331,Customer_14331,male,47,Bengaluru,Karnataka,consumer,2024-03-21,referral
14332,Customer_14332,female,59,Nashik,Maharashtra,corporate,2024-11-08,referral
14333,Customer_14333,male,41,Chennai,Tamil Nadu,corporate,2025-09-30,direct
14334,Customer_14334,female,60,Udaipur,Rajasthan,corporate,2025-10-03,referral
14335,Customer_14335,female,51,Coimbatore,Tamil Nadu,corporate,2022-04-26,paid ads
14336,Customer_14336,female,36,Mumbai,Maharashtra,consumer,2024-11-15,social media
14337,Customer_14337,female,20,Surat,Gujarat,home office,2024-03-16,referral
14338,Customer_14338,male,21,Indore,Madhya Pradesh,consumer,2024-11-05,referral
14339,Customer_14339,female,28,Chennai,Tamil Nadu,consumer,2022-05-12,referral
14340,Customer_14340,female,30,Delhi,Delhi,corporate,2023-11-02,social media
14341,Customer_14341,female,35,Chennai,Tamil Nadu,consumer,2024-12-18,direct
14342,Customer_14342,male,36,Mumbai,Maharashtra,corporate,2024-04-14,referral
14343,Customer_14343,female,50,Lucknow,Uttar Pradesh,consumer,2023-12-15,social media
14344,Customer_14344,male,55,Lucknow,Uttar Pradesh,consumer,2022-11-14,paid ads
14345,Customer_14345,male,20,Surat,Gujarat,consumer,2022-07-14,organic search
14346,Customer_14346,female,52,Bengaluru,Karnataka,consumer,2022-10-03,direct
14347,Customer_14347,male,18,Kanpur,Uttar Pradesh,home office,2023-06-29,paid ads
14348,Customer_14348,female,52,Surat,Gujarat,home office,2025-09-14,organic search
14349,Customer_14349,male,53,Kanpur,Uttar Pradesh,consumer,2024-02-25,email
14350,Customer_14350,female,55,Ahmedabad,Gujarat,consumer,2023-02-24,organic search
14351,Customer_14351,male,56,Lucknow,Uttar Pradesh,consumer,2023-09-28,referral
14352,Customer_14352,female,42,Ahmedabad,Gujarat,corporate,2022-06-11,organic search
14353,Customer_14353,male,57,Coimbatore,Tamil Nadu,consumer,2024-12-03,paid ads
14354,Customer_14354,female,30,Amritsar,Punjab,home office,2025-01-23,paid ads
14355,Customer_14355,female,21,Ahmedabad,Gujarat,consumer,2023-07-13,email
14356,Customer_14356,male,23,Ahmedabad,Gujarat,home office,2022-11-25,social media
14357,Customer_14357,male,28,Delhi,Delhi,consumer,2025-12-01,referral
14358,Customer_14358,female,18,Ahmedabad,Gujarat,corporate,2023-09-08,organic search
14359,Customer_14359,female,25,Ahmedabad,Gujarat,consumer,2024-06-07,referral
14360,Customer_14360,female,51,New Delhi,Delhi,corporate,2024-12-13,referral
14361,Customer_14361,female,57,Pune,Maharashtra,corporate,2023-04-20,email
14362,Customer_14362,male,26,Ahmedabad,Gujarat,consumer,2024-02-05,paid ads
14363,Customer_14363,male,53,Lucknow,Uttar Pradesh,consumer,2025-08-03,paid ads
14364,Customer_14364,male,56,Warangal,Telangana,home office,2025-11-15,organic search
14365,Customer_14365,male,59,Delhi,Delhi,home office,2025-11-09,referral
14366,Customer_14366,female,54,Udaipur,Rajasthan,consumer,2023-10-05,direct
14367,Customer_14367,male,59,Mumbai,Maharashtra,consumer,2025-06-02,paid ads
14368,Customer_14368,female,38,Chennai,Tamil Nadu,consumer,2025-01-27,email
14369,Customer_14369,female,37,Nashik,Maharashtra,corporate,2022-08-04,social media
14370,Customer_14370,female,55,New Delhi,Delhi,consumer,2022-08-19,email
14371,Customer_14371,female,18,New Delhi,Delhi,consumer,2024-08-22,email
14372,Customer_14372,male,52,Chennai,Tamil Nadu,consumer,2024-06-19,referral
14373,Customer_14373,female,45,Nagpur,Maharashtra,consumer,2025-10-19,referral
14374,Customer_14374,male,24,Coimbatore,Tamil Nadu,consumer,2024-09-29,organic search
14375,Customer_14375,male,60,Warangal,Telangana,consumer,2024-11-01,email
14376,Customer_14376,female,26,Hyderabad,Telangana,consumer,2024-02-01,organic search
14377,Customer_14377,male,18,Coimbatore,Tamil Nadu,corporate,2023-01-29,social media
14378,Customer_14378,other,53,Kanpur,Uttar Pradesh,home office,2022-01-26,paid ads
14379,Customer_14379,female,51,Mumbai,Maharashtra,consumer,2024-05-12,social media
14380,Customer_14380,female,51,Warangal,Telangana,consumer,2024-10-18,referral
14381,Customer_14381,male,34,Nashik,Maharashtra,consumer,2022-01-21,organic search
14382,Customer_14382,female,49,Mumbai,Maharashtra,corporate,2025-06-26,organic search
14383,Customer_14383,male,19,Ahmedabad,Gujarat,corporate,2025-05-28,paid ads
14384,Customer_14384,female,53,Vadodara,Gujarat,corporate,2025-06-24,social media
14385,Customer_14385,male,42,Indore,Madhya Pradesh,home office,2024-05-09,referral
14386,Customer_14386,female,60,Surat,Gujarat,consumer,2022-04-16,social media
14387,Customer_14387,male,43,Ludhiana,Punjab,consumer,2025-10-26,direct
14388,Customer_14388,male,43,Nagpur,Maharashtra,consumer,2024-05-10,email
14389,Customer_14389,male,38,Nashik,Maharashtra,corporate,2022-10-03,organic search
14390,Customer_14390,male,35,Nagpur,Maharashtra,consumer,2024-05-03,direct
14391,Customer_14391,female,46,Delhi,Delhi,home office,2023-07-10,email
14392,Customer_14392,male,41,Vadodara,Gujarat,corporate,2023-04-04,organic search
14393,Customer_14393,male,45,Udaipur,Rajasthan,corporate,2023-10-24,organic search
14394,Customer_14394,female,29,Mumbai,Maharashtra,consumer,2022-02-21,email
14395,Customer_14395,male,28,Gurugram,Haryana,consumer,2022-07-30,paid ads
14396,Customer_14396,male,44,Indore,Madhya Pradesh,corporate,2022-10-19,organic search
14397,Customer_14397,female,40,Mysuru,Karnataka,consumer,2022-07-19,direct
14398,Customer_14398,male,50,Pune,Maharashtra,consumer,2023-06-01,direct
14399,Customer_14399,male,33,New Delhi,Delhi,home office,2022-10-08,organic search
14400,Customer_14400,male,45,Nagpur,Maharashtra,home office,2022-06-19,social media
14401,Customer_14401,male,45,Mumbai,Maharashtra,consumer,2024-10-24,organic search
14402,Customer_14402,female,55,Hyderabad,Telangana,corporate,2022-10-17,social media
14403,Customer_14403,male,23,Delhi,Delhi,consumer,2022-03-27,social media
14404,Customer_14404,unknown,59,Mysuru,Karnataka,consumer,2025-03-29,organic search
14405,Customer_14405,male,46,Amritsar,Punjab,consumer,2022-06-08,social media
14406,Customer_14406,male,51,Kolkata,West Bengal,corporate,2025-12-07,organic search
14407,Customer_14407,male,20,Gurugram,Haryana,consumer,2024-10-27,direct
14408,Customer_14408,female,23,Mumbai,Maharashtra,consumer,2023-12-19,email
14409,Customer_14409,female,55,Coimbatore,Tamil Nadu,consumer,2022-11-07,paid ads
14410,Customer_14410,male,30,Ahmedabad,Gujarat,home office,2025-12-25,paid ads
14411,Customer_14411,other,53,Nashik,Maharashtra,consumer,2025-10-05,organic search
14412,Customer_14412,male,32,Pune,Maharashtra,consumer,2025-06-02,referral
14413,Customer_14413,male,23,Udaipur,Rajasthan,consumer,2023-07-14,referral
14414,Customer_14414,male,50,Udaipur,Rajasthan,consumer,2025-11-20,direct
14415,Customer_14415,male,58,Chennai,Tamil Nadu,consumer,2025-04-06,referral
14416,Customer_14416,male,29,Warangal,Telangana,corporate,2024-05-17,paid ads
14417,Customer_14417,male,60,Chennai,Tamil Nadu,consumer,2025-05-22,social media
14418,Customer_14418,male,30,Nashik,Maharashtra,home office,2023-08-14,referral
14419,Customer_14419,male,50,Mysuru,Karnataka,consumer,2023-10-11,social media
14420,Customer_14420,male,45,Delhi,Delhi,consumer,2025-05-17,direct
14421,Customer_14421,male,53,Pune,Maharashtra,consumer,2024-12-20,organic search
14422,Customer_14422,female,22,Gurugram,Haryana,consumer,2024-06-10,organic search
14423,Customer_14423,male,42,Vadodara,Gujarat,home office,2024-09-26,direct
14424,Customer_14424,female,34,Kolkata,West Bengal,corporate,2022-07-04,direct
14425,Customer_14425,female,54,Bengaluru,Karnataka,consumer,2023-06-17,referral
14426,Customer_14426,male,36,Chennai,Tamil Nadu,consumer,2022-06-13,paid ads
14427,Customer_14427,male,52,Delhi,Delhi,consumer,2025-05-13,organic search
14428,Customer_14428,male,60,Mumbai,Maharashtra,consumer,2023-08-19,paid ads
14429,Customer_14429,female,51,New Delhi,Delhi,corporate,2025-01-19,social media
14430,Customer_14430,male,23,Lucknow,Uttar Pradesh,corporate,2025-09-12,email
14431,Customer_14431,male,36,Jaipur,Rajasthan,consumer,2024-08-23,referral
14432,Customer_14432,male,18,Ahmedabad,Gujarat,consumer,2025-08-04,paid ads
14433,Customer_14433,female,24,Hyderabad,Telangana,consumer,2024-06-12,social media
14434,Customer_14434,unknown,51,Faridabad,Haryana,home office,2025-07-10,paid ads
14435,Customer_14435,female,36,Nashik,Maharashtra,consumer,2024-02-04,organic search
14436,Customer_14436,male,50,Bengaluru,Karnataka,consumer,2024-01-26,direct
14437,Customer_14437,female,43,Mysuru,Karnataka,consumer,2025-06-07,paid ads
14438,Customer_14438,female,58,Kanpur,Uttar Pradesh,consumer,2024-10-02,social media
14439,Customer_14439,male,59,Ludhiana,Punjab,consumer,2022-11-17,referral
14440,Customer_14440,female,44,New Delhi,Delhi,corporate,2024-08-31,referral
14441,Customer_14441,female,55,Bhopal,Madhya Pradesh,home office,2024-06-24,email
14442,Customer_14442,male,43,Noida,Uttar Pradesh,consumer,2024-08-16,referral
14443,Customer_14443,male,52,Delhi,Delhi,consumer,2022-03-31,referral
14444,Customer_14444,female,37,Coimbatore,Tamil Nadu,corporate,2025-05-06,referral
14445,Customer_14445,female,41,Coimbatore,Tamil Nadu,corporate,2024-05-26,paid ads
14446,Customer_14446,female,38,Amritsar,Punjab,consumer,2022-05-26,social media
14447,Customer_14447,female,43,New Delhi,Delhi,corporate,2022-12-07,organic search
14448,Customer_14448,female,37,Noida,Uttar Pradesh,corporate,2023-03-22,social media
14449,Customer_14449,male,23,Bengaluru,Karnataka,consumer,2025-04-09,social media
14450,Customer_14450,female,20,Kolkata,West Bengal,consumer,2025-05-22,organic search
14451,Customer_14451,male,27,Chennai,Tamil Nadu,corporate,2023-10-28,paid ads
14452,Customer_14452,female,29,Surat,Gujarat,consumer,2024-11-04,email
14453,Customer_14453,female,50,Lucknow,Uttar Pradesh,consumer,2025-10-31,organic search
14454,Customer_14454,female,39,Lucknow,Uttar Pradesh,consumer,2023-09-25,social media
14455,Customer_14455,male,33,Indore,Madhya Pradesh,consumer,2024-11-13,social media
14456,Customer_14456,male,34,Nashik,Maharashtra,corporate,2024-11-02,referral
14457,Customer_14457,male,27,Kolkata,West Bengal,consumer,2023-12-04,social media
14458,Customer_14458,female,29,Pune,Maharashtra,consumer,2022-09-02,email
14459,Customer_14459,female,36,Chennai,Tamil Nadu,corporate,2022-03-19,social media
14460,Customer_14460,male,57,Ahmedabad,Gujarat,consumer,2022-12-07,organic search
14461,Customer_14461,female,40,Coimbatore,Tamil Nadu,corporate,2023-09-11,paid ads
14462,Customer_14462,female,57,Hyderabad,Telangana,consumer,2022-12-17,email
14463,Customer_14463,male,27,Ludhiana,Punjab,consumer,2022-10-01,referral
14464,Customer_14464,male,27,Pune,Maharashtra,consumer,2023-09-20,paid ads
14465,Customer_14465,female,27,Udaipur,Rajasthan,home office,2022-05-05,organic search
14466,Customer_14466,female,56,Coimbatore,Tamil Nadu,corporate,2023-09-09,email
14467,Customer_14467,female,47,Pune,Maharashtra,consumer,2023-07-30,organic search
14468,Customer_14468,male,21,Pune,Maharashtra,home office,2025-09-08,email
14469,Customer_14469,other,18,Gurugram,Haryana,corporate,2022-06-22,social media
14470,Customer_14470,male,60,Indore,Madhya Pradesh,consumer,2024-09-17,organic search
14471,Customer_14471,male,36,Gurugram,Haryana,consumer,2023-08-03,organic search
14472,Customer_14472,male,22,Amritsar,Punjab,consumer,2023-08-19,direct
14473,Customer_14473,male,47,Delhi,Delhi,consumer,2024-11-14,social media
14474,Customer_14474,male,43,Bengaluru,Karnataka,consumer,2023-01-25,paid ads
14475,Customer_14475,male,57,Jaipur,Rajasthan,consumer,2025-08-03,social media
14476,Customer_14476,female,51,Hyderabad,Telangana,consumer,2025-03-24,referral
14477,Customer_14477,female,19,Chennai,Tamil Nadu,consumer,2023-11-27,referral
14478,Customer_14478,male,41,Mysuru,Karnataka,consumer,2025-07-21,referral
14479,Customer_14479,female,31,Ahmedabad,Gujarat,consumer,2025-06-03,direct
14480,Customer_14480,male,58,Surat,Gujarat,consumer,2024-11-29,referral
14481,Customer_14481,female,59,Nagpur,Maharashtra,consumer,2022-09-13,referral
14482,Customer_14482,female,30,Warangal,Telangana,home office,2025-07-31,social media
14483,Customer_14483,male,46,Surat,Gujarat,consumer,2025-06-04,organic search
14484,Customer_14484,female,18,Surat,Gujarat,consumer,2022-11-27,social media
14485,Customer_14485,female,51,Delhi,Delhi,consumer,2022-11-16,referral
14486,Customer_14486,male,21,Kanpur,Uttar Pradesh,consumer,2022-08-21,social media
14487,Customer_14487,female,45,Nagpur,Maharashtra,corporate,2024-07-19,social media
14488,Customer_14488,female,36,Bengaluru,Karnataka,consumer,2023-12-29,email
14489,Customer_14489,male,18,Noida,Uttar Pradesh,consumer,2024-10-14,social media
14490,Customer_14490,female,53,Vadodara,Gujarat,consumer,2023-02-24,referral
14491,Customer_14491,other,60,New Delhi,Delhi,consumer,2023-05-24,direct
14492,Customer_14492,male,30,Kolkata,West Bengal,consumer,2022-12-30,referral
14493,Customer_14493,male,59,Vadodara,Gujarat,consumer,2025-02-13,social media
14494,Customer_14494,male,22,Noida,Uttar Pradesh,consumer,2024-02-27,referral
14495,Customer_14495,female,50,Kolkata,West Bengal,corporate,2023-01-23,email
14496,Customer_14496,female,31,Surat,Gujarat,consumer,2025-06-10,organic search
14497,Customer_14497,male,33,Hyderabad,Telangana,consumer,2022-07-31,email
14498,Customer_14498,other,49,Nagpur,Maharashtra,consumer,2022-12-17,organic search
14499,Customer_14499,female,44,New Delhi,Delhi,home office,2025-06-28,direct
14500,Customer_14500,female,52,Coimbatore,Tamil Nadu,consumer,2024-10-04,organic search
14501,Customer_14501,male,20,Ahmedabad,Gujarat,consumer,2024-03-19,social media
14502,Customer_14502,male,21,Warangal,Telangana,consumer,2023-08-28,direct
14503,Customer_14503,female,24,Mysuru,Karnataka,consumer,2023-10-06,organic search
14504,Customer_14504,female,30,Pune,Maharashtra,consumer,2023-05-12,referral
14505,Customer_14505,female,58,Warangal,Telangana,home office,2024-02-05,paid ads
14506,Customer_14506,female,20,Bengaluru,Karnataka,consumer,2022-08-05,organic search
14507,Customer_14507,male,34,Kolkata,West Bengal,home office,2024-01-12,referral
14508,Customer_14508,female,27,Nagpur,Maharashtra,consumer,2022-05-15,paid ads
14509,Customer_14509,male,18,Vadodara,Gujarat,corporate,2025-01-18,direct
14510,Customer_14510,male,45,Faridabad,Haryana,consumer,2025-03-28,organic search
14511,Customer_14511,male,27,New Delhi,Delhi,consumer,2023-08-17,email
14512,Customer_14512,male,24,Hyderabad,Telangana,home office,2025-07-01,referral
14513,Customer_14513,male,56,Pune,Maharashtra,consumer,2022-01-02,paid ads
14514,Customer_14514,female,20,Surat,Gujarat,home office,2024-03-02,paid ads
14515,Customer_14515,female,24,Surat,Gujarat,consumer,2023-06-15,paid ads
14516,Customer_14516,male,26,Coimbatore,Tamil Nadu,home office,2024-05-07,direct
14517,Customer_14517,female,57,Hyderabad,Telangana,consumer,2024-10-04,organic search
14518,Customer_14518,male,52,Bhopal,Madhya Pradesh,corporate,2023-05-22,organic search
14519,Customer_14519,male,43,New Delhi,Delhi,consumer,2022-10-19,direct
14520,Customer_14520,female,22,Pune,Maharashtra,consumer,2023-06-22,social media
14521,Customer_14521,female,30,Indore,Madhya Pradesh,corporate,2022-11-05,social media
14522,Customer_14522,female,47,Vadodara,Gujarat,corporate,2022-07-06,referral
14523,Customer_14523,male,57,Indore,Madhya Pradesh,consumer,2024-03-17,social media
14524,Customer_14524,female,56,Ahmedabad,Gujarat,consumer,2022-04-28,referral
14525,Customer_14525,female,27,Noida,Uttar Pradesh,consumer,2022-02-18,email
14526,Customer_14526,female,59,Coimbatore,Tamil Nadu,consumer,2024-03-11,social media
14527,Customer_14527,male,40,Noida,Uttar Pradesh,consumer,2024-08-11,organic search
14528,Customer_14528,female,28,Gurugram,Haryana,corporate,2023-01-31,organic search
14529,Customer_14529,female,29,Ahmedabad,Gujarat,consumer,2024-11-08,paid ads
14530,Customer_14530,other,30,New Delhi,Delhi,consumer,2024-04-07,organic search
14531,Customer_14531,male,57,Delhi,Delhi,home office,2025-04-07,organic search
14532,Customer_14532,male,33,New Delhi,Delhi,consumer,2023-12-03,direct
14533,Customer_14533,male,26,New Delhi,Delhi,consumer,2025-10-10,paid ads
14534,Customer_14534,male,27,Mysuru,Karnataka,corporate,2023-06-21,organic search
14535,Customer_14535,male,46,Vadodara,Gujarat,corporate,2025-08-26,referral
14536,Customer_14536,male,26,Surat,Gujarat,corporate,2023-12-01,referral
14537,Customer_14537,female,50,Coimbatore,Tamil Nadu,corporate,2023-01-30,paid ads
14538,Customer_14538,male,41,Ahmedabad,Gujarat,consumer,2025-07-05,social media
14539,Customer_14539,male,52,Nagpur,Maharashtra,consumer,2022-05-15,organic search
14540,Customer_14540,male,28,Mumbai,Maharashtra,corporate,2025-12-25,social media
14541,Customer_14541,male,56,New Delhi,Delhi,consumer,2022-12-12,paid ads
14542,Customer_14542,female,30,Hyderabad,Telangana,consumer,2023-07-11,direct
14543,Customer_14543,female,40,Delhi,Delhi,corporate,2025-02-24,email
14544,Customer_14544,female,42,Bengaluru,Karnataka,corporate,2022-09-12,organic search
14545,Customer_14545,male,33,Chennai,Tamil Nadu,consumer,2024-04-28,organic search
14546,Customer_14546,female,38,Noida,Uttar Pradesh,home office,2025-04-30,referral
14547,Customer_14547,male,27,Pune,Maharashtra,corporate,2025-08-17,organic search
14548,Customer_14548,female,58,Udaipur,Rajasthan,home office,2022-08-16,referral
14549,Customer_14549,male,57,Jaipur,Rajasthan,home office,2022-06-28,social media
14550,Customer_14550,female,36,Noida,Uttar Pradesh,consumer,2025-03-10,paid ads
14551,Customer_14551,female,52,Faridabad,Haryana,corporate,2025-03-25,organic search
14552,Customer_14552,male,45,Nashik,Maharashtra,consumer,2025-07-27,organic search
14553,Customer_14553,male,58,Nagpur,Maharashtra,corporate,2023-11-01,direct
14554,Customer_14554,female,19,Bhopal,Madhya Pradesh,corporate,2022-05-10,social media
14555,Customer_14555,male,47,Coimbatore,Tamil Nadu,consumer,2025-08-01,direct
14556,Customer_14556,male,57,Ahmedabad,Gujarat,consumer,2022-08-24,organic search
14557,Customer_14557,male,57,Udaipur,Rajasthan,consumer,2025-03-10,paid ads
14558,Customer_14558,male,22,Jaipur,Rajasthan,corporate,2024-09-10,organic search
14559,Customer_14559,female,55,Gurugram,Haryana,corporate,2024-04-08,paid ads
14560,Customer_14560,male,59,Amritsar,Punjab,consumer,2022-06-28,organic search
14561,Customer_14561,male,32,Kolkata,West Bengal,consumer,2022-10-29,social media
14562,Customer_14562,female,53,Bengaluru,Karnataka,corporate,2025-11-16,referral
14563,Customer_14563,female,20,Bhopal,Madhya Pradesh,consumer,2023-12-28,organic search
14564,Customer_14564,male,41,Pune,Maharashtra,consumer,2023-09-13,organic search
14565,Customer_14565,female,58,Delhi,Delhi,consumer,2025-04-02,email
14566,Customer_14566,male,58,Bhopal,Madhya Pradesh,home office,2025-08-12,social media
14567,Customer_14567,male,29,New Delhi,Delhi,corporate,2022-01-15,direct
14568,Customer_14568,female,25,Delhi,Delhi,consumer,2025-08-09,organic search
14569,Customer_14569,female,31,Pune,Maharashtra,consumer,2023-08-29,paid ads
14570,Customer_14570,male,35,Bhopal,Madhya Pradesh,consumer,2023-07-17,organic search
14571,Customer_14571,male,37,Hyderabad,Telangana,corporate,2025-07-22,paid ads
14572,Customer_14572,male,40,Jaipur,Rajasthan,consumer,2024-11-26,organic search
14573,Customer_14573,male,22,Delhi,Delhi,consumer,2022-02-11,email
14574,Customer_14574,male,18,Kanpur,Uttar Pradesh,consumer,2023-08-27,referral
14575,Customer_14575,male,19,Lucknow,Uttar Pradesh,home office,2025-04-10,email
14576,Customer_14576,female,33,Mysuru,Karnataka,consumer,2025-10-06,referral
14577,Customer_14577,female,22,Coimbatore,Tamil Nadu,consumer,2025-04-02,email
14578,Customer_14578,male,39,Delhi,Delhi,corporate,2024-12-14,email
14579,Customer_14579,female,18,Amritsar,Punjab,home office,2024-10-08,social media
14580,Customer_14580,male,29,Udaipur,Rajasthan,consumer,2022-11-23,paid ads
14581,Customer_14581,male,36,Gurugram,Haryana,consumer,2025-04-21,organic search
14582,Customer_14582,male,39,Mysuru,Karnataka,consumer,2022-07-06,social media
14583,Customer_14583,female,59,Noida,Uttar Pradesh,consumer,2023-02-10,organic search
14584,Customer_14584,male,34,Noida,Uttar Pradesh,consumer,2025-02-17,organic search
14585,Customer_14585,female,30,Kolkata,West Bengal,consumer,2023-03-26,direct
14586,Customer_14586,female,56,Amritsar,Punjab,consumer,2025-03-16,direct
14587,Customer_14587,male,45,Coimbatore,Tamil Nadu,home office,2025-01-22,organic search
14588,Customer_14588,male,20,Mumbai,Maharashtra,consumer,2022-01-28,email
14589,Customer_14589,female,22,Udaipur,Rajasthan,consumer,2022-04-05,email
14590,Customer_14590,female,53,Kolkata,West Bengal,consumer,2025-06-22,direct
14591,Customer_14591,female,32,Ahmedabad,Gujarat,consumer,2023-04-11,social media
14592,Customer_14592,male,34,Delhi,Delhi,consumer,2022-04-16,direct
14593,Customer_14593,female,46,Warangal,Telangana,home office,2024-05-30,paid ads
14594,Customer_14594,male,21,Mysuru,Karnataka,consumer,2023-06-15,paid ads
14595,Customer_14595,other,49,Chennai,Tamil Nadu,corporate,2022-07-16,organic search
14596,Customer_14596,female,60,Udaipur,Rajasthan,consumer,2022-06-18,social media
14597,Customer_14597,female,55,Noida,Uttar Pradesh,consumer,2024-10-23,paid ads
14598,Customer_14598,male,21,Delhi,Delhi,consumer,2023-07-28,email
14599,Customer_14599,female,30,Coimbatore,Tamil Nadu,consumer,2024-07-06,organic search
14600,Customer_14600,male,37,Delhi,Delhi,home office,2025-07-19,social media
14601,Customer_14601,male,35,New Delhi,Delhi,home office,2025-06-18,organic search
14602,Customer_14602,male,59,Noida,Uttar Pradesh,consumer,2025-03-10,organic search
14603,Customer_14603,female,54,Faridabad,Haryana,consumer,2024-06-16,organic search
14604,Customer_14604,female,29,Mysuru,Karnataka,consumer,2024-10-12,direct
14605,Customer_14605,male,42,Lucknow,Uttar Pradesh,home office,2023-06-12,social media
14606,Customer_14606,female,47,Indore,Madhya Pradesh,consumer,2024-02-03,social media
14607,Customer_14607,male,32,Bhopal,Madhya Pradesh,consumer,2025-04-25,organic search
14608,Customer_14608,male,53,New Delhi,Delhi,consumer,2025-12-20,paid ads
14609,Customer_14609,male,25,Faridabad,Haryana,consumer,2023-04-24,organic search
14610,Customer_14610,female,45,Mysuru,Karnataka,consumer,2024-09-17,paid ads
14611,Customer_14611,female,39,Bengaluru,Karnataka,consumer,2022-10-24,organic search
14612,Customer_14612,male,55,Nashik,Maharashtra,consumer,2025-04-02,social media
14613,Customer_14613,female,33,Hyderabad,Telangana,consumer,2025-04-22,referral
14614,Customer_14614,male,22,Nagpur,Maharashtra,consumer,2022-01-01,referral
14615,Customer_14615,female,51,New Delhi,Delhi,consumer,2022-12-24,organic search
14616,Customer_14616,male,55,Mysuru,Karnataka,consumer,2024-03-03,social media
14617,Customer_14617,female,28,Noida,Uttar Pradesh,consumer,2025-08-13,organic search
14618,Customer_14618,female,19,Bhopal,Madhya Pradesh,consumer,2022-02-09,organic search
14619,Customer_14619,female,42,Mysuru,Karnataka,consumer,2022-01-04,social media
14620,Customer_14620,male,42,Bhopal,Madhya Pradesh,consumer,2022-08-20,direct
14621,Customer_14621,female,18,Bhopal,Madhya Pradesh,consumer,2025-01-03,email
14622,Customer_14622,male,48,Kanpur,Uttar Pradesh,consumer,2024-01-25,referral
14623,Customer_14623,female,22,Pune,Maharashtra,corporate,2025-08-16,referral
14624,Customer_14624,male,57,Kolkata,West Bengal,consumer,2022-07-14,organic search
14625,Customer_14625,male,21,Faridabad,Haryana,home office,2025-04-18,paid ads
14626,Customer_14626,female,22,Udaipur,Rajasthan,consumer,2025-11-01,organic search
14627,Customer_14627,female,22,Bengaluru,Karnataka,home office,2025-09-05,organic search
14628,Customer_14628,male,33,Hyderabad,Telangana,corporate,2024-03-04,direct
14629,Customer_14629,female,35,Jaipur,Rajasthan,corporate,2024-01-05,social media
14630,Customer_14630,female,60,Warangal,Telangana,home office,2025-02-19,referral
14631,Customer_14631,female,34,Mumbai,Maharashtra,consumer,2024-01-17,organic search
14632,Customer_14632,male,52,Bengaluru,Karnataka,consumer,2025-01-26,referral
14633,Customer_14633,female,35,Noida,Uttar Pradesh,consumer,2022-06-25,direct
14634,Customer_14634,male,21,Bhopal,Madhya Pradesh,consumer,2025-08-18,email
14635,Customer_14635,male,48,Pune,Maharashtra,consumer,2022-06-08,referral
14636,Customer_14636,female,48,Gurugram,Haryana,consumer,2025-06-09,email
14637,Customer_14637,female,26,Mysuru,Karnataka,consumer,2023-10-01,social media
14638,Customer_14638,female,48,Udaipur,Rajasthan,consumer,2024-10-14,organic search
14639,Customer_14639,male,22,Noida,Uttar Pradesh,consumer,2022-04-11,social media
14640,Customer_14640,male,53,Lucknow,Uttar Pradesh,consumer,2024-05-12,email
14641,Customer_14641,male,33,Faridabad,Haryana,home office,2025-07-05,paid ads
14642,Customer_14642,male,59,Bengaluru,Karnataka,consumer,2024-05-05,social media
14643,Customer_14643,male,58,Indore,Madhya Pradesh,consumer,2024-04-24,social media
14644,Customer_14644,male,33,Pune,Maharashtra,consumer,2025-04-28,direct
14645,Customer_14645,female,37,Kolkata,West Bengal,corporate,2025-02-24,organic search
14646,Customer_14646,female,47,Lucknow,Uttar Pradesh,consumer,2023-08-31,social media
14647,Customer_14647,female,43,Jaipur,Rajasthan,home office,2025-08-19,social media
14648,Customer_14648,female,48,New Delhi,Delhi,consumer,2022-05-30,paid ads
14649,Customer_14649,male,32,Bhopal,Madhya Pradesh,consumer,2025-07-29,email
14650,Customer_14650,male,58,New Delhi,Delhi,home office,2024-02-09,organic search
14651,Customer_14651,female,55,Nagpur,Maharashtra,home office,2022-08-28,social media
14652,Customer_14652,male,55,Kolkata,West Bengal,consumer,2024-04-04,email
14653,Customer_14653,female,60,Hyderabad,Telangana,consumer,2024-06-15,social media
14654,Customer_14654,male,37,Indore,Madhya Pradesh,corporate,2025-06-19,social media
14655,Customer_14655,male,52,Coimbatore,Tamil Nadu,consumer,2025-03-24,referral
14656,Customer_14656,female,40,Pune,Maharashtra,consumer,2023-08-11,referral
14657,Customer_14657,female,56,Lucknow,Uttar Pradesh,consumer,2023-06-28,social media
14658,Customer_14658,female,42,Surat,Gujarat,consumer,2022-02-12,referral
14659,Customer_14659,male,39,New Delhi,Delhi,corporate,2022-09-09,paid ads
14660,Customer_14660,female,25,Kolkata,West Bengal,consumer,2025-08-29,organic search
14661,Customer_14661,female,26,Warangal,Telangana,home office,2023-07-08,direct
14662,Customer_14662,male,32,unknown,Gujarat,consumer,2023-08-17,direct
14663,Customer_14663,male,37,Chennai,Tamil Nadu,consumer,2022-05-26,organic search
14664,Customer_14664,female,52,Kanpur,Uttar Pradesh,consumer,2025-11-23,social media
14665,Customer_14665,female,54,Noida,Uttar Pradesh,corporate,2025-04-21,organic search
14666,Customer_14666,female,20,Kolkata,West Bengal,home office,2025-03-23,organic search
14667,Customer_14667,male,51,Nashik,Maharashtra,corporate,2025-11-09,referral
14668,Customer_14668,male,51,Noida,Uttar Pradesh,consumer,2023-01-29,organic search
14669,Customer_14669,female,53,Jaipur,Rajasthan,home office,2022-08-21,organic search
14670,Customer_14670,male,52,Kolkata,West Bengal,home office,2023-04-25,organic search
14671,Customer_14671,female,26,Bengaluru,Karnataka,consumer,2022-01-29,paid ads
14672,Customer_14672,male,47,Indore,Madhya Pradesh,consumer,2024-01-30,organic search
14673,Customer_14673,female,43,Kolkata,West Bengal,consumer,2024-08-28,referral
14674,Customer_14674,female,29,Nagpur,Maharashtra,consumer,2024-07-04,organic search
14675,Customer_14675,male,41,Chennai,Tamil Nadu,home office,2024-06-24,organic search
14676,Customer_14676,male,58,Bhopal,Madhya Pradesh,consumer,2024-06-26,direct
14677,Customer_14677,female,36,Pune,Maharashtra,consumer,2024-01-17,referral
14678,Customer_14678,female,33,Ludhiana,Punjab,consumer,2024-10-13,organic search
14679,Customer_14679,male,43,Jaipur,Rajasthan,consumer,2023-12-04,referral
14680,Customer_14680,female,40,Ahmedabad,Gujarat,corporate,2023-10-22,social media
14681,Customer_14681,male,50,Delhi,Delhi,consumer,2025-04-09,organic search
14682,Customer_14682,male,59,Delhi,Delhi,consumer,2022-11-02,direct
14683,Customer_14683,male,47,Faridabad,Haryana,home office,2024-02-07,email
14684,Customer_14684,female,40,Bengaluru,Karnataka,corporate,2023-05-17,social media
14685,Customer_14685,male,27,Lucknow,Uttar Pradesh,consumer,2022-02-22,email
14686,Customer_14686,male,53,Chennai,Tamil Nadu,consumer,2024-07-31,organic search
14687,Customer_14687,female,48,Mumbai,Maharashtra,consumer,2022-03-04,organic search
14688,Customer_14688,male,60,Mumbai,Maharashtra,corporate,2025-08-15,referral
14689,Customer_14689,male,39,Surat,Gujarat,corporate,2024-12-13,social media
14690,Customer_14690,male,60,Ludhiana,Punjab,consumer,2024-07-01,organic search
14691,Customer_14691,female,60,Mysuru,Karnataka,consumer,2022-03-14,referral
14692,Customer_14692,female,55,Mysuru,Karnataka,consumer,2022-05-21,email
14693,Customer_14693,female,19,Mysuru,Karnataka,consumer,2022-05-10,referral
14694,Customer_14694,female,40,Warangal,Telangana,consumer,2024-08-01,organic search
14695,Customer_14695,female,52,Coimbatore,Tamil Nadu,consumer,2024-12-30,social media
14696,Customer_14696,female,54,Indore,Madhya Pradesh,consumer,2022-06-09,organic search
14697,Customer_14697,female,49,Hyderabad,Telangana,corporate,2023-04-09,organic search
14698,Customer_14698,male,60,Hyderabad,Telangana,consumer,2023-05-07,social media
14699,Customer_14699,female,29,Nashik,Maharashtra,corporate,2024-03-24,organic search
14700,Customer_14700,female,52,Amritsar,Punjab,consumer,2022-05-06,organic search
14701,Customer_14701,male,58,Delhi,Delhi,corporate,2025-02-13,paid ads
14702,Customer_14702,male,20,Nashik,Maharashtra,consumer,2025-12-14,social media
14703,Customer_14703,male,51,Udaipur,Rajasthan,consumer,2024-06-05,paid ads
14704,Customer_14704,male,55,Ahmedabad,Gujarat,consumer,2023-07-28,social media
14705,Customer_14705,male,41,Coimbatore,Tamil Nadu,consumer,2025-10-19,social media
14706,Customer_14706,male,55,Coimbatore,Tamil Nadu,corporate,2022-07-24,social media
14707,Customer_14707,male,34,Lucknow,Uttar Pradesh,consumer,2025-09-26,social media
14708,Customer_14708,female,57,Delhi,Delhi,consumer,2024-01-31,referral
14709,Customer_14709,male,18,Kanpur,Uttar Pradesh,consumer,2023-09-20,organic search
14710,Customer_14710,female,25,Jaipur,Rajasthan,home office,2024-11-23,referral
14711,Customer_14711,female,32,Chennai,Tamil Nadu,consumer,2022-02-28,paid ads
14712,Customer_14712,female,42,Coimbatore,Tamil Nadu,consumer,2023-01-02,direct
14713,Customer_14713,female,25,New Delhi,Delhi,corporate,2022-11-04,referral
14714,Customer_14714,male,49,Kanpur,Uttar Pradesh,consumer,2022-10-17,paid ads
14715,Customer_14715,female,30,Warangal,Telangana,consumer,2023-09-26,referral
14716,Customer_14716,female,32,Bengaluru,Karnataka,consumer,2025-10-10,direct
14717,Customer_14717,male,23,Surat,Gujarat,consumer,2023-04-13,email
14718,Customer_14718,male,50,Ludhiana,Punjab,consumer,2022-04-08,referral
14719,Customer_14719,male,24,Coimbatore,Tamil Nadu,consumer,2022-12-06,social media
14720,Customer_14720,male,50,Faridabad,Haryana,home office,2022-11-09,social media
14721,Customer_14721,male,46,Bengaluru,Karnataka,corporate,2022-02-11,paid ads
14722,Customer_14722,female,55,Mumbai,Maharashtra,home office,2022-02-18,direct
14723,Customer_14723,female,54,New Delhi,Delhi,consumer,2022-11-11,direct
14724,Customer_14724,female,49,Chennai,Tamil Nadu,consumer,2025-04-28,organic search
14725,Customer_14725,female,20,Delhi,Delhi,home office,2023-02-11,referral
14726,Customer_14726,female,37,Mumbai,Maharashtra,consumer,2023-05-11,paid ads
14727,Customer_14727,female,31,Gurugram,Haryana,corporate,2023-08-09,social media
14728,Customer_14728,female,45,Indore,Madhya Pradesh,consumer,2022-05-05,organic search
14729,Customer_14729,male,55,Lucknow,Uttar Pradesh,corporate,2023-04-01,organic search
14730,Customer_14730,female,21,Pune,Maharashtra,home office,2023-03-14,referral
14731,Customer_14731,female,32,Nashik,Maharashtra,consumer,2022-10-11,organic search
14732,Customer_14732,male,34,Pune,Maharashtra,consumer,2023-12-02,social media
14733,Customer_14733,female,54,Kolkata,West Bengal,consumer,2023-09-02,organic search
14734,Customer_14734,female,41,Gurugram,Haryana,consumer,2025-09-10,social media
14735,Customer_14735,female,55,Chennai,Tamil Nadu,consumer,2022-11-21,paid ads
14736,Customer_14736,male,59,Nashik,Maharashtra,consumer,2024-10-23,social media
14737,Customer_14737,unknown,58,Hyderabad,Telangana,consumer,2022-09-11,social media
14738,Customer_14738,male,53,Mysuru,Karnataka,consumer,2022-07-03,organic search
14739,Customer_14739,male,58,Bengaluru,Karnataka,consumer,2025-10-14,paid ads
14740,Customer_14740,male,25,Vadodara,Gujarat,consumer,2023-04-05,paid ads
14741,Customer_14741,male,20,Kolkata,West Bengal,consumer,2023-06-23,social media
14742,Customer_14742,female,47,Pune,Maharashtra,corporate,2024-02-02,organic search
14743,Customer_14743,male,39,Nagpur,Maharashtra,home office,2024-10-10,email
14744,Customer_14744,male,50,Amritsar,Punjab,consumer,2024-04-18,email
14745,Customer_14745,male,42,Delhi,Delhi,consumer,2024-05-22,email
14746,Customer_14746,male,47,Pune,Maharashtra,corporate,2023-12-22,social media
14747,Customer_14747,male,54,New Delhi,Delhi,consumer,2024-03-13,organic search
14748,Customer_14748,male,20,Mumbai,Maharashtra,consumer,2023-12-13,email
14749,Customer_14749,female,21,Coimbatore,Tamil Nadu,consumer,2025-10-09,direct
14750,Customer_14750,male,46,Noida,Uttar Pradesh,consumer,2025-12-15,organic search
14751,Customer_14751,male,49,Bengaluru,Karnataka,consumer,2025-05-18,referral
14752,Customer_14752,female,40,Coimbatore,Tamil Nadu,home office,2022-09-01,social media
14753,Customer_14753,female,36,Jaipur,Rajasthan,consumer,2025-06-14,social media
14754,Customer_14754,male,32,Hyderabad,Telangana,home office,2022-09-12,referral
14755,Customer_14755,female,33,Indore,Madhya Pradesh,consumer,2025-06-23,referral
14756,Customer_14756,female,40,Bhopal,Madhya Pradesh,corporate,2025-10-12,paid ads
14757,Customer_14757,female,57,Nashik,Maharashtra,consumer,2022-04-24,direct
14758,Customer_14758,male,54,Lucknow,Uttar Pradesh,consumer,2025-08-10,organic search
14759,Customer_14759,female,18,Coimbatore,Tamil Nadu,corporate,2025-11-08,paid ads
14760,Customer_14760,female,36,Amritsar,Punjab,home office,2025-05-14,referral
14761,Customer_14761,male,54,Hyderabad,Telangana,consumer,2022-05-18,social media
14762,Customer_14762,female,52,Ludhiana,Punjab,corporate,2023-12-13,paid ads
14763,Customer_14763,female,47,Lucknow,Uttar Pradesh,consumer,2023-10-08,email
14764,Customer_14764,female,34,Delhi,Delhi,corporate,2022-04-17,referral
14765,Customer_14765,female,56,Vadodara,Gujarat,corporate,2025-09-28,email
14766,Customer_14766,female,43,Ludhiana,Punjab,consumer,2023-12-12,organic search
14767,Customer_14767,female,30,Bhopal,Madhya Pradesh,consumer,2024-03-30,social media
14768,Customer_14768,female,39,Pune,Maharashtra,consumer,2023-03-06,organic search
14769,Customer_14769,female,40,Kolkata,West Bengal,home office,2024-03-24,referral
14770,Customer_14770,female,60,Mysuru,Karnataka,consumer,2025-04-04,paid ads
14771,Customer_14771,male,50,Nashik,Maharashtra,consumer,2023-11-09,referral
14772,Customer_14772,unknown,44,Coimbatore,Tamil Nadu,consumer,2023-11-27,direct
14773,Customer_14773,female,52,New Delhi,Delhi,corporate,2023-06-14,email
14774,Customer_14774,male,29,Kanpur,Uttar Pradesh,consumer,2022-12-30,social media
14775,Customer_14775,female,26,Mysuru,Karnataka,corporate,2024-03-23,referral
14776,Customer_14776,female,51,Kanpur,Uttar Pradesh,home office,2024-09-13,referral
14777,Customer_14777,female,31,Nashik,Maharashtra,consumer,2024-02-07,email
14778,Customer_14778,other,54,Bengaluru,Karnataka,consumer,2025-09-29,organic search
14779,Customer_14779,female,20,New Delhi,Delhi,home office,2025-10-05,email
14780,Customer_14780,male,38,Delhi,Delhi,consumer,2024-02-12,organic search
14781,Customer_14781,female,24,Pune,Maharashtra,corporate,2023-09-03,paid ads
14782,Customer_14782,male,50,Delhi,Delhi,corporate,2022-01-02,social media
14783,Customer_14783,male,52,Vadodara,Gujarat,corporate,2023-12-13,organic search
14784,Customer_14784,male,28,Mysuru,Karnataka,consumer,2023-07-11,paid ads
14785,Customer_14785,male,49,Coimbatore,Tamil Nadu,consumer,2023-08-07,email
14786,Customer_14786,male,39,Mysuru,Karnataka,consumer,2024-08-18,email
14787,Customer_14787,male,59,unknown,Madhya Pradesh,consumer,2022-12-08,organic search
14788,Customer_14788,female,36,Faridabad,Haryana,consumer,2022-12-08,referral
14789,Customer_14789,female,53,Warangal,Telangana,consumer,2023-01-01,paid ads
14790,Customer_14790,male,54,Bengaluru,Karnataka,consumer,2025-09-22,organic search
14791,Customer_14791,male,28,Nagpur,Maharashtra,consumer,2023-08-07,social media
14792,Customer_14792,female,58,Gurugram,Haryana,home office,2025-09-03,organic search
14793,Customer_14793,female,30,Mumbai,Maharashtra,consumer,2022-11-12,social media
14794,Customer_14794,female,45,Mysuru,Karnataka,consumer,2022-01-27,paid ads
14795,Customer_14795,male,32,Mysuru,Karnataka,home office,2025-06-26,email
14796,Customer_14796,female,30,Bengaluru,Karnataka,consumer,2025-10-14,paid ads
14797,Customer_14797,male,60,Nagpur,Maharashtra,home office,2024-09-15,organic search
14798,Customer_14798,female,50,Lucknow,Uttar Pradesh,consumer,2025-05-01,organic search
14799,Customer_14799,male,25,Pune,Maharashtra,corporate,2022-09-12,email
14800,Customer_14800,male,49,Udaipur,Rajasthan,consumer,2025-11-06,paid ads
14801,Customer_14801,male,54,Nashik,Maharashtra,corporate,2024-08-10,paid ads
14802,Customer_14802,male,21,Nagpur,Maharashtra,corporate,2023-09-11,organic search
14803,Customer_14803,male,35,Gurugram,Haryana,consumer,2025-03-01,referral
14804,Customer_14804,female,40,New Delhi,Delhi,consumer,2023-08-14,email
14805,Customer_14805,female,46,Kanpur,Uttar Pradesh,corporate,2024-10-25,email
14806,Customer_14806,female,19,Ahmedabad,Gujarat,consumer,2023-07-14,organic search
14807,Customer_14807,male,30,Pune,Maharashtra,corporate,2022-10-28,direct
14808,Customer_14808,male,33,Faridabad,Haryana,consumer,2023-06-16,social media
14809,Customer_14809,female,25,Delhi,Delhi,home office,2022-03-28,referral
14810,Customer_14810,female,36,Bhopal,Madhya Pradesh,consumer,2024-05-02,paid ads
14811,Customer_14811,male,49,Delhi,Delhi,consumer,2023-07-04,organic search
14812,Customer_14812,male,20,Indore,Madhya Pradesh,consumer,2023-01-31,social media
14813,Customer_14813,female,49,Pune,Maharashtra,consumer,2022-06-01,direct
14814,Customer_14814,male,58,Hyderabad,Telangana,consumer,2022-04-23,organic search
14815,Customer_14815,male,38,Noida,Uttar Pradesh,consumer,2023-09-04,organic search
14816,Customer_14816,female,42,Gurugram,Haryana,consumer,2024-06-24,direct
14817,Customer_14817,female,34,Gurugram,Haryana,home office,2023-11-28,email
14818,Customer_14818,female,42,Lucknow,Uttar Pradesh,consumer,2022-05-22,email
14819,Customer_14819,male,50,Indore,Madhya Pradesh,corporate,2023-02-05,social media
14820,Customer_14820,male,48,New Delhi,Delhi,consumer,2025-11-10,social media
14821,Customer_14821,female,53,Bengaluru,Karnataka,consumer,2024-09-28,email
14822,Customer_14822,female,40,Mysuru,Karnataka,consumer,2023-06-30,direct
14823,Customer_14823,male,42,Bengaluru,Karnataka,consumer,2023-01-16,organic search
14824,Customer_14824,male,47,Chennai,Tamil Nadu,consumer,2024-06-07,social media
14825,Customer_14825,male,30,Vadodara,Gujarat,consumer,2025-01-31,social media
14826,Customer_14826,male,60,Nashik,Maharashtra,consumer,2025-07-12,paid ads
14827,Customer_14827,female,46,Kolkata,West Bengal,consumer,2022-12-18,social media
14828,Customer_14828,female,33,Pune,Maharashtra,consumer,2023-12-05,organic search
14829,Customer_14829,male,55,Bengaluru,Karnataka,consumer,2023-06-27,organic search
14830,Customer_14830,male,44,Hyderabad,Telangana,consumer,2022-01-30,social media
14831,Customer_14831,female,43,Kanpur,Uttar Pradesh,consumer,2025-10-16,paid ads
14832,Customer_14832,male,28,Lucknow,Uttar Pradesh,consumer,2025-12-17,paid ads
14833,Customer_14833,female,54,Udaipur,Rajasthan,consumer,2025-04-30,paid ads
14834,Customer_14834,female,20,Nagpur,Maharashtra,consumer,2022-05-14,paid ads
14835,Customer_14835,female,43,Vadodara,Gujarat,consumer,2022-07-12,social media
14836,Customer_14836,male,51,Pune,Maharashtra,consumer,2022-04-26,referral
14837,Customer_14837,male,50,Mysuru,Karnataka,consumer,2023-05-21,organic search
14838,Customer_14838,male,32,Coimbatore,Tamil Nadu,corporate,2023-12-04,organic search
14839,Customer_14839,male,19,Pune,Maharashtra,consumer,2023-04-06,social media
14840,Customer_14840,male,45,Bengaluru,Karnataka,consumer,2024-05-10,referral
14841,Customer_14841,female,37,Faridabad,Haryana,consumer,2023-01-17,organic search
14842,Customer_14842,female,55,Faridabad,Haryana,consumer,2023-11-30,email
14843,Customer_14843,female,33,Bengaluru,Karnataka,home office,2022-07-06,referral
14844,Customer_14844,male,21,Nagpur,Maharashtra,corporate,2024-12-20,referral
14845,Customer_14845,female,25,Delhi,Delhi,consumer,2022-06-29,organic search
14846,Customer_14846,female,37,Chennai,Tamil Nadu,home office,2023-08-04,referral
14847,Customer_14847,male,43,Faridabad,Haryana,consumer,2023-04-21,direct
14848,Customer_14848,female,49,Nagpur,Maharashtra,consumer,2023-08-15,organic search
14849,Customer_14849,male,30,Noida,Uttar Pradesh,consumer,2022-12-27,organic search
14850,Customer_14850,male,22,Mumbai,Maharashtra,consumer,2024-04-22,direct
14851,Customer_14851,male,59,Amritsar,Punjab,home office,2025-02-09,email
14852,Customer_14852,female,30,Coimbatore,Tamil Nadu,home office,2023-07-19,paid ads
14853,Customer_14853,female,58,Kanpur,Uttar Pradesh,consumer,2023-02-04,paid ads
14854,Customer_14854,male,28,Bengaluru,Karnataka,consumer,2023-01-12,organic search
14855,Customer_14855,male,54,Ahmedabad,Gujarat,consumer,2023-09-07,paid ads
14856,Customer_14856,male,49,New Delhi,Delhi,corporate,2025-01-18,paid ads
14857,Customer_14857,male,59,Mumbai,Maharashtra,consumer,2023-04-09,organic search
14858,Customer_14858,male,35,Gurugram,Haryana,consumer,2024-02-13,paid ads
14859,Customer_14859,male,46,Gurugram,Haryana,corporate,2024-09-30,referral
14860,Customer_14860,male,32,Indore,Madhya Pradesh,home office,2022-09-01,referral
14861,Customer_14861,female,37,Vadodara,Gujarat,corporate,2023-01-17,referral
14862,Customer_14862,male,53,Kanpur,Uttar Pradesh,consumer,2022-01-29,referral
14863,Customer_14863,female,22,Mumbai,Maharashtra,consumer,2024-01-27,organic search
14864,Customer_14864,male,57,Mysuru,Karnataka,corporate,2023-10-09,organic search
14865,Customer_14865,male,54,Bengaluru,Karnataka,corporate,2022-02-21,direct
14866,Customer_14866,male,50,Jaipur,Rajasthan,consumer,2025-07-12,social media
14867,Customer_14867,male,35,Mysuru,Karnataka,consumer,2022-11-08,organic search
14868,Customer_14868,male,36,Pune,Maharashtra,home office,2025-10-05,social media
14869,Customer_14869,female,49,Surat,Gujarat,home office,2025-10-21,social media
14870,Customer_14870,female,59,Noida,Uttar Pradesh,corporate,2025-06-20,email
14871,Customer_14871,male,39,Chennai,Tamil Nadu,consumer,2023-05-06,social media
14872,Customer_14872,male,58,Pune,Maharashtra,corporate,2022-08-07,email
14873,Customer_14873,female,18,Delhi,Delhi,consumer,2023-07-07,social media
14874,Customer_14874,male,42,Delhi,Delhi,home office,2025-09-04,organic search
14875,Customer_14875,female,37,Bengaluru,Karnataka,consumer,2024-09-14,organic search
14876,Customer_14876,female,52,Udaipur,Rajasthan,consumer,2023-08-25,email
14877,Customer_14877,female,23,Ahmedabad,Gujarat,consumer,2025-08-27,organic search
14878,Customer_14878,male,23,Kolkata,West Bengal,corporate,2024-04-02,referral
14879,Customer_14879,male,54,Mysuru,Karnataka,consumer,2023-08-21,paid ads
14880,Customer_14880,male,20,unknown,Uttar Pradesh,consumer,2023-08-02,social media
14881,Customer_14881,female,54,New Delhi,Delhi,corporate,2023-05-01,email
14882,Customer_14882,female,48,Warangal,Telangana,consumer,2022-03-28,social media
14883,Customer_14883,female,52,Kanpur,Uttar Pradesh,consumer,2025-11-30,organic search
14884,Customer_14884,female,32,New Delhi,Delhi,home office,2022-07-05,organic search
14885,Customer_14885,female,34,Pune,Maharashtra,consumer,2024-11-12,referral
14886,Customer_14886,female,32,Bhopal,Madhya Pradesh,corporate,2025-03-20,referral
14887,Customer_14887,female,22,Mysuru,Karnataka,consumer,2023-03-05,paid ads
14888,Customer_14888,female,39,Jaipur,Rajasthan,corporate,2022-05-19,social media
14889,Customer_14889,male,28,Pune,Maharashtra,corporate,2024-09-16,organic search
14890,Customer_14890,male,45,Kolkata,West Bengal,consumer,2024-06-10,organic search
14891,Customer_14891,female,31,Mysuru,Karnataka,home office,2022-12-25,social media
14892,Customer_14892,male,56,Nagpur,Maharashtra,consumer,2022-07-16,referral
14893,Customer_14893,male,20,Vadodara,Gujarat,corporate,2024-08-27,direct
14894,Customer_14894,female,59,Delhi,Delhi,corporate,2022-04-30,social media
14895,Customer_14895,female,28,Chennai,Tamil Nadu,consumer,2022-05-03,direct
14896,Customer_14896,female,47,Nashik,Maharashtra,consumer,2022-03-22,referral
14897,Customer_14897,male,55,Nagpur,Maharashtra,home office,2022-01-18,organic search
14898,Customer_14898,female,22,Mysuru,Karnataka,consumer,2025-11-03,organic search
14899,Customer_14899,male,39,Mumbai,Maharashtra,consumer,2022-07-10,direct
14900,Customer_14900,female,30,Gurugram,Haryana,consumer,2024-08-22,organic search
14901,Customer_14901,male,38,Nagpur,Maharashtra,consumer,2025-03-31,social media
14902,Customer_14902,female,54,Hyderabad,Telangana,home office,2023-08-25,organic search
14903,Customer_14903,female,42,Nashik,Maharashtra,consumer,2024-06-18,organic search
14904,Customer_14904,male,38,Bengaluru,Karnataka,consumer,2022-11-17,direct
14905,Customer_14905,female,45,Faridabad,Haryana,corporate,2023-01-28,organic search
14906,Customer_14906,female,58,Mumbai,Maharashtra,consumer,2022-02-13,email
14907,Customer_14907,male,21,Ludhiana,Punjab,consumer,2025-07-13,organic search
14908,Customer_14908,male,46,Delhi,Delhi,corporate,2022-10-30,paid ads
14909,Customer_14909,male,52,Kanpur,Uttar Pradesh,corporate,2024-03-26,social media
14910,Customer_14910,male,40,Ahmedabad,Gujarat,corporate,2025-05-31,paid ads
14911,Customer_14911,female,24,Bhopal,Madhya Pradesh,consumer,2024-08-12,paid ads
14912,Customer_14912,female,26,Vadodara,Gujarat,consumer,2025-07-07,paid ads
14913,Customer_14913,male,40,Warangal,Telangana,consumer,2023-12-11,organic search
14914,Customer_14914,male,20,New Delhi,Delhi,consumer,2022-09-03,referral
14915,Customer_14915,female,26,Nagpur,Maharashtra,consumer,2023-12-23,referral
14916,Customer_14916,male,21,Gurugram,Haryana,consumer,2023-06-12,email
14917,Customer_14917,male,42,Mysuru,Karnataka,consumer,2024-05-08,organic search
14918,Customer_14918,male,23,Bengaluru,Karnataka,consumer,2025-02-13,referral
14919,Customer_14919,male,35,Kanpur,Uttar Pradesh,consumer,2024-05-23,organic search
14920,Customer_14920,female,24,Bengaluru,Karnataka,consumer,2022-12-12,paid ads
14921,Customer_14921,female,52,Gurugram,Haryana,consumer,2022-02-03,referral
14922,Customer_14922,male,48,Kanpur,Uttar Pradesh,consumer,2024-11-01,organic search
14923,Customer_14923,female,55,Vadodara,Gujarat,consumer,2025-08-08,organic search
14924,Customer_14924,female,49,Indore,Madhya Pradesh,corporate,2023-12-06,paid ads
14925,Customer_14925,female,52,Mumbai,Maharashtra,home office,2022-04-24,email
14926,Customer_14926,male,45,New Delhi,Delhi,corporate,2023-01-12,social media
14927,Customer_14927,female,22,Warangal,Telangana,corporate,2024-02-19,referral
14928,Customer_14928,female,47,New Delhi,Delhi,consumer,2023-06-10,email
14929,Customer_14929,male,39,Noida,Uttar Pradesh,consumer,2025-05-24,paid ads
14930,Customer_14930,male,34,Faridabad,Haryana,corporate,2024-08-21,paid ads
14931,Customer_14931,female,27,Chennai,Tamil Nadu,consumer,2022-06-04,referral
14932,Customer_14932,female,24,Mysuru,Karnataka,consumer,2024-02-29,organic search
14933,Customer_14933,female,21,Amritsar,Punjab,consumer,2023-05-25,direct
14934,Customer_14934,female,59,Coimbatore,Tamil Nadu,consumer,2022-05-23,social media
14935,Customer_14935,female,44,Hyderabad,Telangana,corporate,2024-07-13,organic search
14936,Customer_14936,male,24,Mysuru,Karnataka,consumer,2025-05-17,email
14937,Customer_14937,male,40,Gurugram,Haryana,consumer,2023-11-12,email
14938,Customer_14938,female,28,Surat,Gujarat,consumer,2025-10-31,email
14939,Customer_14939,male,25,Kanpur,Uttar Pradesh,consumer,2023-05-29,referral
14940,Customer_14940,male,25,Lucknow,Uttar Pradesh,corporate,2022-10-05,social media
14941,Customer_14941,female,54,Mysuru,Karnataka,consumer,2022-01-11,email
14942,Customer_14942,female,22,Coimbatore,Tamil Nadu,corporate,2025-03-03,direct
14943,Customer_14943,male,24,Bhopal,Madhya Pradesh,consumer,2022-12-20,organic search
14944,Customer_14944,male,39,Bengaluru,Karnataka,corporate,2022-10-31,direct
14945,Customer_14945,male,53,Kanpur,Uttar Pradesh,corporate,2024-03-22,organic search
14946,Customer_14946,male,19,Faridabad,Haryana,home office,2024-06-23,paid ads
14947,Customer_14947,female,41,Vadodara,Gujarat,consumer,2022-05-19,email
14948,Customer_14948,male,19,Lucknow,Uttar Pradesh,consumer,2024-06-05,referral
14949,Customer_14949,female,29,unknown,Uttar Pradesh,consumer,2023-04-22,social media
14950,Customer_14950,female,59,Indore,Madhya Pradesh,consumer,2024-05-13,organic search
14951,Customer_14951,female,43,Coimbatore,Tamil Nadu,consumer,2022-06-18,organic search
14952,Customer_14952,male,55,Mumbai,Maharashtra,consumer,2022-10-12,social media
14953,Customer_14953,male,23,Coimbatore,Tamil Nadu,consumer,2024-06-07,organic search
14954,Customer_14954,male,40,Udaipur,Rajasthan,home office,2023-10-09,paid ads
14955,Customer_14955,male,19,Coimbatore,Tamil Nadu,consumer,2024-08-05,organic search
14956,Customer_14956,female,43,Kanpur,Uttar Pradesh,home office,2023-05-27,organic search
14957,Customer_14957,male,31,Mysuru,Karnataka,corporate,2023-09-30,referral
14958,Customer_14958,female,35,Udaipur,Rajasthan,home office,2024-11-13,organic search
14959,Customer_14959,male,55,New Delhi,Delhi,home office,2024-03-27,social media
14960,Customer_14960,male,49,Noida,Uttar Pradesh,corporate,2022-06-14,referral
14961,Customer_14961,female,31,Ahmedabad,Gujarat,corporate,2023-09-20,social media
14962,Customer_14962,female,47,New Delhi,Delhi,consumer,2022-08-23,email
14963,Customer_14963,male,30,Bengaluru,Karnataka,consumer,2024-06-12,social media
14964,Customer_14964,male,57,Kanpur,Uttar Pradesh,home office,2022-07-09,email
14965,Customer_14965,male,48,Warangal,Telangana,consumer,2022-12-05,email
14966,Customer_14966,female,54,New Delhi,Delhi,consumer,2025-06-06,email
14967,Customer_14967,male,55,Ludhiana,Punjab,corporate,2022-05-12,organic search
14968,Customer_14968,female,39,Kolkata,West Bengal,consumer,2022-05-04,organic search
14969,Customer_14969,female,45,Gurugram,Haryana,corporate,2024-03-25,referral
14970,Customer_14970,female,36,Coimbatore,Tamil Nadu,consumer,2022-11-30,social media
14971,Customer_14971,male,60,Warangal,Telangana,consumer,2025-08-28,paid ads
14972,Customer_14972,male,33,Bhopal,Madhya Pradesh,consumer,2025-02-06,direct
14973,Customer_14973,female,22,Hyderabad,Telangana,home office,2025-07-12,organic search
14974,Customer_14974,male,19,Kolkata,West Bengal,consumer,2025-01-02,referral
14975,Customer_14975,male,27,Delhi,Delhi,corporate,2025-07-23,referral
14976,Customer_14976,male,36,Coimbatore,Tamil Nadu,consumer,2022-09-30,email
14977,Customer_14977,male,37,Mumbai,Maharashtra,consumer,2022-07-13,social media
14978,Customer_14978,male,46,Delhi,Delhi,consumer,2024-05-05,referral
14979,Customer_14979,male,42,Mumbai,Maharashtra,consumer,2024-10-17,direct
14980,Customer_14980,female,34,Mumbai,Maharashtra,consumer,2023-06-24,direct
14981,Customer_14981,female,30,Amritsar,Punjab,consumer,2025-11-12,referral
14982,Customer_14982,male,33,New Delhi,Delhi,consumer,2023-06-14,organic search
14983,Customer_14983,male,52,Jaipur,Rajasthan,consumer,2023-07-12,paid ads
14984,Customer_14984,female,53,Kanpur,Uttar Pradesh,corporate,2022-06-01,social media
14985,Customer_14985,female,56,Ahmedabad,Gujarat,consumer,2025-06-17,direct
14986,Customer_14986,male,20,Nagpur,Maharashtra,consumer,2024-06-12,paid ads
14987,Customer_14987,female,26,Kolkata,West Bengal,consumer,2023-09-21,direct
14988,Customer_14988,female,57,Ahmedabad,Gujarat,home office,2024-11-14,organic search
14989,Customer_14989,female,46,Kolkata,West Bengal,home office,2025-07-14,social media
14990,Customer_14990,female,22,Noida,Uttar Pradesh,home office,2024-07-31,organic search
14991,Customer_14991,female,20,Ludhiana,Punjab,consumer,2023-02-11,direct
14992,Customer_14992,female,27,Ahmedabad,Gujarat,corporate,2024-03-31,paid ads
14993,Customer_14993,male,48,Bengaluru,Karnataka,corporate,2023-03-01,organic search
14994,Customer_14994,female,28,Jaipur,Rajasthan,home office,2023-10-14,organic search
14995,Customer_14995,female,34,Pune,Maharashtra,consumer,2025-11-29,paid ads
14996,Customer_14996,male,57,Bhopal,Madhya Pradesh,home office,2023-05-13,paid ads
14997,Customer_14997,female,58,Nagpur,Maharashtra,consumer,2023-09-02,organic search
14998,Customer_14998,male,25,Mysuru,Karnataka,consumer,2025-06-14,social media
14999,Customer_14999,male,19,Kanpur,Uttar Pradesh,consumer,2025-10-17,paid ads
15000,Customer_15000,male,21,Vadodara,Gujarat,consumer,2024-10-25,social media
15001,Customer_15001,female,33,Chennai,Tamil Nadu,consumer,2025-09-04,organic search
15002,Customer_15002,female,58,Hyderabad,Telangana,consumer,2024-12-13,paid ads
15003,Customer_15003,male,58,Bhopal,Madhya Pradesh,corporate,2024-11-29,paid ads
15004,Customer_15004,female,38,Mysuru,Karnataka,consumer,2022-03-19,organic search
15005,Customer_15005,male,22,Indore,Madhya Pradesh,corporate,2025-03-23,direct
15006,Customer_15006,female,52,Nagpur,Maharashtra,consumer,2024-08-30,social media
15007,Customer_15007,female,31,Noida,Uttar Pradesh,home office,2025-02-21,email
15008,Customer_15008,female,32,Bhopal,Madhya Pradesh,consumer,2025-02-24,social media
15009,Customer_15009,female,23,New Delhi,Delhi,consumer,2023-07-19,social media
15010,Customer_15010,male,33,Coimbatore,Tamil Nadu,corporate,2025-06-04,organic search
15011,Customer_15011,male,40,Nagpur,Maharashtra,consumer,2025-06-08,paid ads
15012,Customer_15012,female,48,Kolkata,West Bengal,consumer,2022-05-19,organic search
15013,Customer_15013,male,59,Warangal,Telangana,consumer,2023-03-10,organic search
15014,Customer_15014,female,29,Udaipur,Rajasthan,consumer,2025-02-05,organic search
15015,Customer_15015,female,58,Delhi,Delhi,consumer,2025-05-23,paid ads
15016,Customer_15016,male,36,Delhi,Delhi,consumer,2023-01-01,paid ads
15017,Customer_15017,female,29,Nagpur,Maharashtra,home office,2023-02-15,social media
15018,Customer_15018,female,30,Bengaluru,Karnataka,consumer,2022-09-24,paid ads
15019,Customer_15019,female,19,Surat,Gujarat,consumer,2022-03-06,organic search
15020,Customer_15020,male,37,Indore,Madhya Pradesh,home office,2025-06-29,social media
15021,Customer_15021,male,48,Udaipur,Rajasthan,consumer,2023-01-28,email
15022,Customer_15022,male,26,Coimbatore,Tamil Nadu,corporate,2025-07-04,paid ads
15023,Customer_15023,female,38,Gurugram,Haryana,consumer,2023-09-12,paid ads
15024,Customer_15024,female,25,Kolkata,West Bengal,consumer,2022-05-02,organic search
15025,Customer_15025,female,56,Gurugram,Haryana,consumer,2022-12-11,organic search
15026,Customer_15026,male,54,Hyderabad,Telangana,home office,2025-07-21,social media
15027,Customer_15027,male,46,Delhi,Delhi,consumer,2022-10-23,organic search
15028,Customer_15028,female,36,Mumbai,Maharashtra,consumer,2025-11-23,referral
15029,Customer_15029,female,52,Kolkata,West Bengal,home office,2025-03-25,referral
15030,Customer_15030,female,55,Nagpur,Maharashtra,home office,2023-03-10,social media
15031,Customer_15031,female,43,Bengaluru,Karnataka,consumer,2022-01-24,social media
15032,Customer_15032,female,28,Hyderabad,Telangana,corporate,2025-05-28,organic search
15033,Customer_15033,female,53,Surat,Gujarat,consumer,2023-03-29,paid ads
15034,Customer_15034,female,52,Surat,Gujarat,consumer,2024-04-24,organic search
15035,Customer_15035,male,21,Pune,Maharashtra,consumer,2022-10-23,paid ads
15036,Customer_15036,female,20,Coimbatore,Tamil Nadu,consumer,2023-09-25,paid ads
15037,Customer_15037,female,29,Vadodara,Gujarat,consumer,2025-03-17,referral
15038,Customer_15038,male,49,Amritsar,Punjab,consumer,2023-11-22,social media
15039,Customer_15039,male,43,Kolkata,West Bengal,consumer,2023-12-15,organic search
15040,Customer_15040,male,60,Faridabad,Haryana,consumer,2025-04-29,direct
15041,Customer_15041,female,60,Lucknow,Uttar Pradesh,consumer,2022-02-18,email
15042,Customer_15042,male,30,Surat,Gujarat,home office,2023-01-11,paid ads
15043,Customer_15043,male,55,New Delhi,Delhi,corporate,2025-11-25,direct
15044,Customer_15044,male,46,Udaipur,Rajasthan,consumer,2025-12-17,email
15045,Customer_15045,male,36,Surat,Gujarat,home office,2023-11-14,referral
15046,Customer_15046,female,52,Surat,Gujarat,consumer,2025-03-23,organic search
15047,Customer_15047,male,58,Warangal,Telangana,consumer,2025-02-08,organic search
15048,Customer_15048,female,44,Hyderabad,Telangana,consumer,2025-06-09,social media
15049,Customer_15049,male,48,Bengaluru,Karnataka,consumer,2024-02-26,paid ads
15050,Customer_15050,male,20,Warangal,Telangana,corporate,2025-04-27,social media
15051,Customer_15051,male,52,New Delhi,Delhi,home office,2025-12-15,social media
15052,Customer_15052,female,41,Lucknow,Uttar Pradesh,consumer,2024-11-28,organic search
15053,Customer_15053,female,24,Delhi,Delhi,consumer,2023-05-11,paid ads
15054,Customer_15054,male,52,Mumbai,Maharashtra,consumer,2025-03-03,organic search
15055,Customer_15055,female,38,Coimbatore,Tamil Nadu,consumer,2025-07-16,email
15056,Customer_15056,male,18,Jaipur,Rajasthan,corporate,2024-03-24,organic search
15057,Customer_15057,other,23,Chennai,Tamil Nadu,consumer,2023-12-24,paid ads
15058,Customer_15058,female,56,Mysuru,Karnataka,consumer,2022-12-08,paid ads
15059,Customer_15059,female,51,Ahmedabad,Gujarat,corporate,2023-08-26,email
15060,Customer_15060,female,35,Bengaluru,Karnataka,consumer,2022-03-04,referral
15061,Customer_15061,female,42,Faridabad,Haryana,home office,2025-12-23,social media
15062,Customer_15062,female,32,Gurugram,Haryana,consumer,2024-01-25,organic search
15063,Customer_15063,female,49,Warangal,Telangana,consumer,2023-12-09,email
15064,Customer_15064,female,59,Bengaluru,Karnataka,consumer,2025-04-29,social media
15065,Customer_15065,female,35,Kanpur,Uttar Pradesh,consumer,2023-05-31,direct
15066,Customer_15066,female,48,unknown,Maharashtra,corporate,2024-10-03,organic search
15067,Customer_15067,female,46,Warangal,Telangana,consumer,2022-06-19,social media
15068,Customer_15068,female,32,Mysuru,Karnataka,home office,2022-03-05,social media
15069,Customer_15069,female,40,Gurugram,Haryana,consumer,2022-01-17,social media
15070,Customer_15070,male,55,Mumbai,Maharashtra,home office,2022-03-16,organic search
15071,Customer_15071,male,58,Vadodara,Gujarat,home office,2022-05-02,organic search
15072,Customer_15072,male,28,Noida,Uttar Pradesh,consumer,2022-03-26,social media
15073,Customer_15073,male,32,Hyderabad,Telangana,consumer,2023-02-05,paid ads
15074,Customer_15074,male,40,Mumbai,Maharashtra,corporate,2023-12-03,paid ads
15075,Customer_15075,other,20,Amritsar,Punjab,consumer,2022-05-15,organic search
15076,Customer_15076,female,36,Hyderabad,Telangana,home office,2025-02-28,referral
15077,Customer_15077,female,18,Vadodara,Gujarat,consumer,2023-06-26,referral
15078,Customer_15078,male,41,Delhi,Delhi,corporate,2023-12-17,referral
15079,Customer_15079,female,28,Warangal,Telangana,consumer,2024-06-16,social media
15080,Customer_15080,female,47,Coimbatore,Tamil Nadu,corporate,2023-07-18,paid ads
15081,Customer_15081,female,28,Nashik,Maharashtra,consumer,2025-01-08,organic search
15082,Customer_15082,male,56,Nashik,Maharashtra,corporate,2024-11-01,social media
15083,Customer_15083,female,18,Noida,Uttar Pradesh,consumer,2024-10-04,organic search
15084,Customer_15084,female,29,Delhi,Delhi,consumer,2022-08-23,organic search
15085,Customer_15085,female,21,Delhi,Delhi,home office,2023-04-26,email
15086,Customer_15086,female,42,Warangal,Telangana,corporate,2023-08-17,social media
15087,Customer_15087,female,25,Lucknow,Uttar Pradesh,home office,2023-09-08,paid ads
15088,Customer_15088,female,32,Pune,Maharashtra,consumer,2023-01-13,paid ads
15089,Customer_15089,female,60,Surat,Gujarat,consumer,2022-09-13,referral
15090,Customer_15090,female,47,Mumbai,Maharashtra,consumer,2022-09-03,email
15091,Customer_15091,female,57,Pune,Maharashtra,corporate,2022-09-21,organic search
15092,Customer_15092,male,49,Mumbai,Maharashtra,consumer,2023-07-25,organic search
15093,Customer_15093,male,52,Lucknow,Uttar Pradesh,consumer,2023-04-28,email
15094,Customer_15094,male,38,Pune,Maharashtra,home office,2023-10-18,direct
15095,Customer_15095,male,48,Nagpur,Maharashtra,consumer,2024-06-05,referral
15096,Customer_15096,male,53,Coimbatore,Tamil Nadu,home office,2025-05-07,paid ads
15097,Customer_15097,male,44,Bhopal,Madhya Pradesh,consumer,2025-06-16,organic search
15098,Customer_15098,female,25,New Delhi,Delhi,home office,2025-04-02,paid ads
15099,Customer_15099,male,40,Chennai,Tamil Nadu,corporate,2024-07-31,referral
15100,Customer_15100,male,40,Nagpur,Maharashtra,corporate,2025-03-18,organic search
15101,Customer_15101,female,59,unknown,Tamil Nadu,consumer,2022-10-17,paid ads
15102,Customer_15102,female,50,Surat,Gujarat,home office,2025-10-16,organic search
15103,Customer_15103,female,30,Vadodara,Gujarat,consumer,2025-12-05,direct
15104,Customer_15104,female,56,Mysuru,Karnataka,corporate,2022-06-23,direct
15105,Customer_15105,male,52,Mysuru,Karnataka,consumer,2024-03-29,paid ads
15106,Customer_15106,male,33,Nagpur,Maharashtra,consumer,2022-09-19,social media
15107,Customer_15107,male,29,Bengaluru,Karnataka,home office,2024-11-27,organic search
15108,Customer_15108,male,48,Nagpur,Maharashtra,consumer,2023-03-04,social media
15109,Customer_15109,male,22,Kanpur,Uttar Pradesh,corporate,2024-06-18,organic search
15110,Customer_15110,other,57,Ludhiana,Punjab,consumer,2024-12-07,paid ads
15111,Customer_15111,male,42,Ludhiana,Punjab,home office,2024-01-07,direct
15112,Customer_15112,male,38,Indore,Madhya Pradesh,home office,2022-09-23,organic search
15113,Customer_15113,male,20,Ahmedabad,Gujarat,consumer,2022-10-04,direct
15114,Customer_15114,female,27,Kolkata,West Bengal,consumer,2022-08-14,social media
15115,Customer_15115,male,40,Bengaluru,Karnataka,consumer,2025-07-31,organic search
15116,Customer_15116,male,34,Vadodara,Gujarat,consumer,2023-12-21,paid ads
15117,Customer_15117,male,59,Coimbatore,Tamil Nadu,consumer,2024-02-02,email
15118,Customer_15118,male,52,Warangal,Telangana,consumer,2025-12-02,social media
15119,Customer_15119,male,42,Lucknow,Uttar Pradesh,consumer,2025-02-11,direct
15120,Customer_15120,male,19,Mysuru,Karnataka,consumer,2023-03-13,referral
15121,Customer_15121,male,44,Mysuru,Karnataka,consumer,2022-06-24,organic search
15122,Customer_15122,female,26,Faridabad,Haryana,consumer,2025-11-17,social media
15123,Customer_15123,female,21,Nashik,Maharashtra,consumer,2024-04-27,paid ads
15124,Customer_15124,female,43,Warangal,Telangana,consumer,2025-07-14,organic search
15125,Customer_15125,male,49,Faridabad,Haryana,consumer,2022-05-23,organic search
15126,Customer_15126,male,46,Ahmedabad,Gujarat,consumer,2025-03-03,referral
15127,Customer_15127,male,39,Vadodara,Gujarat,home office,2023-09-21,organic search
15128,Customer_15128,male,30,Delhi,Delhi,consumer,2025-03-19,referral
15129,Customer_15129,male,40,Mysuru,Karnataka,corporate,2024-11-16,social media
15130,Customer_15130,male,48,Indore,Madhya Pradesh,consumer,2025-11-05,paid ads
15131,Customer_15131,female,58,Surat,Gujarat,consumer,2024-01-23,social media
15132,Customer_15132,female,53,Warangal,Telangana,consumer,2024-10-20,direct
15133,Customer_15133,female,57,Nashik,Maharashtra,consumer,2024-06-17,social media
15134,Customer_15134,male,48,Nashik,Maharashtra,corporate,2024-07-03,organic search
15135,Customer_15135,female,32,Amritsar,Punjab,consumer,2025-01-09,referral
15136,Customer_15136,male,31,Bengaluru,Karnataka,home office,2023-05-08,paid ads
15137,Customer_15137,female,52,Vadodara,Gujarat,corporate,2025-08-07,social media
15138,Customer_15138,male,41,Pune,Maharashtra,consumer,2023-06-18,paid ads
15139,Customer_15139,male,47,Jaipur,Rajasthan,consumer,2022-02-08,social media
15140,Customer_15140,female,47,Faridabad,Haryana,consumer,2024-08-09,organic search
15141,Customer_15141,female,44,Surat,Gujarat,consumer,2024-06-01,organic search
15142,Customer_15142,male,57,Pune,Maharashtra,consumer,2022-09-30,social media
15143,Customer_15143,male,31,Surat,Gujarat,corporate,2025-03-02,direct
15144,Customer_15144,male,28,Noida,Uttar Pradesh,corporate,2023-11-28,referral
15145,Customer_15145,female,43,Coimbatore,Tamil Nadu,consumer,2022-02-09,referral
15146,Customer_15146,female,38,Bhopal,Madhya Pradesh,consumer,2022-12-27,email
15147,Customer_15147,female,26,Jaipur,Rajasthan,consumer,2024-06-10,direct
15148,Customer_15148,male,18,Bhopal,Madhya Pradesh,consumer,2023-12-14,organic search
15149,Customer_15149,female,23,Vadodara,Gujarat,corporate,2022-05-23,organic search
15150,Customer_15150,female,18,Mumbai,Maharashtra,consumer,2023-10-01,paid ads
15151,Customer_15151,unknown,39,Mysuru,Karnataka,corporate,2025-04-04,referral
15152,Customer_15152,male,30,New Delhi,Delhi,home office,2022-02-03,social media
15153,Customer_15153,female,55,Faridabad,Haryana,consumer,2024-10-02,email
15154,Customer_15154,female,58,Lucknow,Uttar Pradesh,consumer,2023-03-21,referral
15155,Customer_15155,female,57,Jaipur,Rajasthan,consumer,2024-06-08,organic search
15156,Customer_15156,female,48,Mysuru,Karnataka,consumer,2025-05-10,social media
15157,Customer_15157,female,32,New Delhi,Delhi,consumer,2023-08-31,email
15158,Customer_15158,female,19,Kanpur,Uttar Pradesh,corporate,2025-02-17,organic search
15159,Customer_15159,male,48,Hyderabad,Telangana,consumer,2024-11-03,email
15160,Customer_15160,male,43,Delhi,Delhi,corporate,2024-06-26,direct
15161,Customer_15161,female,19,Vadodara,Gujarat,corporate,2022-03-10,social media
15162,Customer_15162,female,28,Nagpur,Maharashtra,corporate,2025-05-11,organic search
15163,Customer_15163,male,50,Bengaluru,Karnataka,consumer,2024-04-17,organic search
15164,Customer_15164,male,35,Warangal,Telangana,home office,2025-01-12,organic search
15165,Customer_15165,male,38,Mumbai,Maharashtra,consumer,2022-11-07,paid ads
15166,Customer_15166,male,48,Ludhiana,Punjab,consumer,2025-05-02,organic search
15167,Customer_15167,male,43,Delhi,Delhi,home office,2024-09-13,email
15168,Customer_15168,female,47,Mumbai,Maharashtra,home office,2022-07-15,social media
15169,Customer_15169,male,56,Delhi,Delhi,consumer,2024-07-23,direct
15170,Customer_15170,female,38,Noida,Uttar Pradesh,corporate,2022-01-29,direct
15171,Customer_15171,female,33,Coimbatore,Tamil Nadu,consumer,2022-08-18,email
15172,Customer_15172,female,24,Surat,Gujarat,consumer,2022-09-28,social media
15173,Customer_15173,male,39,Pune,Maharashtra,consumer,2022-04-13,social media
15174,Customer_15174,female,24,Pune,Maharashtra,consumer,2024-11-22,direct
15175,Customer_15175,male,19,Chennai,Tamil Nadu,consumer,2024-11-23,paid ads
15176,Customer_15176,male,54,Kanpur,Uttar Pradesh,consumer,2022-06-06,social media
15177,Customer_15177,female,31,Indore,Madhya Pradesh,consumer,2023-07-26,email
15178,Customer_15178,female,25,Pune,Maharashtra,consumer,2022-12-24,organic search
15179,Customer_15179,male,46,Vadodara,Gujarat,consumer,2024-05-17,direct
15180,Customer_15180,female,24,Gurugram,Haryana,consumer,2024-01-05,organic search
15181,Customer_15181,female,55,Chennai,Tamil Nadu,consumer,2022-09-29,paid ads
15182,Customer_15182,female,39,Noida,Uttar Pradesh,consumer,2022-05-22,referral
15183,Customer_15183,female,34,Nagpur,Maharashtra,consumer,2025-05-28,referral
15184,Customer_15184,male,33,Gurugram,Haryana,consumer,2023-10-27,social media
15185,Customer_15185,female,50,Noida,Uttar Pradesh,consumer,2022-04-14,referral
15186,Customer_15186,male,56,Gurugram,Haryana,consumer,2025-07-31,paid ads
15187,Customer_15187,female,52,Jaipur,Rajasthan,home office,2022-10-10,referral
15188,Customer_15188,male,55,Bengaluru,Karnataka,consumer,2024-02-06,organic search
15189,Customer_15189,male,49,Faridabad,Haryana,corporate,2025-03-27,organic search
15190,Customer_15190,female,20,Bengaluru,Karnataka,consumer,2024-05-02,referral
15191,Customer_15191,male,20,Bengaluru,Karnataka,consumer,2025-11-22,organic search
15192,Customer_15192,male,25,Kolkata,West Bengal,consumer,2022-09-21,direct
15193,Customer_15193,male,48,Kanpur,Uttar Pradesh,home office,2024-09-13,email
15194,Customer_15194,female,26,Faridabad,Haryana,consumer,2024-09-05,social media
15195,Customer_15195,male,22,Delhi,Delhi,corporate,2023-08-31,referral
15196,Customer_15196,male,45,Noida,Uttar Pradesh,consumer,2025-12-08,social media
15197,Customer_15197,male,32,Lucknow,Uttar Pradesh,consumer,2022-12-01,organic search
15198,Customer_15198,male,44,Pune,Maharashtra,home office,2025-07-17,referral
15199,Customer_15199,male,59,Coimbatore,Tamil Nadu,consumer,2022-10-02,direct
15200,Customer_15200,female,48,Mysuru,Karnataka,consumer,2025-01-22,organic search
15201,Customer_15201,male,57,Mysuru,Karnataka,consumer,2022-08-06,referral
15202,Customer_15202,male,35,Amritsar,Punjab,consumer,2025-11-07,direct
15203,Customer_15203,male,55,Jaipur,Rajasthan,consumer,2025-07-10,direct
15204,Customer_15204,male,21,Kolkata,West Bengal,consumer,2025-05-25,social media
15205,Customer_15205,male,38,Ludhiana,Punjab,consumer,2025-04-16,organic search
15206,Customer_15206,female,59,Mysuru,Karnataka,consumer,2023-02-15,organic search
15207,Customer_15207,male,40,Noida,Uttar Pradesh,consumer,2022-01-04,paid ads
15208,Customer_15208,male,39,Coimbatore,Tamil Nadu,home office,2024-03-22,organic search
15209,Customer_15209,female,18,Indore,Madhya Pradesh,consumer,2022-03-03,referral
15210,Customer_15210,male,42,New Delhi,Delhi,consumer,2023-08-20,social media
15211,Customer_15211,female,58,Gurugram,Haryana,corporate,2025-06-19,organic search
15212,Customer_15212,female,45,New Delhi,Delhi,consumer,2022-09-17,organic search
15213,Customer_15213,male,54,Mysuru,Karnataka,consumer,2023-07-15,paid ads
15214,Customer_15214,female,28,Noida,Uttar Pradesh,consumer,2023-11-09,organic search
15215,Customer_15215,male,39,Coimbatore,Tamil Nadu,consumer,2025-02-11,referral
15216,Customer_15216,female,42,Surat,Gujarat,consumer,2024-08-12,social media
15217,Customer_15217,female,38,Chennai,Tamil Nadu,consumer,2022-07-03,paid ads
15218,Customer_15218,female,53,Noida,Uttar Pradesh,consumer,2024-07-01,social media
15219,Customer_15219,female,37,New Delhi,Delhi,consumer,2023-04-17,direct
15220,Customer_15220,female,33,Nagpur,Maharashtra,consumer,2025-10-26,email
15221,Customer_15221,female,45,Mysuru,Karnataka,home office,2023-06-23,email
15222,Customer_15222,female,46,Hyderabad,Telangana,consumer,2022-05-20,organic search
15223,Customer_15223,male,43,Nagpur,Maharashtra,consumer,2022-07-09,direct
15224,Customer_15224,female,57,Mysuru,Karnataka,consumer,2024-02-23,referral
15225,Customer_15225,male,19,Chennai,Tamil Nadu,consumer,2025-04-24,direct
15226,Customer_15226,male,27,Mumbai,Maharashtra,consumer,2022-11-18,email
15227,Customer_15227,female,30,Vadodara,Gujarat,corporate,2023-08-20,email
15228,Customer_15228,male,32,Indore,Madhya Pradesh,consumer,2025-11-05,paid ads
15229,Customer_15229,male,26,Nashik,Maharashtra,consumer,2023-04-15,organic search
15230,Customer_15230,female,44,Vadodara,Gujarat,home office,2022-11-12,direct
15231,Customer_15231,male,25,Udaipur,Rajasthan,consumer,2023-06-16,social media
15232,Customer_15232,male,23,Chennai,Tamil Nadu,consumer,2024-09-12,direct
15233,Customer_15233,female,53,unknown,West Bengal,consumer,2023-07-25,email
15234,Customer_15234,female,41,Chennai,Tamil Nadu,consumer,2023-11-09,email
15235,Customer_15235,female,20,Warangal,Telangana,consumer,2023-01-21,organic search
15236,Customer_15236,male,43,Nashik,Maharashtra,consumer,2022-06-14,referral
15237,Customer_15237,male,53,Kolkata,West Bengal,consumer,2022-12-05,organic search
15238,Customer_15238,female,38,Jaipur,Rajasthan,consumer,2025-10-24,email
15239,Customer_15239,male,30,Nashik,Maharashtra,corporate,2022-05-29,paid ads
15240,Customer_15240,female,28,Bengaluru,Karnataka,home office,2023-06-15,referral
15241,Customer_15241,female,25,Amritsar,Punjab,consumer,2024-07-20,direct
15242,Customer_15242,male,31,Chennai,Tamil Nadu,corporate,2022-12-17,organic search
15243,Customer_15243,male,50,Hyderabad,Telangana,home office,2024-05-24,organic search
15244,Customer_15244,male,19,Gurugram,Haryana,home office,2022-03-14,social media
15245,Customer_15245,female,18,Kolkata,West Bengal,consumer,2025-07-01,organic search
15246,Customer_15246,male,28,Ahmedabad,Gujarat,corporate,2023-09-14,organic search
15247,Customer_15247,male,23,Kanpur,Uttar Pradesh,consumer,2023-07-14,referral
15248,Customer_15248,female,49,Bhopal,Madhya Pradesh,consumer,2025-10-27,social media
15249,Customer_15249,female,32,Coimbatore,Tamil Nadu,corporate,2025-02-09,direct
15250,Customer_15250,male,29,Hyderabad,Telangana,corporate,2023-10-19,social media
15251,Customer_15251,female,54,Chennai,Tamil Nadu,consumer,2022-05-26,organic search
15252,Customer_15252,male,46,Amritsar,Punjab,corporate,2022-04-06,email
15253,Customer_15253,female,39,Kolkata,West Bengal,consumer,2022-05-11,organic search
15254,Customer_15254,female,31,Pune,Maharashtra,consumer,2022-09-23,organic search
15255,Customer_15255,male,36,Bhopal,Madhya Pradesh,consumer,2025-07-03,paid ads
15256,Customer_15256,female,22,Warangal,Telangana,home office,2022-06-02,organic search
15257,Customer_15257,male,52,Nashik,Maharashtra,home office,2023-08-07,organic search
15258,Customer_15258,other,42,Ahmedabad,Gujarat,corporate,2023-04-05,paid ads
15259,Customer_15259,male,55,Chennai,Tamil Nadu,consumer,2025-01-24,organic search
15260,Customer_15260,male,26,Bhopal,Madhya Pradesh,consumer,2025-09-25,organic search
15261,Customer_15261,male,24,Delhi,Delhi,consumer,2025-06-22,paid ads
15262,Customer_15262,male,35,Noida,Uttar Pradesh,consumer,2024-05-24,social media
15263,Customer_15263,female,19,Surat,Gujarat,consumer,2024-06-16,email
15264,Customer_15264,female,27,Pune,Maharashtra,consumer,2022-10-13,organic search
15265,Customer_15265,female,19,Amritsar,Punjab,consumer,2023-09-25,referral
15266,Customer_15266,male,25,Hyderabad,Telangana,home office,2023-09-03,organic search
15267,Customer_15267,male,24,Mysuru,Karnataka,consumer,2022-12-24,social media
15268,Customer_15268,female,52,Warangal,Telangana,corporate,2023-07-29,social media
15269,Customer_15269,male,40,Indore,Madhya Pradesh,consumer,2025-03-31,referral
15270,Customer_15270,female,25,Bengaluru,Karnataka,consumer,2023-05-23,referral
15271,Customer_15271,female,38,New Delhi,Delhi,consumer,2022-02-04,organic search
15272,Customer_15272,male,50,Nashik,Maharashtra,consumer,2025-08-25,organic search
15273,Customer_15273,female,18,Mysuru,Karnataka,consumer,2022-05-29,organic search
15274,Customer_15274,female,29,Kanpur,Uttar Pradesh,consumer,2023-05-17,direct
15275,Customer_15275,female,28,Warangal,Telangana,corporate,2024-04-23,paid ads
15276,Customer_15276,male,47,Delhi,Delhi,home office,2022-07-09,direct
15277,Customer_15277,male,21,Mumbai,Maharashtra,consumer,2022-08-24,referral
15278,Customer_15278,male,51,Mysuru,Karnataka,consumer,2024-02-06,email
15279,Customer_15279,male,40,Faridabad,Haryana,home office,2025-10-05,paid ads
15280,Customer_15280,male,49,Mysuru,Karnataka,corporate,2025-07-20,organic search
15281,Customer_15281,female,20,Amritsar,Punjab,consumer,2024-01-25,paid ads
15282,Customer_15282,female,45,Hyderabad,Telangana,corporate,2023-03-19,referral
15283,Customer_15283,female,21,New Delhi,Delhi,consumer,2023-09-05,organic search
15284,Customer_15284,male,29,Indore,Madhya Pradesh,consumer,2022-06-14,organic search
15285,Customer_15285,female,41,Chennai,Tamil Nadu,consumer,2022-07-02,social media
15286,Customer_15286,male,50,Kolkata,West Bengal,consumer,2022-08-16,referral
15287,Customer_15287,female,20,Amritsar,Punjab,consumer,2023-09-02,referral
15288,Customer_15288,female,21,Nashik,Maharashtra,consumer,2022-04-23,social media
15289,Customer_15289,female,47,Pune,Maharashtra,corporate,2023-08-21,social media
15290,Customer_15290,other,23,Kolkata,West Bengal,consumer,2025-09-15,organic search
15291,Customer_15291,female,47,Bengaluru,Karnataka,consumer,2022-08-05,organic search
15292,Customer_15292,male,25,New Delhi,Delhi,consumer,2024-12-07,social media
15293,Customer_15293,male,35,Nagpur,Maharashtra,consumer,2025-02-04,referral
15294,Customer_15294,male,33,Pune,Maharashtra,consumer,2024-11-24,paid ads
15295,Customer_15295,male,23,Noida,Uttar Pradesh,corporate,2025-10-30,paid ads
15296,Customer_15296,female,41,Nagpur,Maharashtra,corporate,2024-02-18,direct
15297,Customer_15297,male,45,Hyderabad,Telangana,consumer,2025-08-23,social media
15298,Customer_15298,female,49,Surat,Gujarat,consumer,2022-10-08,organic search
15299,Customer_15299,male,42,Chennai,Tamil Nadu,corporate,2024-01-29,social media
15300,Customer_15300,male,45,Nagpur,Maharashtra,consumer,2022-11-14,paid ads
15301,Customer_15301,female,38,Kanpur,Uttar Pradesh,consumer,2024-09-06,organic search
15302,Customer_15302,male,25,Mumbai,Maharashtra,consumer,2025-05-26,email
15303,Customer_15303,female,53,Noida,Uttar Pradesh,home office,2023-01-22,email
15304,Customer_15304,female,26,Bhopal,Madhya Pradesh,consumer,2022-01-12,social media
15305,Customer_15305,male,57,Coimbatore,Tamil Nadu,home office,2023-05-06,paid ads
15306,Customer_15306,male,38,Hyderabad,Telangana,consumer,2024-08-20,email
15307,Customer_15307,male,18,Warangal,Telangana,consumer,2023-06-08,paid ads
15308,Customer_15308,female,21,Coimbatore,Tamil Nadu,corporate,2022-01-12,social media
15309,Customer_15309,female,27,Bhopal,Madhya Pradesh,consumer,2025-02-10,organic search
15310,Customer_15310,male,43,Bhopal,Madhya Pradesh,consumer,2023-05-14,organic search
15311,Customer_15311,female,57,Mysuru,Karnataka,consumer,2022-07-18,direct
15312,Customer_15312,male,20,Ahmedabad,Gujarat,consumer,2022-04-30,organic search
15313,Customer_15313,female,26,Faridabad,Haryana,consumer,2022-07-29,social media
15314,Customer_15314,female,49,Amritsar,Punjab,corporate,2022-05-01,organic search
15315,Customer_15315,female,20,Hyderabad,Telangana,corporate,2022-02-15,paid ads
15316,Customer_15316,female,21,Chennai,Tamil Nadu,home office,2024-02-15,referral
15317,Customer_15317,male,23,Mysuru,Karnataka,corporate,2025-07-25,organic search
15318,Customer_15318,other,26,Amritsar,Punjab,corporate,2022-12-07,direct
15319,Customer_15319,male,43,Pune,Maharashtra,corporate,2025-10-31,email
15320,Customer_15320,female,19,Surat,Gujarat,home office,2025-03-16,organic search
15321,Customer_15321,male,19,Bengaluru,Karnataka,consumer,2023-05-13,email
15322,Customer_15322,other,38,Mysuru,Karnataka,consumer,2025-09-24,email
15323,Customer_15323,female,39,Chennai,Tamil Nadu,corporate,2024-04-25,paid ads
15324,Customer_15324,female,20,Amritsar,Punjab,consumer,2023-09-19,social media
15325,Customer_15325,male,52,Pune,Maharashtra,home office,2025-05-18,organic search
15326,Customer_15326,female,55,Surat,Gujarat,consumer,2022-10-10,referral
15327,Customer_15327,female,50,Nagpur,Maharashtra,consumer,2022-08-04,social media
15328,Customer_15328,female,32,Nashik,Maharashtra,corporate,2024-06-14,referral
15329,Customer_15329,male,28,Coimbatore,Tamil Nadu,consumer,2023-12-06,social media
15330,Customer_15330,male,27,Hyderabad,Telangana,home office,2025-08-24,organic search
15331,Customer_15331,male,53,unknown,Delhi,home office,2022-04-13,referral
15332,Customer_15332,male,31,Bengaluru,Karnataka,consumer,2023-01-16,referral
15333,Customer_15333,male,19,Nashik,Maharashtra,consumer,2022-01-29,direct
15334,Customer_15334,male,54,Bengaluru,Karnataka,consumer,2024-03-31,referral
15335,Customer_15335,male,46,Ludhiana,Punjab,consumer,2023-04-25,paid ads
15336,Customer_15336,male,52,Gurugram,Haryana,corporate,2022-04-25,social media
15337,Customer_15337,male,37,Mysuru,Karnataka,consumer,2024-04-19,email
15338,Customer_15338,female,38,Vadodara,Gujarat,consumer,2024-07-29,social media
15339,Customer_15339,male,51,Gurugram,Haryana,consumer,2023-08-28,direct
15340,Customer_15340,male,60,Nashik,Maharashtra,consumer,2022-11-13,email
15341,Customer_15341,male,50,Lucknow,Uttar Pradesh,home office,2023-01-03,organic search
15342,Customer_15342,female,36,Faridabad,Haryana,consumer,2025-09-17,email
15343,Customer_15343,female,25,Nashik,Maharashtra,consumer,2022-04-12,referral
15344,Customer_15344,male,48,Nagpur,Maharashtra,corporate,2025-05-01,referral
15345,Customer_15345,male,28,Ludhiana,Punjab,corporate,2024-01-24,direct
15346,Customer_15346,female,25,Surat,Gujarat,corporate,2022-08-29,paid ads
15347,Customer_15347,male,42,Mumbai,Maharashtra,corporate,2025-10-07,organic search
15348,Customer_15348,male,37,New Delhi,Delhi,consumer,2022-01-01,paid ads
15349,Customer_15349,male,55,Chennai,Tamil Nadu,consumer,2022-10-18,organic search
15350,Customer_15350,male,24,Kolkata,West Bengal,home office,2022-05-19,direct
15351,Customer_15351,other,30,Kolkata,West Bengal,home office,2022-12-28,organic search
15352,Customer_15352,male,56,Ludhiana,Punjab,consumer,2024-03-03,social media
15353,Customer_15353,female,60,Mysuru,Karnataka,corporate,2025-07-11,email
15354,Customer_15354,other,27,Vadodara,Gujarat,home office,2024-06-27,direct
15355,Customer_15355,female,25,Warangal,Telangana,consumer,2022-03-09,organic search
15356,Customer_15356,male,59,Chennai,Tamil Nadu,consumer,2023-05-09,organic search
15357,Customer_15357,male,60,New Delhi,Delhi,consumer,2025-04-06,paid ads
15358,Customer_15358,male,37,Ludhiana,Punjab,home office,2022-04-15,email
15359,Customer_15359,male,34,Indore,Madhya Pradesh,corporate,2025-12-28,referral
15360,Customer_15360,female,28,Warangal,Telangana,corporate,2022-08-03,organic search
15361,Customer_15361,male,33,Vadodara,Gujarat,consumer,2022-10-16,organic search
15362,Customer_15362,female,54,Delhi,Delhi,consumer,2022-03-07,social media
15363,Customer_15363,male,59,Ahmedabad,Gujarat,consumer,2024-08-29,organic search
15364,Customer_15364,female,49,Kolkata,West Bengal,home office,2023-12-10,social media
15365,Customer_15365,female,43,Warangal,Telangana,consumer,2023-02-20,paid ads
15366,Customer_15366,male,54,Amritsar,Punjab,consumer,2023-11-10,organic search
15367,Customer_15367,male,26,Ahmedabad,Gujarat,home office,2022-07-09,social media
15368,Customer_15368,male,52,Mysuru,Karnataka,consumer,2022-11-07,social media
15369,Customer_15369,male,20,Kanpur,Uttar Pradesh,corporate,2023-11-28,organic search
15370,Customer_15370,male,48,Delhi,Delhi,consumer,2022-07-13,paid ads
15371,Customer_15371,male,59,Coimbatore,Tamil Nadu,consumer,2023-12-30,social media
15372,Customer_15372,male,24,Mysuru,Karnataka,consumer,2023-08-31,direct
15373,Customer_15373,other,19,Chennai,Tamil Nadu,home office,2022-04-29,social media
15374,Customer_15374,male,42,Lucknow,Uttar Pradesh,consumer,2022-01-28,direct
15375,Customer_15375,female,57,Hyderabad,Telangana,corporate,2022-06-30,referral
15376,Customer_15376,male,29,Lucknow,Uttar Pradesh,consumer,2023-10-01,referral
15377,Customer_15377,male,47,Surat,Gujarat,consumer,2023-03-03,organic search
15378,Customer_15378,male,47,Mysuru,Karnataka,consumer,2025-01-31,direct
15379,Customer_15379,female,46,Noida,Uttar Pradesh,home office,2024-09-06,social media
15380,Customer_15380,male,58,Delhi,Delhi,consumer,2023-02-01,referral
15381,Customer_15381,male,28,Delhi,Delhi,consumer,2023-11-05,direct
15382,Customer_15382,male,40,Hyderabad,Telangana,corporate,2025-01-31,email
15383,Customer_15383,male,34,Delhi,Delhi,consumer,2025-03-01,social media
15384,Customer_15384,male,30,Mumbai,Maharashtra,consumer,2025-09-04,email
15385,Customer_15385,female,50,Jaipur,Rajasthan,consumer,2025-04-15,paid ads
15386,Customer_15386,male,18,Warangal,Telangana,corporate,2025-08-09,organic search
15387,Customer_15387,male,57,Coimbatore,Tamil Nadu,consumer,2024-05-06,social media
15388,Customer_15388,female,30,Ludhiana,Punjab,home office,2022-11-13,social media
15389,Customer_15389,male,55,Ahmedabad,Gujarat,consumer,2022-01-16,paid ads
15390,Customer_15390,male,20,Bhopal,Madhya Pradesh,consumer,2024-09-02,paid ads
15391,Customer_15391,other,33,Nagpur,Maharashtra,corporate,2023-03-24,paid ads
15392,Customer_15392,male,59,Ahmedabad,Gujarat,consumer,2025-01-18,social media
15393,Customer_15393,female,24,Indore,Madhya Pradesh,home office,2024-09-23,direct
15394,Customer_15394,male,20,Ahmedabad,Gujarat,consumer,2024-04-13,organic search
15395,Customer_15395,male,31,Kolkata,West Bengal,consumer,2022-10-07,referral
15396,Customer_15396,male,33,Mysuru,Karnataka,consumer,2023-08-20,social media
15397,Customer_15397,male,21,Nashik,Maharashtra,consumer,2022-12-31,organic search
15398,Customer_15398,male,48,Chennai,Tamil Nadu,consumer,2022-01-20,organic search
15399,Customer_15399,male,30,Chennai,Tamil Nadu,consumer,2024-08-15,social media
15400,Customer_15400,female,44,Indore,Madhya Pradesh,consumer,2022-02-23,social media
15401,Customer_15401,female,18,Delhi,Delhi,consumer,2025-12-14,organic search
15402,Customer_15402,male,42,Amritsar,Punjab,consumer,2025-03-13,organic search
15403,Customer_15403,female,54,Ludhiana,Punjab,consumer,2025-07-28,social media
15404,Customer_15404,female,28,New Delhi,Delhi,consumer,2023-01-26,direct
15405,Customer_15405,female,26,Bengaluru,Karnataka,consumer,2023-05-03,referral
15406,Customer_15406,male,24,Bhopal,Madhya Pradesh,consumer,2025-10-17,organic search
15407,Customer_15407,female,31,Ludhiana,Punjab,corporate,2022-08-21,direct
15408,Customer_15408,male,47,Chennai,Tamil Nadu,consumer,2024-04-19,paid ads
15409,Customer_15409,male,41,Bengaluru,Karnataka,consumer,2024-06-08,referral
15410,Customer_15410,male,20,Hyderabad,Telangana,consumer,2022-09-25,direct
15411,Customer_15411,female,56,Kolkata,West Bengal,consumer,2022-04-06,paid ads
15412,Customer_15412,female,44,New Delhi,Delhi,home office,2025-03-07,referral
15413,Customer_15413,female,18,Kolkata,West Bengal,consumer,2025-06-01,organic search
15414,Customer_15414,male,55,Pune,Maharashtra,consumer,2024-07-11,social media
15415,Customer_15415,female,43,Pune,Maharashtra,consumer,2022-03-02,paid ads
15416,Customer_15416,male,23,Coimbatore,Tamil Nadu,home office,2024-12-08,organic search
15417,Customer_15417,male,59,Bengaluru,Karnataka,corporate,2024-02-02,organic search
15418,Customer_15418,male,29,Mysuru,Karnataka,consumer,2024-12-20,referral
15419,Customer_15419,male,55,Hyderabad,Telangana,consumer,2024-10-01,email
15420,Customer_15420,female,52,Mysuru,Karnataka,home office,2022-07-07,direct
15421,Customer_15421,male,27,Delhi,Delhi,consumer,2023-11-12,organic search
15422,Customer_15422,female,26,Bengaluru,Karnataka,consumer,2025-10-12,direct
15423,Customer_15423,male,40,Ludhiana,Punjab,corporate,2023-03-22,social media
15424,Customer_15424,male,47,Chennai,Tamil Nadu,consumer,2024-02-10,paid ads
15425,Customer_15425,female,39,Coimbatore,Tamil Nadu,consumer,2022-10-01,organic search
15426,Customer_15426,male,26,Vadodara,Gujarat,consumer,2023-07-30,paid ads
15427,Customer_15427,female,36,Amritsar,Punjab,home office,2025-06-04,paid ads
15428,Customer_15428,female,25,Delhi,Delhi,consumer,2022-12-21,organic search
15429,Customer_15429,male,21,Udaipur,Rajasthan,corporate,2024-05-18,social media
15430,Customer_15430,female,22,Kolkata,West Bengal,consumer,2025-09-14,social media
15431,Customer_15431,male,36,Vadodara,Gujarat,home office,2022-07-19,paid ads
15432,Customer_15432,female,35,Nagpur,Maharashtra,home office,2024-09-20,direct
15433,Customer_15433,male,46,Jaipur,Rajasthan,consumer,2022-12-22,referral
15434,Customer_15434,male,36,Nashik,Maharashtra,consumer,2025-05-07,referral
15435,Customer_15435,male,23,Ahmedabad,Gujarat,consumer,2025-07-30,social media
15436,Customer_15436,female,22,Noida,Uttar Pradesh,consumer,2025-12-24,paid ads
15437,Customer_15437,female,60,Delhi,Delhi,consumer,2022-11-20,email
15438,Customer_15438,female,22,Kanpur,Uttar Pradesh,corporate,2024-11-20,organic search
15439,Customer_15439,female,25,Pune,Maharashtra,consumer,2023-06-06,organic search
15440,Customer_15440,female,44,Bhopal,Madhya Pradesh,consumer,2023-09-27,referral
15441,Customer_15441,female,54,Chennai,Tamil Nadu,corporate,2025-12-03,organic search
15442,Customer_15442,male,60,New Delhi,Delhi,consumer,2025-02-25,social media
15443,Customer_15443,female,55,Mumbai,Maharashtra,consumer,2024-05-22,social media
15444,Customer_15444,female,54,Gurugram,Haryana,home office,2024-02-16,email
15445,Customer_15445,male,35,Nagpur,Maharashtra,consumer,2023-07-26,referral
15446,Customer_15446,female,43,New Delhi,Delhi,home office,2024-05-21,social media
15447,Customer_15447,male,59,Mysuru,Karnataka,corporate,2023-08-23,organic search
15448,Customer_15448,female,33,Surat,Gujarat,corporate,2023-01-11,organic search
15449,Customer_15449,female,39,Surat,Gujarat,consumer,2024-09-12,referral
15450,Customer_15450,female,40,Pune,Maharashtra,consumer,2025-02-28,email
15451,Customer_15451,female,20,Bengaluru,Karnataka,consumer,2025-01-08,social media
15452,Customer_15452,male,20,Delhi,Delhi,consumer,2022-02-08,organic search
15453,Customer_15453,female,29,New Delhi,Delhi,home office,2023-01-07,social media
15454,Customer_15454,male,40,Chennai,Tamil Nadu,consumer,2024-06-07,organic search
15455,Customer_15455,male,28,Kolkata,West Bengal,consumer,2023-05-13,referral
15456,Customer_15456,female,59,Delhi,Delhi,consumer,2024-10-31,organic search
15457,Customer_15457,female,46,Mysuru,Karnataka,consumer,2022-02-21,email
15458,Customer_15458,female,23,Chennai,Tamil Nadu,consumer,2024-02-04,paid ads
15459,Customer_15459,male,33,Ludhiana,Punjab,consumer,2022-12-25,paid ads
15460,Customer_15460,female,51,Gurugram,Haryana,corporate,2025-06-02,direct
15461,Customer_15461,female,54,Lucknow,Uttar Pradesh,consumer,2025-06-26,email
15462,Customer_15462,male,28,Delhi,Delhi,consumer,2025-07-05,organic search
15463,Customer_15463,male,28,Mumbai,Maharashtra,consumer,2024-06-08,paid ads
15464,Customer_15464,female,42,Mysuru,Karnataka,consumer,2023-02-19,referral
15465,Customer_15465,female,36,New Delhi,Delhi,consumer,2025-07-17,social media
15466,Customer_15466,other,49,Hyderabad,Telangana,home office,2024-09-27,organic search
15467,Customer_15467,male,25,Lucknow,Uttar Pradesh,consumer,2025-10-01,organic search
15468,Customer_15468,female,29,Bhopal,Madhya Pradesh,consumer,2024-01-25,email
15469,Customer_15469,female,58,Indore,Madhya Pradesh,home office,2025-06-13,social media
15470,Customer_15470,male,52,Mysuru,Karnataka,corporate,2024-04-10,social media
15471,Customer_15471,female,23,Kolkata,West Bengal,consumer,2022-10-09,paid ads
15472,Customer_15472,female,38,Mysuru,Karnataka,consumer,2022-01-26,paid ads
15473,Customer_15473,male,43,Pune,Maharashtra,home office,2022-06-17,referral
15474,Customer_15474,male,18,Kolkata,West Bengal,consumer,2025-05-14,social media
15475,Customer_15475,male,34,Nagpur,Maharashtra,consumer,2022-01-12,organic search
15476,Customer_15476,female,52,Coimbatore,Tamil Nadu,consumer,2024-05-19,referral
15477,Customer_15477,female,44,Mysuru,Karnataka,consumer,2022-07-01,email
15478,Customer_15478,male,19,Kolkata,West Bengal,consumer,2023-04-06,organic search
15479,Customer_15479,male,53,Lucknow,Uttar Pradesh,consumer,2025-01-23,social media
15480,Customer_15480,male,18,Bengaluru,Karnataka,consumer,2024-07-30,organic search
15481,Customer_15481,female,27,Noida,Uttar Pradesh,corporate,2025-01-23,referral
15482,Customer_15482,female,48,Mysuru,Karnataka,consumer,2022-04-01,organic search
15483,Customer_15483,female,54,Chennai,Tamil Nadu,consumer,2022-07-21,email
15484,Customer_15484,female,22,Kolkata,West Bengal,consumer,2024-02-28,paid ads
15485,Customer_15485,female,58,Kolkata,West Bengal,corporate,2024-10-22,organic search
15486,Customer_15486,male,30,Amritsar,Punjab,consumer,2024-09-15,email
15487,Customer_15487,female,41,Delhi,Delhi,corporate,2023-05-25,paid ads
15488,Customer_15488,female,44,Udaipur,Rajasthan,consumer,2022-05-02,direct
15489,Customer_15489,female,18,Vadodara,Gujarat,consumer,2024-06-12,organic search
15490,Customer_15490,female,37,Faridabad,Haryana,corporate,2024-02-01,email
15491,Customer_15491,female,25,Nagpur,Maharashtra,home office,2023-11-21,organic search
15492,Customer_15492,female,20,Kanpur,Uttar Pradesh,consumer,2023-04-03,paid ads
15493,Customer_15493,female,49,Vadodara,Gujarat,consumer,2024-04-25,organic search
15494,Customer_15494,other,42,Mysuru,Karnataka,consumer,2023-07-02,paid ads
15495,Customer_15495,female,42,Hyderabad,Telangana,consumer,2024-03-24,organic search
15496,Customer_15496,male,31,Mysuru,Karnataka,consumer,2023-10-02,paid ads
15497,Customer_15497,male,60,Vadodara,Gujarat,consumer,2023-02-10,social media
15498,Customer_15498,female,44,Bhopal,Madhya Pradesh,home office,2025-01-08,organic search
15499,Customer_15499,male,49,Surat,Gujarat,home office,2022-12-25,referral
15500,Customer_15500,male,44,Jaipur,Rajasthan,consumer,2023-07-12,organic search
15501,Customer_15501,male,21,Warangal,Telangana,consumer,2022-03-10,organic search
15502,Customer_15502,female,56,Nashik,Maharashtra,corporate,2024-05-25,organic search
15503,Customer_15503,male,28,New Delhi,Delhi,consumer,2022-01-29,direct
15504,Customer_15504,male,20,Hyderabad,Telangana,consumer,2025-05-14,paid ads
15505,Customer_15505,male,42,Mysuru,Karnataka,consumer,2024-11-27,social media
15506,Customer_15506,female,41,New Delhi,Delhi,consumer,2022-03-16,social media
15507,Customer_15507,male,26,Hyderabad,Telangana,consumer,2024-03-19,social media
15508,Customer_15508,male,25,Bengaluru,Karnataka,home office,2022-12-21,paid ads
15509,Customer_15509,female,56,Delhi,Delhi,consumer,2025-03-29,paid ads
15510,Customer_15510,female,48,Hyderabad,Telangana,consumer,2025-08-29,referral
15511,Customer_15511,male,34,Pune,Maharashtra,consumer,2022-05-15,social media
15512,Customer_15512,female,60,Gurugram,Haryana,home office,2025-07-08,organic search
15513,Customer_15513,male,48,Indore,Madhya Pradesh,home office,2024-11-17,social media
15514,Customer_15514,female,21,Kolkata,West Bengal,consumer,2023-04-01,paid ads
15515,Customer_15515,male,21,Nashik,Maharashtra,home office,2024-06-18,social media
15516,Customer_15516,male,54,Kanpur,Uttar Pradesh,consumer,2022-12-17,referral
15517,Customer_15517,female,25,Kanpur,Uttar Pradesh,consumer,2024-01-10,social media
15518,Customer_15518,female,59,Lucknow,Uttar Pradesh,consumer,2025-07-21,social media
15519,Customer_15519,male,23,Mumbai,Maharashtra,consumer,2024-12-20,paid ads
15520,Customer_15520,male,26,Udaipur,Rajasthan,consumer,2023-05-26,direct
15521,Customer_15521,female,59,Noida,Uttar Pradesh,consumer,2022-10-07,social media
15522,Customer_15522,female,25,Surat,Gujarat,consumer,2025-06-14,organic search
15523,Customer_15523,male,49,Udaipur,Rajasthan,consumer,2024-02-07,paid ads
15524,Customer_15524,female,32,Coimbatore,Tamil Nadu,consumer,2024-12-14,paid ads
15525,Customer_15525,male,35,Hyderabad,Telangana,consumer,2022-09-24,paid ads
15526,Customer_15526,male,40,Nashik,Maharashtra,consumer,2025-08-17,referral
15527,Customer_15527,male,22,Udaipur,Rajasthan,consumer,2023-07-07,social media
15528,Customer_15528,male,44,Pune,Maharashtra,corporate,2025-09-18,paid ads
15529,Customer_15529,male,50,Chennai,Tamil Nadu,home office,2025-06-17,direct
15530,Customer_15530,male,19,Mysuru,Karnataka,consumer,2024-05-24,social media
15531,Customer_15531,male,59,Surat,Gujarat,consumer,2023-07-25,organic search
15532,Customer_15532,male,55,Pune,Maharashtra,consumer,2022-01-15,organic search
15533,Customer_15533,male,45,Kolkata,West Bengal,home office,2023-03-26,organic search
15534,Customer_15534,male,41,Lucknow,Uttar Pradesh,consumer,2025-06-02,referral
15535,Customer_15535,female,38,Nashik,Maharashtra,corporate,2022-05-04,paid ads
15536,Customer_15536,male,48,Mumbai,Maharashtra,consumer,2023-07-31,social media
15537,Customer_15537,female,28,Nagpur,Maharashtra,home office,2024-03-28,paid ads
15538,Customer_15538,male,45,Indore,Madhya Pradesh,consumer,2022-09-02,organic search
15539,Customer_15539,male,57,Hyderabad,Telangana,home office,2022-08-17,email
15540,Customer_15540,female,21,Warangal,Telangana,consumer,2022-11-25,organic search
15541,Customer_15541,female,60,Mumbai,Maharashtra,home office,2023-04-14,email
15542,Customer_15542,male,59,Jaipur,Rajasthan,consumer,2024-04-01,paid ads
15543,Customer_15543,male,33,Bhopal,Madhya Pradesh,consumer,2023-12-23,referral
15544,Customer_15544,female,29,Kanpur,Uttar Pradesh,corporate,2024-07-13,organic search
15545,Customer_15545,female,39,Ahmedabad,Gujarat,corporate,2024-09-16,referral
15546,Customer_15546,other,52,Nagpur,Maharashtra,consumer,2024-09-26,organic search
15547,Customer_15547,male,60,Nagpur,Maharashtra,consumer,2023-06-03,social media
15548,Customer_15548,male,33,Mumbai,Maharashtra,corporate,2023-09-25,organic search
15549,Customer_15549,female,41,New Delhi,Delhi,home office,2024-08-05,organic search
15550,Customer_15550,female,52,Pune,Maharashtra,consumer,2023-02-11,referral
15551,Customer_15551,female,45,Delhi,Delhi,consumer,2023-07-28,organic search
15552,Customer_15552,female,59,Coimbatore,Tamil Nadu,home office,2022-01-29,paid ads
15553,Customer_15553,female,46,Faridabad,Haryana,consumer,2022-01-16,organic search
15554,Customer_15554,male,38,Ahmedabad,Gujarat,corporate,2025-06-21,social media
15555,Customer_15555,male,42,Kanpur,Uttar Pradesh,home office,2024-12-10,referral
15556,Customer_15556,female,56,Kolkata,West Bengal,corporate,2022-05-11,organic search
15557,Customer_15557,male,48,Nagpur,Maharashtra,corporate,2025-06-15,email
15558,Customer_15558,male,32,Kolkata,West Bengal,home office,2025-05-13,organic search
15559,Customer_15559,male,59,Mysuru,Karnataka,home office,2025-08-15,organic search
15560,Customer_15560,male,52,Udaipur,Rajasthan,corporate,2023-03-21,paid ads
15561,Customer_15561,male,55,Bengaluru,Karnataka,consumer,2022-04-07,paid ads
15562,Customer_15562,female,39,Ludhiana,Punjab,consumer,2023-02-07,referral
15563,Customer_15563,male,22,Delhi,Delhi,consumer,2023-03-06,email
15564,Customer_15564,male,30,Mysuru,Karnataka,corporate,2025-08-27,direct
15565,Customer_15565,male,49,Faridabad,Haryana,consumer,2023-10-25,organic search
15566,Customer_15566,male,20,Nashik,Maharashtra,consumer,2022-10-13,social media
15567,Customer_15567,female,32,Kolkata,West Bengal,consumer,2023-02-13,social media
15568,Customer_15568,female,44,Kolkata,West Bengal,corporate,2024-05-27,organic search
15569,Customer_15569,male,44,Lucknow,Uttar Pradesh,home office,2023-06-10,organic search
15570,Customer_15570,female,47,Amritsar,Punjab,home office,2022-07-29,social media
15571,Customer_15571,male,23,Amritsar,Punjab,consumer,2024-07-09,organic search
15572,Customer_15572,other,42,Mumbai,Maharashtra,consumer,2024-03-16,paid ads
15573,Customer_15573,male,45,Kanpur,Uttar Pradesh,consumer,2024-01-18,referral
15574,Customer_15574,male,39,Jaipur,Rajasthan,consumer,2022-01-07,direct
15575,Customer_15575,female,21,Udaipur,Rajasthan,consumer,2022-06-18,organic search
15576,Customer_15576,female,32,Pune,Maharashtra,consumer,2023-07-14,paid ads
15577,Customer_15577,male,43,Udaipur,Rajasthan,consumer,2023-08-08,paid ads
15578,Customer_15578,female,35,Amritsar,Punjab,consumer,2025-12-04,referral
15579,Customer_15579,male,26,Gurugram,Haryana,consumer,2023-10-08,direct
15580,Customer_15580,female,21,Chennai,Tamil Nadu,consumer,2022-04-17,organic search
15581,Customer_15581,male,22,Pune,Maharashtra,consumer,2025-05-25,referral
15582,Customer_15582,female,23,Mysuru,Karnataka,consumer,2025-08-13,social media
15583,Customer_15583,male,29,Noida,Uttar Pradesh,consumer,2025-12-29,direct
15584,Customer_15584,male,48,Kolkata,West Bengal,consumer,2023-11-19,direct
15585,Customer_15585,female,26,Chennai,Tamil Nadu,consumer,2023-11-19,organic search
15586,Customer_15586,other,24,Pune,Maharashtra,home office,2023-04-03,social media
15587,Customer_15587,female,46,Chennai,Tamil Nadu,consumer,2024-08-06,organic search
15588,Customer_15588,male,31,Warangal,Telangana,consumer,2022-03-27,email
15589,Customer_15589,male,37,Gurugram,Haryana,home office,2023-06-25,direct
15590,Customer_15590,male,49,Jaipur,Rajasthan,consumer,2023-04-01,email
15591,Customer_15591,male,39,Mysuru,Karnataka,consumer,2025-04-18,social media
15592,Customer_15592,female,53,Hyderabad,Telangana,consumer,2024-02-16,social media
15593,Customer_15593,male,35,Nagpur,Maharashtra,consumer,2022-08-06,paid ads
15594,Customer_15594,female,57,Amritsar,Punjab,consumer,2025-12-26,direct
15595,Customer_15595,female,42,Bengaluru,Karnataka,consumer,2023-08-31,organic search
15596,Customer_15596,male,48,Warangal,Telangana,corporate,2025-03-04,organic search
15597,Customer_15597,female,52,Bengaluru,Karnataka,consumer,2025-01-01,social media
15598,Customer_15598,female,43,Jaipur,Rajasthan,home office,2023-06-02,social media
15599,Customer_15599,female,21,Jaipur,Rajasthan,home office,2023-02-28,social media
15600,Customer_15600,male,59,Kolkata,West Bengal,home office,2023-07-06,social media
15601,Customer_15601,female,37,New Delhi,Delhi,corporate,2023-03-19,social media
15602,Customer_15602,male,51,Mysuru,Karnataka,consumer,2025-08-20,paid ads
15603,Customer_15603,male,29,Nashik,Maharashtra,corporate,2024-05-24,paid ads
15604,Customer_15604,female,33,Udaipur,Rajasthan,consumer,2025-01-24,paid ads
15605,Customer_15605,female,59,Nagpur,Maharashtra,home office,2022-03-12,social media
15606,Customer_15606,male,22,Vadodara,Gujarat,consumer,2023-08-21,organic search
15607,Customer_15607,female,52,Bhopal,Madhya Pradesh,consumer,2025-01-10,email
15608,Customer_15608,female,44,Bhopal,Madhya Pradesh,home office,2024-07-30,direct
15609,Customer_15609,male,18,Coimbatore,Tamil Nadu,consumer,2022-12-27,referral
15610,Customer_15610,female,51,Coimbatore,Tamil Nadu,consumer,2025-03-08,organic search
15611,Customer_15611,female,60,Mumbai,Maharashtra,consumer,2022-02-08,organic search
15612,Customer_15612,female,49,Udaipur,Rajasthan,corporate,2023-09-07,email
15613,Customer_15613,male,56,Lucknow,Uttar Pradesh,consumer,2023-04-29,paid ads
15614,Customer_15614,male,50,Delhi,Delhi,consumer,2023-07-05,organic search
15615,Customer_15615,female,48,Chennai,Tamil Nadu,home office,2023-08-19,organic search
15616,Customer_15616,male,30,Noida,Uttar Pradesh,consumer,2024-12-05,organic search
15617,Customer_15617,male,19,Bhopal,Madhya Pradesh,consumer,2022-12-14,social media
15618,Customer_15618,female,47,New Delhi,Delhi,corporate,2023-08-27,email
15619,Customer_15619,male,27,Ahmedabad,Gujarat,consumer,2025-05-21,email
15620,Customer_15620,female,40,Delhi,Delhi,consumer,2024-07-13,organic search
15621,Customer_15621,female,50,Nagpur,Maharashtra,consumer,2024-01-14,organic search
15622,Customer_15622,female,56,Faridabad,Haryana,consumer,2024-09-10,referral
15623,Customer_15623,female,46,Lucknow,Uttar Pradesh,consumer,2025-09-21,referral
15624,Customer_15624,male,47,Noida,Uttar Pradesh,consumer,2023-11-11,organic search
15625,Customer_15625,male,51,Nashik,Maharashtra,consumer,2024-04-04,email
15626,Customer_15626,female,56,Bhopal,Madhya Pradesh,consumer,2022-03-04,direct
15627,Customer_15627,male,34,Coimbatore,Tamil Nadu,consumer,2023-12-14,organic search
15628,Customer_15628,female,39,Mysuru,Karnataka,corporate,2023-12-06,paid ads
15629,Customer_15629,female,22,Surat,Gujarat,home office,2024-04-03,referral
15630,Customer_15630,male,28,Nashik,Maharashtra,consumer,2025-02-12,organic search
15631,Customer_15631,female,39,Kanpur,Uttar Pradesh,consumer,2024-07-14,social media
15632,Customer_15632,male,49,Ahmedabad,Gujarat,home office,2024-04-11,referral
15633,Customer_15633,male,41,New Delhi,Delhi,consumer,2024-04-05,referral
15634,Customer_15634,female,28,Delhi,Delhi,home office,2022-01-19,organic search
15635,Customer_15635,female,28,Delhi,Delhi,consumer,2023-09-06,paid ads
15636,Customer_15636,male,34,Pune,Maharashtra,home office,2023-09-06,referral
15637,Customer_15637,male,49,Ahmedabad,Gujarat,consumer,2024-11-01,referral
15638,Customer_15638,male,36,Lucknow,Uttar Pradesh,consumer,2022-06-28,email
15639,Customer_15639,male,44,Nagpur,Maharashtra,home office,2024-05-24,referral
15640,Customer_15640,male,49,Nagpur,Maharashtra,home office,2024-02-14,email
15641,Customer_15641,male,42,Ahmedabad,Gujarat,consumer,2024-05-07,paid ads
15642,Customer_15642,female,45,Kanpur,Uttar Pradesh,home office,2022-12-01,referral
15643,Customer_15643,female,57,Mysuru,Karnataka,consumer,2022-09-21,referral
15644,Customer_15644,male,44,Mysuru,Karnataka,corporate,2022-05-16,social media
15645,Customer_15645,male,31,Ahmedabad,Gujarat,consumer,2025-09-11,email
15646,Customer_15646,female,59,Bengaluru,Karnataka,consumer,2024-02-06,social media
15647,Customer_15647,female,56,Pune,Maharashtra,corporate,2023-07-09,organic search
15648,Customer_15648,female,19,Kolkata,West Bengal,consumer,2023-06-23,organic search
15649,Customer_15649,male,34,Ahmedabad,Gujarat,consumer,2023-03-23,direct
15650,Customer_15650,male,18,Vadodara,Gujarat,consumer,2023-07-10,organic search
15651,Customer_15651,female,49,Noida,Uttar Pradesh,consumer,2025-03-23,paid ads
15652,Customer_15652,female,36,Udaipur,Rajasthan,corporate,2024-11-22,email
15653,Customer_15653,male,31,Delhi,Delhi,consumer,2022-03-19,referral
15654,Customer_15654,female,48,Mysuru,Karnataka,corporate,2025-06-18,email
15655,Customer_15655,male,35,Nagpur,Maharashtra,consumer,2024-11-10,organic search
15656,Customer_15656,male,31,Nashik,Maharashtra,consumer,2025-10-21,direct
15657,Customer_15657,female,31,Jaipur,Rajasthan,consumer,2023-12-04,referral
15658,Customer_15658,male,41,Indore,Madhya Pradesh,consumer,2024-08-21,email
15659,Customer_15659,female,22,Amritsar,Punjab,consumer,2023-10-01,organic search
15660,Customer_15660,male,33,Ahmedabad,Gujarat,consumer,2025-05-19,social media
15661,Customer_15661,male,22,Delhi,Delhi,consumer,2022-04-04,organic search
15662,Customer_15662,male,30,Mumbai,Maharashtra,home office,2022-04-22,paid ads
15663,Customer_15663,male,33,Noida,Uttar Pradesh,consumer,2023-09-26,organic search
15664,Customer_15664,male,32,Surat,Gujarat,corporate,2024-01-28,organic search
15665,Customer_15665,female,48,Ahmedabad,Gujarat,consumer,2025-10-21,organic search
15666,Customer_15666,female,22,Lucknow,Uttar Pradesh,consumer,2024-04-13,paid ads
15667,Customer_15667,male,38,Kolkata,West Bengal,consumer,2024-08-30,paid ads
15668,Customer_15668,male,47,Noida,Uttar Pradesh,consumer,2023-04-13,referral
15669,Customer_15669,other,40,Pune,Maharashtra,consumer,2023-04-26,social media
15670,Customer_15670,male,55,Noida,Uttar Pradesh,home office,2024-08-04,direct
15671,Customer_15671,male,46,Indore,Madhya Pradesh,consumer,2025-10-20,direct
15672,Customer_15672,male,30,Mysuru,Karnataka,consumer,2025-07-23,social media
15673,Customer_15673,female,49,Udaipur,Rajasthan,consumer,2024-03-25,referral
15674,Customer_15674,male,59,Mysuru,Karnataka,consumer,2025-04-09,paid ads
15675,Customer_15675,female,44,Amritsar,Punjab,consumer,2024-06-21,organic search
15676,Customer_15676,male,51,Mumbai,Maharashtra,home office,2024-05-21,paid ads
15677,Customer_15677,male,50,Ahmedabad,Gujarat,consumer,2022-12-17,paid ads
15678,Customer_15678,male,21,Mumbai,Maharashtra,corporate,2022-08-07,referral
15679,Customer_15679,female,35,Kolkata,West Bengal,consumer,2025-10-13,social media
15680,Customer_15680,female,23,Delhi,Delhi,consumer,2025-10-09,referral
15681,Customer_15681,male,45,Delhi,Delhi,consumer,2024-08-09,organic search
15682,Customer_15682,male,44,Warangal,Telangana,consumer,2023-05-12,email
15683,Customer_15683,female,43,Gurugram,Haryana,consumer,2024-08-09,email
15684,Customer_15684,female,37,New Delhi,Delhi,consumer,2022-10-16,referral
15685,Customer_15685,male,30,Mumbai,Maharashtra,consumer,2023-04-20,organic search
15686,Customer_15686,female,45,Kanpur,Uttar Pradesh,corporate,2023-10-24,social media
15687,Customer_15687,male,51,Warangal,Telangana,consumer,2024-03-14,social media
15688,Customer_15688,male,40,Gurugram,Haryana,corporate,2024-10-08,email
15689,Customer_15689,male,27,Mumbai,Maharashtra,consumer,2022-12-07,organic search
15690,Customer_15690,female,47,Udaipur,Rajasthan,home office,2023-11-18,referral
15691,Customer_15691,male,39,New Delhi,Delhi,consumer,2023-11-22,social media
15692,Customer_15692,female,22,Nashik,Maharashtra,consumer,2025-04-22,organic search
15693,Customer_15693,female,26,Udaipur,Rajasthan,home office,2022-04-24,organic search
15694,Customer_15694,female,60,Surat,Gujarat,consumer,2022-06-02,referral
15695,Customer_15695,male,21,Lucknow,Uttar Pradesh,consumer,2022-12-15,direct
15696,Customer_15696,male,59,Bengaluru,Karnataka,consumer,2024-10-30,paid ads
15697,Customer_15697,female,18,Coimbatore,Tamil Nadu,consumer,2023-01-28,referral
15698,Customer_15698,female,51,Chennai,Tamil Nadu,home office,2025-08-22,referral
15699,Customer_15699,female,58,Amritsar,Punjab,corporate,2024-06-03,referral
15700,Customer_15700,male,43,Bengaluru,Karnataka,corporate,2025-01-20,paid ads
15701,Customer_15701,male,35,Bengaluru,Karnataka,home office,2025-04-25,social media
15702,Customer_15702,female,33,Bengaluru,Karnataka,consumer,2024-05-10,paid ads
15703,Customer_15703,male,40,Vadodara,Gujarat,consumer,2022-06-01,organic search
15704,Customer_15704,female,53,New Delhi,Delhi,corporate,2025-08-13,email
15705,Customer_15705,male,43,Gurugram,Haryana,consumer,2022-07-08,direct
15706,Customer_15706,male,19,New Delhi,Delhi,consumer,2023-02-08,referral
15707,Customer_15707,male,22,Bhopal,Madhya Pradesh,consumer,2022-02-11,organic search
15708,Customer_15708,male,46,Nashik,Maharashtra,home office,2025-07-31,paid ads
15709,Customer_15709,male,21,Udaipur,Rajasthan,consumer,2025-04-17,direct
15710,Customer_15710,female,52,Gurugram,Haryana,corporate,2024-03-10,direct
15711,Customer_15711,male,39,New Delhi,Delhi,consumer,2023-06-05,direct
15712,Customer_15712,male,25,Amritsar,Punjab,consumer,2022-02-16,referral
15713,Customer_15713,female,38,Coimbatore,Tamil Nadu,corporate,2025-03-10,direct
15714,Customer_15714,male,25,Gurugram,Haryana,home office,2022-03-08,organic search
15715,Customer_15715,male,22,Udaipur,Rajasthan,consumer,2025-03-30,organic search
15716,Customer_15716,female,38,Mysuru,Karnataka,consumer,2025-11-05,social media
15717,Customer_15717,female,44,Delhi,Delhi,consumer,2023-05-05,organic search
15718,Customer_15718,male,55,Mysuru,Karnataka,corporate,2024-02-05,organic search
15719,Customer_15719,male,22,Nagpur,Maharashtra,consumer,2025-12-21,referral
15720,Customer_15720,female,38,Nashik,Maharashtra,consumer,2024-09-24,paid ads
15721,Customer_15721,male,25,Pune,Maharashtra,corporate,2024-02-22,organic search
15722,Customer_15722,female,39,Coimbatore,Tamil Nadu,consumer,2024-02-15,social media
15723,Customer_15723,female,35,Noida,Uttar Pradesh,consumer,2023-03-19,email
15724,Customer_15724,female,21,Nagpur,Maharashtra,home office,2024-08-03,organic search
15725,Customer_15725,male,21,Nashik,Maharashtra,home office,2025-05-31,email
15726,Customer_15726,male,54,Udaipur,Rajasthan,home office,2023-12-15,referral
15727,Customer_15727,female,32,Delhi,Delhi,consumer,2024-05-21,referral
15728,Customer_15728,male,55,Pune,Maharashtra,home office,2023-08-08,organic search
15729,Customer_15729,male,44,Pune,Maharashtra,corporate,2022-12-04,organic search
15730,Customer_15730,female,38,Gurugram,Haryana,consumer,2024-03-06,social media
15731,Customer_15731,male,21,Lucknow,Uttar Pradesh,consumer,2025-05-20,organic search
15732,Customer_15732,male,28,Mysuru,Karnataka,consumer,2023-02-03,organic search
15733,Customer_15733,female,36,unknown,Rajasthan,corporate,2023-12-14,direct
15734,Customer_15734,male,36,Surat,Gujarat,corporate,2025-10-26,organic search
15735,Customer_15735,male,44,Jaipur,Rajasthan,corporate,2023-01-06,social media
15736,Customer_15736,male,57,Jaipur,Rajasthan,consumer,2025-11-07,paid ads
15737,Customer_15737,female,59,Surat,Gujarat,consumer,2022-01-16,organic search
15738,Customer_15738,male,45,New Delhi,Delhi,consumer,2022-07-27,social media
15739,Customer_15739,male,22,Pune,Maharashtra,home office,2022-05-22,social media
15740,Customer_15740,female,42,Chennai,Tamil Nadu,consumer,2022-02-16,paid ads
15741,Customer_15741,female,20,Indore,Madhya Pradesh,consumer,2025-02-27,referral
15742,Customer_15742,male,43,Ahmedabad,Gujarat,consumer,2022-06-15,social media
15743,Customer_15743,female,27,Kanpur,Uttar Pradesh,consumer,2023-06-24,referral
15744,Customer_15744,male,41,Ludhiana,Punjab,consumer,2023-06-15,organic search
15745,Customer_15745,female,46,Nashik,Maharashtra,corporate,2025-11-11,paid ads
15746,Customer_15746,male,24,Kolkata,West Bengal,consumer,2022-07-21,paid ads
15747,Customer_15747,male,40,Udaipur,Rajasthan,consumer,2023-07-24,organic search
15748,Customer_15748,female,44,Ludhiana,Punjab,consumer,2024-03-28,paid ads
15749,Customer_15749,male,59,Amritsar,Punjab,consumer,2022-06-20,referral
15750,Customer_15750,male,26,Kolkata,West Bengal,home office,2025-09-22,organic search
15751,Customer_15751,male,20,Delhi,Delhi,consumer,2024-04-28,organic search
15752,Customer_15752,female,30,Lucknow,Uttar Pradesh,consumer,2022-03-10,direct
15753,Customer_15753,male,23,Nagpur,Maharashtra,home office,2025-04-15,social media
15754,Customer_15754,male,55,Noida,Uttar Pradesh,consumer,2025-01-18,social media
15755,Customer_15755,male,38,Gurugram,Haryana,corporate,2024-05-09,email
15756,Customer_15756,male,36,Coimbatore,Tamil Nadu,consumer,2023-04-08,social media
15757,Customer_15757,male,42,Surat,Gujarat,consumer,2024-09-06,email
15758,Customer_15758,male,56,Coimbatore,Tamil Nadu,consumer,2023-10-17,referral
15759,Customer_15759,male,21,Coimbatore,Tamil Nadu,consumer,2022-09-04,organic search
15760,Customer_15760,male,39,Bengaluru,Karnataka,corporate,2025-12-23,social media
15761,Customer_15761,female,22,Noida,Uttar Pradesh,home office,2022-07-14,organic search
15762,Customer_15762,female,18,Gurugram,Haryana,consumer,2023-01-27,social media
15763,Customer_15763,female,34,Faridabad,Haryana,consumer,2024-10-01,direct
15764,Customer_15764,male,26,New Delhi,Delhi,home office,2023-11-27,referral
15765,Customer_15765,female,26,Indore,Madhya Pradesh,consumer,2023-02-19,referral
15766,Customer_15766,male,41,Kanpur,Uttar Pradesh,consumer,2022-03-05,email
15767,Customer_15767,other,27,Delhi,Delhi,consumer,2025-12-24,organic search
15768,Customer_15768,male,37,Nagpur,Maharashtra,consumer,2025-06-13,paid ads
15769,Customer_15769,male,34,New Delhi,Delhi,consumer,2024-05-15,paid ads
15770,Customer_15770,male,30,Faridabad,Haryana,consumer,2022-04-09,referral
15771,Customer_15771,male,46,Jaipur,Rajasthan,consumer,2022-11-02,social media
15772,Customer_15772,female,53,Kolkata,West Bengal,home office,2024-03-29,organic search
15773,Customer_15773,female,40,New Delhi,Delhi,consumer,2023-06-13,referral
15774,Customer_15774,other,44,Kolkata,West Bengal,consumer,2023-06-22,referral
15775,Customer_15775,female,35,Pune,Maharashtra,consumer,2022-08-06,organic search
15776,Customer_15776,male,35,Bengaluru,Karnataka,corporate,2025-01-29,organic search
15777,Customer_15777,male,26,Vadodara,Gujarat,consumer,2023-09-11,social media
15778,Customer_15778,other,20,Pune,Maharashtra,consumer,2023-04-08,social media
15779,Customer_15779,female,24,Kanpur,Uttar Pradesh,corporate,2023-02-03,paid ads
15780,Customer_15780,female,32,New Delhi,Delhi,consumer,2024-04-27,referral
15781,Customer_15781,male,47,Jaipur,Rajasthan,consumer,2023-10-24,organic search
15782,Customer_15782,female,26,Chennai,Tamil Nadu,home office,2023-02-02,email
15783,Customer_15783,female,58,Surat,Gujarat,consumer,2025-04-10,social media
15784,Customer_15784,male,44,Nashik,Maharashtra,consumer,2022-04-01,email
15785,Customer_15785,male,53,Nashik,Maharashtra,consumer,2022-07-04,referral
15786,Customer_15786,male,35,Gurugram,Haryana,corporate,2022-08-13,referral
15787,Customer_15787,female,48,Delhi,Delhi,consumer,2023-06-28,social media
15788,Customer_15788,male,34,unknown,Uttar Pradesh,corporate,2022-03-17,direct
15789,Customer_15789,male,23,Ludhiana,Punjab,corporate,2023-05-29,direct
15790,Customer_15790,male,56,New Delhi,Delhi,consumer,2022-03-20,social media
15791,Customer_15791,male,42,Delhi,Delhi,corporate,2025-03-01,paid ads
15792,Customer_15792,male,59,Jaipur,Rajasthan,consumer,2022-07-22,organic search
15793,Customer_15793,male,59,Ludhiana,Punjab,consumer,2022-11-07,referral
15794,Customer_15794,female,55,Gurugram,Haryana,corporate,2024-02-25,paid ads
15795,Customer_15795,female,55,Warangal,Telangana,consumer,2023-04-26,direct
15796,Customer_15796,male,48,Noida,Uttar Pradesh,consumer,2022-02-06,organic search
15797,Customer_15797,female,46,Pune,Maharashtra,consumer,2024-07-04,paid ads
15798,Customer_15798,female,57,Amritsar,Punjab,consumer,2025-06-01,organic search
15799,Customer_15799,male,26,Amritsar,Punjab,consumer,2024-01-20,organic search
15800,Customer_15800,male,18,Pune,Maharashtra,corporate,2025-04-26,organic search
15801,Customer_15801,male,33,Mysuru,Karnataka,consumer,2022-06-06,paid ads
15802,Customer_15802,male,55,Mumbai,Maharashtra,home office,2024-12-29,direct
15803,Customer_15803,male,40,New Delhi,Delhi,corporate,2022-09-09,organic search
15804,Customer_15804,female,25,Lucknow,Uttar Pradesh,consumer,2024-06-07,organic search
15805,Customer_15805,male,29,Mysuru,Karnataka,consumer,2025-05-26,social media
15806,Customer_15806,female,27,Pune,Maharashtra,consumer,2025-08-12,social media
15807,Customer_15807,male,33,Bengaluru,Karnataka,home office,2024-05-07,direct
15808,Customer_15808,male,60,Ludhiana,Punjab,consumer,2024-07-23,organic search
15809,Customer_15809,male,41,Surat,Gujarat,consumer,2022-07-02,email
15810,Customer_15810,male,56,Coimbatore,Tamil Nadu,consumer,2023-07-10,referral
15811,Customer_15811,female,25,Nashik,Maharashtra,consumer,2022-12-06,organic search
15812,Customer_15812,female,28,Amritsar,Punjab,corporate,2024-05-26,organic search
15813,Customer_15813,male,58,Noida,Uttar Pradesh,consumer,2023-01-13,organic search
15814,Customer_15814,female,43,Mysuru,Karnataka,consumer,2025-10-12,organic search
15815,Customer_15815,female,24,Pune,Maharashtra,home office,2025-01-03,direct
15816,Customer_15816,female,32,Pune,Maharashtra,home office,2022-03-14,paid ads
15817,Customer_15817,male,32,Nagpur,Maharashtra,consumer,2025-04-08,direct
15818,Customer_15818,female,20,Surat,Gujarat,corporate,2025-04-17,organic search
15819,Customer_15819,male,33,Faridabad,Haryana,home office,2022-08-01,referral
15820,Customer_15820,female,32,Hyderabad,Telangana,consumer,2025-12-21,direct
15821,Customer_15821,male,42,Indore,Madhya Pradesh,consumer,2023-02-16,paid ads
15822,Customer_15822,male,50,Coimbatore,Tamil Nadu,home office,2024-11-01,organic search
15823,Customer_15823,male,31,Kolkata,West Bengal,consumer,2025-03-22,organic search
15824,Customer_15824,male,41,Kolkata,West Bengal,home office,2024-12-14,social media
15825,Customer_15825,female,28,New Delhi,Delhi,consumer,2022-09-04,social media
15826,Customer_15826,male,20,Bengaluru,Karnataka,consumer,2022-02-03,email
15827,Customer_15827,male,26,Jaipur,Rajasthan,consumer,2024-10-16,paid ads
15828,Customer_15828,female,23,Nashik,Maharashtra,consumer,2025-11-20,organic search
15829,Customer_15829,male,48,Mysuru,Karnataka,consumer,2024-10-06,organic search
15830,Customer_15830,male,33,Warangal,Telangana,consumer,2023-03-01,email
15831,Customer_15831,female,28,Amritsar,Punjab,consumer,2022-02-06,social media
15832,Customer_15832,male,34,Warangal,Telangana,consumer,2023-07-26,organic search
15833,Customer_15833,male,20,Noida,Uttar Pradesh,consumer,2024-12-27,email
15834,Customer_15834,male,36,Coimbatore,Tamil Nadu,corporate,2024-09-02,paid ads
15835,Customer_15835,female,41,Kanpur,Uttar Pradesh,consumer,2024-06-22,organic search
15836,Customer_15836,female,59,Surat,Gujarat,corporate,2022-09-28,referral
15837,Customer_15837,male,25,Bhopal,Madhya Pradesh,corporate,2025-11-03,social media
15838,Customer_15838,male,53,Coimbatore,Tamil Nadu,consumer,2023-04-18,organic search
15839,Customer_15839,male,57,Surat,Gujarat,consumer,2022-12-03,referral
15840,Customer_15840,female,19,Surat,Gujarat,home office,2024-08-21,social media
15841,Customer_15841,male,40,Chennai,Tamil Nadu,corporate,2022-01-08,referral
15842,Customer_15842,female,57,Mumbai,Maharashtra,consumer,2025-10-12,organic search
15843,Customer_15843,male,47,Nashik,Maharashtra,corporate,2024-12-17,paid ads
15844,Customer_15844,female,42,Nashik,Maharashtra,consumer,2024-11-01,social media
15845,Customer_15845,female,24,Indore,Madhya Pradesh,consumer,2023-05-11,email
15846,Customer_15846,female,45,Delhi,Delhi,consumer,2025-09-22,referral
15847,Customer_15847,male,58,Delhi,Delhi,consumer,2022-02-15,organic search
15848,Customer_15848,female,34,Kolkata,West Bengal,home office,2022-04-06,social media
15849,Customer_15849,male,49,Bengaluru,Karnataka,home office,2025-02-05,organic search
15850,Customer_15850,male,18,Warangal,Telangana,consumer,2023-01-30,social media
15851,Customer_15851,male,44,Nashik,Maharashtra,consumer,2024-06-20,organic search
15852,Customer_15852,female,53,Amritsar,Punjab,consumer,2023-04-17,social media
15853,Customer_15853,female,24,Indore,Madhya Pradesh,consumer,2025-08-14,organic search
15854,Customer_15854,male,20,Indore,Madhya Pradesh,consumer,2022-04-20,social media
15855,Customer_15855,female,47,Coimbatore,Tamil Nadu,consumer,2023-07-04,social media
15856,Customer_15856,male,18,Lucknow,Uttar Pradesh,consumer,2025-01-29,paid ads
15857,Customer_15857,female,51,Mumbai,Maharashtra,consumer,2023-12-21,email
15858,Customer_15858,female,55,Mumbai,Maharashtra,home office,2023-05-12,paid ads
15859,Customer_15859,female,60,Pune,Maharashtra,home office,2025-02-12,organic search
15860,Customer_15860,male,53,Ahmedabad,Gujarat,consumer,2024-02-17,paid ads
15861,Customer_15861,female,50,Chennai,Tamil Nadu,consumer,2025-09-22,email
15862,Customer_15862,female,60,Hyderabad,Telangana,consumer,2025-12-10,referral
15863,Customer_15863,female,33,Nashik,Maharashtra,consumer,2022-02-06,direct
15864,Customer_15864,male,55,Chennai,Tamil Nadu,home office,2024-02-11,email
15865,Customer_15865,female,28,Kolkata,West Bengal,corporate,2023-10-18,email
15866,Customer_15866,female,25,Chennai,Tamil Nadu,consumer,2023-11-19,direct
15867,Customer_15867,male,18,Kolkata,West Bengal,consumer,2024-10-28,paid ads
15868,Customer_15868,male,31,Delhi,Delhi,home office,2022-10-16,paid ads
15869,Customer_15869,male,47,Lucknow,Uttar Pradesh,consumer,2025-01-18,paid ads
15870,Customer_15870,female,38,Ahmedabad,Gujarat,consumer,2025-10-22,social media
15871,Customer_15871,male,38,New Delhi,Delhi,home office,2023-01-01,organic search
15872,Customer_15872,male,51,Delhi,Delhi,consumer,2024-05-18,organic search
15873,Customer_15873,female,55,Vadodara,Gujarat,consumer,2024-02-18,email
15874,Customer_15874,male,43,Kanpur,Uttar Pradesh,consumer,2023-12-28,social media
15875,Customer_15875,male,58,Chennai,Tamil Nadu,home office,2024-05-22,social media
15876,Customer_15876,male,31,New Delhi,Delhi,corporate,2025-10-17,referral
15877,Customer_15877,female,57,Indore,Madhya Pradesh,consumer,2024-08-01,organic search
15878,Customer_15878,female,52,Jaipur,Rajasthan,consumer,2022-09-20,referral
15879,Customer_15879,male,59,Coimbatore,Tamil Nadu,consumer,2025-03-26,email
15880,Customer_15880,female,35,Hyderabad,Telangana,consumer,2023-01-05,social media
15881,Customer_15881,male,37,New Delhi,Delhi,consumer,2023-01-13,referral
15882,Customer_15882,female,26,Ahmedabad,Gujarat,consumer,2025-07-28,organic search
15883,Customer_15883,male,58,Mysuru,Karnataka,consumer,2024-04-17,paid ads
15884,Customer_15884,male,50,Ludhiana,Punjab,home office,2024-10-09,referral
15885,Customer_15885,male,21,Warangal,Telangana,consumer,2022-09-25,referral
15886,Customer_15886,male,21,Hyderabad,Telangana,consumer,2024-07-01,organic search
15887,Customer_15887,male,33,Vadodara,Gujarat,consumer,2022-03-02,direct
15888,Customer_15888,female,43,Gurugram,Haryana,corporate,2024-11-18,social media
15889,Customer_15889,female,23,Kanpur,Uttar Pradesh,consumer,2024-01-22,direct
15890,Customer_15890,male,54,Chennai,Tamil Nadu,consumer,2023-06-17,social media
15891,Customer_15891,male,39,Kolkata,West Bengal,corporate,2024-09-11,direct
15892,Customer_15892,male,59,Vadodara,Gujarat,home office,2022-05-16,referral
15893,Customer_15893,male,56,Warangal,Telangana,corporate,2022-02-23,organic search
15894,Customer_15894,female,24,New Delhi,Delhi,consumer,2022-11-11,direct
15895,Customer_15895,male,59,Hyderabad,Telangana,consumer,2025-08-14,social media
15896,Customer_15896,female,47,New Delhi,Delhi,corporate,2025-05-17,email
15897,Customer_15897,male,27,Faridabad,Haryana,consumer,2023-11-20,referral
15898,Customer_15898,male,32,Bengaluru,Karnataka,consumer,2023-06-30,organic search
15899,Customer_15899,male,23,Faridabad,Haryana,home office,2024-06-03,organic search
15900,Customer_15900,male,41,Hyderabad,Telangana,corporate,2025-02-21,organic search
15901,Customer_15901,male,19,Vadodara,Gujarat,corporate,2025-03-31,referral
15902,Customer_15902,female,57,Surat,Gujarat,home office,2022-01-03,referral
15903,Customer_15903,male,32,Mumbai,Maharashtra,consumer,2024-10-22,organic search
15904,Customer_15904,male,38,Mysuru,Karnataka,corporate,2024-04-05,organic search
15905,Customer_15905,female,35,Pune,Maharashtra,consumer,2023-08-04,social media
15906,Customer_15906,male,22,Ahmedabad,Gujarat,home office,2023-12-04,organic search
15907,Customer_15907,female,42,Chennai,Tamil Nadu,consumer,2024-11-28,referral
15908,Customer_15908,male,53,Kanpur,Uttar Pradesh,consumer,2023-12-12,social media
15909,Customer_15909,male,27,Delhi,Delhi,consumer,2023-12-29,social media
15910,Customer_15910,female,40,Mumbai,Maharashtra,consumer,2024-01-11,organic search
15911,Customer_15911,female,41,Chennai,Tamil Nadu,consumer,2024-12-05,organic search
15912,Customer_15912,male,27,Faridabad,Haryana,consumer,2025-09-24,referral
15913,Customer_15913,male,23,Kolkata,West Bengal,consumer,2022-06-27,direct
15914,Customer_15914,female,30,Coimbatore,Tamil Nadu,consumer,2022-11-30,paid ads
15915,Customer_15915,male,38,Hyderabad,Telangana,consumer,2024-02-27,email
15916,Customer_15916,female,49,Nashik,Maharashtra,consumer,2024-02-11,organic search
15917,Customer_15917,female,60,Amritsar,Punjab,consumer,2023-06-20,organic search
15918,Customer_15918,female,32,Udaipur,Rajasthan,corporate,2024-05-07,paid ads
15919,Customer_15919,female,19,Bengaluru,Karnataka,consumer,2024-10-07,social media
15920,Customer_15920,female,32,Vadodara,Gujarat,consumer,2023-10-30,email
15921,Customer_15921,female,34,Nagpur,Maharashtra,consumer,2025-03-17,social media
15922,Customer_15922,female,37,Amritsar,Punjab,home office,2024-12-15,organic search
15923,Customer_15923,female,23,New Delhi,Delhi,consumer,2024-01-24,social media
15924,Customer_15924,male,32,Jaipur,Rajasthan,consumer,2023-11-29,paid ads
15925,Customer_15925,male,34,Delhi,Delhi,home office,2023-12-15,referral
15926,Customer_15926,female,43,Kolkata,West Bengal,corporate,2023-05-17,organic search
15927,Customer_15927,female,39,Lucknow,Uttar Pradesh,corporate,2022-03-30,direct
15928,Customer_15928,male,26,Udaipur,Rajasthan,consumer,2025-11-21,paid ads
15929,Customer_15929,male,29,Vadodara,Gujarat,corporate,2023-08-13,referral
15930,Customer_15930,female,39,Indore,Madhya Pradesh,consumer,2025-01-06,social media
15931,Customer_15931,female,40,Mumbai,Maharashtra,corporate,2022-06-19,referral
15932,Customer_15932,male,54,Mysuru,Karnataka,home office,2024-11-24,social media
15933,Customer_15933,female,31,Delhi,Delhi,home office,2024-01-06,social media
15934,Customer_15934,other,41,Ludhiana,Punjab,consumer,2022-09-15,social media
15935,Customer_15935,female,25,Chennai,Tamil Nadu,corporate,2024-04-29,organic search
15936,Customer_15936,female,43,Kolkata,West Bengal,consumer,2024-08-28,paid ads
15937,Customer_15937,male,49,Kolkata,West Bengal,consumer,2024-04-12,email
15938,Customer_15938,female,45,New Delhi,Delhi,consumer,2022-08-18,paid ads
15939,Customer_15939,male,49,New Delhi,Delhi,consumer,2023-01-13,social media
15940,Customer_15940,female,39,Mysuru,Karnataka,consumer,2023-07-12,organic search
15941,Customer_15941,male,26,Chennai,Tamil Nadu,consumer,2025-03-22,direct
15942,Customer_15942,male,20,New Delhi,Delhi,consumer,2024-09-22,paid ads
15943,Customer_15943,male,42,Nashik,Maharashtra,consumer,2022-12-31,paid ads
15944,Customer_15944,male,56,Indore,Madhya Pradesh,corporate,2023-05-08,referral
15945,Customer_15945,female,29,Ludhiana,Punjab,corporate,2022-12-25,organic search
15946,Customer_15946,female,46,Bengaluru,Karnataka,consumer,2023-02-04,organic search
15947,Customer_15947,female,20,Bengaluru,Karnataka,home office,2022-09-04,organic search
15948,Customer_15948,female,58,unknown,Maharashtra,consumer,2022-01-22,referral
15949,Customer_15949,male,40,Udaipur,Rajasthan,corporate,2024-07-27,organic search
15950,Customer_15950,female,40,Noida,Uttar Pradesh,consumer,2023-01-04,social media
15951,Customer_15951,female,35,Mumbai,Maharashtra,home office,2022-11-24,email
15952,Customer_15952,female,28,Nashik,Maharashtra,corporate,2024-07-19,organic search
15953,Customer_15953,male,53,Noida,Uttar Pradesh,consumer,2022-05-14,organic search
15954,Customer_15954,female,43,Surat,Gujarat,consumer,2024-08-02,paid ads
15955,Customer_15955,female,25,Pune,Maharashtra,corporate,2024-10-04,referral
15956,Customer_15956,male,45,Vadodara,Gujarat,consumer,2024-08-03,referral
15957,Customer_15957,female,35,Mysuru,Karnataka,consumer,2022-11-08,organic search
15958,Customer_15958,female,30,Bengaluru,Karnataka,consumer,2025-09-22,organic search
15959,Customer_15959,male,53,Noida,Uttar Pradesh,consumer,2025-07-04,social media
15960,Customer_15960,female,59,Kanpur,Uttar Pradesh,consumer,2023-02-06,direct
15961,Customer_15961,female,57,Chennai,Tamil Nadu,corporate,2023-08-22,organic search
15962,Customer_15962,female,29,Faridabad,Haryana,corporate,2024-05-04,email
15963,Customer_15963,female,39,Chennai,Tamil Nadu,consumer,2024-10-15,organic search
15964,Customer_15964,female,19,Noida,Uttar Pradesh,consumer,2022-08-08,direct
15965,Customer_15965,male,57,Hyderabad,Telangana,consumer,2022-05-24,organic search
15966,Customer_15966,male,45,Indore,Madhya Pradesh,consumer,2025-06-29,organic search
15967,Customer_15967,female,30,Gurugram,Haryana,consumer,2024-05-18,email
15968,Customer_15968,female,50,Nashik,Maharashtra,corporate,2023-09-11,social media
15969,Customer_15969,female,20,Gurugram,Haryana,home office,2025-02-04,referral
15970,Customer_15970,male,51,Lucknow,Uttar Pradesh,consumer,2022-08-01,referral
15971,Customer_15971,male,40,Noida,Uttar Pradesh,consumer,2022-06-06,paid ads
15972,Customer_15972,female,49,New Delhi,Delhi,corporate,2023-08-14,email
15973,Customer_15973,male,37,Lucknow,Uttar Pradesh,home office,2025-09-29,organic search
15974,Customer_15974,female,45,Bhopal,Madhya Pradesh,home office,2022-04-08,email
15975,Customer_15975,female,25,Bengaluru,Karnataka,consumer,2023-04-10,direct
15976,Customer_15976,female,20,Gurugram,Haryana,consumer,2023-05-08,paid ads
15977,Customer_15977,male,47,Nashik,Maharashtra,consumer,2022-12-30,referral
15978,Customer_15978,female,42,Mumbai,Maharashtra,consumer,2024-12-09,direct
15979,Customer_15979,female,47,Ahmedabad,Gujarat,corporate,2022-03-22,organic search
15980,Customer_15980,male,46,Surat,Gujarat,consumer,2025-03-11,social media
15981,Customer_15981,male,47,Udaipur,Rajasthan,corporate,2022-09-02,organic search
15982,Customer_15982,male,51,Nagpur,Maharashtra,consumer,2023-09-17,organic search
15983,Customer_15983,male,42,Amritsar,Punjab,home office,2025-05-19,email
15984,Customer_15984,female,34,Pune,Maharashtra,consumer,2025-04-09,social media
15985,Customer_15985,female,41,Pune,Maharashtra,consumer,2024-01-14,organic search
15986,Customer_15986,other,55,Nashik,Maharashtra,consumer,2024-07-15,social media
15987,Customer_15987,female,45,Ahmedabad,Gujarat,consumer,2023-08-06,social media
15988,Customer_15988,female,50,Gurugram,Haryana,corporate,2025-03-01,organic search
15989,Customer_15989,male,53,Udaipur,Rajasthan,consumer,2022-04-14,referral
15990,Customer_15990,female,24,Lucknow,Uttar Pradesh,corporate,2023-08-22,organic search
15991,Customer_15991,female,40,Pune,Maharashtra,consumer,2023-03-26,organic search
15992,Customer_15992,female,43,Ahmedabad,Gujarat,consumer,2024-09-20,paid ads
15993,Customer_15993,female,31,Chennai,Tamil Nadu,corporate,2024-06-27,social media
15994,Customer_15994,female,59,Hyderabad,Telangana,home office,2023-01-17,referral
15995,Customer_15995,female,45,Mumbai,Maharashtra,consumer,2024-01-18,organic search
15996,Customer_15996,female,41,Kolkata,West Bengal,home office,2022-03-29,referral
15997,Customer_15997,male,24,Warangal,Telangana,consumer,2022-01-03,organic search
15998,Customer_15998,female,53,Noida,Uttar Pradesh,consumer,2024-09-20,organic search
15999,Customer_15999,female,56,Hyderabad,Telangana,corporate,2023-09-16,referral
16000,Customer_16000,male,32,Pune,Maharashtra,consumer,2023-01-04,paid ads
16001,Customer_16001,male,20,Jaipur,Rajasthan,consumer,2024-07-06,paid ads
16002,Customer_16002,female,19,New Delhi,Delhi,consumer,2022-03-23,paid ads
16003,Customer_16003,male,24,Indore,Madhya Pradesh,consumer,2022-11-23,social media
16004,Customer_16004,male,33,Surat,Gujarat,consumer,2022-01-02,paid ads
16005,Customer_16005,unknown,38,Pune,Maharashtra,consumer,2023-03-10,organic search
16006,Customer_16006,female,26,Ludhiana,Punjab,corporate,2025-10-24,email
16007,Customer_16007,female,29,Hyderabad,Telangana,consumer,2022-01-02,social media
16008,Customer_16008,male,46,Mumbai,Maharashtra,consumer,2024-01-05,email
16009,Customer_16009,male,41,Vadodara,Gujarat,home office,2022-01-08,referral
16010,Customer_16010,male,50,Delhi,Delhi,consumer,2022-07-05,organic search
16011,Customer_16011,male,31,Noida,Uttar Pradesh,corporate,2024-09-03,social media
16012,Customer_16012,male,60,Kanpur,Uttar Pradesh,home office,2022-07-06,email
16013,Customer_16013,female,35,Ludhiana,Punjab,corporate,2022-11-04,organic search
16014,Customer_16014,female,22,Warangal,Telangana,consumer,2023-06-05,organic search
16015,Customer_16015,male,32,Chennai,Tamil Nadu,corporate,2024-10-22,organic search
16016,Customer_16016,male,24,Kanpur,Uttar Pradesh,consumer,2025-12-18,paid ads
16017,Customer_16017,female,42,Pune,Maharashtra,consumer,2024-11-19,social media
16018,Customer_16018,male,31,Surat,Gujarat,consumer,2022-01-16,organic search
16019,Customer_16019,male,57,Surat,Gujarat,consumer,2025-12-11,referral
16020,Customer_16020,female,53,Pune,Maharashtra,consumer,2023-04-23,organic search
16021,Customer_16021,male,52,Chennai,Tamil Nadu,consumer,2023-03-31,paid ads
16022,Customer_16022,male,41,Bhopal,Madhya Pradesh,consumer,2022-01-19,referral
16023,Customer_16023,male,32,Bhopal,Madhya Pradesh,home office,2023-08-08,organic search
16024,Customer_16024,female,28,Nashik,Maharashtra,consumer,2024-01-02,email
16025,Customer_16025,male,41,Nagpur,Maharashtra,consumer,2022-04-01,referral
16026,Customer_16026,male,28,New Delhi,Delhi,consumer,2025-08-14,organic search
16027,Customer_16027,male,34,Indore,Madhya Pradesh,consumer,2023-08-13,paid ads
16028,Customer_16028,female,23,Pune,Maharashtra,consumer,2022-05-22,social media
16029,Customer_16029,male,38,Kolkata,West Bengal,consumer,2024-07-28,paid ads
16030,Customer_16030,male,25,Mumbai,Maharashtra,consumer,2025-03-08,social media
16031,Customer_16031,male,32,Vadodara,Gujarat,corporate,2022-05-10,organic search
16032,Customer_16032,male,49,Bengaluru,Karnataka,consumer,2024-07-05,referral
16033,Customer_16033,male,27,Kanpur,Uttar Pradesh,consumer,2023-02-08,social media
16034,Customer_16034,male,45,New Delhi,Delhi,consumer,2023-07-04,direct
16035,Customer_16035,male,32,Jaipur,Rajasthan,consumer,2023-09-23,email
16036,Customer_16036,male,29,Delhi,Delhi,consumer,2022-01-15,social media
16037,Customer_16037,male,60,Kolkata,West Bengal,consumer,2024-03-18,organic search
16038,Customer_16038,male,35,Bhopal,Madhya Pradesh,home office,2022-11-28,referral
16039,Customer_16039,male,54,Mumbai,Maharashtra,consumer,2023-03-30,referral
16040,Customer_16040,female,41,Indore,Madhya Pradesh,consumer,2024-08-09,paid ads
16041,Customer_16041,female,54,Vadodara,Gujarat,consumer,2024-11-25,social media
16042,Customer_16042,female,46,Pune,Maharashtra,home office,2024-07-02,organic search
16043,Customer_16043,female,27,Coimbatore,Tamil Nadu,consumer,2025-11-20,referral
16044,Customer_16044,female,31,Mumbai,Maharashtra,consumer,2022-10-23,social media
16045,Customer_16045,female,33,Kolkata,West Bengal,corporate,2022-04-19,direct
16046,Customer_16046,female,54,Kanpur,Uttar Pradesh,home office,2025-11-14,referral
16047,Customer_16047,male,28,Pune,Maharashtra,corporate,2024-06-07,organic search
16048,Customer_16048,male,43,Hyderabad,Telangana,consumer,2023-10-06,social media
16049,Customer_16049,female,57,Kanpur,Uttar Pradesh,consumer,2025-07-28,referral
16050,Customer_16050,other,36,Faridabad,Haryana,consumer,2022-09-11,email
16051,Customer_16051,male,35,Hyderabad,Telangana,consumer,2024-01-27,social media
16052,Customer_16052,female,47,Gurugram,Haryana,corporate,2024-11-25,email
16053,Customer_16053,male,49,Hyderabad,Telangana,corporate,2024-07-10,organic search
16054,Customer_16054,male,40,Chennai,Tamil Nadu,consumer,2025-04-08,social media
16055,Customer_16055,male,29,Bhopal,Madhya Pradesh,corporate,2024-12-19,referral
16056,Customer_16056,male,30,Hyderabad,Telangana,home office,2023-03-16,organic search
16057,Customer_16057,male,38,Warangal,Telangana,home office,2025-01-19,paid ads
16058,Customer_16058,female,38,Warangal,Telangana,corporate,2024-09-09,email
16059,Customer_16059,female,46,Indore,Madhya Pradesh,consumer,2025-05-26,social media
16060,Customer_16060,female,46,Kanpur,Uttar Pradesh,consumer,2024-05-17,direct
16061,Customer_16061,male,44,Chennai,Tamil Nadu,consumer,2022-10-22,paid ads
16062,Customer_16062,female,46,Bengaluru,Karnataka,consumer,2023-08-08,email
16063,Customer_16063,male,32,Warangal,Telangana,consumer,2025-06-09,paid ads
16064,Customer_16064,male,29,Surat,Gujarat,consumer,2025-05-09,email
16065,Customer_16065,unknown,58,Delhi,Delhi,consumer,2023-10-18,direct
16066,Customer_16066,male,36,Lucknow,Uttar Pradesh,consumer,2024-09-18,email
16067,Customer_16067,male,29,Warangal,Telangana,consumer,2022-03-27,social media
16068,Customer_16068,male,40,Bengaluru,Karnataka,consumer,2023-02-03,referral
16069,Customer_16069,female,22,Nagpur,Maharashtra,consumer,2022-07-27,referral
16070,Customer_16070,male,43,Delhi,Delhi,consumer,2024-06-25,referral
16071,Customer_16071,female,27,Faridabad,Haryana,consumer,2025-02-26,paid ads
16072,Customer_16072,female,39,Mysuru,Karnataka,home office,2024-03-08,social media
16073,Customer_16073,female,56,Delhi,Delhi,consumer,2022-01-16,social media
16074,Customer_16074,female,40,Coimbatore,Tamil Nadu,consumer,2024-12-19,organic search
16075,Customer_16075,male,28,Mysuru,Karnataka,consumer,2025-10-25,organic search
16076,Customer_16076,male,45,Nagpur,Maharashtra,consumer,2024-03-13,organic search
16077,Customer_16077,male,48,Bengaluru,Karnataka,consumer,2023-09-15,organic search
16078,Customer_16078,male,25,Vadodara,Gujarat,consumer,2024-05-01,organic search
16079,Customer_16079,female,56,Surat,Gujarat,home office,2022-04-06,paid ads
16080,Customer_16080,male,45,Bengaluru,Karnataka,corporate,2024-02-01,paid ads
16081,Customer_16081,male,33,Chennai,Tamil Nadu,consumer,2024-09-01,social media
16082,Customer_16082,female,48,Ludhiana,Punjab,consumer,2025-04-07,direct
16083,Customer_16083,female,58,Bengaluru,Karnataka,consumer,2022-04-30,referral
16084,Customer_16084,female,33,New Delhi,Delhi,consumer,2025-01-01,organic search
16085,Customer_16085,female,22,New Delhi,Delhi,corporate,2022-07-20,social media
16086,Customer_16086,female,52,Coimbatore,Tamil Nadu,consumer,2024-02-27,referral
16087,Customer_16087,female,42,Noida,Uttar Pradesh,consumer,2022-07-30,direct
16088,Customer_16088,male,30,Delhi,Delhi,consumer,2024-05-09,paid ads
16089,Customer_16089,other,46,Kolkata,West Bengal,consumer,2025-05-08,organic search
16090,Customer_16090,female,44,Mumbai,Maharashtra,home office,2025-07-08,paid ads
16091,Customer_16091,male,57,Coimbatore,Tamil Nadu,consumer,2022-11-16,paid ads
16092,Customer_16092,male,34,Kanpur,Uttar Pradesh,consumer,2024-06-03,email
16093,Customer_16093,female,54,Mysuru,Karnataka,consumer,2025-01-18,organic search
16094,Customer_16094,female,55,Ahmedabad,Gujarat,consumer,2022-06-30,email
16095,Customer_16095,male,46,Delhi,Delhi,consumer,2025-11-27,email
16096,Customer_16096,male,51,Kanpur,Uttar Pradesh,consumer,2022-11-26,email
16097,Customer_16097,female,47,Mumbai,Maharashtra,consumer,2024-01-26,social media
16098,Customer_16098,female,48,Bhopal,Madhya Pradesh,consumer,2023-12-10,paid ads
16099,Customer_16099,male,39,New Delhi,Delhi,consumer,2023-09-28,email
16100,Customer_16100,male,42,Bhopal,Madhya Pradesh,consumer,2023-08-24,direct
16101,Customer_16101,female,21,Bengaluru,Karnataka,consumer,2023-07-23,social media
16102,Customer_16102,male,52,Kolkata,West Bengal,consumer,2022-01-17,organic search
16103,Customer_16103,female,58,Mysuru,Karnataka,home office,2024-07-01,paid ads
16104,Customer_16104,male,26,Faridabad,Haryana,consumer,2024-01-19,organic search
16105,Customer_16105,male,43,Mumbai,Maharashtra,corporate,2024-12-05,referral
16106,Customer_16106,male,44,Delhi,Delhi,corporate,2023-05-08,email
16107,Customer_16107,male,44,Warangal,Telangana,consumer,2024-02-25,organic search
16108,Customer_16108,male,35,Nashik,Maharashtra,corporate,2025-07-07,social media
16109,Customer_16109,male,47,New Delhi,Delhi,corporate,2023-06-22,email
16110,Customer_16110,female,48,Gurugram,Haryana,consumer,2025-02-28,referral
16111,Customer_16111,male,59,Amritsar,Punjab,home office,2023-10-07,organic search
16112,Customer_16112,female,20,Mysuru,Karnataka,consumer,2022-03-03,organic search
16113,Customer_16113,male,46,Gurugram,Haryana,consumer,2025-02-02,referral
16114,Customer_16114,female,24,Vadodara,Gujarat,corporate,2022-08-26,organic search
16115,Customer_16115,male,35,Delhi,Delhi,consumer,2022-04-16,social media
16116,Customer_16116,male,33,Kolkata,West Bengal,corporate,2023-10-13,referral
16117,Customer_16117,female,49,Jaipur,Rajasthan,corporate,2025-08-12,organic search
16118,Customer_16118,female,55,Ludhiana,Punjab,home office,2024-11-20,email
16119,Customer_16119,female,42,Delhi,Delhi,consumer,2023-03-09,direct
16120,Customer_16120,female,49,Jaipur,Rajasthan,home office,2022-10-01,social media
16121,Customer_16121,female,36,Mumbai,Maharashtra,consumer,2024-11-30,organic search
16122,Customer_16122,male,20,Nagpur,Maharashtra,consumer,2023-06-10,organic search
16123,Customer_16123,female,52,Pune,Maharashtra,consumer,2024-04-01,paid ads
16124,Customer_16124,female,46,Ludhiana,Punjab,consumer,2023-01-22,organic search
16125,Customer_16125,other,28,Noida,Uttar Pradesh,consumer,2023-01-28,email
16126,Customer_16126,female,23,Lucknow,Uttar Pradesh,consumer,2024-09-04,email
16127,Customer_16127,male,36,Hyderabad,Telangana,consumer,2023-05-16,social media
16128,Customer_16128,male,54,Mysuru,Karnataka,consumer,2022-10-28,paid ads
16129,Customer_16129,female,44,Pune,Maharashtra,home office,2023-03-05,organic search
16130,Customer_16130,female,22,Mysuru,Karnataka,consumer,2025-09-21,direct
16131,Customer_16131,female,43,Mysuru,Karnataka,consumer,2024-04-17,social media
16132,Customer_16132,female,52,Lucknow,Uttar Pradesh,corporate,2022-08-15,direct
16133,Customer_16133,male,36,Surat,Gujarat,consumer,2025-08-07,referral
16134,Customer_16134,male,34,Pune,Maharashtra,corporate,2023-11-11,paid ads
16135,Customer_16135,male,52,Nashik,Maharashtra,consumer,2023-02-17,paid ads
16136,Customer_16136,female,30,Nagpur,Maharashtra,consumer,2024-08-01,paid ads
16137,Customer_16137,female,31,Chennai,Tamil Nadu,consumer,2024-03-29,paid ads
16138,Customer_16138,male,47,Faridabad,Haryana,consumer,2024-06-04,organic search
16139,Customer_16139,female,60,Udaipur,Rajasthan,consumer,2022-07-17,social media
16140,Customer_16140,male,34,Noida,Uttar Pradesh,consumer,2025-09-23,referral
16141,Customer_16141,male,54,Warangal,Telangana,home office,2023-10-26,paid ads
16142,Customer_16142,female,32,Bengaluru,Karnataka,consumer,2025-01-03,social media
16143,Customer_16143,male,35,Nashik,Maharashtra,consumer,2025-06-13,referral
16144,Customer_16144,female,31,Indore,Madhya Pradesh,corporate,2024-11-01,social media
16145,Customer_16145,female,31,Noida,Uttar Pradesh,consumer,2022-12-24,paid ads
16146,Customer_16146,female,50,Pune,Maharashtra,corporate,2024-03-01,organic search
16147,Customer_16147,male,55,Hyderabad,Telangana,consumer,2024-05-27,paid ads
16148,Customer_16148,male,28,Warangal,Telangana,consumer,2022-09-02,email
16149,Customer_16149,female,28,Surat,Gujarat,consumer,2024-07-28,organic search
16150,Customer_16150,female,43,Gurugram,Haryana,consumer,2022-04-29,referral
16151,Customer_16151,female,20,Surat,Gujarat,consumer,2022-05-10,organic search
16152,Customer_16152,male,42,Surat,Gujarat,home office,2024-07-31,social media
16153,Customer_16153,male,34,Nagpur,Maharashtra,consumer,2022-12-17,paid ads
16154,Customer_16154,female,39,Nashik,Maharashtra,consumer,2022-06-21,paid ads
16155,Customer_16155,female,46,New Delhi,Delhi,consumer,2022-04-12,social media
16156,Customer_16156,male,43,Pune,Maharashtra,consumer,2024-03-08,organic search
16157,Customer_16157,male,51,Noida,Uttar Pradesh,consumer,2022-04-09,referral
16158,Customer_16158,female,43,Kolkata,West Bengal,consumer,2022-01-26,organic search
16159,Customer_16159,male,26,Mumbai,Maharashtra,consumer,2025-11-05,organic search
16160,Customer_16160,male,57,Kanpur,Uttar Pradesh,consumer,2022-09-15,social media
16161,Customer_16161,male,28,Nashik,Maharashtra,corporate,2022-10-25,referral
16162,Customer_16162,male,24,Bengaluru,Karnataka,consumer,2024-10-06,direct
16163,Customer_16163,female,47,Delhi,Delhi,consumer,2025-11-25,organic search
16164,Customer_16164,male,19,unknown,Karnataka,corporate,2022-07-06,paid ads
16165,Customer_16165,male,47,Delhi,Delhi,home office,2023-01-10,email
16166,Customer_16166,male,21,Hyderabad,Telangana,consumer,2023-04-23,organic search
16167,Customer_16167,male,31,Coimbatore,Tamil Nadu,home office,2024-12-24,organic search
16168,Customer_16168,female,30,Ludhiana,Punjab,consumer,2023-08-07,direct
16169,Customer_16169,male,42,Nagpur,Maharashtra,consumer,2023-03-12,organic search
16170,Customer_16170,female,30,Mumbai,Maharashtra,corporate,2023-03-04,organic search
16171,Customer_16171,male,30,Mumbai,Maharashtra,home office,2024-09-28,social media
16172,Customer_16172,male,54,Vadodara,Gujarat,consumer,2022-12-15,organic search
16173,Customer_16173,male,23,Nashik,Maharashtra,consumer,2023-04-19,direct
16174,Customer_16174,male,43,Kanpur,Uttar Pradesh,consumer,2025-06-02,email
16175,Customer_16175,female,31,Warangal,Telangana,consumer,2023-08-24,referral
16176,Customer_16176,male,25,Hyderabad,Telangana,corporate,2023-12-26,organic search
16177,Customer_16177,female,41,Vadodara,Gujarat,consumer,2025-02-09,organic search
16178,Customer_16178,male,39,New Delhi,Delhi,consumer,2024-04-10,organic search
16179,Customer_16179,male,57,New Delhi,Delhi,consumer,2022-07-14,organic search
16180,Customer_16180,male,56,Bengaluru,Karnataka,home office,2025-06-25,direct
16181,Customer_16181,female,38,Ahmedabad,Gujarat,consumer,2024-12-03,social media
16182,Customer_16182,male,60,Delhi,Delhi,corporate,2024-11-15,email
16183,Customer_16183,male,43,Mumbai,Maharashtra,home office,2025-03-17,social media
16184,Customer_16184,male,27,Amritsar,Punjab,consumer,2024-04-29,paid ads
16185,Customer_16185,male,30,Mumbai,Maharashtra,corporate,2022-10-27,direct
16186,Customer_16186,female,59,Kanpur,Uttar Pradesh,corporate,2024-02-17,referral
16187,Customer_16187,female,31,Kanpur,Uttar Pradesh,consumer,2023-02-14,social media
16188,Customer_16188,female,26,Mysuru,Karnataka,consumer,2025-03-11,social media
16189,Customer_16189,female,24,Nashik,Maharashtra,consumer,2025-09-22,social media
16190,Customer_16190,male,56,Nagpur,Maharashtra,consumer,2022-05-28,email
16191,Customer_16191,male,48,Kolkata,West Bengal,consumer,2025-04-01,social media
16192,Customer_16192,female,33,Udaipur,Rajasthan,consumer,2025-03-22,organic search
16193,Customer_16193,male,25,Noida,Uttar Pradesh,consumer,2024-04-28,paid ads
16194,Customer_16194,male,32,Faridabad,Haryana,consumer,2025-06-04,email
16195,Customer_16195,female,42,Kolkata,West Bengal,consumer,2024-08-12,referral
16196,Customer_16196,female,55,Pune,Maharashtra,consumer,2025-12-03,organic search
16197,Customer_16197,female,58,Delhi,Delhi,consumer,2025-10-31,organic search
16198,Customer_16198,female,32,Bhopal,Madhya Pradesh,consumer,2025-01-27,email
16199,Customer_16199,male,42,New Delhi,Delhi,consumer,2025-03-31,organic search
16200,Customer_16200,male,24,Mumbai,Maharashtra,consumer,2023-01-10,referral
16201,Customer_16201,male,43,Kolkata,West Bengal,consumer,2025-02-19,social media
16202,Customer_16202,female,25,Chennai,Tamil Nadu,consumer,2022-12-05,organic search
16203,Customer_16203,female,35,Gurugram,Haryana,consumer,2022-06-14,organic search
16204,Customer_16204,male,38,Udaipur,Rajasthan,corporate,2024-07-25,organic search
16205,Customer_16205,male,33,Nagpur,Maharashtra,consumer,2022-11-20,paid ads
16206,Customer_16206,male,20,Faridabad,Haryana,consumer,2024-12-01,referral
16207,Customer_16207,female,18,Delhi,Delhi,consumer,2022-09-06,organic search
16208,Customer_16208,female,30,Bengaluru,Karnataka,home office,2022-04-22,paid ads
16209,Customer_16209,male,49,Chennai,Tamil Nadu,consumer,2024-12-04,social media
16210,Customer_16210,female,29,Nashik,Maharashtra,consumer,2025-11-06,organic search
16211,Customer_16211,female,48,Hyderabad,Telangana,home office,2023-04-15,email
16212,Customer_16212,male,58,Nagpur,Maharashtra,corporate,2025-02-26,referral
16213,Customer_16213,female,19,Coimbatore,Tamil Nadu,consumer,2023-01-01,paid ads
16214,Customer_16214,male,58,Mysuru,Karnataka,consumer,2025-03-07,social media
16215,Customer_16215,male,25,Noida,Uttar Pradesh,consumer,2024-10-24,paid ads
16216,Customer_16216,male,42,Noida,Uttar Pradesh,consumer,2024-07-09,organic search
16217,Customer_16217,female,22,Pune,Maharashtra,consumer,2022-10-24,paid ads
16218,Customer_16218,female,19,Mysuru,Karnataka,corporate,2023-01-20,organic search
16219,Customer_16219,male,59,Bengaluru,Karnataka,consumer,2024-06-02,referral
16220,Customer_16220,female,55,Nagpur,Maharashtra,corporate,2023-03-28,social media
16221,Customer_16221,male,56,Kanpur,Uttar Pradesh,corporate,2023-01-14,organic search
16222,Customer_16222,female,20,Kolkata,West Bengal,consumer,2023-10-13,referral
16223,Customer_16223,female,55,Delhi,Delhi,consumer,2024-04-05,organic search
16224,Customer_16224,male,39,Mysuru,Karnataka,consumer,2022-03-08,paid ads
16225,Customer_16225,male,57,Mumbai,Maharashtra,consumer,2025-08-17,direct
16226,Customer_16226,female,50,Ahmedabad,Gujarat,consumer,2022-10-04,email
16227,Customer_16227,male,49,Nagpur,Maharashtra,consumer,2024-09-18,direct
16228,Customer_16228,female,34,Amritsar,Punjab,corporate,2025-09-28,social media
16229,Customer_16229,male,35,Kanpur,Uttar Pradesh,consumer,2023-11-13,email
16230,Customer_16230,female,20,Chennai,Tamil Nadu,consumer,2024-09-24,organic search
16231,Customer_16231,male,23,Ahmedabad,Gujarat,corporate,2025-12-28,organic search
16232,Customer_16232,male,30,Faridabad,Haryana,consumer,2023-04-04,organic search
16233,Customer_16233,male,48,Ahmedabad,Gujarat,consumer,2023-04-23,social media
16234,Customer_16234,female,34,New Delhi,Delhi,consumer,2024-01-28,organic search
16235,Customer_16235,male,38,Mysuru,Karnataka,consumer,2022-04-15,social media
16236,Customer_16236,male,33,Bhopal,Madhya Pradesh,consumer,2024-12-07,organic search
16237,Customer_16237,female,34,Udaipur,Rajasthan,home office,2022-06-22,organic search
16238,Customer_16238,female,49,Udaipur,Rajasthan,consumer,2022-10-14,direct
16239,Customer_16239,male,18,Bhopal,Madhya Pradesh,consumer,2023-02-12,referral
16240,Customer_16240,other,55,Indore,Madhya Pradesh,consumer,2023-09-18,paid ads
16241,Customer_16241,female,25,Gurugram,Haryana,consumer,2025-12-17,social media
16242,Customer_16242,male,18,Nashik,Maharashtra,consumer,2022-06-17,organic search
16243,Customer_16243,male,19,Surat,Gujarat,consumer,2022-05-25,paid ads
16244,Customer_16244,female,54,Noida,Uttar Pradesh,consumer,2023-12-22,social media
16245,Customer_16245,female,41,Noida,Uttar Pradesh,consumer,2024-08-23,email
16246,Customer_16246,male,44,Vadodara,Gujarat,consumer,2025-09-04,organic search
16247,Customer_16247,male,37,Mumbai,Maharashtra,home office,2025-01-05,social media
16248,Customer_16248,male,38,Noida,Uttar Pradesh,corporate,2024-05-03,organic search
16249,Customer_16249,female,59,Kolkata,West Bengal,consumer,2025-10-20,paid ads
16250,Customer_16250,male,54,Pune,Maharashtra,consumer,2024-02-29,social media
16251,Customer_16251,male,52,Warangal,Telangana,consumer,2024-11-09,social media
16252,Customer_16252,female,55,Delhi,Delhi,corporate,2022-01-31,social media
16253,Customer_16253,female,32,Bengaluru,Karnataka,consumer,2024-11-28,email
16254,Customer_16254,male,59,Nashik,Maharashtra,home office,2025-01-14,referral
16255,Customer_16255,male,47,Coimbatore,Tamil Nadu,corporate,2022-03-09,paid ads
16256,Customer_16256,male,21,Ahmedabad,Gujarat,consumer,2023-06-02,paid ads
16257,Customer_16257,male,60,Ahmedabad,Gujarat,corporate,2022-03-24,paid ads
16258,Customer_16258,female,56,Udaipur,Rajasthan,corporate,2024-07-03,direct
16259,Customer_16259,female,32,Noida,Uttar Pradesh,consumer,2024-05-07,paid ads
16260,Customer_16260,male,40,New Delhi,Delhi,consumer,2025-04-29,referral
16261,Customer_16261,male,58,Nashik,Maharashtra,consumer,2023-02-21,email
16262,Customer_16262,female,32,Indore,Madhya Pradesh,consumer,2022-11-21,organic search
16263,Customer_16263,female,43,Nagpur,Maharashtra,consumer,2024-06-09,organic search
16264,Customer_16264,male,29,Ludhiana,Punjab,consumer,2024-03-30,organic search
16265,Customer_16265,female,35,Bhopal,Madhya Pradesh,consumer,2024-11-02,organic search
16266,Customer_16266,female,23,Warangal,Telangana,consumer,2023-08-20,organic search
16267,Customer_16267,male,35,Ludhiana,Punjab,home office,2022-01-29,referral
16268,Customer_16268,female,41,Pune,Maharashtra,corporate,2024-09-01,organic search
16269,Customer_16269,female,55,Mysuru,Karnataka,corporate,2022-07-11,direct
16270,Customer_16270,female,45,Udaipur,Rajasthan,consumer,2024-09-25,organic search
16271,Customer_16271,female,32,Bengaluru,Karnataka,corporate,2023-06-12,organic search
16272,Customer_16272,male,36,Gurugram,Haryana,home office,2022-07-29,referral
16273,Customer_16273,male,22,Pune,Maharashtra,consumer,2024-12-27,organic search
16274,Customer_16274,female,21,Ahmedabad,Gujarat,corporate,2023-01-31,paid ads
16275,Customer_16275,female,34,Surat,Gujarat,consumer,2024-02-22,email
16276,Customer_16276,female,27,Udaipur,Rajasthan,corporate,2023-11-27,social media
16277,Customer_16277,male,29,Delhi,Delhi,corporate,2022-11-25,social media
16278,Customer_16278,female,22,Bengaluru,Karnataka,home office,2024-09-25,paid ads
16279,Customer_16279,male,24,Indore,Madhya Pradesh,consumer,2022-01-20,email
16280,Customer_16280,male,40,Delhi,Delhi,consumer,2022-01-26,social media
16281,Customer_16281,male,19,Kanpur,Uttar Pradesh,consumer,2023-05-20,email
16282,Customer_16282,male,47,Ahmedabad,Gujarat,consumer,2023-02-28,paid ads
16283,Customer_16283,male,54,Lucknow,Uttar Pradesh,consumer,2022-08-31,social media
16284,Customer_16284,female,22,Kolkata,West Bengal,consumer,2022-09-10,social media
16285,Customer_16285,male,37,New Delhi,Delhi,corporate,2025-08-09,organic search
16286,Customer_16286,male,43,Surat,Gujarat,consumer,2025-01-08,organic search
16287,Customer_16287,male,56,Indore,Madhya Pradesh,corporate,2024-08-20,paid ads
16288,Customer_16288,male,23,Coimbatore,Tamil Nadu,consumer,2023-01-23,referral
16289,Customer_16289,female,46,Amritsar,Punjab,consumer,2025-01-16,social media
16290,Customer_16290,male,27,Coimbatore,Tamil Nadu,consumer,2022-12-26,organic search
16291,Customer_16291,male,33,Pune,Maharashtra,consumer,2022-12-31,organic search
16292,Customer_16292,female,51,Chennai,Tamil Nadu,consumer,2023-09-07,direct
16293,Customer_16293,female,48,Gurugram,Haryana,corporate,2025-07-18,paid ads
16294,Customer_16294,female,53,Mysuru,Karnataka,consumer,2024-11-24,social media
16295,Customer_16295,female,58,Indore,Madhya Pradesh,home office,2022-11-16,paid ads
16296,Customer_16296,female,22,Indore,Madhya Pradesh,home office,2023-08-09,organic search
16297,Customer_16297,male,50,Bengaluru,Karnataka,consumer,2025-05-05,social media
16298,Customer_16298,other,60,Mumbai,Maharashtra,home office,2023-05-08,social media
16299,Customer_16299,female,36,Kolkata,West Bengal,corporate,2022-02-21,organic search
16300,Customer_16300,female,49,Bengaluru,Karnataka,home office,2024-04-23,direct
16301,Customer_16301,female,40,Lucknow,Uttar Pradesh,corporate,2023-05-16,social media
16302,Customer_16302,female,20,Coimbatore,Tamil Nadu,corporate,2025-03-02,direct
16303,Customer_16303,male,18,Warangal,Telangana,consumer,2022-05-09,referral
16304,Customer_16304,male,53,Noida,Uttar Pradesh,consumer,2022-09-30,direct
16305,Customer_16305,female,58,Chennai,Tamil Nadu,home office,2023-09-01,organic search
16306,Customer_16306,male,45,Chennai,Tamil Nadu,corporate,2022-10-15,direct
16307,Customer_16307,male,56,Bengaluru,Karnataka,consumer,2025-08-02,social media
16308,Customer_16308,female,22,Bengaluru,Karnataka,consumer,2022-11-22,organic search
16309,Customer_16309,male,30,Warangal,Telangana,corporate,2023-09-13,paid ads
16310,Customer_16310,male,28,Noida,Uttar Pradesh,consumer,2025-07-31,paid ads
16311,Customer_16311,female,39,Mysuru,Karnataka,consumer,2022-12-16,referral
16312,Customer_16312,female,40,Hyderabad,Telangana,consumer,2024-01-06,referral
16313,Customer_16313,male,29,Udaipur,Rajasthan,corporate,2022-04-22,email
16314,Customer_16314,female,38,Delhi,Delhi,consumer,2025-05-10,paid ads
16315,Customer_16315,male,36,Mysuru,Karnataka,consumer,2024-08-06,referral
16316,Customer_16316,male,22,Gurugram,Haryana,corporate,2025-09-05,social media
16317,Customer_16317,male,41,Kolkata,West Bengal,corporate,2024-12-20,email
16318,Customer_16318,female,47,Surat,Gujarat,consumer,2025-02-12,paid ads
16319,Customer_16319,male,25,Udaipur,Rajasthan,consumer,2023-05-24,email
16320,Customer_16320,male,19,Mumbai,Maharashtra,consumer,2023-02-18,referral
16321,Customer_16321,female,51,Vadodara,Gujarat,corporate,2023-12-16,paid ads
16322,Customer_16322,male,40,Warangal,Telangana,consumer,2025-07-28,email
16323,Customer_16323,female,20,Ahmedabad,Gujarat,consumer,2022-10-12,referral
16324,Customer_16324,female,41,Bengaluru,Karnataka,home office,2022-05-26,paid ads
16325,Customer_16325,other,35,Nagpur,Maharashtra,home office,2025-11-06,referral
16326,Customer_16326,female,54,Delhi,Delhi,consumer,2022-08-01,paid ads
16327,Customer_16327,male,48,Faridabad,Haryana,consumer,2022-10-26,referral
16328,Customer_16328,male,31,Chennai,Tamil Nadu,consumer,2024-08-19,email
16329,Customer_16329,female,18,Hyderabad,Telangana,consumer,2023-03-30,email
16330,Customer_16330,female,31,Mumbai,Maharashtra,consumer,2023-11-20,organic search
16331,Customer_16331,male,58,Nagpur,Maharashtra,consumer,2022-04-02,organic search
16332,Customer_16332,female,22,Kolkata,West Bengal,consumer,2022-04-02,organic search
16333,Customer_16333,male,48,Ahmedabad,Gujarat,consumer,2023-05-31,social media
16334,Customer_16334,female,48,Hyderabad,Telangana,home office,2023-10-19,social media
16335,Customer_16335,female,47,New Delhi,Delhi,consumer,2022-10-07,paid ads
16336,Customer_16336,other,53,Kanpur,Uttar Pradesh,consumer,2025-10-02,social media
16337,Customer_16337,female,18,Nagpur,Maharashtra,home office,2022-10-21,paid ads
16338,Customer_16338,female,20,New Delhi,Delhi,consumer,2024-06-11,email
16339,Customer_16339,male,37,Chennai,Tamil Nadu,home office,2023-06-05,social media
16340,Customer_16340,female,60,Bengaluru,Karnataka,consumer,2022-05-29,paid ads
16341,Customer_16341,female,60,Delhi,Delhi,consumer,2025-03-07,email
16342,Customer_16342,female,38,Jaipur,Rajasthan,consumer,2024-11-15,paid ads
16343,Customer_16343,female,47,Udaipur,Rajasthan,consumer,2023-12-30,organic search
16344,Customer_16344,male,59,Noida,Uttar Pradesh,consumer,2022-08-04,organic search
16345,Customer_16345,female,47,Coimbatore,Tamil Nadu,corporate,2022-08-22,organic search
16346,Customer_16346,female,22,Nagpur,Maharashtra,consumer,2025-03-28,organic search
16347,Customer_16347,male,27,Delhi,Delhi,corporate,2023-10-30,organic search
16348,Customer_16348,male,41,Ludhiana,Punjab,consumer,2022-08-05,referral
16349,Customer_16349,female,56,Surat,Gujarat,corporate,2022-08-08,organic search
16350,Customer_16350,male,23,Kolkata,West Bengal,consumer,2023-09-04,social media
16351,Customer_16351,male,27,Mumbai,Maharashtra,home office,2023-07-15,social media
16352,Customer_16352,male,59,Hyderabad,Telangana,consumer,2025-09-20,referral
16353,Customer_16353,female,60,Nashik,Maharashtra,home office,2024-12-09,organic search
16354,Customer_16354,female,27,Vadodara,Gujarat,consumer,2022-10-25,email
16355,Customer_16355,male,42,Faridabad,Haryana,corporate,2023-06-15,referral
16356,Customer_16356,female,31,Ludhiana,Punjab,consumer,2025-02-01,paid ads
16357,Customer_16357,female,56,Ahmedabad,Gujarat,corporate,2025-08-29,social media
16358,Customer_16358,male,30,Chennai,Tamil Nadu,corporate,2025-06-17,organic search
16359,Customer_16359,male,28,Faridabad,Haryana,corporate,2025-11-12,referral
16360,Customer_16360,female,56,Jaipur,Rajasthan,consumer,2024-05-27,email
16361,Customer_16361,male,28,Mumbai,Maharashtra,corporate,2025-06-23,paid ads
16362,Customer_16362,female,33,Hyderabad,Telangana,consumer,2022-10-03,paid ads
16363,Customer_16363,male,50,New Delhi,Delhi,consumer,2024-06-23,social media
16364,Customer_16364,male,58,Warangal,Telangana,consumer,2022-05-14,organic search
16365,Customer_16365,female,58,Coimbatore,Tamil Nadu,consumer,2023-12-13,email
16366,Customer_16366,male,49,Surat,Gujarat,corporate,2022-09-04,organic search
16367,Customer_16367,female,27,Mysuru,Karnataka,consumer,2022-01-15,social media
16368,Customer_16368,male,32,Mumbai,Maharashtra,consumer,2023-07-11,organic search
16369,Customer_16369,male,33,Hyderabad,Telangana,consumer,2023-02-02,email
16370,Customer_16370,male,60,Kanpur,Uttar Pradesh,home office,2024-06-11,organic search
16371,Customer_16371,male,44,Jaipur,Rajasthan,consumer,2022-05-22,paid ads
16372,Customer_16372,male,49,Bengaluru,Karnataka,corporate,2022-10-08,organic search
16373,Customer_16373,male,23,Gurugram,Haryana,consumer,2025-11-07,direct
16374,Customer_16374,female,53,Faridabad,Haryana,corporate,2025-08-15,organic search
16375,Customer_16375,female,25,New Delhi,Delhi,home office,2025-07-03,email
16376,Customer_16376,male,42,Nagpur,Maharashtra,consumer,2023-05-18,organic search
16377,Customer_16377,female,24,Kanpur,Uttar Pradesh,consumer,2022-11-08,paid ads
16378,Customer_16378,male,34,Noida,Uttar Pradesh,home office,2023-04-08,referral
16379,Customer_16379,male,47,Ludhiana,Punjab,home office,2024-01-11,email
16380,Customer_16380,female,19,Indore,Madhya Pradesh,consumer,2025-06-22,social media
16381,Customer_16381,male,34,Ahmedabad,Gujarat,consumer,2024-09-12,referral
16382,Customer_16382,male,21,Warangal,Telangana,corporate,2022-09-09,social media
16383,Customer_16383,male,43,Nagpur,Maharashtra,consumer,2022-04-09,paid ads
16384,Customer_16384,female,31,New Delhi,Delhi,consumer,2023-10-09,social media
16385,Customer_16385,unknown,25,Coimbatore,Tamil Nadu,consumer,2024-01-21,referral
16386,Customer_16386,male,22,Ahmedabad,Gujarat,consumer,2022-10-20,paid ads
16387,Customer_16387,male,22,Surat,Gujarat,consumer,2024-10-17,organic search
16388,Customer_16388,unknown,22,Kanpur,Uttar Pradesh,home office,2023-01-26,social media
16389,Customer_16389,female,44,Mysuru,Karnataka,consumer,2025-09-11,organic search
16390,Customer_16390,male,22,Ahmedabad,Gujarat,home office,2023-10-04,organic search
16391,Customer_16391,male,20,Nagpur,Maharashtra,corporate,2025-08-03,organic search
16392,Customer_16392,male,55,Coimbatore,Tamil Nadu,consumer,2022-03-21,paid ads
16393,Customer_16393,male,47,Kanpur,Uttar Pradesh,corporate,2023-01-12,direct
16394,Customer_16394,female,18,Kolkata,West Bengal,consumer,2025-12-09,referral
16395,Customer_16395,male,25,Ludhiana,Punjab,consumer,2023-04-22,social media
16396,Customer_16396,male,30,Mysuru,Karnataka,consumer,2022-09-13,paid ads
16397,Customer_16397,female,37,Hyderabad,Telangana,consumer,2024-04-14,referral
16398,Customer_16398,female,23,Mysuru,Karnataka,consumer,2025-06-02,organic search
16399,Customer_16399,female,25,Chennai,Tamil Nadu,consumer,2022-10-16,email
16400,Customer_16400,male,47,Bhopal,Madhya Pradesh,consumer,2022-05-28,organic search
16401,Customer_16401,female,57,Jaipur,Rajasthan,consumer,2025-11-22,direct
16402,Customer_16402,female,32,Indore,Madhya Pradesh,home office,2025-03-19,social media
16403,Customer_16403,male,27,Delhi,Delhi,home office,2024-06-25,paid ads
16404,Customer_16404,other,50,Indore,Madhya Pradesh,consumer,2024-04-29,direct
16405,Customer_16405,female,26,Pune,Maharashtra,consumer,2025-06-25,referral
16406,Customer_16406,female,50,Bhopal,Madhya Pradesh,consumer,2023-10-23,direct
16407,Customer_16407,male,26,Mysuru,Karnataka,consumer,2025-10-05,organic search
16408,Customer_16408,male,31,Bengaluru,Karnataka,corporate,2022-10-06,organic search
16409,Customer_16409,male,49,Hyderabad,Telangana,home office,2024-08-13,referral
16410,Customer_16410,male,54,Gurugram,Haryana,consumer,2023-08-15,organic search
16411,Customer_16411,female,23,Pune,Maharashtra,consumer,2025-06-29,referral
16412,Customer_16412,male,22,Mysuru,Karnataka,consumer,2022-02-28,paid ads
16413,Customer_16413,female,21,Bhopal,Madhya Pradesh,consumer,2023-01-18,email
16414,Customer_16414,male,33,Chennai,Tamil Nadu,corporate,2025-11-13,referral
16415,Customer_16415,male,27,Delhi,Delhi,consumer,2024-11-16,social media
16416,Customer_16416,female,48,Chennai,Tamil Nadu,corporate,2025-06-07,organic search
16417,Customer_16417,male,48,Chennai,Tamil Nadu,consumer,2023-04-17,paid ads
16418,Customer_16418,female,31,Gurugram,Haryana,consumer,2025-04-25,paid ads
16419,Customer_16419,other,30,Lucknow,Uttar Pradesh,consumer,2023-02-04,social media
16420,Customer_16420,male,21,Hyderabad,Telangana,consumer,2024-01-12,referral
16421,Customer_16421,male,43,Ludhiana,Punjab,corporate,2022-02-06,organic search
16422,Customer_16422,male,41,Hyderabad,Telangana,corporate,2025-10-29,social media
16423,Customer_16423,female,26,Nagpur,Maharashtra,corporate,2022-04-05,referral
16424,Customer_16424,male,52,Delhi,Delhi,consumer,2023-01-28,paid ads
16425,Customer_16425,female,59,Chennai,Tamil Nadu,corporate,2023-06-27,organic search
16426,Customer_16426,male,32,Nagpur,Maharashtra,consumer,2022-12-05,social media
16427,Customer_16427,female,41,Faridabad,Haryana,consumer,2022-03-28,organic search
16428,Customer_16428,female,48,Noida,Uttar Pradesh,consumer,2023-02-18,direct
16429,Customer_16429,female,36,Delhi,Delhi,consumer,2023-03-04,referral
16430,Customer_16430,male,19,Surat,Gujarat,corporate,2024-05-07,social media
16431,Customer_16431,male,19,Kolkata,West Bengal,consumer,2025-02-07,organic search
16432,Customer_16432,male,58,Gurugram,Haryana,consumer,2025-06-08,referral
16433,Customer_16433,female,53,Bhopal,Madhya Pradesh,consumer,2025-01-11,referral
16434,Customer_16434,male,54,Warangal,Telangana,consumer,2025-03-07,social media
16435,Customer_16435,female,51,Noida,Uttar Pradesh,consumer,2023-06-27,organic search
16436,Customer_16436,female,56,Ahmedabad,Gujarat,consumer,2025-12-27,direct
16437,Customer_16437,female,36,Surat,Gujarat,corporate,2025-11-24,organic search
16438,Customer_16438,male,55,Pune,Maharashtra,consumer,2024-05-04,direct
16439,Customer_16439,female,40,Nagpur,Maharashtra,corporate,2023-12-22,organic search
16440,Customer_16440,male,33,Warangal,Telangana,consumer,2022-10-07,referral
16441,Customer_16441,male,23,Delhi,Delhi,consumer,2023-07-20,social media
16442,Customer_16442,male,43,Pune,Maharashtra,consumer,2025-10-29,organic search
16443,Customer_16443,male,39,Kolkata,West Bengal,corporate,2022-07-23,social media
16444,Customer_16444,male,41,Nagpur,Maharashtra,consumer,2025-07-23,referral
16445,Customer_16445,male,57,Surat,Gujarat,consumer,2025-08-06,social media
16446,Customer_16446,female,38,Vadodara,Gujarat,home office,2024-06-05,organic search
16447,Customer_16447,male,47,Amritsar,Punjab,consumer,2023-11-26,referral
16448,Customer_16448,female,28,Hyderabad,Telangana,home office,2025-03-11,direct
16449,Customer_16449,male,26,Mumbai,Maharashtra,consumer,2025-05-31,direct
16450,Customer_16450,male,29,Surat,Gujarat,corporate,2025-09-28,email
16451,Customer_16451,male,43,Lucknow,Uttar Pradesh,consumer,2024-06-29,organic search
16452,Customer_16452,female,55,Ludhiana,Punjab,consumer,2025-07-11,organic search
16453,Customer_16453,male,20,Coimbatore,Tamil Nadu,consumer,2022-06-14,organic search
16454,Customer_16454,male,50,Bengaluru,Karnataka,consumer,2023-05-28,email
16455,Customer_16455,male,32,Gurugram,Haryana,corporate,2024-07-28,organic search
16456,Customer_16456,male,22,Delhi,Delhi,home office,2022-10-13,direct
16457,Customer_16457,female,41,Vadodara,Gujarat,consumer,2025-07-16,social media
16458,Customer_16458,male,28,Chennai,Tamil Nadu,consumer,2022-11-30,organic search
16459,Customer_16459,male,50,Mumbai,Maharashtra,consumer,2023-06-04,referral
16460,Customer_16460,female,40,Bengaluru,Karnataka,corporate,2025-03-22,organic search
16461,Customer_16461,male,27,New Delhi,Delhi,consumer,2024-07-01,paid ads
16462,Customer_16462,female,60,Kolkata,West Bengal,consumer,2025-04-10,paid ads
16463,Customer_16463,female,45,Gurugram,Haryana,consumer,2025-11-09,organic search
16464,Customer_16464,female,56,Delhi,Delhi,consumer,2022-01-24,email
16465,Customer_16465,male,34,Lucknow,Uttar Pradesh,consumer,2024-11-10,social media
16466,Customer_16466,female,43,Pune,Maharashtra,consumer,2022-10-28,social media
16467,Customer_16467,male,42,Surat,Gujarat,corporate,2022-03-12,paid ads
16468,Customer_16468,female,53,Nashik,Maharashtra,consumer,2022-02-14,direct
16469,Customer_16469,male,29,Faridabad,Haryana,home office,2025-10-11,direct
16470,Customer_16470,male,20,Noida,Uttar Pradesh,consumer,2023-08-18,email
16471,Customer_16471,female,46,Udaipur,Rajasthan,consumer,2025-10-24,paid ads
16472,Customer_16472,male,41,Noida,Uttar Pradesh,corporate,2025-09-02,referral
16473,Customer_16473,female,36,Jaipur,Rajasthan,consumer,2024-06-05,referral
16474,Customer_16474,female,30,Amritsar,Punjab,consumer,2024-06-29,referral
16475,Customer_16475,male,33,Kolkata,West Bengal,consumer,2024-11-03,direct
16476,Customer_16476,male,57,Faridabad,Haryana,consumer,2023-08-05,organic search
16477,Customer_16477,male,44,Warangal,Telangana,consumer,2025-09-24,social media
16478,Customer_16478,other,23,Mumbai,Maharashtra,consumer,2023-05-09,organic search
16479,Customer_16479,male,59,Warangal,Telangana,corporate,2025-07-04,referral
16480,Customer_16480,female,27,Mumbai,Maharashtra,consumer,2022-07-28,referral
16481,Customer_16481,female,55,Vadodara,Gujarat,consumer,2022-08-08,direct
16482,Customer_16482,female,25,Warangal,Telangana,corporate,2024-08-03,social media
16483,Customer_16483,female,35,Ahmedabad,Gujarat,consumer,2025-03-26,paid ads
16484,Customer_16484,female,49,Nagpur,Maharashtra,consumer,2023-09-01,paid ads
16485,Customer_16485,male,34,Delhi,Delhi,consumer,2024-03-04,social media
16486,Customer_16486,male,59,Warangal,Telangana,consumer,2023-08-21,referral
16487,Customer_16487,male,19,Gurugram,Haryana,corporate,2023-12-30,social media
16488,Customer_16488,female,37,Chennai,Tamil Nadu,corporate,2025-06-26,direct
16489,Customer_16489,female,27,Coimbatore,Tamil Nadu,consumer,2025-12-17,organic search
16490,Customer_16490,female,26,Kolkata,West Bengal,home office,2022-11-18,referral
16491,Customer_16491,female,56,Surat,Gujarat,consumer,2024-07-19,social media
16492,Customer_16492,male,58,Bengaluru,Karnataka,consumer,2024-08-30,organic search
16493,Customer_16493,male,42,Coimbatore,Tamil Nadu,consumer,2025-06-05,organic search
16494,Customer_16494,male,42,New Delhi,Delhi,consumer,2022-12-02,referral
16495,Customer_16495,male,41,Amritsar,Punjab,consumer,2025-10-30,paid ads
16496,Customer_16496,female,23,Nagpur,Maharashtra,consumer,2023-07-10,referral
16497,Customer_16497,male,47,Bengaluru,Karnataka,consumer,2025-09-14,referral
16498,Customer_16498,female,27,Nashik,Maharashtra,home office,2025-01-09,referral
16499,Customer_16499,female,56,New Delhi,Delhi,corporate,2025-07-02,organic search
16500,Customer_16500,male,48,Kanpur,Uttar Pradesh,consumer,2023-04-12,organic search
16501,Customer_16501,male,35,New Delhi,Delhi,consumer,2025-01-02,direct
16502,Customer_16502,male,60,Nagpur,Maharashtra,consumer,2022-06-09,direct
16503,Customer_16503,male,50,Hyderabad,Telangana,home office,2025-05-07,paid ads
16504,Customer_16504,female,36,Nashik,Maharashtra,home office,2022-11-03,paid ads
16505,Customer_16505,unknown,40,Pune,Maharashtra,corporate,2022-05-26,organic search
16506,Customer_16506,female,22,Lucknow,Uttar Pradesh,consumer,2025-12-09,social media
16507,Customer_16507,female,43,Noida,Uttar Pradesh,consumer,2022-10-22,social media
16508,Customer_16508,male,46,Gurugram,Haryana,consumer,2022-08-21,organic search
16509,Customer_16509,female,41,Indore,Madhya Pradesh,consumer,2024-10-27,organic search
16510,Customer_16510,female,23,Udaipur,Rajasthan,consumer,2025-11-05,organic search
16511,Customer_16511,female,56,Mumbai,Maharashtra,corporate,2023-03-05,direct
16512,Customer_16512,male,21,Lucknow,Uttar Pradesh,consumer,2025-04-19,direct
16513,Customer_16513,male,59,Indore,Madhya Pradesh,consumer,2023-10-23,organic search
16514,Customer_16514,male,43,Noida,Uttar Pradesh,corporate,2023-07-01,direct
16515,Customer_16515,male,32,Warangal,Telangana,consumer,2024-09-15,social media
16516,Customer_16516,female,30,New Delhi,Delhi,corporate,2022-12-27,paid ads
16517,Customer_16517,female,57,Indore,Madhya Pradesh,consumer,2025-08-20,social media
16518,Customer_16518,female,39,Kolkata,West Bengal,consumer,2023-09-15,organic search
16519,Customer_16519,male,30,Ludhiana,Punjab,consumer,2024-09-28,direct
16520,Customer_16520,male,56,Nagpur,Maharashtra,home office,2023-04-09,organic search
16521,Customer_16521,female,34,New Delhi,Delhi,consumer,2023-04-07,organic search
16522,Customer_16522,male,53,Delhi,Delhi,consumer,2023-11-06,direct
16523,Customer_16523,male,56,Noida,Uttar Pradesh,consumer,2025-12-02,referral
16524,Customer_16524,female,42,Delhi,Delhi,corporate,2022-03-15,social media
16525,Customer_16525,male,51,Pune,Maharashtra,consumer,2022-10-30,email
16526,Customer_16526,female,38,Ludhiana,Punjab,home office,2025-04-29,paid ads
16527,Customer_16527,male,42,Mumbai,Maharashtra,home office,2023-09-18,social media
16528,Customer_16528,female,42,Noida,Uttar Pradesh,corporate,2025-09-27,organic search
16529,Customer_16529,female,39,Mysuru,Karnataka,home office,2025-08-01,paid ads
16530,Customer_16530,male,40,Lucknow,Uttar Pradesh,consumer,2025-01-28,email
16531,Customer_16531,female,42,Ahmedabad,Gujarat,consumer,2023-03-15,referral
16532,Customer_16532,male,31,Indore,Madhya Pradesh,consumer,2024-06-07,referral
16533,Customer_16533,female,31,Gurugram,Haryana,consumer,2025-05-09,email
16534,Customer_16534,male,43,Nashik,Maharashtra,home office,2022-08-19,direct
16535,Customer_16535,female,57,Pune,Maharashtra,consumer,2023-07-21,referral
16536,Customer_16536,male,47,Delhi,Delhi,corporate,2022-05-14,organic search
16537,Customer_16537,female,43,Udaipur,Rajasthan,corporate,2022-05-19,organic search
16538,Customer_16538,female,55,Bhopal,Madhya Pradesh,consumer,2023-05-07,direct
16539,Customer_16539,male,39,Chennai,Tamil Nadu,consumer,2025-09-20,email
16540,Customer_16540,female,56,Surat,Gujarat,consumer,2024-12-02,referral
16541,Customer_16541,male,56,New Delhi,Delhi,consumer,2024-06-15,social media
16542,Customer_16542,male,51,Kanpur,Uttar Pradesh,consumer,2024-07-02,social media
16543,Customer_16543,female,42,Ludhiana,Punjab,consumer,2025-04-13,organic search
16544,Customer_16544,female,53,Delhi,Delhi,consumer,2023-07-08,email
16545,Customer_16545,male,30,Warangal,Telangana,corporate,2024-06-09,social media
16546,Customer_16546,male,46,Pune,Maharashtra,consumer,2023-06-24,referral
16547,Customer_16547,female,59,Surat,Gujarat,consumer,2023-09-30,referral
16548,Customer_16548,female,26,Warangal,Telangana,corporate,2024-03-26,email
16549,Customer_16549,male,32,Nashik,Maharashtra,consumer,2025-02-13,organic search
16550,Customer_16550,male,48,Chennai,Tamil Nadu,consumer,2024-01-15,social media
16551,Customer_16551,female,44,Mysuru,Karnataka,corporate,2025-12-28,direct
16552,Customer_16552,female,48,Hyderabad,Telangana,home office,2024-01-02,paid ads
16553,Customer_16553,female,27,Ahmedabad,Gujarat,home office,2022-08-19,social media
16554,Customer_16554,male,54,Nagpur,Maharashtra,consumer,2024-09-26,referral
16555,Customer_16555,female,24,Kanpur,Uttar Pradesh,consumer,2022-09-23,referral
16556,Customer_16556,female,49,Kolkata,West Bengal,consumer,2024-06-27,referral
16557,Customer_16557,male,28,Mysuru,Karnataka,home office,2025-03-08,referral
16558,Customer_16558,female,45,Pune,Maharashtra,consumer,2022-03-12,paid ads
16559,Customer_16559,female,21,Lucknow,Uttar Pradesh,consumer,2024-08-16,email
16560,Customer_16560,male,48,Gurugram,Haryana,home office,2024-09-02,social media
16561,Customer_16561,female,46,New Delhi,Delhi,home office,2024-05-29,direct
16562,Customer_16562,female,50,Mysuru,Karnataka,corporate,2024-08-16,social media
16563,Customer_16563,female,21,New Delhi,Delhi,consumer,2022-05-28,paid ads
16564,Customer_16564,female,43,Ahmedabad,Gujarat,consumer,2024-08-26,organic search
16565,Customer_16565,male,48,Pune,Maharashtra,corporate,2024-10-26,paid ads
16566,Customer_16566,male,48,Bengaluru,Karnataka,consumer,2023-11-23,social media
16567,Customer_16567,female,44,Kolkata,West Bengal,consumer,2024-03-05,social media
16568,Customer_16568,male,42,Vadodara,Gujarat,consumer,2022-12-11,organic search
16569,Customer_16569,male,53,Chennai,Tamil Nadu,home office,2025-05-23,organic search
16570,Customer_16570,male,48,Chennai,Tamil Nadu,consumer,2025-04-02,social media
16571,Customer_16571,male,60,Vadodara,Gujarat,corporate,2025-02-03,referral
16572,Customer_16572,female,54,Nagpur,Maharashtra,consumer,2023-05-01,organic search
16573,Customer_16573,male,40,Nagpur,Maharashtra,consumer,2023-04-07,organic search
16574,Customer_16574,male,52,Indore,Madhya Pradesh,home office,2023-09-05,organic search
16575,Customer_16575,female,21,Nagpur,Maharashtra,consumer,2023-11-06,organic search
16576,Customer_16576,female,45,Kolkata,West Bengal,consumer,2025-10-31,organic search
16577,Customer_16577,female,59,Gurugram,Haryana,consumer,2023-03-27,organic search
16578,Customer_16578,female,58,Delhi,Delhi,consumer,2023-06-12,direct
16579,Customer_16579,female,59,Mysuru,Karnataka,corporate,2025-07-19,paid ads
16580,Customer_16580,female,30,Surat,Gujarat,corporate,2023-11-07,direct
16581,Customer_16581,female,18,Indore,Madhya Pradesh,consumer,2022-07-09,email
16582,Customer_16582,female,29,Faridabad,Haryana,consumer,2025-06-14,social media
16583,Customer_16583,male,60,Noida,Uttar Pradesh,consumer,2023-06-14,social media
16584,Customer_16584,female,57,Nashik,Maharashtra,home office,2024-12-11,paid ads
16585,Customer_16585,male,43,Jaipur,Rajasthan,consumer,2025-12-12,direct
16586,Customer_16586,male,40,Chennai,Tamil Nadu,corporate,2025-03-21,paid ads
16587,Customer_16587,male,39,Warangal,Telangana,consumer,2023-01-26,referral
16588,Customer_16588,female,45,Nagpur,Maharashtra,home office,2023-09-20,referral
16589,Customer_16589,female,34,New Delhi,Delhi,home office,2022-08-28,social media
16590,Customer_16590,other,23,Kanpur,Uttar Pradesh,consumer,2024-07-07,social media
16591,Customer_16591,female,31,Chennai,Tamil Nadu,corporate,2024-10-16,organic search
16592,Customer_16592,female,34,Mysuru,Karnataka,consumer,2025-12-07,organic search
16593,Customer_16593,male,55,Chennai,Tamil Nadu,consumer,2024-09-17,organic search
16594,Customer_16594,other,22,Bhopal,Madhya Pradesh,consumer,2022-08-12,social media
16595,Customer_16595,male,30,Lucknow,Uttar Pradesh,consumer,2023-04-17,organic search
16596,Customer_16596,female,26,New Delhi,Delhi,consumer,2023-10-05,social media
16597,Customer_16597,male,59,Mumbai,Maharashtra,consumer,2025-02-07,direct
16598,Customer_16598,male,43,Delhi,Delhi,consumer,2022-07-09,paid ads
16599,Customer_16599,female,30,Faridabad,Haryana,consumer,2023-08-11,organic search
16600,Customer_16600,female,36,Surat,Gujarat,consumer,2023-01-30,email
16601,Customer_16601,female,34,Warangal,Telangana,consumer,2025-01-19,social media
16602,Customer_16602,female,33,Surat,Gujarat,corporate,2024-03-16,email
16603,Customer_16603,male,47,Mysuru,Karnataka,consumer,2023-10-25,paid ads
16604,Customer_16604,female,49,Noida,Uttar Pradesh,home office,2025-01-26,referral
16605,Customer_16605,female,31,Hyderabad,Telangana,consumer,2022-08-22,paid ads
16606,Customer_16606,male,32,Pune,Maharashtra,consumer,2024-07-08,direct
16607,Customer_16607,male,29,Nashik,Maharashtra,consumer,2022-11-24,referral
16608,Customer_16608,male,54,Ahmedabad,Gujarat,consumer,2025-02-06,organic search
16609,Customer_16609,female,28,Faridabad,Haryana,consumer,2023-11-21,referral
16610,Customer_16610,male,22,Mysuru,Karnataka,corporate,2022-08-23,organic search
16611,Customer_16611,male,28,Indore,Madhya Pradesh,consumer,2023-02-06,social media
16612,Customer_16612,male,51,Lucknow,Uttar Pradesh,consumer,2024-03-20,organic search
16613,Customer_16613,female,36,Delhi,Delhi,consumer,2022-11-12,referral
16614,Customer_16614,female,43,Nashik,Maharashtra,consumer,2025-06-24,social media
16615,Customer_16615,female,43,Pune,Maharashtra,consumer,2025-01-19,referral
16616,Customer_16616,male,34,Kolkata,West Bengal,consumer,2024-03-06,email
16617,Customer_16617,male,48,Delhi,Delhi,consumer,2025-01-10,social media
16618,Customer_16618,male,36,Mysuru,Karnataka,consumer,2025-11-02,direct
16619,Customer_16619,female,37,Warangal,Telangana,consumer,2025-03-27,organic search
16620,Customer_16620,male,40,Kolkata,West Bengal,home office,2023-09-20,email
16621,Customer_16621,male,42,Nagpur,Maharashtra,corporate,2023-12-06,social media
16622,Customer_16622,female,45,Chennai,Tamil Nadu,consumer,2024-12-10,paid ads
16623,Customer_16623,male,54,Warangal,Telangana,consumer,2024-04-16,social media
16624,Customer_16624,female,29,Surat,Gujarat,consumer,2025-05-29,referral
16625,Customer_16625,male,18,Noida,Uttar Pradesh,consumer,2024-06-03,referral
16626,Customer_16626,female,19,New Delhi,Delhi,consumer,2023-05-12,organic search
16627,Customer_16627,male,27,Noida,Uttar Pradesh,consumer,2022-12-25,organic search
16628,Customer_16628,male,51,unknown,West Bengal,consumer,2025-10-29,paid ads
16629,Customer_16629,male,49,Ahmedabad,Gujarat,consumer,2022-12-15,organic search
16630,Customer_16630,female,42,Kolkata,West Bengal,consumer,2022-06-21,paid ads
16631,Customer_16631,female,27,Chennai,Tamil Nadu,consumer,2023-05-23,social media
16632,Customer_16632,male,18,Nashik,Maharashtra,home office,2023-06-30,social media
16633,Customer_16633,female,49,Jaipur,Rajasthan,consumer,2022-04-06,paid ads
16634,Customer_16634,female,54,Warangal,Telangana,consumer,2024-04-12,organic search
16635,Customer_16635,female,29,Jaipur,Rajasthan,consumer,2024-08-07,referral
16636,Customer_16636,female,35,Mysuru,Karnataka,consumer,2025-09-28,referral
16637,Customer_16637,male,47,Faridabad,Haryana,consumer,2023-10-02,social media
16638,Customer_16638,female,30,Vadodara,Gujarat,consumer,2023-10-31,referral
16639,Customer_16639,male,20,Nagpur,Maharashtra,consumer,2022-01-13,social media
16640,Customer_16640,male,38,Chennai,Tamil Nadu,corporate,2025-10-02,organic search
16641,Customer_16641,male,59,Noida,Uttar Pradesh,consumer,2025-02-27,organic search
16642,Customer_16642,female,31,Kanpur,Uttar Pradesh,consumer,2022-04-21,referral
16643,Customer_16643,female,57,Hyderabad,Telangana,home office,2024-12-05,direct
16644,Customer_16644,female,27,Bhopal,Madhya Pradesh,consumer,2025-08-18,email
16645,Customer_16645,other,19,Delhi,Delhi,corporate,2024-11-06,organic search
16646,Customer_16646,female,54,Chennai,Tamil Nadu,corporate,2025-06-16,organic search
16647,Customer_16647,male,28,Indore,Madhya Pradesh,consumer,2025-03-15,referral
16648,Customer_16648,male,18,Indore,Madhya Pradesh,consumer,2024-02-24,organic search
16649,Customer_16649,male,43,Kolkata,West Bengal,corporate,2022-04-17,referral
16650,Customer_16650,male,59,Bhopal,Madhya Pradesh,corporate,2022-04-25,direct
16651,Customer_16651,male,30,Pune,Maharashtra,consumer,2022-10-11,social media
16652,Customer_16652,male,45,Indore,Madhya Pradesh,consumer,2024-07-15,email
16653,Customer_16653,female,53,Mysuru,Karnataka,consumer,2023-06-11,organic search
16654,Customer_16654,female,38,New Delhi,Delhi,corporate,2025-07-09,organic search
16655,Customer_16655,female,27,New Delhi,Delhi,consumer,2024-06-01,social media
16656,Customer_16656,female,29,Coimbatore,Tamil Nadu,home office,2024-06-08,referral
16657,Customer_16657,male,44,New Delhi,Delhi,home office,2023-06-18,email
16658,Customer_16658,female,20,Bengaluru,Karnataka,corporate,2022-07-01,organic search
16659,Customer_16659,male,45,Nashik,Maharashtra,consumer,2024-07-13,organic search
16660,Customer_16660,male,19,Bengaluru,Karnataka,consumer,2023-10-26,social media
16661,Customer_16661,female,45,Ahmedabad,Gujarat,consumer,2024-02-01,social media
16662,Customer_16662,male,48,Coimbatore,Tamil Nadu,consumer,2024-07-04,organic search
16663,Customer_16663,male,60,Bengaluru,Karnataka,consumer,2022-06-15,social media
16664,Customer_16664,male,38,Kanpur,Uttar Pradesh,consumer,2023-10-17,organic search
16665,Customer_16665,female,24,Bhopal,Madhya Pradesh,corporate,2024-06-09,referral
16666,Customer_16666,other,48,Noida,Uttar Pradesh,consumer,2025-04-07,organic search
16667,Customer_16667,male,31,Bengaluru,Karnataka,corporate,2024-02-17,paid ads
16668,Customer_16668,female,56,Noida,Uttar Pradesh,consumer,2025-02-17,organic search
16669,Customer_16669,male,56,Nagpur,Maharashtra,consumer,2024-04-23,organic search
16670,Customer_16670,male,26,Nashik,Maharashtra,consumer,2022-08-30,social media
16671,Customer_16671,male,40,Bengaluru,Karnataka,home office,2025-05-16,social media
16672,Customer_16672,female,29,Lucknow,Uttar Pradesh,corporate,2023-07-06,email
16673,Customer_16673,male,46,Delhi,Delhi,consumer,2025-10-10,paid ads
16674,Customer_16674,female,55,Mumbai,Maharashtra,consumer,2022-07-18,organic search
16675,Customer_16675,male,56,Nagpur,Maharashtra,home office,2025-01-20,paid ads
16676,Customer_16676,male,39,Bhopal,Madhya Pradesh,consumer,2025-12-03,organic search
16677,Customer_16677,female,21,Jaipur,Rajasthan,consumer,2024-03-15,social media
16678,Customer_16678,male,24,New Delhi,Delhi,consumer,2025-12-30,social media
16679,Customer_16679,male,57,Ahmedabad,Gujarat,consumer,2024-04-14,referral
16680,Customer_16680,male,25,Warangal,Telangana,consumer,2024-04-20,social media
16681,Customer_16681,female,52,Udaipur,Rajasthan,consumer,2022-02-08,referral
16682,Customer_16682,female,26,Delhi,Delhi,consumer,2025-12-12,paid ads
16683,Customer_16683,male,30,Bhopal,Madhya Pradesh,consumer,2024-01-24,direct
16684,Customer_16684,male,56,Mysuru,Karnataka,consumer,2023-10-21,direct
16685,Customer_16685,male,37,Kolkata,West Bengal,consumer,2023-01-31,referral
16686,Customer_16686,male,38,Pune,Maharashtra,consumer,2023-02-20,paid ads
16687,Customer_16687,female,36,Mysuru,Karnataka,consumer,2023-08-25,social media
16688,Customer_16688,female,19,Mysuru,Karnataka,consumer,2024-01-25,direct
16689,Customer_16689,female,57,Ahmedabad,Gujarat,consumer,2023-12-22,organic search
16690,Customer_16690,male,47,Mumbai,Maharashtra,consumer,2023-07-04,organic search
16691,Customer_16691,female,40,Lucknow,Uttar Pradesh,consumer,2025-09-08,organic search
16692,Customer_16692,female,57,New Delhi,Delhi,consumer,2023-05-05,organic search
16693,Customer_16693,female,30,unknown,Rajasthan,consumer,2025-02-18,organic search
16694,Customer_16694,female,50,Kanpur,Uttar Pradesh,consumer,2024-10-28,referral
16695,Customer_16695,female,49,Vadodara,Gujarat,consumer,2025-08-03,email
16696,Customer_16696,female,45,Lucknow,Uttar Pradesh,consumer,2023-06-04,organic search
16697,Customer_16697,male,41,Jaipur,Rajasthan,consumer,2022-06-25,email
16698,Customer_16698,female,59,Bengaluru,Karnataka,corporate,2024-11-02,social media
16699,Customer_16699,male,45,Noida,Uttar Pradesh,corporate,2023-10-07,referral
16700,Customer_16700,female,47,Mysuru,Karnataka,corporate,2025-06-26,paid ads
16701,Customer_16701,female,58,Ahmedabad,Gujarat,consumer,2024-12-10,referral
16702,Customer_16702,female,46,Kanpur,Uttar Pradesh,consumer,2024-08-02,organic search
16703,Customer_16703,male,51,Chennai,Tamil Nadu,corporate,2024-09-28,social media
16704,Customer_16704,male,39,Bengaluru,Karnataka,consumer,2023-06-17,organic search
16705,Customer_16705,male,42,Coimbatore,Tamil Nadu,consumer,2025-10-20,organic search
16706,Customer_16706,female,31,Lucknow,Uttar Pradesh,consumer,2023-01-26,organic search
16707,Customer_16707,female,27,Faridabad,Haryana,home office,2023-09-19,organic search
16708,Customer_16708,female,27,Vadodara,Gujarat,consumer,2025-02-07,paid ads
16709,Customer_16709,male,25,Udaipur,Rajasthan,consumer,2025-08-09,social media
16710,Customer_16710,female,31,Bhopal,Madhya Pradesh,corporate,2023-05-02,social media
16711,Customer_16711,other,55,Pune,Maharashtra,consumer,2024-12-22,referral
16712,Customer_16712,male,49,New Delhi,Delhi,home office,2024-07-06,organic search
16713,Customer_16713,female,49,Kolkata,West Bengal,consumer,2025-06-06,social media
16714,Customer_16714,female,20,Kanpur,Uttar Pradesh,consumer,2025-07-30,social media
16715,Customer_16715,female,37,Bhopal,Madhya Pradesh,consumer,2022-09-09,organic search
16716,Customer_16716,female,30,Chennai,Tamil Nadu,corporate,2022-09-09,social media
16717,Customer_16717,male,40,Mumbai,Maharashtra,home office,2025-10-14,social media
16718,Customer_16718,female,36,Coimbatore,Tamil Nadu,corporate,2022-08-06,referral
16719,Customer_16719,female,33,New Delhi,Delhi,corporate,2024-05-16,organic search
16720,Customer_16720,female,53,Mysuru,Karnataka,consumer,2025-09-22,paid ads
16721,Customer_16721,female,52,Lucknow,Uttar Pradesh,home office,2024-05-22,email
16722,Customer_16722,female,24,Mumbai,Maharashtra,consumer,2024-01-06,organic search
16723,Customer_16723,male,54,Noida,Uttar Pradesh,home office,2025-07-13,organic search
16724,Customer_16724,female,25,Coimbatore,Tamil Nadu,corporate,2023-12-11,social media
16725,Customer_16725,male,42,Ahmedabad,Gujarat,consumer,2025-05-10,organic search
16726,Customer_16726,male,40,Nagpur,Maharashtra,consumer,2022-02-10,referral
16727,Customer_16727,male,27,Bengaluru,Karnataka,consumer,2023-08-29,organic search
16728,Customer_16728,female,47,Pune,Maharashtra,corporate,2024-11-12,direct
16729,Customer_16729,other,50,Ludhiana,Punjab,consumer,2025-06-03,organic search
16730,Customer_16730,male,28,Lucknow,Uttar Pradesh,consumer,2025-01-17,paid ads
16731,Customer_16731,male,52,Chennai,Tamil Nadu,home office,2023-08-07,paid ads
16732,Customer_16732,female,44,Delhi,Delhi,home office,2025-11-03,social media
16733,Customer_16733,female,20,Faridabad,Haryana,home office,2025-11-30,referral
16734,Customer_16734,female,25,Bengaluru,Karnataka,corporate,2022-10-30,organic search
16735,Customer_16735,male,30,Nagpur,Maharashtra,corporate,2025-09-22,organic search
16736,Customer_16736,male,59,Surat,Gujarat,consumer,2024-10-08,direct
16737,Customer_16737,male,20,Faridabad,Haryana,consumer,2025-12-08,organic search
16738,Customer_16738,male,37,Nashik,Maharashtra,home office,2023-08-29,referral
16739,Customer_16739,male,52,Delhi,Delhi,home office,2024-12-29,email
16740,Customer_16740,male,30,Gurugram,Haryana,corporate,2024-07-07,organic search
16741,Customer_16741,male,37,Delhi,Delhi,home office,2023-02-09,social media
16742,Customer_16742,male,41,Nagpur,Maharashtra,consumer,2025-03-03,social media
16743,Customer_16743,female,26,Surat,Gujarat,consumer,2025-02-25,organic search
16744,Customer_16744,male,47,Indore,Madhya Pradesh,home office,2022-09-22,organic search
16745,Customer_16745,male,42,Hyderabad,Telangana,consumer,2024-11-14,social media
16746,Customer_16746,female,33,Amritsar,Punjab,consumer,2025-04-19,organic search
16747,Customer_16747,female,25,Jaipur,Rajasthan,consumer,2023-09-05,organic search
16748,Customer_16748,female,45,Nagpur,Maharashtra,consumer,2025-04-25,referral
16749,Customer_16749,female,29,Ludhiana,Punjab,corporate,2025-05-05,organic search
16750,Customer_16750,female,41,Coimbatore,Tamil Nadu,consumer,2025-04-30,organic search
16751,Customer_16751,female,46,Mysuru,Karnataka,consumer,2024-05-12,email
16752,Customer_16752,female,32,Vadodara,Gujarat,consumer,2024-07-19,social media
16753,Customer_16753,female,35,Bengaluru,Karnataka,consumer,2022-02-14,email
16754,Customer_16754,male,24,Nagpur,Maharashtra,home office,2022-12-08,organic search
16755,Customer_16755,male,30,Mumbai,Maharashtra,consumer,2022-11-05,referral
16756,Customer_16756,female,36,Coimbatore,Tamil Nadu,consumer,2025-03-08,email
16757,Customer_16757,female,60,Kanpur,Uttar Pradesh,consumer,2025-09-18,paid ads
16758,Customer_16758,female,22,Vadodara,Gujarat,home office,2022-08-09,email
16759,Customer_16759,male,43,Ludhiana,Punjab,consumer,2025-06-05,organic search
16760,Customer_16760,male,19,Mysuru,Karnataka,home office,2022-01-18,organic search
16761,Customer_16761,female,50,Bengaluru,Karnataka,consumer,2022-02-04,organic search
16762,Customer_16762,male,54,Pune,Maharashtra,consumer,2024-05-21,referral
16763,Customer_16763,female,42,Nashik,Maharashtra,corporate,2023-02-21,direct
16764,Customer_16764,female,42,Bengaluru,Karnataka,consumer,2025-11-09,social media
16765,Customer_16765,female,56,Kanpur,Uttar Pradesh,consumer,2024-03-27,direct
16766,Customer_16766,female,47,Gurugram,Haryana,consumer,2022-04-21,email
16767,Customer_16767,female,58,Ludhiana,Punjab,consumer,2023-09-27,email
16768,Customer_16768,female,21,Delhi,Delhi,consumer,2024-08-05,social media
16769,Customer_16769,female,36,Bhopal,Madhya Pradesh,consumer,2025-04-30,social media
16770,Customer_16770,female,44,Mysuru,Karnataka,consumer,2023-09-16,organic search
16771,Customer_16771,other,56,Nashik,Maharashtra,consumer,2023-11-03,social media
16772,Customer_16772,female,41,Bhopal,Madhya Pradesh,corporate,2023-04-27,email
16773,Customer_16773,female,54,Udaipur,Rajasthan,consumer,2022-02-20,social media
16774,Customer_16774,male,42,Nashik,Maharashtra,consumer,2023-06-25,organic search
16775,Customer_16775,male,46,Coimbatore,Tamil Nadu,consumer,2022-12-05,paid ads
16776,Customer_16776,male,48,Mysuru,Karnataka,consumer,2024-11-25,organic search
16777,Customer_16777,male,52,Kolkata,West Bengal,consumer,2022-01-12,organic search
16778,Customer_16778,female,45,Coimbatore,Tamil Nadu,home office,2022-03-17,organic search
16779,Customer_16779,male,55,Ludhiana,Punjab,corporate,2022-10-06,organic search
16780,Customer_16780,female,21,Nagpur,Maharashtra,consumer,2023-10-11,paid ads
16781,Customer_16781,male,45,Bengaluru,Karnataka,consumer,2023-04-19,direct
16782,Customer_16782,male,48,Warangal,Telangana,consumer,2025-02-17,organic search
16783,Customer_16783,male,40,Hyderabad,Telangana,home office,2025-11-04,social media
16784,Customer_16784,female,31,Mysuru,Karnataka,consumer,2023-08-04,referral
16785,Customer_16785,male,45,Kolkata,West Bengal,consumer,2024-12-26,social media
16786,Customer_16786,male,31,Bhopal,Madhya Pradesh,consumer,2025-04-24,social media
16787,Customer_16787,female,18,Gurugram,Haryana,consumer,2024-05-05,organic search
16788,Customer_16788,male,60,Lucknow,Uttar Pradesh,consumer,2025-04-08,referral
16789,Customer_16789,male,49,Bhopal,Madhya Pradesh,corporate,2025-02-05,referral
16790,Customer_16790,female,58,Surat,Gujarat,consumer,2025-04-25,direct
16791,Customer_16791,male,35,Kanpur,Uttar Pradesh,consumer,2024-10-11,social media
16792,Customer_16792,male,22,Bengaluru,Karnataka,consumer,2024-12-03,email
16793,Customer_16793,male,59,Chennai,Tamil Nadu,consumer,2025-10-14,direct
16794,Customer_16794,male,32,Bengaluru,Karnataka,consumer,2023-09-11,social media
16795,Customer_16795,female,59,Hyderabad,Telangana,corporate,2025-07-12,organic search
16796,Customer_16796,male,33,Bengaluru,Karnataka,consumer,2022-12-18,direct
16797,Customer_16797,female,53,Amritsar,Punjab,consumer,2025-05-09,referral
16798,Customer_16798,female,53,Mysuru,Karnataka,corporate,2025-07-30,organic search
16799,Customer_16799,male,57,Pune,Maharashtra,consumer,2022-05-30,organic search
16800,Customer_16800,other,47,Warangal,Telangana,consumer,2024-01-20,organic search
16801,Customer_16801,male,55,Nagpur,Maharashtra,consumer,2022-08-22,social media
16802,Customer_16802,male,40,Pune,Maharashtra,corporate,2023-09-22,referral
16803,Customer_16803,male,28,Delhi,Delhi,consumer,2023-08-23,social media
16804,Customer_16804,male,42,Hyderabad,Telangana,consumer,2022-06-22,organic search
16805,Customer_16805,female,60,Coimbatore,Tamil Nadu,consumer,2024-12-05,organic search
16806,Customer_16806,male,19,Lucknow,Uttar Pradesh,consumer,2022-08-26,email
16807,Customer_16807,female,52,Lucknow,Uttar Pradesh,corporate,2024-05-12,referral
16808,Customer_16808,female,41,Chennai,Tamil Nadu,consumer,2022-02-14,direct
16809,Customer_16809,male,30,Mysuru,Karnataka,home office,2024-08-02,organic search
16810,Customer_16810,female,59,Bengaluru,Karnataka,consumer,2024-11-26,direct
16811,Customer_16811,female,54,Noida,Uttar Pradesh,consumer,2022-08-18,referral
16812,Customer_16812,male,47,Nashik,Maharashtra,corporate,2022-10-07,organic search
16813,Customer_16813,male,28,Nashik,Maharashtra,consumer,2025-12-18,organic search
16814,Customer_16814,male,40,Lucknow,Uttar Pradesh,consumer,2023-04-24,organic search
16815,Customer_16815,male,45,Hyderabad,Telangana,consumer,2022-12-23,organic search
16816,Customer_16816,female,46,Nagpur,Maharashtra,consumer,2025-01-30,organic search
16817,Customer_16817,male,32,Delhi,Delhi,consumer,2023-06-18,referral
16818,Customer_16818,female,20,Faridabad,Haryana,home office,2024-10-03,organic search
16819,Customer_16819,female,26,Indore,Madhya Pradesh,corporate,2023-02-10,social media
16820,Customer_16820,female,25,Kolkata,West Bengal,home office,2024-10-27,referral
16821,Customer_16821,male,50,Warangal,Telangana,home office,2022-04-28,paid ads
16822,Customer_16822,male,51,Hyderabad,Telangana,consumer,2025-05-28,email
16823,Customer_16823,male,26,Ludhiana,Punjab,consumer,2023-05-30,organic search
16824,Customer_16824,male,34,Amritsar,Punjab,consumer,2024-04-22,referral
16825,Customer_16825,female,58,Delhi,Delhi,home office,2022-03-09,organic search
16826,Customer_16826,male,18,Kanpur,Uttar Pradesh,consumer,2024-05-27,organic search
16827,Customer_16827,male,57,Delhi,Delhi,consumer,2024-01-18,referral
16828,Customer_16828,male,22,New Delhi,Delhi,consumer,2025-08-12,direct
16829,Customer_16829,female,47,Jaipur,Rajasthan,consumer,2023-01-03,referral
16830,Customer_16830,female,28,Coimbatore,Tamil Nadu,consumer,2024-09-16,email
16831,Customer_16831,male,45,Gurugram,Haryana,consumer,2024-10-24,paid ads
16832,Customer_16832,male,55,Nashik,Maharashtra,home office,2025-05-05,paid ads
16833,Customer_16833,male,34,Hyderabad,Telangana,consumer,2025-01-27,organic search
16834,Customer_16834,female,40,Faridabad,Haryana,home office,2022-06-29,social media
16835,Customer_16835,other,35,Bhopal,Madhya Pradesh,consumer,2025-05-22,email
16836,Customer_16836,female,54,Nagpur,Maharashtra,home office,2025-03-12,paid ads
16837,Customer_16837,female,44,Mysuru,Karnataka,consumer,2024-09-26,organic search
16838,Customer_16838,male,42,Surat,Gujarat,corporate,2022-01-05,paid ads
16839,Customer_16839,male,22,Mumbai,Maharashtra,consumer,2023-06-30,organic search
16840,Customer_16840,female,36,Amritsar,Punjab,consumer,2022-02-12,direct
16841,Customer_16841,male,44,Gurugram,Haryana,home office,2022-05-12,direct
16842,Customer_16842,other,30,Pune,Maharashtra,consumer,2022-10-29,email
16843,Customer_16843,male,24,Mumbai,Maharashtra,consumer,2022-10-02,organic search
16844,Customer_16844,male,43,Mumbai,Maharashtra,consumer,2025-02-22,organic search
16845,Customer_16845,female,31,Gurugram,Haryana,consumer,2025-07-14,email
16846,Customer_16846,male,44,New Delhi,Delhi,consumer,2022-03-18,social media
16847,Customer_16847,male,25,Coimbatore,Tamil Nadu,consumer,2022-11-23,email
16848,Customer_16848,male,48,Chennai,Tamil Nadu,consumer,2025-05-20,email
16849,Customer_16849,female,52,Vadodara,Gujarat,consumer,2023-10-31,email
16850,Customer_16850,male,44,Pune,Maharashtra,home office,2024-06-07,organic search
16851,Customer_16851,male,21,New Delhi,Delhi,consumer,2023-10-22,paid ads
16852,Customer_16852,female,59,Faridabad,Haryana,consumer,2024-07-28,direct
16853,Customer_16853,male,21,Faridabad,Haryana,consumer,2025-03-25,social media
16854,Customer_16854,female,35,Lucknow,Uttar Pradesh,consumer,2024-11-14,paid ads
16855,Customer_16855,male,40,Nagpur,Maharashtra,consumer,2022-01-02,social media
16856,Customer_16856,female,49,Bengaluru,Karnataka,consumer,2022-12-01,organic search
16857,Customer_16857,male,29,Surat,Gujarat,home office,2024-12-19,email
16858,Customer_16858,female,37,Mysuru,Karnataka,corporate,2024-10-07,organic search
16859,Customer_16859,female,29,Faridabad,Haryana,consumer,2025-04-13,organic search
16860,Customer_16860,female,25,Udaipur,Rajasthan,consumer,2023-11-19,organic search
16861,Customer_16861,male,39,Mumbai,Maharashtra,consumer,2022-09-08,social media
16862,Customer_16862,male,44,Gurugram,Haryana,home office,2025-02-02,paid ads
16863,Customer_16863,female,58,Gurugram,Haryana,home office,2023-05-19,organic search
16864,Customer_16864,male,58,Nagpur,Maharashtra,consumer,2025-04-18,direct
16865,Customer_16865,male,34,Warangal,Telangana,consumer,2023-07-01,referral
16866,Customer_16866,female,49,Mysuru,Karnataka,consumer,2022-04-08,paid ads
16867,Customer_16867,male,50,Chennai,Tamil Nadu,consumer,2025-07-13,organic search
16868,Customer_16868,other,48,Delhi,Delhi,consumer,2023-05-13,email
16869,Customer_16869,male,23,Vadodara,Gujarat,consumer,2025-01-27,organic search
16870,Customer_16870,female,56,Amritsar,Punjab,consumer,2024-01-08,organic search
16871,Customer_16871,female,26,Warangal,Telangana,consumer,2022-11-22,paid ads
16872,Customer_16872,male,59,Nashik,Maharashtra,consumer,2022-01-24,organic search
16873,Customer_16873,female,49,Surat,Gujarat,corporate,2025-03-05,referral
16874,Customer_16874,male,53,Mysuru,Karnataka,consumer,2022-05-23,paid ads
16875,Customer_16875,female,33,Bhopal,Madhya Pradesh,consumer,2024-12-01,referral
16876,Customer_16876,female,29,Chennai,Tamil Nadu,corporate,2024-05-16,organic search
16877,Customer_16877,male,58,Delhi,Delhi,consumer,2025-09-20,referral
16878,Customer_16878,female,20,New Delhi,Delhi,consumer,2024-02-20,referral
16879,Customer_16879,male,44,Kanpur,Uttar Pradesh,consumer,2025-01-29,social media
16880,Customer_16880,female,44,New Delhi,Delhi,consumer,2023-09-19,social media
16881,Customer_16881,male,26,Kanpur,Uttar Pradesh,consumer,2024-10-26,organic search
16882,Customer_16882,female,34,New Delhi,Delhi,corporate,2023-05-10,organic search
16883,Customer_16883,female,22,Bengaluru,Karnataka,consumer,2025-07-31,organic search
16884,Customer_16884,male,43,Warangal,Telangana,consumer,2025-05-27,paid ads
16885,Customer_16885,female,38,Faridabad,Haryana,corporate,2025-03-31,referral
16886,Customer_16886,male,18,Faridabad,Haryana,corporate,2025-01-06,organic search
16887,Customer_16887,male,18,New Delhi,Delhi,consumer,2023-06-22,organic search
16888,Customer_16888,male,52,Bengaluru,Karnataka,consumer,2025-04-02,organic search
16889,Customer_16889,male,26,Mumbai,Maharashtra,consumer,2024-03-05,organic search
16890,Customer_16890,male,40,Warangal,Telangana,consumer,2023-04-02,organic search
16891,Customer_16891,male,55,Coimbatore,Tamil Nadu,home office,2024-03-02,paid ads
16892,Customer_16892,male,58,Bhopal,Madhya Pradesh,consumer,2025-03-13,social media
16893,Customer_16893,male,21,Gurugram,Haryana,consumer,2025-12-30,organic search
16894,Customer_16894,male,36,Chennai,Tamil Nadu,home office,2022-04-15,social media
16895,Customer_16895,female,54,Hyderabad,Telangana,consumer,2025-07-14,social media
16896,Customer_16896,female,22,Bhopal,Madhya Pradesh,consumer,2022-08-30,paid ads
16897,Customer_16897,male,45,Lucknow,Uttar Pradesh,corporate,2023-09-11,organic search
16898,Customer_16898,unknown,59,Nagpur,Maharashtra,corporate,2025-05-24,referral
16899,Customer_16899,female,40,Bengaluru,Karnataka,consumer,2025-07-05,social media
16900,Customer_16900,unknown,55,Chennai,Tamil Nadu,home office,2024-07-02,social media
16901,Customer_16901,male,40,Delhi,Delhi,consumer,2022-04-07,paid ads
16902,Customer_16902,male,35,Delhi,Delhi,corporate,2025-12-03,referral
16903,Customer_16903,female,46,Nagpur,Maharashtra,home office,2022-05-11,social media
16904,Customer_16904,female,45,Jaipur,Rajasthan,consumer,2022-01-19,social media
16905,Customer_16905,male,26,Delhi,Delhi,consumer,2023-10-24,paid ads
16906,Customer_16906,male,56,Nashik,Maharashtra,consumer,2025-02-27,referral
16907,Customer_16907,female,27,New Delhi,Delhi,corporate,2023-08-30,organic search
16908,Customer_16908,female,19,Noida,Uttar Pradesh,corporate,2023-02-26,paid ads
16909,Customer_16909,female,30,Bhopal,Madhya Pradesh,consumer,2024-01-22,social media
16910,Customer_16910,male,55,Hyderabad,Telangana,corporate,2022-07-08,direct
16911,Customer_16911,male,44,Coimbatore,Tamil Nadu,corporate,2023-01-27,social media
16912,Customer_16912,male,58,Amritsar,Punjab,corporate,2024-09-12,direct
16913,Customer_16913,male,37,Delhi,Delhi,corporate,2023-09-02,email
16914,Customer_16914,male,57,Delhi,Delhi,consumer,2022-02-25,direct
16915,Customer_16915,female,27,Bengaluru,Karnataka,consumer,2025-02-02,organic search
16916,Customer_16916,male,33,Delhi,Delhi,corporate,2023-08-03,social media
16917,Customer_16917,female,32,Coimbatore,Tamil Nadu,home office,2025-03-15,referral
16918,Customer_16918,male,30,Gurugram,Haryana,consumer,2023-12-29,organic search
16919,Customer_16919,male,55,Ahmedabad,Gujarat,consumer,2023-12-21,paid ads
16920,Customer_16920,male,37,Chennai,Tamil Nadu,corporate,2023-04-09,organic search
16921,Customer_16921,male,41,unknown,Haryana,corporate,2024-07-12,organic search
16922,Customer_16922,female,58,Pune,Maharashtra,consumer,2024-09-12,organic search
16923,Customer_16923,male,24,Delhi,Delhi,consumer,2024-07-28,social media
16924,Customer_16924,male,40,Surat,Gujarat,corporate,2024-02-12,organic search
16925,Customer_16925,male,41,Ahmedabad,Gujarat,corporate,2024-11-25,social media
16926,Customer_16926,male,46,Pune,Maharashtra,corporate,2022-06-01,social media
16927,Customer_16927,female,22,Chennai,Tamil Nadu,corporate,2023-04-28,email
16928,Customer_16928,male,60,Udaipur,Rajasthan,consumer,2024-07-04,organic search
16929,Customer_16929,female,52,Kolkata,West Bengal,home office,2022-06-24,email
16930,Customer_16930,female,18,Jaipur,Rajasthan,corporate,2023-05-27,paid ads
16931,Customer_16931,male,53,Mysuru,Karnataka,consumer,2024-04-02,referral
16932,Customer_16932,male,35,Pune,Maharashtra,home office,2024-09-15,direct
16933,Customer_16933,female,23,Coimbatore,Tamil Nadu,home office,2024-06-21,organic search
16934,Customer_16934,female,40,Nashik,Maharashtra,corporate,2023-01-14,social media
16935,Customer_16935,male,27,Faridabad,Haryana,consumer,2024-02-26,paid ads
16936,Customer_16936,male,24,Hyderabad,Telangana,consumer,2024-06-22,referral
16937,Customer_16937,male,25,Mysuru,Karnataka,consumer,2022-06-21,social media
16938,Customer_16938,male,30,Kanpur,Uttar Pradesh,consumer,2024-08-01,organic search
16939,Customer_16939,male,47,Warangal,Telangana,consumer,2024-09-26,paid ads
16940,Customer_16940,male,35,Bengaluru,Karnataka,consumer,2025-01-31,email
16941,Customer_16941,male,31,Kanpur,Uttar Pradesh,consumer,2024-07-18,paid ads
16942,Customer_16942,male,28,Bhopal,Madhya Pradesh,home office,2023-06-13,organic search
16943,Customer_16943,male,59,Udaipur,Rajasthan,consumer,2022-04-29,paid ads
16944,Customer_16944,female,55,Nagpur,Maharashtra,consumer,2022-04-24,paid ads
16945,Customer_16945,female,30,Ahmedabad,Gujarat,consumer,2024-09-28,paid ads
16946,Customer_16946,female,59,Noida,Uttar Pradesh,consumer,2022-09-01,referral
16947,Customer_16947,male,50,Mumbai,Maharashtra,home office,2024-10-31,paid ads
16948,Customer_16948,female,30,Delhi,Delhi,consumer,2024-11-10,referral
16949,Customer_16949,male,42,Indore,Madhya Pradesh,consumer,2024-03-07,social media
16950,Customer_16950,female,41,Nagpur,Maharashtra,consumer,2023-05-08,referral
16951,Customer_16951,male,46,Noida,Uttar Pradesh,consumer,2023-04-05,organic search
16952,Customer_16952,male,53,Warangal,Telangana,consumer,2024-09-08,referral
16953,Customer_16953,female,23,Chennai,Tamil Nadu,consumer,2025-05-24,paid ads
16954,Customer_16954,female,35,Nagpur,Maharashtra,consumer,2022-03-18,social media
16955,Customer_16955,female,45,Kanpur,Uttar Pradesh,consumer,2022-10-18,referral
16956,Customer_16956,male,22,Bengaluru,Karnataka,corporate,2024-05-04,paid ads
16957,Customer_16957,male,35,Ahmedabad,Gujarat,consumer,2025-08-15,organic search
16958,Customer_16958,male,54,Jaipur,Rajasthan,consumer,2025-09-18,paid ads
16959,Customer_16959,female,24,Kolkata,West Bengal,consumer,2025-04-10,social media
16960,Customer_16960,female,26,Faridabad,Haryana,consumer,2025-10-22,paid ads
16961,Customer_16961,female,52,Warangal,Telangana,consumer,2022-12-17,organic search
16962,Customer_16962,male,29,Coimbatore,Tamil Nadu,consumer,2022-08-29,paid ads
16963,Customer_16963,female,57,Gurugram,Haryana,consumer,2025-07-07,paid ads
16964,Customer_16964,male,56,Jaipur,Rajasthan,consumer,2024-09-10,social media
16965,Customer_16965,male,41,Bengaluru,Karnataka,consumer,2023-08-25,paid ads
16966,Customer_16966,male,26,Mumbai,Maharashtra,consumer,2022-07-17,organic search
16967,Customer_16967,male,29,Bhopal,Madhya Pradesh,home office,2022-04-17,email
16968,Customer_16968,male,53,Bengaluru,Karnataka,consumer,2022-09-23,organic search
16969,Customer_16969,male,54,Jaipur,Rajasthan,consumer,2022-11-06,direct
16970,Customer_16970,male,26,Warangal,Telangana,home office,2022-10-03,referral
16971,Customer_16971,male,56,Delhi,Delhi,consumer,2025-07-22,paid ads
16972,Customer_16972,male,39,Vadodara,Gujarat,consumer,2024-05-27,referral
16973,Customer_16973,male,34,Mumbai,Maharashtra,consumer,2025-12-22,referral
16974,Customer_16974,male,50,Chennai,Tamil Nadu,consumer,2025-01-22,social media
16975,Customer_16975,female,41,Ahmedabad,Gujarat,consumer,2025-12-21,organic search
16976,Customer_16976,female,32,Chennai,Tamil Nadu,home office,2022-10-17,organic search
16977,Customer_16977,male,46,Lucknow,Uttar Pradesh,consumer,2025-01-24,direct
16978,Customer_16978,other,49,Noida,Uttar Pradesh,consumer,2022-10-31,social media
16979,Customer_16979,female,50,Kanpur,Uttar Pradesh,consumer,2025-11-27,organic search
16980,Customer_16980,male,46,Pune,Maharashtra,consumer,2024-07-17,paid ads
16981,Customer_16981,male,32,Delhi,Delhi,consumer,2022-01-10,paid ads
16982,Customer_16982,female,44,Warangal,Telangana,consumer,2024-01-17,social media
16983,Customer_16983,female,51,Gurugram,Haryana,consumer,2022-12-02,social media
16984,Customer_16984,female,21,Lucknow,Uttar Pradesh,consumer,2025-09-18,social media
16985,Customer_16985,female,35,Bhopal,Madhya Pradesh,home office,2024-07-22,organic search
16986,Customer_16986,male,38,Bengaluru,Karnataka,consumer,2023-11-02,direct
16987,Customer_16987,male,25,Chennai,Tamil Nadu,consumer,2025-08-23,social media
16988,Customer_16988,male,23,Warangal,Telangana,consumer,2024-04-27,email
16989,Customer_16989,male,37,Nagpur,Maharashtra,consumer,2025-10-07,email
16990,Customer_16990,male,19,Nagpur,Maharashtra,consumer,2022-06-17,organic search
16991,Customer_16991,male,39,Gurugram,Haryana,corporate,2025-09-22,organic search
16992,Customer_16992,male,38,New Delhi,Delhi,consumer,2025-12-07,social media
16993,Customer_16993,male,23,Delhi,Delhi,consumer,2023-02-22,organic search
16994,Customer_16994,male,49,Pune,Maharashtra,home office,2022-06-11,social media
16995,Customer_16995,male,23,Gurugram,Haryana,consumer,2025-03-04,direct
16996,Customer_16996,male,30,Vadodara,Gujarat,corporate,2025-03-05,referral
16997,Customer_16997,male,18,Jaipur,Rajasthan,corporate,2023-02-01,social media
16998,Customer_16998,female,39,Faridabad,Haryana,corporate,2024-01-20,referral
16999,Customer_16999,female,41,Bengaluru,Karnataka,home office,2024-10-16,organic search
17000,Customer_17000,male,58,Vadodara,Gujarat,corporate,2025-05-25,paid ads
17001,Customer_17001,male,47,Nashik,Maharashtra,consumer,2022-08-08,referral
17002,Customer_17002,female,39,New Delhi,Delhi,consumer,2024-07-10,direct
17003,Customer_17003,male,29,Noida,Uttar Pradesh,consumer,2022-11-18,social media
17004,Customer_17004,female,43,Kanpur,Uttar Pradesh,consumer,2022-02-26,organic search
17005,Customer_17005,male,21,Mysuru,Karnataka,home office,2023-04-26,organic search
17006,Customer_17006,female,36,Bengaluru,Karnataka,consumer,2022-11-20,email
17007,Customer_17007,female,33,Hyderabad,Telangana,corporate,2023-09-03,social media
17008,Customer_17008,female,29,Pune,Maharashtra,corporate,2023-05-23,organic search
17009,Customer_17009,male,50,Delhi,Delhi,corporate,2022-02-11,paid ads
17010,Customer_17010,female,38,Delhi,Delhi,consumer,2022-06-29,paid ads
17011,Customer_17011,female,53,Delhi,Delhi,corporate,2023-11-04,direct
17012,Customer_17012,female,26,Noida,Uttar Pradesh,consumer,2024-06-08,email
17013,Customer_17013,male,56,Bengaluru,Karnataka,corporate,2024-05-27,organic search
17014,Customer_17014,female,59,Delhi,Delhi,consumer,2025-02-02,organic search
17015,Customer_17015,male,25,Warangal,Telangana,home office,2022-12-24,social media
17016,Customer_17016,male,37,Bhopal,Madhya Pradesh,consumer,2022-09-24,email
17017,Customer_17017,female,27,Delhi,Delhi,consumer,2025-06-24,paid ads
17018,Customer_17018,male,49,Nagpur,Maharashtra,consumer,2023-11-11,organic search
17019,Customer_17019,female,45,Bengaluru,Karnataka,corporate,2024-07-23,organic search
17020,Customer_17020,female,27,Kanpur,Uttar Pradesh,corporate,2022-03-13,social media
17021,Customer_17021,male,25,Ahmedabad,Gujarat,consumer,2023-08-16,paid ads
17022,Customer_17022,female,50,Kanpur,Uttar Pradesh,consumer,2022-03-26,organic search
17023,Customer_17023,female,30,Amritsar,Punjab,consumer,2024-09-17,organic search
17024,Customer_17024,male,52,Kanpur,Uttar Pradesh,consumer,2024-07-18,organic search
17025,Customer_17025,female,46,Vadodara,Gujarat,consumer,2023-09-02,organic search
17026,Customer_17026,male,22,Warangal,Telangana,consumer,2023-06-03,social media
17027,Customer_17027,male,20,Pune,Maharashtra,consumer,2025-11-08,email
17028,Customer_17028,male,54,Ludhiana,Punjab,consumer,2024-05-04,organic search
17029,Customer_17029,male,58,Chennai,Tamil Nadu,home office,2022-08-04,paid ads
17030,Customer_17030,male,23,Nashik,Maharashtra,consumer,2023-09-18,organic search
17031,Customer_17031,other,59,Jaipur,Rajasthan,consumer,2022-08-04,social media
17032,Customer_17032,female,33,Mysuru,Karnataka,consumer,2023-07-08,organic search
17033,Customer_17033,male,52,Ahmedabad,Gujarat,consumer,2024-06-07,email
17034,Customer_17034,male,35,Ahmedabad,Gujarat,consumer,2023-09-18,paid ads
17035,Customer_17035,male,28,Chennai,Tamil Nadu,consumer,2023-07-08,organic search
17036,Customer_17036,male,40,Noida,Uttar Pradesh,consumer,2024-12-09,referral
17037,Customer_17037,male,28,Delhi,Delhi,consumer,2023-07-07,paid ads
17038,Customer_17038,male,46,Chennai,Tamil Nadu,consumer,2024-04-03,email
17039,Customer_17039,male,59,Ahmedabad,Gujarat,consumer,2024-05-18,referral
17040,Customer_17040,male,44,Jaipur,Rajasthan,consumer,2023-11-19,referral
17041,Customer_17041,female,26,Kanpur,Uttar Pradesh,consumer,2022-01-14,organic search
17042,Customer_17042,female,52,Coimbatore,Tamil Nadu,consumer,2023-03-17,referral
17043,Customer_17043,male,26,Udaipur,Rajasthan,consumer,2025-10-27,email
17044,Customer_17044,male,35,Mumbai,Maharashtra,consumer,2024-01-02,paid ads
17045,Customer_17045,male,38,Faridabad,Haryana,corporate,2022-03-31,organic search
17046,Customer_17046,female,53,Chennai,Tamil Nadu,home office,2023-11-17,paid ads
17047,Customer_17047,female,18,Kolkata,West Bengal,consumer,2022-05-21,social media
17048,Customer_17048,female,44,Pune,Maharashtra,consumer,2024-03-30,paid ads
17049,Customer_17049,female,57,New Delhi,Delhi,consumer,2025-03-10,email
17050,Customer_17050,male,55,Hyderabad,Telangana,consumer,2022-09-26,organic search
17051,Customer_17051,other,46,Bhopal,Madhya Pradesh,consumer,2023-10-19,email
17052,Customer_17052,male,57,Hyderabad,Telangana,consumer,2022-12-20,organic search
17053,Customer_17053,male,36,Faridabad,Haryana,corporate,2023-11-11,organic search
17054,Customer_17054,female,41,Hyderabad,Telangana,corporate,2024-06-05,paid ads
17055,Customer_17055,male,18,Hyderabad,Telangana,home office,2022-10-19,paid ads
17056,Customer_17056,female,53,Nagpur,Maharashtra,consumer,2023-11-07,social media
17057,Customer_17057,male,40,Noida,Uttar Pradesh,consumer,2024-05-27,organic search
17058,Customer_17058,female,30,New Delhi,Delhi,consumer,2023-07-31,direct
17059,Customer_17059,male,47,Indore,Madhya Pradesh,consumer,2025-07-31,social media
17060,Customer_17060,male,54,Faridabad,Haryana,home office,2025-01-04,direct
17061,Customer_17061,female,28,Gurugram,Haryana,consumer,2024-05-12,email
17062,Customer_17062,female,24,Hyderabad,Telangana,consumer,2024-12-24,organic search
17063,Customer_17063,female,52,Jaipur,Rajasthan,consumer,2022-11-01,paid ads
17064,Customer_17064,female,28,Kanpur,Uttar Pradesh,consumer,2022-06-24,organic search
17065,Customer_17065,female,60,Pune,Maharashtra,consumer,2024-04-23,organic search
17066,Customer_17066,female,57,Vadodara,Gujarat,consumer,2023-01-04,organic search
17067,Customer_17067,male,38,Nagpur,Maharashtra,consumer,2025-11-01,organic search
17068,Customer_17068,male,20,Warangal,Telangana,home office,2025-03-08,social media
17069,Customer_17069,male,47,Mumbai,Maharashtra,consumer,2022-02-23,social media
17070,Customer_17070,female,41,New Delhi,Delhi,consumer,2025-06-27,organic search
17071,Customer_17071,male,55,Mysuru,Karnataka,consumer,2022-04-26,organic search
17072,Customer_17072,female,20,Coimbatore,Tamil Nadu,corporate,2024-08-16,referral
17073,Customer_17073,male,54,Surat,Gujarat,consumer,2024-01-16,social media
17074,Customer_17074,female,50,Mumbai,Maharashtra,home office,2024-07-03,social media
17075,Customer_17075,male,39,Warangal,Telangana,consumer,2022-11-28,direct
17076,Customer_17076,male,48,New Delhi,Delhi,consumer,2024-10-23,social media
17077,Customer_17077,female,29,Vadodara,Gujarat,consumer,2022-11-20,referral
17078,Customer_17078,male,31,Udaipur,Rajasthan,home office,2022-03-15,social media
17079,Customer_17079,male,29,Vadodara,Gujarat,consumer,2022-11-29,paid ads
17080,Customer_17080,male,44,Noida,Uttar Pradesh,consumer,2025-12-18,direct
17081,Customer_17081,male,30,Mysuru,Karnataka,consumer,2022-06-07,referral
17082,Customer_17082,male,41,Kanpur,Uttar Pradesh,consumer,2023-09-22,social media
17083,Customer_17083,female,55,Coimbatore,Tamil Nadu,consumer,2022-09-15,organic search
17084,Customer_17084,male,26,Warangal,Telangana,corporate,2022-11-15,email
17085,Customer_17085,female,25,Jaipur,Rajasthan,home office,2024-03-26,organic search
17086,Customer_17086,male,54,Nagpur,Maharashtra,home office,2022-02-03,referral
17087,Customer_17087,female,32,Udaipur,Rajasthan,consumer,2022-12-29,paid ads
17088,Customer_17088,female,24,Ahmedabad,Gujarat,consumer,2025-04-20,organic search
17089,Customer_17089,male,41,Bengaluru,Karnataka,consumer,2023-04-12,social media
17090,Customer_17090,male,33,Mumbai,Maharashtra,consumer,2022-03-07,social media
17091,Customer_17091,male,41,Nashik,Maharashtra,corporate,2023-06-11,organic search
17092,Customer_17092,female,60,Faridabad,Haryana,consumer,2025-09-25,email
17093,Customer_17093,female,24,Kolkata,West Bengal,home office,2025-09-24,referral
17094,Customer_17094,female,60,Nagpur,Maharashtra,corporate,2023-01-03,email
17095,Customer_17095,male,45,Mysuru,Karnataka,consumer,2022-06-06,email
17096,Customer_17096,male,19,Vadodara,Gujarat,consumer,2024-10-09,direct
17097,Customer_17097,male,51,Noida,Uttar Pradesh,consumer,2025-10-11,direct
17098,Customer_17098,male,55,Mumbai,Maharashtra,consumer,2022-03-03,paid ads
17099,Customer_17099,male,20,Delhi,Delhi,consumer,2025-04-14,paid ads
17100,Customer_17100,male,18,Indore,Madhya Pradesh,home office,2024-09-13,organic search
17101,Customer_17101,female,48,Pune,Maharashtra,consumer,2024-07-18,social media
17102,Customer_17102,female,40,Delhi,Delhi,consumer,2023-11-27,referral
17103,Customer_17103,female,37,Ludhiana,Punjab,corporate,2023-04-24,organic search
17104,Customer_17104,male,33,Surat,Gujarat,corporate,2024-11-16,organic search
17105,Customer_17105,female,49,Delhi,Delhi,corporate,2023-12-01,referral
17106,Customer_17106,other,34,Pune,Maharashtra,consumer,2024-02-21,organic search
17107,Customer_17107,female,35,Nashik,Maharashtra,corporate,2022-03-06,social media
17108,Customer_17108,female,21,New Delhi,Delhi,consumer,2023-04-14,organic search
17109,Customer_17109,female,52,Bhopal,Madhya Pradesh,consumer,2024-08-02,organic search
17110,Customer_17110,female,57,Chennai,Tamil Nadu,consumer,2025-02-10,referral
17111,Customer_17111,male,53,Kolkata,West Bengal,consumer,2023-08-25,referral
17112,Customer_17112,female,40,Faridabad,Haryana,home office,2025-01-11,organic search
17113,Customer_17113,female,32,Chennai,Tamil Nadu,consumer,2025-05-01,organic search
17114,Customer_17114,other,30,Delhi,Delhi,consumer,2022-02-13,social media
17115,Customer_17115,female,31,Hyderabad,Telangana,consumer,2025-02-06,paid ads
17116,Customer_17116,male,31,Gurugram,Haryana,consumer,2025-08-17,organic search
17117,Customer_17117,female,54,Lucknow,Uttar Pradesh,consumer,2025-10-16,social media
17118,Customer_17118,female,22,Pune,Maharashtra,consumer,2024-08-12,paid ads
17119,Customer_17119,male,39,Kolkata,West Bengal,home office,2022-11-26,organic search
17120,Customer_17120,male,45,Ahmedabad,Gujarat,consumer,2024-09-23,referral
17121,Customer_17121,female,21,Faridabad,Haryana,consumer,2025-05-15,social media
17122,Customer_17122,male,55,Mumbai,Maharashtra,consumer,2022-04-16,social media
17123,Customer_17123,male,46,Hyderabad,Telangana,consumer,2024-08-29,direct
17124,Customer_17124,male,54,Bhopal,Madhya Pradesh,home office,2023-10-01,social media
17125,Customer_17125,female,52,Coimbatore,Tamil Nadu,consumer,2022-04-07,social media
17126,Customer_17126,male,37,Warangal,Telangana,consumer,2024-10-16,organic search
17127,Customer_17127,male,52,Nashik,Maharashtra,consumer,2025-07-11,social media
17128,Customer_17128,female,52,Mysuru,Karnataka,corporate,2022-07-09,referral
17129,Customer_17129,female,37,Bengaluru,Karnataka,consumer,2023-03-30,organic search
17130,Customer_17130,other,19,Gurugram,Haryana,consumer,2022-06-20,organic search
17131,Customer_17131,male,35,Mysuru,Karnataka,consumer,2022-07-05,organic search
17132,Customer_17132,female,47,Coimbatore,Tamil Nadu,home office,2025-10-18,paid ads
17133,Customer_17133,male,59,Udaipur,Rajasthan,corporate,2022-11-25,paid ads
17134,Customer_17134,female,46,Nagpur,Maharashtra,consumer,2022-11-28,email
17135,Customer_17135,female,56,Hyderabad,Telangana,corporate,2022-12-11,referral
17136,Customer_17136,male,39,Kanpur,Uttar Pradesh,consumer,2025-07-10,email
17137,Customer_17137,male,46,Bhopal,Madhya Pradesh,consumer,2023-11-28,organic search
17138,Customer_17138,male,27,Ahmedabad,Gujarat,consumer,2023-11-14,direct
17139,Customer_17139,female,37,Udaipur,Rajasthan,corporate,2023-01-04,email
17140,Customer_17140,male,33,Pune,Maharashtra,consumer,2023-07-24,referral
17141,Customer_17141,female,23,Gurugram,Haryana,corporate,2023-06-13,referral
17142,Customer_17142,male,34,Mumbai,Maharashtra,consumer,2022-10-19,organic search
17143,Customer_17143,male,23,Noida,Uttar Pradesh,corporate,2025-05-22,email
17144,Customer_17144,other,39,New Delhi,Delhi,consumer,2025-03-11,social media
17145,Customer_17145,female,35,Faridabad,Haryana,consumer,2022-01-02,email
17146,Customer_17146,female,49,Kolkata,West Bengal,consumer,2024-06-21,social media
17147,Customer_17147,male,45,Lucknow,Uttar Pradesh,consumer,2025-07-31,organic search
17148,Customer_17148,male,59,New Delhi,Delhi,consumer,2022-01-05,referral
17149,Customer_17149,male,27,Coimbatore,Tamil Nadu,consumer,2022-07-19,email
17150,Customer_17150,male,58,Surat,Gujarat,home office,2022-03-30,organic search
17151,Customer_17151,male,39,Lucknow,Uttar Pradesh,consumer,2022-01-30,social media
17152,Customer_17152,female,45,Nashik,Maharashtra,consumer,2024-03-13,email
17153,Customer_17153,male,32,Ludhiana,Punjab,consumer,2022-07-10,organic search
17154,Customer_17154,male,60,Bhopal,Madhya Pradesh,consumer,2023-09-11,organic search
17155,Customer_17155,male,46,New Delhi,Delhi,consumer,2023-01-23,referral
17156,Customer_17156,female,24,Kanpur,Uttar Pradesh,corporate,2023-04-13,email
17157,Customer_17157,female,51,Hyderabad,Telangana,consumer,2023-01-06,referral
17158,Customer_17158,male,49,Coimbatore,Tamil Nadu,corporate,2023-09-07,organic search
17159,Customer_17159,male,19,Bengaluru,Karnataka,consumer,2024-05-02,direct
17160,Customer_17160,male,43,Ahmedabad,Gujarat,home office,2023-11-14,referral
17161,Customer_17161,female,28,Kolkata,West Bengal,consumer,2023-10-28,social media
17162,Customer_17162,female,42,Chennai,Tamil Nadu,consumer,2022-07-09,paid ads
17163,Customer_17163,female,36,Vadodara,Gujarat,consumer,2025-03-05,paid ads
17164,Customer_17164,male,37,Kolkata,West Bengal,home office,2025-12-14,social media
17165,Customer_17165,male,50,Kolkata,West Bengal,consumer,2023-05-13,email
17166,Customer_17166,female,34,Nashik,Maharashtra,consumer,2022-08-09,organic search
17167,Customer_17167,other,47,Bhopal,Madhya Pradesh,consumer,2023-01-23,email
17168,Customer_17168,other,35,Chennai,Tamil Nadu,home office,2025-07-23,organic search
17169,Customer_17169,female,49,New Delhi,Delhi,consumer,2023-07-05,organic search
17170,Customer_17170,male,57,Delhi,Delhi,consumer,2022-01-07,email
17171,Customer_17171,female,21,Hyderabad,Telangana,corporate,2024-07-29,organic search
17172,Customer_17172,female,49,Bhopal,Madhya Pradesh,home office,2024-02-03,direct
17173,Customer_17173,female,36,Bengaluru,Karnataka,corporate,2023-01-08,organic search
17174,Customer_17174,male,20,Noida,Uttar Pradesh,home office,2025-09-22,email
17175,Customer_17175,male,55,Mumbai,Maharashtra,consumer,2024-03-22,direct
17176,Customer_17176,male,45,Warangal,Telangana,consumer,2024-12-30,referral
17177,Customer_17177,male,55,Amritsar,Punjab,corporate,2022-01-23,organic search
17178,Customer_17178,male,23,Noida,Uttar Pradesh,corporate,2024-06-20,organic search
17179,Customer_17179,female,57,New Delhi,Delhi,corporate,2024-04-22,paid ads
17180,Customer_17180,male,34,Warangal,Telangana,home office,2022-11-08,organic search
17181,Customer_17181,male,59,Delhi,Delhi,consumer,2024-02-20,paid ads
17182,Customer_17182,male,22,Chennai,Tamil Nadu,consumer,2024-01-23,organic search
17183,Customer_17183,male,36,Kanpur,Uttar Pradesh,consumer,2025-11-21,direct
17184,Customer_17184,other,60,Kanpur,Uttar Pradesh,consumer,2022-09-30,referral
17185,Customer_17185,male,59,New Delhi,Delhi,consumer,2025-05-21,organic search
17186,Customer_17186,male,52,Faridabad,Haryana,corporate,2024-08-21,email
17187,Customer_17187,female,39,Ahmedabad,Gujarat,consumer,2025-03-19,direct
17188,Customer_17188,female,41,Chennai,Tamil Nadu,consumer,2025-01-27,paid ads
17189,Customer_17189,male,27,Hyderabad,Telangana,consumer,2024-02-04,paid ads
17190,Customer_17190,female,19,Vadodara,Gujarat,corporate,2024-11-12,email
17191,Customer_17191,female,45,Ahmedabad,Gujarat,consumer,2022-07-15,organic search
17192,Customer_17192,female,58,Hyderabad,Telangana,corporate,2024-03-30,email
17193,Customer_17193,male,54,Hyderabad,Telangana,consumer,2025-10-20,organic search
17194,Customer_17194,other,34,Delhi,Delhi,consumer,2024-11-19,referral
17195,Customer_17195,male,23,Noida,Uttar Pradesh,consumer,2023-01-29,social media
17196,Customer_17196,male,60,Surat,Gujarat,corporate,2023-03-29,social media
17197,Customer_17197,male,22,Pune,Maharashtra,consumer,2023-03-24,social media
17198,Customer_17198,male,56,Noida,Uttar Pradesh,home office,2022-04-20,paid ads
17199,Customer_17199,female,24,Gurugram,Haryana,consumer,2024-02-16,paid ads
17200,Customer_17200,female,49,Gurugram,Haryana,consumer,2024-04-14,social media
17201,Customer_17201,male,21,Bengaluru,Karnataka,consumer,2023-04-19,direct
17202,Customer_17202,male,38,Nagpur,Maharashtra,consumer,2022-02-13,direct
17203,Customer_17203,male,59,Warangal,Telangana,consumer,2023-06-20,organic search
17204,Customer_17204,female,49,Nashik,Maharashtra,consumer,2023-12-22,paid ads
17205,Customer_17205,female,35,Gurugram,Haryana,corporate,2023-10-08,referral
17206,Customer_17206,female,50,New Delhi,Delhi,consumer,2024-01-20,organic search
17207,Customer_17207,female,31,Delhi,Delhi,consumer,2025-02-01,email
17208,Customer_17208,female,23,Coimbatore,Tamil Nadu,consumer,2022-02-26,organic search
17209,Customer_17209,female,28,Coimbatore,Tamil Nadu,consumer,2024-03-27,paid ads
17210,Customer_17210,male,37,Kanpur,Uttar Pradesh,consumer,2025-03-23,paid ads
17211,Customer_17211,female,46,Chennai,Tamil Nadu,home office,2025-11-25,social media
17212,Customer_17212,female,52,Delhi,Delhi,consumer,2023-02-25,organic search
17213,Customer_17213,female,33,Delhi,Delhi,corporate,2024-12-10,social media
17214,Customer_17214,other,24,Hyderabad,Telangana,consumer,2023-11-07,email
17215,Customer_17215,female,57,Mumbai,Maharashtra,consumer,2025-11-13,paid ads
17216,Customer_17216,female,53,Vadodara,Gujarat,consumer,2024-05-25,social media
17217,Customer_17217,female,48,Ahmedabad,Gujarat,consumer,2025-04-27,paid ads
17218,Customer_17218,male,59,Kolkata,West Bengal,consumer,2022-11-04,organic search
17219,Customer_17219,male,60,Faridabad,Haryana,consumer,2024-11-30,direct
17220,Customer_17220,female,60,Faridabad,Haryana,corporate,2022-12-03,email
17221,Customer_17221,male,23,Faridabad,Haryana,home office,2024-12-29,organic search
17222,Customer_17222,female,46,New Delhi,Delhi,consumer,2024-03-07,paid ads
17223,Customer_17223,female,44,Mumbai,Maharashtra,corporate,2023-09-11,organic search
17224,Customer_17224,female,60,Bengaluru,Karnataka,consumer,2024-10-06,social media
17225,Customer_17225,other,19,Bhopal,Madhya Pradesh,consumer,2023-05-21,organic search
17226,Customer_17226,male,39,Amritsar,Punjab,home office,2022-01-09,paid ads
17227,Customer_17227,female,26,Bhopal,Madhya Pradesh,consumer,2023-02-10,organic search
17228,Customer_17228,female,28,Mumbai,Maharashtra,corporate,2023-12-02,referral
17229,Customer_17229,male,33,Gurugram,Haryana,consumer,2025-12-12,organic search
17230,Customer_17230,male,30,Coimbatore,Tamil Nadu,consumer,2025-05-07,social media
17231,Customer_17231,female,35,Mumbai,Maharashtra,consumer,2024-08-14,organic search
17232,Customer_17232,female,42,Coimbatore,Tamil Nadu,home office,2022-10-08,social media
17233,Customer_17233,female,50,Nashik,Maharashtra,consumer,2025-12-05,social media
17234,Customer_17234,female,27,Surat,Gujarat,consumer,2025-10-01,paid ads
17235,Customer_17235,male,47,Mysuru,Karnataka,consumer,2024-08-17,social media
17236,Customer_17236,male,18,Hyderabad,Telangana,consumer,2025-01-27,paid ads
17237,Customer_17237,male,50,Vadodara,Gujarat,corporate,2022-11-27,email
17238,Customer_17238,female,32,Indore,Madhya Pradesh,corporate,2024-09-05,direct
17239,Customer_17239,male,46,Jaipur,Rajasthan,corporate,2023-09-23,organic search
17240,Customer_17240,other,19,Chennai,Tamil Nadu,corporate,2025-08-04,social media
17241,Customer_17241,other,28,Kanpur,Uttar Pradesh,home office,2022-03-14,organic search
17242,Customer_17242,other,51,Faridabad,Haryana,corporate,2025-04-07,paid ads
17243,Customer_17243,male,58,Nagpur,Maharashtra,home office,2022-11-08,referral
17244,Customer_17244,female,36,Hyderabad,Telangana,consumer,2022-08-18,organic search
17245,Customer_17245,male,19,Bengaluru,Karnataka,consumer,2024-02-28,organic search
17246,Customer_17246,male,37,Pune,Maharashtra,home office,2024-05-31,referral
17247,Customer_17247,male,58,Jaipur,Rajasthan,corporate,2024-04-24,social media
17248,Customer_17248,female,48,Bhopal,Madhya Pradesh,home office,2024-08-16,referral
17249,Customer_17249,male,21,Nagpur,Maharashtra,consumer,2023-07-30,organic search
17250,Customer_17250,female,46,Lucknow,Uttar Pradesh,home office,2023-11-24,social media
17251,Customer_17251,male,47,Indore,Madhya Pradesh,corporate,2025-11-28,direct
17252,Customer_17252,male,30,Faridabad,Haryana,consumer,2023-12-28,organic search
17253,Customer_17253,male,32,Delhi,Delhi,consumer,2025-12-01,organic search
17254,Customer_17254,female,37,Indore,Madhya Pradesh,consumer,2025-02-19,direct
17255,Customer_17255,female,51,Bengaluru,Karnataka,home office,2023-12-30,email
17256,Customer_17256,female,45,Vadodara,Gujarat,consumer,2024-07-02,social media
17257,Customer_17257,female,37,Pune,Maharashtra,home office,2022-02-25,referral
17258,Customer_17258,female,42,Pune,Maharashtra,consumer,2023-03-18,social media
17259,Customer_17259,male,44,Kolkata,West Bengal,home office,2024-02-11,organic search
17260,Customer_17260,female,47,Chennai,Tamil Nadu,consumer,2022-10-20,organic search
17261,Customer_17261,female,58,Delhi,Delhi,consumer,2023-04-10,social media
17262,Customer_17262,male,37,Delhi,Delhi,consumer,2022-10-04,referral
17263,Customer_17263,female,18,Udaipur,Rajasthan,home office,2025-02-07,organic search
17264,Customer_17264,female,52,Nashik,Maharashtra,consumer,2023-04-06,social media
17265,Customer_17265,female,60,Kanpur,Uttar Pradesh,consumer,2023-04-18,referral
17266,Customer_17266,female,41,Mumbai,Maharashtra,consumer,2022-05-21,organic search
17267,Customer_17267,male,42,Delhi,Delhi,consumer,2024-09-26,direct
17268,Customer_17268,female,57,Coimbatore,Tamil Nadu,home office,2022-01-08,social media
17269,Customer_17269,male,29,Warangal,Telangana,consumer,2022-06-29,email
17270,Customer_17270,female,28,Bengaluru,Karnataka,consumer,2023-03-09,paid ads
17271,Customer_17271,female,47,Bengaluru,Karnataka,home office,2022-12-17,organic search
17272,Customer_17272,other,30,Amritsar,Punjab,consumer,2025-10-05,paid ads
17273,Customer_17273,male,42,Udaipur,Rajasthan,corporate,2024-07-03,organic search
17274,Customer_17274,male,42,Pune,Maharashtra,consumer,2024-03-12,email
17275,Customer_17275,male,34,Coimbatore,Tamil Nadu,home office,2023-01-27,paid ads
17276,Customer_17276,male,29,Indore,Madhya Pradesh,consumer,2024-05-18,paid ads
17277,Customer_17277,female,28,Bengaluru,Karnataka,corporate,2023-08-10,social media
17278,Customer_17278,female,27,Mumbai,Maharashtra,consumer,2025-01-10,social media
17279,Customer_17279,female,34,Lucknow,Uttar Pradesh,consumer,2024-02-22,paid ads
17280,Customer_17280,female,33,Ahmedabad,Gujarat,consumer,2024-10-06,social media
17281,Customer_17281,male,37,Vadodara,Gujarat,consumer,2022-05-06,social media
17282,Customer_17282,male,22,Pune,Maharashtra,consumer,2024-06-29,referral
17283,Customer_17283,male,58,Pune,Maharashtra,consumer,2023-11-18,organic search
17284,Customer_17284,female,49,Ahmedabad,Gujarat,home office,2022-11-29,paid ads
17285,Customer_17285,female,44,New Delhi,Delhi,consumer,2025-01-12,organic search
17286,Customer_17286,female,21,Hyderabad,Telangana,consumer,2024-09-08,organic search
17287,Customer_17287,male,58,Surat,Gujarat,consumer,2024-01-06,paid ads
17288,Customer_17288,male,24,Mysuru,Karnataka,consumer,2025-01-01,social media
17289,Customer_17289,female,31,Gurugram,Haryana,consumer,2023-06-04,email
17290,Customer_17290,male,56,Bhopal,Madhya Pradesh,home office,2022-11-06,referral
17291,Customer_17291,female,41,Kolkata,West Bengal,home office,2023-07-23,email
17292,Customer_17292,male,35,Nagpur,Maharashtra,consumer,2025-02-26,social media
17293,Customer_17293,male,55,Nashik,Maharashtra,consumer,2022-03-24,referral
17294,Customer_17294,female,56,Warangal,Telangana,consumer,2024-08-02,organic search
17295,Customer_17295,male,57,Nashik,Maharashtra,corporate,2024-02-26,organic search
17296,Customer_17296,female,18,Amritsar,Punjab,corporate,2025-05-28,email
17297,Customer_17297,female,34,Mumbai,Maharashtra,corporate,2024-05-10,social media
17298,Customer_17298,male,43,Hyderabad,Telangana,consumer,2023-05-02,referral
17299,Customer_17299,female,39,Bengaluru,Karnataka,home office,2025-08-03,organic search
17300,Customer_17300,female,56,Jaipur,Rajasthan,consumer,2024-09-27,email
17301,Customer_17301,male,35,Nagpur,Maharashtra,consumer,2023-01-06,referral
17302,Customer_17302,female,55,Chennai,Tamil Nadu,home office,2023-08-25,direct
17303,Customer_17303,female,45,Bengaluru,Karnataka,consumer,2023-05-06,organic search
17304,Customer_17304,male,38,Bhopal,Madhya Pradesh,consumer,2024-05-17,paid ads
17305,Customer_17305,female,55,Mumbai,Maharashtra,consumer,2022-08-25,organic search
17306,Customer_17306,female,50,Faridabad,Haryana,consumer,2023-01-02,referral
17307,Customer_17307,female,47,Kanpur,Uttar Pradesh,consumer,2023-11-03,social media
17308,Customer_17308,female,59,Mysuru,Karnataka,consumer,2022-09-12,organic search
17309,Customer_17309,male,25,Kanpur,Uttar Pradesh,consumer,2023-03-07,referral
17310,Customer_17310,male,47,Nashik,Maharashtra,corporate,2023-05-08,organic search
17311,Customer_17311,male,56,Ludhiana,Punjab,consumer,2022-10-25,organic search
17312,Customer_17312,male,26,Hyderabad,Telangana,corporate,2024-03-13,social media
17313,Customer_17313,female,50,Bengaluru,Karnataka,consumer,2023-02-27,social media
17314,Customer_17314,female,60,Bengaluru,Karnataka,consumer,2025-03-14,direct
17315,Customer_17315,male,46,Pune,Maharashtra,consumer,2022-10-21,social media
17316,Customer_17316,female,48,Ludhiana,Punjab,consumer,2025-07-27,organic search
17317,Customer_17317,other,20,Nagpur,Maharashtra,consumer,2024-07-08,direct
17318,Customer_17318,female,55,Udaipur,Rajasthan,consumer,2022-02-19,email
17319,Customer_17319,female,28,Chennai,Tamil Nadu,corporate,2023-05-10,organic search
17320,Customer_17320,female,22,Faridabad,Haryana,home office,2025-01-19,referral
17321,Customer_17321,male,48,Delhi,Delhi,consumer,2023-01-26,organic search
17322,Customer_17322,male,37,Hyderabad,Telangana,consumer,2023-06-18,direct
17323,Customer_17323,female,21,Hyderabad,Telangana,consumer,2022-05-07,referral
17324,Customer_17324,male,25,Kolkata,West Bengal,consumer,2022-05-29,social media
17325,Customer_17325,female,59,Nashik,Maharashtra,consumer,2024-04-14,email
17326,Customer_17326,female,52,New Delhi,Delhi,home office,2023-11-25,organic search
17327,Customer_17327,female,30,Delhi,Delhi,consumer,2023-01-06,organic search
17328,Customer_17328,male,22,Kanpur,Uttar Pradesh,home office,2022-06-04,paid ads
17329,Customer_17329,male,57,New Delhi,Delhi,consumer,2022-03-18,referral
17330,Customer_17330,male,36,Vadodara,Gujarat,consumer,2024-05-06,organic search
17331,Customer_17331,male,35,New Delhi,Delhi,consumer,2022-12-31,organic search
17332,Customer_17332,male,50,Indore,Madhya Pradesh,corporate,2022-07-03,email
17333,Customer_17333,female,21,Faridabad,Haryana,consumer,2022-06-10,email
17334,Customer_17334,male,35,Hyderabad,Telangana,consumer,2025-09-09,organic search
17335,Customer_17335,male,41,Mysuru,Karnataka,consumer,2025-10-13,direct
17336,Customer_17336,male,60,New Delhi,Delhi,corporate,2025-03-09,referral
17337,Customer_17337,male,46,Nashik,Maharashtra,corporate,2022-03-11,social media
17338,Customer_17338,male,48,New Delhi,Delhi,consumer,2024-10-19,social media
17339,Customer_17339,male,45,Jaipur,Rajasthan,consumer,2024-04-27,social media
17340,Customer_17340,female,26,Warangal,Telangana,home office,2023-06-29,social media
17341,Customer_17341,male,43,Gurugram,Haryana,home office,2024-11-06,organic search
17342,Customer_17342,female,19,Coimbatore,Tamil Nadu,consumer,2024-07-26,organic search
17343,Customer_17343,female,23,Kolkata,West Bengal,corporate,2022-05-06,referral
17344,Customer_17344,male,46,Hyderabad,Telangana,consumer,2022-03-23,social media
17345,Customer_17345,female,43,Warangal,Telangana,consumer,2024-10-11,paid ads
17346,Customer_17346,male,45,New Delhi,Delhi,consumer,2025-06-02,social media
17347,Customer_17347,male,24,Coimbatore,Tamil Nadu,consumer,2025-05-27,social media
17348,Customer_17348,male,51,Hyderabad,Telangana,corporate,2025-11-23,social media
17349,Customer_17349,male,27,Kolkata,West Bengal,consumer,2025-10-29,referral
17350,Customer_17350,male,58,Faridabad,Haryana,consumer,2022-11-18,organic search
17351,Customer_17351,male,57,Mysuru,Karnataka,corporate,2022-07-05,email
17352,Customer_17352,female,39,Mumbai,Maharashtra,corporate,2022-02-09,paid ads
17353,Customer_17353,female,44,Warangal,Telangana,consumer,2025-02-10,referral
17354,Customer_17354,male,56,Ahmedabad,Gujarat,consumer,2023-07-11,social media
17355,Customer_17355,male,39,New Delhi,Delhi,corporate,2024-08-08,referral
17356,Customer_17356,male,36,Lucknow,Uttar Pradesh,corporate,2024-04-05,referral
17357,Customer_17357,male,53,Ludhiana,Punjab,corporate,2023-01-02,paid ads
17358,Customer_17358,female,26,Gurugram,Haryana,consumer,2025-09-17,social media
17359,Customer_17359,male,36,New Delhi,Delhi,consumer,2023-05-19,social media
17360,Customer_17360,male,19,Bhopal,Madhya Pradesh,corporate,2025-09-25,direct
17361,Customer_17361,female,45,Kolkata,West Bengal,home office,2024-05-17,organic search
17362,Customer_17362,female,56,Coimbatore,Tamil Nadu,consumer,2025-07-21,organic search
17363,Customer_17363,male,39,Surat,Gujarat,consumer,2024-01-14,direct
17364,Customer_17364,female,23,Indore,Madhya Pradesh,corporate,2022-08-06,referral
17365,Customer_17365,male,24,Hyderabad,Telangana,consumer,2024-08-16,social media
17366,Customer_17366,male,23,Mysuru,Karnataka,consumer,2025-04-14,organic search
17367,Customer_17367,male,50,Warangal,Telangana,consumer,2024-07-26,referral
17368,Customer_17368,male,31,Ahmedabad,Gujarat,consumer,2023-10-30,paid ads
17369,Customer_17369,female,18,Delhi,Delhi,consumer,2025-10-23,referral
17370,Customer_17370,male,42,Indore,Madhya Pradesh,consumer,2023-08-06,organic search
17371,Customer_17371,male,23,Jaipur,Rajasthan,consumer,2024-04-13,referral
17372,Customer_17372,male,45,Udaipur,Rajasthan,home office,2024-04-18,organic search
17373,Customer_17373,male,35,Nagpur,Maharashtra,home office,2024-06-10,social media
17374,Customer_17374,female,44,Ahmedabad,Gujarat,home office,2023-10-19,organic search
17375,Customer_17375,male,19,Nagpur,Maharashtra,home office,2022-05-30,organic search
17376,Customer_17376,male,57,Nagpur,Maharashtra,consumer,2022-02-17,organic search
17377,Customer_17377,female,38,Warangal,Telangana,consumer,2023-06-29,referral
17378,Customer_17378,male,40,Chennai,Tamil Nadu,consumer,2025-11-03,referral
17379,Customer_17379,male,19,Ahmedabad,Gujarat,consumer,2023-09-16,organic search
17380,Customer_17380,male,33,Nashik,Maharashtra,consumer,2023-07-11,direct
17381,Customer_17381,male,21,Chennai,Tamil Nadu,consumer,2022-07-21,email
17382,Customer_17382,male,51,New Delhi,Delhi,home office,2023-09-12,organic search
17383,Customer_17383,male,22,Amritsar,Punjab,consumer,2022-12-17,referral
17384,Customer_17384,female,51,Vadodara,Gujarat,consumer,2025-01-11,referral
17385,Customer_17385,female,39,Kolkata,West Bengal,corporate,2025-10-06,organic search
17386,Customer_17386,female,37,Bengaluru,Karnataka,consumer,2025-03-18,social media
17387,Customer_17387,female,56,Nashik,Maharashtra,home office,2022-08-13,referral
17388,Customer_17388,male,30,Ludhiana,Punjab,consumer,2023-05-12,referral
17389,Customer_17389,female,51,Bengaluru,Karnataka,consumer,2023-03-11,social media
17390,Customer_17390,male,23,Chennai,Tamil Nadu,home office,2025-11-03,social media
17391,Customer_17391,male,46,Udaipur,Rajasthan,consumer,2025-01-21,referral
17392,Customer_17392,male,50,Nagpur,Maharashtra,consumer,2022-09-24,direct
17393,Customer_17393,male,18,Noida,Uttar Pradesh,consumer,2023-08-12,direct
17394,Customer_17394,female,24,Warangal,Telangana,corporate,2022-12-21,email
17395,Customer_17395,male,39,Mysuru,Karnataka,consumer,2022-03-30,social media
17396,Customer_17396,male,49,Nashik,Maharashtra,home office,2025-09-11,direct
17397,Customer_17397,male,31,Nagpur,Maharashtra,home office,2022-01-05,organic search
17398,Customer_17398,male,41,Bhopal,Madhya Pradesh,consumer,2022-06-02,social media
17399,Customer_17399,male,36,Kolkata,West Bengal,corporate,2022-04-28,referral
17400,Customer_17400,male,44,New Delhi,Delhi,corporate,2022-09-19,direct
17401,Customer_17401,male,40,Pune,Maharashtra,consumer,2023-10-30,social media
17402,Customer_17402,female,38,Kolkata,West Bengal,home office,2023-05-16,paid ads
17403,Customer_17403,male,46,Surat,Gujarat,corporate,2024-02-28,organic search
17404,Customer_17404,male,18,Chennai,Tamil Nadu,consumer,2022-01-07,referral
17405,Customer_17405,female,48,Mysuru,Karnataka,consumer,2024-01-18,paid ads
17406,Customer_17406,other,44,Delhi,Delhi,consumer,2025-01-29,organic search
17407,Customer_17407,male,53,Jaipur,Rajasthan,consumer,2023-07-06,referral
17408,Customer_17408,male,44,Amritsar,Punjab,corporate,2024-12-01,paid ads
17409,Customer_17409,female,32,Delhi,Delhi,consumer,2024-01-23,organic search
17410,Customer_17410,male,42,Vadodara,Gujarat,corporate,2022-11-18,social media
17411,Customer_17411,male,32,Coimbatore,Tamil Nadu,consumer,2025-08-08,email
17412,Customer_17412,male,57,Chennai,Tamil Nadu,consumer,2023-05-14,referral
17413,Customer_17413,female,36,New Delhi,Delhi,corporate,2022-01-21,organic search
17414,Customer_17414,other,28,Lucknow,Uttar Pradesh,home office,2024-03-16,organic search
17415,Customer_17415,female,58,Warangal,Telangana,home office,2025-01-23,paid ads
17416,Customer_17416,male,50,Ahmedabad,Gujarat,home office,2023-06-25,organic search
17417,Customer_17417,male,58,Bengaluru,Karnataka,consumer,2023-09-28,organic search
17418,Customer_17418,male,40,Delhi,Delhi,corporate,2024-11-09,email
17419,Customer_17419,female,29,Nashik,Maharashtra,consumer,2024-06-24,organic search
17420,Customer_17420,female,19,Kolkata,West Bengal,consumer,2022-12-25,referral
17421,Customer_17421,male,60,New Delhi,Delhi,consumer,2025-05-14,organic search
17422,Customer_17422,female,38,Kolkata,West Bengal,corporate,2025-06-18,paid ads
17423,Customer_17423,male,31,Coimbatore,Tamil Nadu,consumer,2023-08-06,organic search
17424,Customer_17424,male,51,Coimbatore,Tamil Nadu,consumer,2023-01-30,email
17425,Customer_17425,female,32,Warangal,Telangana,consumer,2023-01-23,referral
17426,Customer_17426,male,38,Mysuru,Karnataka,consumer,2023-07-02,organic search
17427,Customer_17427,male,40,Pune,Maharashtra,home office,2023-10-05,referral
17428,Customer_17428,male,38,Mysuru,Karnataka,consumer,2024-08-11,organic search
17429,Customer_17429,female,31,Jaipur,Rajasthan,consumer,2023-06-20,referral
17430,Customer_17430,female,38,Jaipur,Rajasthan,consumer,2025-03-24,paid ads
17431,Customer_17431,female,29,Bengaluru,Karnataka,consumer,2022-10-21,social media
17432,Customer_17432,female,59,Chennai,Tamil Nadu,consumer,2024-06-18,organic search
17433,Customer_17433,female,22,Delhi,Delhi,consumer,2024-08-22,organic search
17434,Customer_17434,male,19,Delhi,Delhi,consumer,2023-02-05,organic search
17435,Customer_17435,other,39,Nagpur,Maharashtra,consumer,2023-03-29,social media
17436,Customer_17436,female,23,Indore,Madhya Pradesh,corporate,2022-01-29,organic search
17437,Customer_17437,female,19,New Delhi,Delhi,home office,2023-06-07,organic search
17438,Customer_17438,female,46,New Delhi,Delhi,consumer,2025-05-30,organic search
17439,Customer_17439,female,53,Bengaluru,Karnataka,consumer,2023-07-28,organic search
17440,Customer_17440,male,24,Nashik,Maharashtra,corporate,2024-06-09,direct
17441,Customer_17441,male,33,Udaipur,Rajasthan,consumer,2024-02-13,organic search
17442,Customer_17442,female,50,Nagpur,Maharashtra,consumer,2025-10-21,referral
17443,Customer_17443,female,50,Nagpur,Maharashtra,consumer,2025-07-09,social media
17444,Customer_17444,female,31,Udaipur,Rajasthan,home office,2022-05-31,organic search
17445,Customer_17445,male,60,Mysuru,Karnataka,consumer,2022-10-11,paid ads
17446,Customer_17446,male,29,Kolkata,West Bengal,consumer,2025-01-21,organic search
17447,Customer_17447,female,60,Surat,Gujarat,consumer,2024-09-20,email
17448,Customer_17448,female,23,New Delhi,Delhi,consumer,2024-07-31,paid ads
17449,Customer_17449,female,29,Udaipur,Rajasthan,consumer,2023-01-05,paid ads
17450,Customer_17450,male,48,Mumbai,Maharashtra,consumer,2023-10-19,direct
17451,Customer_17451,female,29,Hyderabad,Telangana,corporate,2025-10-04,email
17452,Customer_17452,female,27,Coimbatore,Tamil Nadu,consumer,2022-03-07,social media
17453,Customer_17453,female,57,Delhi,Delhi,consumer,2022-01-11,referral
17454,Customer_17454,male,44,Vadodara,Gujarat,consumer,2022-11-25,paid ads
17455,Customer_17455,male,24,Bhopal,Madhya Pradesh,consumer,2022-04-29,organic search
17456,Customer_17456,female,53,Amritsar,Punjab,home office,2022-07-08,referral
17457,Customer_17457,male,50,Ahmedabad,Gujarat,consumer,2023-10-22,organic search
17458,Customer_17458,male,44,Coimbatore,Tamil Nadu,consumer,2025-12-14,organic search
17459,Customer_17459,male,25,Delhi,Delhi,consumer,2022-12-17,direct
17460,Customer_17460,female,22,New Delhi,Delhi,consumer,2025-04-30,paid ads
17461,Customer_17461,male,25,Hyderabad,Telangana,home office,2024-07-14,paid ads
17462,Customer_17462,male,57,Bengaluru,Karnataka,consumer,2024-12-01,social media
17463,Customer_17463,female,38,unknown,Haryana,consumer,2024-08-20,organic search
17464,Customer_17464,female,41,Bengaluru,Karnataka,consumer,2023-01-04,email
17465,Customer_17465,male,24,Mysuru,Karnataka,corporate,2022-11-27,referral
17466,Customer_17466,male,36,Coimbatore,Tamil Nadu,consumer,2022-12-16,organic search
17467,Customer_17467,other,48,Kanpur,Uttar Pradesh,corporate,2025-09-04,organic search
17468,Customer_17468,male,53,Udaipur,Rajasthan,consumer,2022-05-08,paid ads
17469,Customer_17469,female,44,Surat,Gujarat,home office,2022-12-16,organic search
17470,Customer_17470,male,46,Bengaluru,Karnataka,consumer,2024-07-30,organic search
17471,Customer_17471,female,40,Kanpur,Uttar Pradesh,consumer,2025-02-23,organic search
17472,Customer_17472,female,37,Nagpur,Maharashtra,corporate,2025-08-21,paid ads
17473,Customer_17473,female,23,Bhopal,Madhya Pradesh,consumer,2025-07-01,referral
17474,Customer_17474,male,29,Hyderabad,Telangana,consumer,2022-07-10,social media
17475,Customer_17475,female,29,Coimbatore,Tamil Nadu,consumer,2024-07-29,organic search
17476,Customer_17476,male,20,Warangal,Telangana,consumer,2022-02-21,referral
17477,Customer_17477,female,59,Udaipur,Rajasthan,consumer,2022-09-08,referral
17478,Customer_17478,male,56,Nashik,Maharashtra,consumer,2025-01-20,organic search
17479,Customer_17479,female,52,Indore,Madhya Pradesh,consumer,2024-09-03,social media
17480,Customer_17480,male,36,Coimbatore,Tamil Nadu,consumer,2024-07-01,organic search
17481,Customer_17481,female,21,Bengaluru,Karnataka,home office,2022-08-14,social media
17482,Customer_17482,male,48,Nashik,Maharashtra,consumer,2025-12-03,organic search
17483,Customer_17483,male,59,Chennai,Tamil Nadu,consumer,2025-03-17,social media
17484,Customer_17484,male,55,Hyderabad,Telangana,home office,2023-09-01,direct
17485,Customer_17485,male,50,Chennai,Tamil Nadu,corporate,2023-05-08,organic search
17486,Customer_17486,male,23,Udaipur,Rajasthan,consumer,2024-08-02,social media
17487,Customer_17487,male,25,Coimbatore,Tamil Nadu,consumer,2023-06-07,social media
17488,Customer_17488,female,45,Amritsar,Punjab,consumer,2025-08-04,organic search
17489,Customer_17489,male,32,Ahmedabad,Gujarat,consumer,2024-09-22,direct
17490,Customer_17490,female,48,Noida,Uttar Pradesh,consumer,2023-07-19,referral
17491,Customer_17491,male,25,Nagpur,Maharashtra,consumer,2022-08-19,referral
17492,Customer_17492,female,23,Coimbatore,Tamil Nadu,corporate,2024-07-15,organic search
17493,Customer_17493,male,46,Mysuru,Karnataka,consumer,2022-09-09,email
17494,Customer_17494,female,51,Vadodara,Gujarat,corporate,2023-02-21,email
17495,Customer_17495,female,24,Indore,Madhya Pradesh,home office,2023-06-28,referral
17496,Customer_17496,male,57,Mumbai,Maharashtra,consumer,2025-01-03,social media
17497,Customer_17497,female,27,Mumbai,Maharashtra,corporate,2024-08-28,organic search
17498,Customer_17498,male,30,Indore,Madhya Pradesh,consumer,2022-06-08,organic search
17499,Customer_17499,female,39,New Delhi,Delhi,consumer,2022-04-04,social media
17500,Customer_17500,male,38,Udaipur,Rajasthan,home office,2025-08-26,referral
17501,Customer_17501,male,18,Vadodara,Gujarat,consumer,2025-09-11,social media
17502,Customer_17502,male,58,Noida,Uttar Pradesh,consumer,2023-10-05,referral
17503,Customer_17503,female,59,Nagpur,Maharashtra,consumer,2022-04-02,email
17504,Customer_17504,male,19,Pune,Maharashtra,consumer,2023-05-02,organic search
17505,Customer_17505,female,46,Vadodara,Gujarat,consumer,2024-01-01,referral
17506,Customer_17506,male,28,Gurugram,Haryana,consumer,2024-08-29,organic search
17507,Customer_17507,male,54,Coimbatore,Tamil Nadu,consumer,2025-01-08,referral
17508,Customer_17508,female,24,Mysuru,Karnataka,consumer,2025-04-19,organic search
17509,Customer_17509,female,52,Surat,Gujarat,consumer,2023-10-12,organic search
17510,Customer_17510,female,47,Faridabad,Haryana,consumer,2022-09-20,organic search
17511,Customer_17511,female,33,Noida,Uttar Pradesh,consumer,2022-05-31,referral
17512,Customer_17512,female,32,Amritsar,Punjab,consumer,2023-10-10,paid ads
17513,Customer_17513,female,57,Pune,Maharashtra,consumer,2025-11-17,organic search
17514,Customer_17514,male,37,Pune,Maharashtra,corporate,2023-10-31,email
17515,Customer_17515,male,45,Vadodara,Gujarat,consumer,2025-11-08,paid ads
17516,Customer_17516,male,54,Noida,Uttar Pradesh,consumer,2024-04-30,organic search
17517,Customer_17517,male,20,Mysuru,Karnataka,corporate,2024-12-09,organic search
17518,Customer_17518,male,46,New Delhi,Delhi,consumer,2024-08-22,referral
17519,Customer_17519,other,54,Kanpur,Uttar Pradesh,consumer,2022-06-07,email
17520,Customer_17520,male,26,Mumbai,Maharashtra,consumer,2023-08-27,social media
17521,Customer_17521,female,44,Bengaluru,Karnataka,consumer,2022-08-16,direct
17522,Customer_17522,female,49,Warangal,Telangana,consumer,2023-02-21,direct
17523,Customer_17523,male,56,Surat,Gujarat,home office,2022-04-09,organic search
17524,Customer_17524,male,48,Kolkata,West Bengal,consumer,2025-04-12,paid ads
17525,Customer_17525,female,43,Bengaluru,Karnataka,consumer,2024-06-12,social media
17526,Customer_17526,female,57,Ahmedabad,Gujarat,home office,2025-06-21,organic search
17527,Customer_17527,other,20,Surat,Gujarat,consumer,2023-03-17,paid ads
17528,Customer_17528,male,28,Ahmedabad,Gujarat,consumer,2023-05-14,paid ads
17529,Customer_17529,female,46,Udaipur,Rajasthan,consumer,2025-01-26,organic search
17530,Customer_17530,male,44,New Delhi,Delhi,consumer,2022-09-24,organic search
17531,Customer_17531,female,27,Nagpur,Maharashtra,corporate,2023-02-01,organic search
17532,Customer_17532,female,52,Mumbai,Maharashtra,consumer,2023-11-27,referral
17533,Customer_17533,male,40,Delhi,Delhi,home office,2024-11-01,organic search
17534,Customer_17534,male,23,Hyderabad,Telangana,consumer,2024-04-09,referral
17535,Customer_17535,male,28,Kanpur,Uttar Pradesh,corporate,2023-06-29,paid ads
17536,Customer_17536,male,60,Kolkata,West Bengal,consumer,2025-02-26,social media
17537,Customer_17537,female,44,Kanpur,Uttar Pradesh,home office,2023-02-20,social media
17538,Customer_17538,male,48,Bengaluru,Karnataka,consumer,2022-04-27,paid ads
17539,Customer_17539,female,47,Coimbatore,Tamil Nadu,corporate,2024-05-23,social media
17540,Customer_17540,male,20,Coimbatore,Tamil Nadu,consumer,2024-02-03,social media
17541,Customer_17541,female,30,New Delhi,Delhi,corporate,2025-04-23,referral
17542,Customer_17542,female,57,Nagpur,Maharashtra,consumer,2022-08-03,organic search
17543,Customer_17543,female,38,Vadodara,Gujarat,consumer,2025-08-22,social media
17544,Customer_17544,male,60,Amritsar,Punjab,consumer,2023-04-20,organic search
17545,Customer_17545,male,28,Nashik,Maharashtra,consumer,2025-06-26,email
17546,Customer_17546,female,20,Nagpur,Maharashtra,consumer,2023-06-07,social media
17547,Customer_17547,male,55,Lucknow,Uttar Pradesh,corporate,2022-04-01,social media
17548,Customer_17548,male,48,Delhi,Delhi,consumer,2023-06-16,organic search
17549,Customer_17549,male,41,Kanpur,Uttar Pradesh,consumer,2022-04-16,social media
17550,Customer_17550,female,59,Kolkata,West Bengal,consumer,2022-02-28,paid ads
17551,Customer_17551,female,29,Faridabad,Haryana,consumer,2025-03-28,organic search
17552,Customer_17552,female,60,Chennai,Tamil Nadu,home office,2024-03-04,social media
17553,Customer_17553,male,44,Udaipur,Rajasthan,consumer,2024-06-05,referral
17554,Customer_17554,male,38,Warangal,Telangana,consumer,2025-11-01,direct
17555,Customer_17555,female,42,Surat,Gujarat,consumer,2024-10-22,paid ads
17556,Customer_17556,male,47,Coimbatore,Tamil Nadu,consumer,2023-03-29,referral
17557,Customer_17557,male,47,New Delhi,Delhi,consumer,2025-06-02,organic search
17558,Customer_17558,female,27,Warangal,Telangana,consumer,2023-04-13,direct
17559,Customer_17559,male,20,Warangal,Telangana,consumer,2022-04-14,organic search
17560,Customer_17560,male,30,Lucknow,Uttar Pradesh,consumer,2022-12-28,organic search
17561,Customer_17561,male,44,Kolkata,West Bengal,consumer,2023-06-01,social media
17562,Customer_17562,male,35,Jaipur,Rajasthan,consumer,2025-05-14,paid ads
17563,Customer_17563,male,41,Mumbai,Maharashtra,consumer,2023-10-13,organic search
17564,Customer_17564,female,31,Kolkata,West Bengal,home office,2024-05-01,organic search
17565,Customer_17565,male,56,Hyderabad,Telangana,home office,2022-10-19,referral
17566,Customer_17566,male,21,Bhopal,Madhya Pradesh,home office,2024-03-11,organic search
17567,Customer_17567,female,33,Faridabad,Haryana,corporate,2025-01-02,paid ads
17568,Customer_17568,female,27,Nashik,Maharashtra,consumer,2024-10-25,organic search
17569,Customer_17569,male,54,Lucknow,Uttar Pradesh,consumer,2023-09-26,social media
17570,Customer_17570,female,44,Mumbai,Maharashtra,consumer,2025-07-01,social media
17571,Customer_17571,female,18,Mysuru,Karnataka,consumer,2022-07-31,referral
17572,Customer_17572,male,22,Vadodara,Gujarat,corporate,2022-03-08,social media
17573,Customer_17573,male,30,Nashik,Maharashtra,consumer,2025-08-29,organic search
17574,Customer_17574,male,20,Kanpur,Uttar Pradesh,consumer,2023-01-20,organic search
17575,Customer_17575,female,34,Mumbai,Maharashtra,consumer,2023-03-04,social media
17576,Customer_17576,male,36,Delhi,Delhi,consumer,2023-02-11,referral
17577,Customer_17577,male,54,Ahmedabad,Gujarat,consumer,2024-03-01,direct
17578,Customer_17578,female,22,Kolkata,West Bengal,consumer,2025-01-19,referral
17579,Customer_17579,male,59,Faridabad,Haryana,home office,2023-01-28,paid ads
17580,Customer_17580,female,41,Kolkata,West Bengal,consumer,2023-03-20,organic search
17581,Customer_17581,female,60,Udaipur,Rajasthan,consumer,2023-08-06,direct
17582,Customer_17582,male,50,Coimbatore,Tamil Nadu,consumer,2022-06-27,organic search
17583,Customer_17583,female,38,Nashik,Maharashtra,consumer,2025-03-12,referral
17584,Customer_17584,male,20,Nagpur,Maharashtra,consumer,2024-06-04,direct
17585,Customer_17585,male,21,Hyderabad,Telangana,consumer,2025-11-30,social media
17586,Customer_17586,male,49,Jaipur,Rajasthan,consumer,2022-11-19,direct
17587,Customer_17587,female,41,Coimbatore,Tamil Nadu,consumer,2023-05-20,referral
17588,Customer_17588,female,52,Kolkata,West Bengal,consumer,2022-06-22,email
17589,Customer_17589,male,35,Warangal,Telangana,consumer,2023-02-01,paid ads
17590,Customer_17590,male,20,Nashik,Maharashtra,home office,2025-02-09,referral
17591,Customer_17591,male,56,New Delhi,Delhi,consumer,2024-09-01,organic search
17592,Customer_17592,female,43,Kanpur,Uttar Pradesh,consumer,2023-04-25,organic search
17593,Customer_17593,female,41,Kolkata,West Bengal,home office,2024-11-05,organic search
17594,Customer_17594,female,18,Bhopal,Madhya Pradesh,consumer,2022-07-15,referral
17595,Customer_17595,female,51,Nagpur,Maharashtra,consumer,2023-06-07,social media
17596,Customer_17596,female,29,Ludhiana,Punjab,consumer,2024-10-19,social media
17597,Customer_17597,male,34,New Delhi,Delhi,corporate,2022-12-22,organic search
17598,Customer_17598,male,38,Nagpur,Maharashtra,corporate,2024-03-09,email
17599,Customer_17599,female,38,Amritsar,Punjab,consumer,2022-07-24,social media
17600,Customer_17600,male,20,Bengaluru,Karnataka,consumer,2025-09-28,organic search
17601,Customer_17601,male,45,Udaipur,Rajasthan,consumer,2023-10-09,organic search
17602,Customer_17602,female,42,New Delhi,Delhi,home office,2025-03-23,social media
17603,Customer_17603,female,23,Surat,Gujarat,consumer,2023-02-14,email
17604,Customer_17604,male,59,unknown,Madhya Pradesh,corporate,2023-05-14,social media
17605,Customer_17605,female,47,Mysuru,Karnataka,consumer,2022-12-24,organic search
17606,Customer_17606,female,49,Udaipur,Rajasthan,consumer,2022-11-01,email
17607,Customer_17607,male,39,New Delhi,Delhi,consumer,2024-11-09,email
17608,Customer_17608,male,55,Vadodara,Gujarat,corporate,2025-11-30,paid ads
17609,Customer_17609,male,31,Mysuru,Karnataka,consumer,2022-05-23,email
17610,Customer_17610,male,51,New Delhi,Delhi,consumer,2022-03-06,email
17611,Customer_17611,female,60,Bengaluru,Karnataka,corporate,2025-08-20,paid ads
17612,Customer_17612,male,43,New Delhi,Delhi,consumer,2023-10-12,social media
17613,Customer_17613,male,57,Indore,Madhya Pradesh,corporate,2022-02-21,direct
17614,Customer_17614,male,30,Chennai,Tamil Nadu,consumer,2025-08-06,social media
17615,Customer_17615,male,47,Delhi,Delhi,consumer,2025-05-13,paid ads
17616,Customer_17616,male,36,Coimbatore,Tamil Nadu,consumer,2025-09-12,organic search
17617,Customer_17617,female,59,Bengaluru,Karnataka,consumer,2023-10-22,paid ads
17618,Customer_17618,male,58,Noida,Uttar Pradesh,corporate,2024-09-18,email
17619,Customer_17619,female,56,Amritsar,Punjab,corporate,2022-04-22,paid ads
17620,Customer_17620,female,20,Coimbatore,Tamil Nadu,corporate,2024-07-05,paid ads
17621,Customer_17621,male,48,Indore,Madhya Pradesh,consumer,2024-10-27,social media
17622,Customer_17622,female,29,unknown,Gujarat,consumer,2023-06-04,email
17623,Customer_17623,female,32,Nashik,Maharashtra,consumer,2025-09-19,social media
17624,Customer_17624,male,55,Kolkata,West Bengal,home office,2022-09-28,direct
17625,Customer_17625,male,57,Hyderabad,Telangana,consumer,2025-11-21,organic search
17626,Customer_17626,female,31,Jaipur,Rajasthan,consumer,2023-01-13,referral
17627,Customer_17627,female,52,Bhopal,Madhya Pradesh,corporate,2022-05-21,referral
17628,Customer_17628,male,33,Chennai,Tamil Nadu,home office,2024-10-22,organic search
17629,Customer_17629,male,41,Indore,Madhya Pradesh,consumer,2022-10-23,paid ads
17630,Customer_17630,male,34,Lucknow,Uttar Pradesh,consumer,2025-01-11,organic search
17631,Customer_17631,male,35,Hyderabad,Telangana,consumer,2023-12-22,social media
17632,Customer_17632,female,59,Ahmedabad,Gujarat,consumer,2023-03-09,email
17633,Customer_17633,male,34,Mysuru,Karnataka,consumer,2024-03-28,social media
17634,Customer_17634,male,33,Ludhiana,Punjab,home office,2022-10-23,email
17635,Customer_17635,male,38,Jaipur,Rajasthan,consumer,2024-04-17,organic search
17636,Customer_17636,male,41,Nashik,Maharashtra,consumer,2025-11-30,organic search
17637,Customer_17637,male,51,Mysuru,Karnataka,home office,2025-07-06,organic search
17638,Customer_17638,male,53,Vadodara,Gujarat,consumer,2024-06-29,organic search
17639,Customer_17639,male,60,Nashik,Maharashtra,consumer,2022-07-26,direct
17640,Customer_17640,female,44,Nagpur,Maharashtra,home office,2024-08-24,organic search
17641,Customer_17641,female,56,Coimbatore,Tamil Nadu,home office,2023-10-27,organic search
17642,Customer_17642,male,34,Bengaluru,Karnataka,consumer,2022-10-22,organic search
17643,Customer_17643,male,42,Coimbatore,Tamil Nadu,consumer,2022-10-16,referral
17644,Customer_17644,male,55,New Delhi,Delhi,consumer,2023-05-12,social media
17645,Customer_17645,male,59,Pune,Maharashtra,consumer,2022-11-11,paid ads
17646,Customer_17646,male,38,Kolkata,West Bengal,consumer,2025-07-10,social media
17647,Customer_17647,male,21,Hyderabad,Telangana,consumer,2024-05-06,organic search
17648,Customer_17648,female,42,New Delhi,Delhi,corporate,2023-01-31,social media
17649,Customer_17649,male,47,Bengaluru,Karnataka,corporate,2023-07-08,paid ads
17650,Customer_17650,male,50,Surat,Gujarat,corporate,2024-07-29,email
17651,Customer_17651,female,56,Nagpur,Maharashtra,consumer,2025-11-28,paid ads
17652,Customer_17652,female,43,Nagpur,Maharashtra,consumer,2025-12-30,social media
17653,Customer_17653,male,42,Nagpur,Maharashtra,corporate,2024-07-15,referral
17654,Customer_17654,male,33,Kanpur,Uttar Pradesh,corporate,2025-02-28,organic search
17655,Customer_17655,male,41,Noida,Uttar Pradesh,corporate,2024-11-17,organic search
17656,Customer_17656,male,22,Kanpur,Uttar Pradesh,home office,2023-06-21,organic search
17657,Customer_17657,male,59,Kolkata,West Bengal,home office,2022-06-09,organic search
17658,Customer_17658,male,56,Jaipur,Rajasthan,consumer,2023-10-27,direct
17659,Customer_17659,male,30,Warangal,Telangana,consumer,2022-05-05,social media
17660,Customer_17660,female,47,Udaipur,Rajasthan,consumer,2023-12-03,email
17661,Customer_17661,female,24,Pune,Maharashtra,consumer,2022-06-28,organic search
17662,Customer_17662,male,34,Ahmedabad,Gujarat,consumer,2025-09-15,paid ads
17663,Customer_17663,male,44,Lucknow,Uttar Pradesh,corporate,2025-07-26,email
17664,Customer_17664,male,52,Hyderabad,Telangana,consumer,2022-03-06,organic search
17665,Customer_17665,male,22,Mysuru,Karnataka,corporate,2024-09-11,organic search
17666,Customer_17666,male,59,Bengaluru,Karnataka,consumer,2025-01-15,direct
17667,Customer_17667,female,22,Udaipur,Rajasthan,consumer,2022-11-16,referral
17668,Customer_17668,female,41,Kolkata,West Bengal,home office,2022-08-01,organic search
17669,Customer_17669,female,24,Bhopal,Madhya Pradesh,consumer,2022-07-10,organic search
17670,Customer_17670,female,24,Mysuru,Karnataka,consumer,2022-02-11,email
17671,Customer_17671,female,31,Noida,Uttar Pradesh,consumer,2022-11-05,organic search
17672,Customer_17672,female,32,Vadodara,Gujarat,home office,2025-05-29,email
17673,Customer_17673,female,22,Indore,Madhya Pradesh,corporate,2024-09-30,referral
17674,Customer_17674,male,54,Hyderabad,Telangana,home office,2022-09-20,paid ads
17675,Customer_17675,male,21,Warangal,Telangana,home office,2025-03-25,social media
17676,Customer_17676,female,47,Vadodara,Gujarat,corporate,2022-03-07,organic search
17677,Customer_17677,other,37,Kanpur,Uttar Pradesh,consumer,2024-05-01,referral
17678,Customer_17678,male,43,Amritsar,Punjab,consumer,2023-03-05,paid ads
17679,Customer_17679,male,26,Pune,Maharashtra,consumer,2022-09-22,organic search
17680,Customer_17680,male,47,Mumbai,Maharashtra,consumer,2022-11-06,organic search
17681,Customer_17681,female,39,Faridabad,Haryana,corporate,2022-04-14,direct
17682,Customer_17682,male,57,Hyderabad,Telangana,consumer,2022-05-12,paid ads
17683,Customer_17683,female,58,Ahmedabad,Gujarat,consumer,2024-03-24,paid ads
17684,Customer_17684,female,47,Hyderabad,Telangana,consumer,2023-03-25,organic search
17685,Customer_17685,female,37,Pune,Maharashtra,consumer,2022-02-06,social media
17686,Customer_17686,male,45,Noida,Uttar Pradesh,corporate,2025-06-14,paid ads
17687,Customer_17687,male,24,Noida,Uttar Pradesh,consumer,2024-11-01,organic search
17688,Customer_17688,male,21,Bengaluru,Karnataka,corporate,2022-02-23,organic search
17689,Customer_17689,male,45,Mysuru,Karnataka,consumer,2022-06-30,referral
17690,Customer_17690,male,52,Kanpur,Uttar Pradesh,home office,2024-03-31,email
17691,Customer_17691,female,50,Mumbai,Maharashtra,consumer,2023-12-25,social media
17692,Customer_17692,male,24,Bhopal,Madhya Pradesh,consumer,2024-04-01,email
17693,Customer_17693,female,26,Delhi,Delhi,consumer,2022-10-20,organic search
17694,Customer_17694,female,51,Vadodara,Gujarat,consumer,2025-11-30,organic search
17695,Customer_17695,male,56,Faridabad,Haryana,consumer,2025-01-23,organic search
17696,Customer_17696,other,59,Jaipur,Rajasthan,consumer,2023-11-21,paid ads
17697,Customer_17697,female,51,Coimbatore,Tamil Nadu,consumer,2023-02-01,referral
17698,Customer_17698,male,30,Kolkata,West Bengal,home office,2025-08-07,organic search
17699,Customer_17699,male,46,Mysuru,Karnataka,consumer,2024-04-20,referral
17700,Customer_17700,male,52,Bengaluru,Karnataka,consumer,2023-02-06,email
17701,Customer_17701,male,27,Ludhiana,Punjab,consumer,2024-02-05,social media
17702,Customer_17702,female,47,Lucknow,Uttar Pradesh,consumer,2024-10-24,paid ads
17703,Customer_17703,male,43,Udaipur,Rajasthan,consumer,2022-06-13,social media
17704,Customer_17704,female,52,Mysuru,Karnataka,home office,2023-03-01,paid ads
17705,Customer_17705,male,45,Nashik,Maharashtra,consumer,2023-09-30,email
17706,Customer_17706,male,46,Nagpur,Maharashtra,home office,2024-02-28,referral
17707,Customer_17707,female,23,Ahmedabad,Gujarat,consumer,2025-09-14,social media
17708,Customer_17708,female,20,Noida,Uttar Pradesh,consumer,2022-12-16,paid ads
17709,Customer_17709,male,46,Vadodara,Gujarat,home office,2025-07-03,direct
17710,Customer_17710,male,19,Lucknow,Uttar Pradesh,consumer,2025-11-04,organic search
17711,Customer_17711,female,39,Nashik,Maharashtra,corporate,2023-01-23,referral
17712,Customer_17712,female,44,Mysuru,Karnataka,consumer,2024-04-13,organic search
17713,Customer_17713,male,39,Delhi,Delhi,consumer,2022-03-12,organic search
17714,Customer_17714,male,27,Chennai,Tamil Nadu,consumer,2023-05-28,referral
17715,Customer_17715,male,36,Nagpur,Maharashtra,corporate,2025-09-15,direct
17716,Customer_17716,male,41,Faridabad,Haryana,consumer,2023-06-16,email
17717,Customer_17717,female,44,Delhi,Delhi,consumer,2025-05-22,organic search
17718,Customer_17718,female,53,Faridabad,Haryana,home office,2024-07-25,organic search
17719,Customer_17719,female,60,Coimbatore,Tamil Nadu,consumer,2024-07-22,referral
17720,Customer_17720,male,34,Amritsar,Punjab,consumer,2023-05-08,referral
17721,Customer_17721,female,27,Vadodara,Gujarat,home office,2023-04-01,social media
17722,Customer_17722,male,34,Gurugram,Haryana,consumer,2022-04-25,social media
17723,Customer_17723,female,27,Mumbai,Maharashtra,consumer,2025-01-09,referral
17724,Customer_17724,male,27,Lucknow,Uttar Pradesh,corporate,2025-07-25,social media
17725,Customer_17725,male,55,Bhopal,Madhya Pradesh,consumer,2024-10-15,organic search
17726,Customer_17726,female,34,Nashik,Maharashtra,consumer,2025-06-07,organic search
17727,Customer_17727,male,43,Nashik,Maharashtra,consumer,2024-08-02,organic search
17728,Customer_17728,female,43,Chennai,Tamil Nadu,corporate,2023-05-19,organic search
17729,Customer_17729,female,51,Gurugram,Haryana,consumer,2022-06-12,email
17730,Customer_17730,male,21,Vadodara,Gujarat,consumer,2022-11-21,organic search
17731,Customer_17731,female,44,Hyderabad,Telangana,consumer,2024-07-12,organic search
17732,Customer_17732,male,38,Pune,Maharashtra,consumer,2024-12-03,email
17733,Customer_17733,male,53,Nashik,Maharashtra,consumer,2023-04-11,direct
17734,Customer_17734,other,55,Lucknow,Uttar Pradesh,consumer,2024-01-02,organic search
17735,Customer_17735,female,48,Pune,Maharashtra,consumer,2023-02-22,paid ads
17736,Customer_17736,male,24,Udaipur,Rajasthan,consumer,2022-01-18,organic search
17737,Customer_17737,female,51,Faridabad,Haryana,consumer,2023-03-05,paid ads
17738,Customer_17738,male,35,New Delhi,Delhi,consumer,2022-11-20,paid ads
17739,Customer_17739,female,41,Jaipur,Rajasthan,consumer,2022-06-14,social media
17740,Customer_17740,female,30,Nashik,Maharashtra,consumer,2022-03-30,email
17741,Customer_17741,male,30,Surat,Gujarat,consumer,2022-11-21,organic search
17742,Customer_17742,female,42,Nagpur,Maharashtra,consumer,2022-11-20,social media
17743,Customer_17743,male,22,Kolkata,West Bengal,consumer,2022-05-13,referral
17744,Customer_17744,male,56,Bengaluru,Karnataka,consumer,2022-12-11,paid ads
17745,Customer_17745,female,46,Warangal,Telangana,home office,2024-11-05,organic search
17746,Customer_17746,male,50,Vadodara,Gujarat,consumer,2023-08-02,referral
17747,Customer_17747,male,41,Delhi,Delhi,consumer,2023-01-22,social media
17748,Customer_17748,female,27,Noida,Uttar Pradesh,corporate,2025-01-07,social media
17749,Customer_17749,male,42,Bengaluru,Karnataka,consumer,2024-07-24,social media
17750,Customer_17750,male,58,Udaipur,Rajasthan,corporate,2025-10-21,direct
17751,Customer_17751,female,27,Nashik,Maharashtra,home office,2022-12-16,organic search
17752,Customer_17752,female,56,Kolkata,West Bengal,consumer,2025-11-10,paid ads
17753,Customer_17753,female,33,Mumbai,Maharashtra,corporate,2024-11-07,social media
17754,Customer_17754,male,45,Coimbatore,Tamil Nadu,consumer,2025-10-31,referral
17755,Customer_17755,female,29,New Delhi,Delhi,consumer,2025-01-22,direct
17756,Customer_17756,female,49,Noida,Uttar Pradesh,consumer,2025-05-29,social media
17757,Customer_17757,male,46,Delhi,Delhi,consumer,2025-10-21,email
17758,Customer_17758,male,44,Indore,Madhya Pradesh,consumer,2023-10-07,organic search
17759,Customer_17759,male,43,Indore,Madhya Pradesh,consumer,2024-02-21,referral
17760,Customer_17760,male,20,New Delhi,Delhi,corporate,2023-09-14,social media
17761,Customer_17761,male,43,Vadodara,Gujarat,consumer,2025-02-17,paid ads
17762,Customer_17762,female,56,Nagpur,Maharashtra,consumer,2025-10-09,organic search
17763,Customer_17763,other,18,Chennai,Tamil Nadu,consumer,2023-06-13,social media
17764,Customer_17764,female,52,Kolkata,West Bengal,consumer,2022-07-23,social media
17765,Customer_17765,female,44,Udaipur,Rajasthan,consumer,2025-07-18,email
17766,Customer_17766,female,21,Vadodara,Gujarat,corporate,2022-09-03,social media
17767,Customer_17767,female,36,Mysuru,Karnataka,consumer,2022-12-07,social media
17768,Customer_17768,male,39,Bengaluru,Karnataka,consumer,2023-01-29,social media
17769,Customer_17769,male,23,Nashik,Maharashtra,consumer,2022-02-07,social media
17770,Customer_17770,male,26,Kolkata,West Bengal,consumer,2025-02-27,organic search
17771,Customer_17771,male,28,unknown,Telangana,consumer,2023-07-18,organic search
17772,Customer_17772,male,39,Kolkata,West Bengal,consumer,2022-08-18,direct
17773,Customer_17773,male,26,New Delhi,Delhi,consumer,2023-07-25,paid ads
17774,Customer_17774,male,46,Mysuru,Karnataka,consumer,2022-09-25,direct
17775,Customer_17775,male,60,Mysuru,Karnataka,corporate,2024-11-17,paid ads
17776,Customer_17776,male,27,Nashik,Maharashtra,corporate,2023-07-16,email
17777,Customer_17777,male,51,Bengaluru,Karnataka,consumer,2023-08-24,social media
17778,Customer_17778,female,48,Lucknow,Uttar Pradesh,home office,2023-01-13,social media
17779,Customer_17779,male,39,Bhopal,Madhya Pradesh,corporate,2023-01-22,direct
17780,Customer_17780,female,21,Hyderabad,Telangana,consumer,2025-07-06,organic search
17781,Customer_17781,female,19,Chennai,Tamil Nadu,consumer,2023-06-21,organic search
17782,Customer_17782,female,22,Pune,Maharashtra,consumer,2025-12-07,paid ads
17783,Customer_17783,female,32,Bhopal,Madhya Pradesh,consumer,2022-03-10,organic search
17784,Customer_17784,female,36,Nagpur,Maharashtra,consumer,2022-11-04,social media
17785,Customer_17785,male,55,Gurugram,Haryana,consumer,2024-04-17,direct
17786,Customer_17786,other,32,Hyderabad,Telangana,consumer,2025-12-02,organic search
17787,Customer_17787,female,25,Mysuru,Karnataka,consumer,2023-02-15,referral
17788,Customer_17788,female,37,Gurugram,Haryana,consumer,2024-04-07,paid ads
17789,Customer_17789,male,29,Nagpur,Maharashtra,consumer,2024-02-09,organic search
17790,Customer_17790,female,21,Ahmedabad,Gujarat,consumer,2025-08-09,organic search
17791,Customer_17791,female,55,Surat,Gujarat,consumer,2022-12-29,paid ads
17792,Customer_17792,female,60,Delhi,Delhi,consumer,2023-06-13,direct
17793,Customer_17793,female,56,Chennai,Tamil Nadu,corporate,2023-09-26,referral
17794,Customer_17794,male,53,Jaipur,Rajasthan,consumer,2023-06-24,organic search
17795,Customer_17795,male,32,Kolkata,West Bengal,consumer,2024-12-01,social media
17796,Customer_17796,male,18,Nashik,Maharashtra,consumer,2024-05-22,paid ads
17797,Customer_17797,male,48,Gurugram,Haryana,consumer,2022-08-25,referral
17798,Customer_17798,male,26,Mumbai,Maharashtra,consumer,2025-11-07,organic search
17799,Customer_17799,male,40,New Delhi,Delhi,consumer,2024-01-26,organic search
17800,Customer_17800,male,43,Delhi,Delhi,consumer,2022-05-22,email
17801,Customer_17801,male,57,Mumbai,Maharashtra,consumer,2025-05-11,organic search
17802,Customer_17802,male,56,Nagpur,Maharashtra,consumer,2022-08-25,direct
17803,Customer_17803,female,35,Amritsar,Punjab,consumer,2023-11-15,organic search
17804,Customer_17804,female,50,Bengaluru,Karnataka,home office,2024-05-12,organic search
17805,Customer_17805,female,58,Nashik,Maharashtra,consumer,2025-09-20,paid ads
17806,Customer_17806,male,56,Nagpur,Maharashtra,consumer,2025-06-14,organic search
17807,Customer_17807,female,31,Kolkata,West Bengal,corporate,2023-12-20,direct
17808,Customer_17808,male,18,Bhopal,Madhya Pradesh,corporate,2024-02-14,organic search
17809,Customer_17809,other,30,Delhi,Delhi,consumer,2024-01-25,referral
17810,Customer_17810,female,32,Mumbai,Maharashtra,consumer,2024-03-15,social media
17811,Customer_17811,female,54,New Delhi,Delhi,consumer,2024-04-20,organic search
17812,Customer_17812,female,22,Nashik,Maharashtra,consumer,2023-12-22,paid ads
17813,Customer_17813,male,31,Nagpur,Maharashtra,consumer,2024-12-26,paid ads
17814,Customer_17814,male,31,Coimbatore,Tamil Nadu,home office,2024-11-29,email
17815,Customer_17815,female,22,New Delhi,Delhi,consumer,2025-01-17,social media
17816,Customer_17816,male,28,Hyderabad,Telangana,home office,2024-03-27,direct
17817,Customer_17817,male,49,New Delhi,Delhi,consumer,2025-12-04,paid ads
17818,Customer_17818,female,22,Gurugram,Haryana,home office,2024-09-04,social media
17819,Customer_17819,male,53,Faridabad,Haryana,consumer,2025-05-25,organic search
17820,Customer_17820,female,32,Vadodara,Gujarat,consumer,2024-03-18,organic search
17821,Customer_17821,female,24,Bengaluru,Karnataka,corporate,2023-11-01,paid ads
17822,Customer_17822,male,22,Chennai,Tamil Nadu,consumer,2023-02-15,email
17823,Customer_17823,male,47,Chennai,Tamil Nadu,consumer,2022-06-06,paid ads
17824,Customer_17824,male,32,Kolkata,West Bengal,consumer,2025-10-12,social media
17825,Customer_17825,male,47,Chennai,Tamil Nadu,consumer,2022-09-03,social media
17826,Customer_17826,male,31,Bhopal,Madhya Pradesh,consumer,2025-06-01,social media
17827,Customer_17827,male,41,Faridabad,Haryana,consumer,2023-10-29,social media
17828,Customer_17828,male,41,Bengaluru,Karnataka,corporate,2025-12-24,paid ads
17829,Customer_17829,male,52,Surat,Gujarat,consumer,2023-08-21,organic search
17830,Customer_17830,female,22,Nashik,Maharashtra,consumer,2023-08-01,organic search
17831,Customer_17831,female,29,New Delhi,Delhi,consumer,2023-07-03,organic search
17832,Customer_17832,female,37,Coimbatore,Tamil Nadu,corporate,2023-09-19,paid ads
17833,Customer_17833,male,22,Delhi,Delhi,consumer,2024-05-29,email
17834,Customer_17834,male,53,Bhopal,Madhya Pradesh,consumer,2023-06-12,social media
17835,Customer_17835,female,38,Nashik,Maharashtra,consumer,2022-11-03,social media
17836,Customer_17836,male,56,Chennai,Tamil Nadu,consumer,2024-10-12,organic search
17837,Customer_17837,male,20,Surat,Gujarat,consumer,2023-12-25,organic search
17838,Customer_17838,female,46,Kolkata,West Bengal,consumer,2023-07-01,paid ads
17839,Customer_17839,male,42,Coimbatore,Tamil Nadu,consumer,2022-01-27,organic search
17840,Customer_17840,male,44,Bhopal,Madhya Pradesh,corporate,2022-12-08,email
17841,Customer_17841,female,53,Ahmedabad,Gujarat,home office,2024-03-21,paid ads
17842,Customer_17842,female,39,Coimbatore,Tamil Nadu,consumer,2022-02-11,email
17843,Customer_17843,male,55,Pune,Maharashtra,consumer,2023-03-13,paid ads
17844,Customer_17844,male,52,Warangal,Telangana,consumer,2023-04-27,organic search
17845,Customer_17845,female,18,Kanpur,Uttar Pradesh,consumer,2022-02-16,social media
17846,Customer_17846,female,20,Vadodara,Gujarat,consumer,2022-11-23,organic search
17847,Customer_17847,male,41,Lucknow,Uttar Pradesh,consumer,2024-08-27,social media
17848,Customer_17848,female,25,Hyderabad,Telangana,consumer,2025-04-03,referral
17849,Customer_17849,female,56,Nagpur,Maharashtra,consumer,2023-06-14,paid ads
17850,Customer_17850,male,35,Pune,Maharashtra,consumer,2024-10-02,organic search
17851,Customer_17851,female,58,Bengaluru,Karnataka,consumer,2022-10-21,social media
17852,Customer_17852,female,20,Kolkata,West Bengal,consumer,2023-11-02,organic search
17853,Customer_17853,male,35,Lucknow,Uttar Pradesh,consumer,2025-04-26,direct
17854,Customer_17854,female,33,Bengaluru,Karnataka,corporate,2025-08-08,direct
17855,Customer_17855,male,49,Hyderabad,Telangana,consumer,2025-08-12,paid ads
17856,Customer_17856,female,18,Coimbatore,Tamil Nadu,consumer,2023-02-25,email
17857,Customer_17857,female,43,Coimbatore,Tamil Nadu,corporate,2022-02-12,paid ads
17858,Customer_17858,male,29,Delhi,Delhi,corporate,2022-09-15,email
17859,Customer_17859,female,55,Mumbai,Maharashtra,consumer,2025-10-26,direct
17860,Customer_17860,female,38,New Delhi,Delhi,consumer,2024-01-11,direct
17861,Customer_17861,male,58,Nagpur,Maharashtra,corporate,2024-12-16,referral
17862,Customer_17862,male,30,New Delhi,Delhi,corporate,2023-05-10,direct
17863,Customer_17863,male,29,Nagpur,Maharashtra,corporate,2024-02-08,social media
17864,Customer_17864,female,30,Ahmedabad,Gujarat,consumer,2022-01-25,organic search
17865,Customer_17865,female,35,Mysuru,Karnataka,consumer,2024-06-24,organic search
17866,Customer_17866,female,36,Amritsar,Punjab,corporate,2024-10-15,social media
17867,Customer_17867,male,36,New Delhi,Delhi,home office,2024-02-15,organic search
17868,Customer_17868,male,23,Mysuru,Karnataka,corporate,2024-08-11,organic search
17869,Customer_17869,male,24,Mysuru,Karnataka,corporate,2023-05-05,social media
17870,Customer_17870,male,24,Nashik,Maharashtra,consumer,2022-06-24,referral
17871,Customer_17871,male,45,Lucknow,Uttar Pradesh,consumer,2022-11-08,direct
17872,Customer_17872,male,45,Mumbai,Maharashtra,consumer,2022-11-27,referral
17873,Customer_17873,male,36,Gurugram,Haryana,corporate,2023-03-17,paid ads
17874,Customer_17874,female,33,Indore,Madhya Pradesh,consumer,2022-08-17,paid ads
17875,Customer_17875,female,34,Warangal,Telangana,home office,2025-07-20,social media
17876,Customer_17876,female,39,Vadodara,Gujarat,consumer,2024-04-10,organic search
17877,Customer_17877,male,36,Jaipur,Rajasthan,consumer,2023-07-14,organic search
17878,Customer_17878,other,46,Chennai,Tamil Nadu,home office,2022-03-27,email
17879,Customer_17879,unknown,36,Udaipur,Rajasthan,consumer,2024-04-18,organic search
17880,Customer_17880,female,52,Pune,Maharashtra,corporate,2025-12-14,organic search
17881,Customer_17881,unknown,42,Pune,Maharashtra,home office,2023-02-02,email
17882,Customer_17882,male,37,Coimbatore,Tamil Nadu,consumer,2023-06-24,referral
17883,Customer_17883,male,54,Vadodara,Gujarat,corporate,2025-01-18,paid ads
17884,Customer_17884,male,36,Bhopal,Madhya Pradesh,consumer,2023-08-28,email
17885,Customer_17885,female,59,Nashik,Maharashtra,corporate,2025-02-08,social media
17886,Customer_17886,female,30,Kanpur,Uttar Pradesh,consumer,2024-02-21,paid ads
17887,Customer_17887,male,29,New Delhi,Delhi,consumer,2023-09-23,referral
17888,Customer_17888,male,32,Chennai,Tamil Nadu,consumer,2023-06-17,organic search
17889,Customer_17889,female,21,Mysuru,Karnataka,consumer,2024-03-08,paid ads
17890,Customer_17890,male,32,Chennai,Tamil Nadu,corporate,2024-02-04,social media
17891,Customer_17891,female,34,Pune,Maharashtra,home office,2023-11-16,organic search
17892,Customer_17892,female,44,Hyderabad,Telangana,corporate,2023-10-20,direct
17893,Customer_17893,male,28,Noida,Uttar Pradesh,home office,2023-06-26,paid ads
17894,Customer_17894,female,40,Coimbatore,Tamil Nadu,consumer,2024-04-09,organic search
17895,Customer_17895,female,32,Warangal,Telangana,consumer,2025-12-04,paid ads
17896,Customer_17896,female,48,Bhopal,Madhya Pradesh,consumer,2022-10-04,email
17897,Customer_17897,female,43,Kolkata,West Bengal,home office,2025-08-27,social media
17898,Customer_17898,female,24,Hyderabad,Telangana,consumer,2022-11-11,social media
17899,Customer_17899,male,30,New Delhi,Delhi,consumer,2025-09-30,social media
17900,Customer_17900,male,30,Bhopal,Madhya Pradesh,consumer,2025-07-31,social media
17901,Customer_17901,male,37,Vadodara,Gujarat,consumer,2023-12-25,social media
17902,Customer_17902,male,51,Delhi,Delhi,home office,2024-01-16,referral
17903,Customer_17903,female,27,New Delhi,Delhi,consumer,2022-01-06,direct
17904,Customer_17904,male,54,Lucknow,Uttar Pradesh,home office,2025-10-18,organic search
17905,Customer_17905,female,44,Pune,Maharashtra,consumer,2025-11-06,direct
17906,Customer_17906,male,51,Amritsar,Punjab,corporate,2025-08-31,email
17907,Customer_17907,male,53,Mumbai,Maharashtra,consumer,2023-04-07,paid ads
17908,Customer_17908,female,33,Kanpur,Uttar Pradesh,consumer,2024-08-27,social media
17909,Customer_17909,male,38,Chennai,Tamil Nadu,consumer,2025-09-04,organic search
17910,Customer_17910,female,33,Hyderabad,Telangana,consumer,2024-09-12,referral
17911,Customer_17911,male,34,Bhopal,Madhya Pradesh,consumer,2022-01-15,email
17912,Customer_17912,female,32,Coimbatore,Tamil Nadu,consumer,2025-03-21,social media
17913,Customer_17913,female,30,Vadodara,Gujarat,consumer,2023-04-05,organic search
17914,Customer_17914,female,50,Nashik,Maharashtra,consumer,2023-08-24,organic search
17915,Customer_17915,male,22,Nashik,Maharashtra,consumer,2025-12-15,organic search
17916,Customer_17916,male,44,New Delhi,Delhi,consumer,2025-12-08,referral
17917,Customer_17917,female,18,Udaipur,Rajasthan,corporate,2023-03-08,direct
17918,Customer_17918,female,47,Nashik,Maharashtra,home office,2025-02-19,paid ads
17919,Customer_17919,male,40,unknown,Maharashtra,consumer,2023-04-19,organic search
17920,Customer_17920,male,32,Coimbatore,Tamil Nadu,consumer,2023-02-22,email
17921,Customer_17921,male,53,Jaipur,Rajasthan,consumer,2024-05-18,paid ads
17922,Customer_17922,male,36,Kolkata,West Bengal,consumer,2022-02-26,social media
17923,Customer_17923,female,47,Delhi,Delhi,corporate,2023-10-16,referral
17924,Customer_17924,male,33,Nashik,Maharashtra,consumer,2025-08-30,social media
17925,Customer_17925,male,35,Gurugram,Haryana,consumer,2022-04-08,email
17926,Customer_17926,female,43,New Delhi,Delhi,consumer,2025-06-04,direct
17927,Customer_17927,male,34,Bhopal,Madhya Pradesh,corporate,2025-03-09,organic search
17928,Customer_17928,female,28,Indore,Madhya Pradesh,consumer,2022-12-16,organic search
17929,Customer_17929,unknown,46,Kanpur,Uttar Pradesh,home office,2022-10-12,organic search
17930,Customer_17930,male,26,Delhi,Delhi,home office,2023-03-20,social media
17931,Customer_17931,female,34,Kanpur,Uttar Pradesh,consumer,2022-01-02,direct
17932,Customer_17932,male,44,Noida,Uttar Pradesh,consumer,2024-02-22,direct
17933,Customer_17933,male,54,Vadodara,Gujarat,consumer,2024-02-08,referral
17934,Customer_17934,male,39,Mysuru,Karnataka,consumer,2025-10-19,social media
17935,Customer_17935,male,25,New Delhi,Delhi,consumer,2023-09-24,social media
17936,Customer_17936,male,20,Nashik,Maharashtra,consumer,2022-04-13,organic search
17937,Customer_17937,male,55,Hyderabad,Telangana,consumer,2023-09-10,organic search
17938,Customer_17938,female,52,Ahmedabad,Gujarat,consumer,2024-07-28,organic search
17939,Customer_17939,female,49,Mysuru,Karnataka,corporate,2024-10-20,organic search
17940,Customer_17940,female,25,Hyderabad,Telangana,home office,2024-03-16,email
17941,Customer_17941,female,44,Bengaluru,Karnataka,consumer,2023-02-12,organic search
17942,Customer_17942,male,49,Jaipur,Rajasthan,consumer,2023-01-31,paid ads
17943,Customer_17943,male,53,Bhopal,Madhya Pradesh,consumer,2023-02-27,direct
17944,Customer_17944,male,51,Pune,Maharashtra,home office,2025-12-30,organic search
17945,Customer_17945,male,42,Chennai,Tamil Nadu,home office,2023-10-31,organic search
17946,Customer_17946,female,48,Nagpur,Maharashtra,consumer,2024-11-29,organic search
17947,Customer_17947,male,59,Surat,Gujarat,consumer,2025-04-09,organic search
17948,Customer_17948,male,30,Kolkata,West Bengal,consumer,2024-06-02,direct
17949,Customer_17949,male,32,Faridabad,Haryana,consumer,2024-07-01,email
17950,Customer_17950,male,30,Mysuru,Karnataka,corporate,2023-01-26,social media
17951,Customer_17951,male,50,Gurugram,Haryana,consumer,2022-12-30,paid ads
17952,Customer_17952,male,48,Pune,Maharashtra,home office,2024-03-24,referral
17953,Customer_17953,female,42,Vadodara,Gujarat,consumer,2022-03-01,paid ads
17954,Customer_17954,male,57,Pune,Maharashtra,corporate,2023-02-10,paid ads
17955,Customer_17955,female,40,Indore,Madhya Pradesh,consumer,2023-03-12,paid ads
17956,Customer_17956,male,55,Warangal,Telangana,consumer,2024-01-30,email
17957,Customer_17957,male,20,Jaipur,Rajasthan,corporate,2022-09-24,paid ads
17958,Customer_17958,female,33,Noida,Uttar Pradesh,home office,2022-12-28,paid ads
17959,Customer_17959,female,19,Nagpur,Maharashtra,corporate,2024-02-12,referral
17960,Customer_17960,male,40,Pune,Maharashtra,corporate,2024-04-05,organic search
17961,Customer_17961,female,51,Bhopal,Madhya Pradesh,corporate,2022-09-19,organic search
17962,Customer_17962,male,47,Mysuru,Karnataka,consumer,2024-10-04,organic search
17963,Customer_17963,male,27,Pune,Maharashtra,corporate,2024-08-12,organic search
17964,Customer_17964,female,18,Hyderabad,Telangana,corporate,2025-05-17,referral
17965,Customer_17965,female,39,Vadodara,Gujarat,consumer,2025-09-20,direct
17966,Customer_17966,male,50,Pune,Maharashtra,consumer,2023-09-18,organic search
17967,Customer_17967,male,42,Bengaluru,Karnataka,corporate,2024-08-12,social media
17968,Customer_17968,female,39,Mumbai,Maharashtra,corporate,2025-09-06,paid ads
17969,Customer_17969,male,33,Chennai,Tamil Nadu,consumer,2022-11-28,paid ads
17970,Customer_17970,male,47,Indore,Madhya Pradesh,corporate,2022-12-18,organic search
17971,Customer_17971,male,35,Ludhiana,Punjab,corporate,2022-10-19,organic search
17972,Customer_17972,female,41,Udaipur,Rajasthan,consumer,2023-01-26,referral
17973,Customer_17973,male,22,Nagpur,Maharashtra,corporate,2022-05-16,direct
17974,Customer_17974,female,54,Faridabad,Haryana,consumer,2023-01-31,email
17975,Customer_17975,female,40,Hyderabad,Telangana,consumer,2025-02-26,social media
17976,Customer_17976,male,59,Pune,Maharashtra,consumer,2025-07-12,paid ads
17977,Customer_17977,female,44,Faridabad,Haryana,home office,2024-07-31,organic search
17978,Customer_17978,female,29,Noida,Uttar Pradesh,consumer,2022-03-15,social media
17979,Customer_17979,male,27,Kolkata,West Bengal,corporate,2024-03-08,referral
17980,Customer_17980,male,51,Kolkata,West Bengal,consumer,2024-09-11,referral
17981,Customer_17981,female,50,New Delhi,Delhi,home office,2025-02-24,social media
17982,Customer_17982,female,33,New Delhi,Delhi,corporate,2024-12-31,organic search
17983,Customer_17983,male,46,Kolkata,West Bengal,home office,2024-03-19,direct
17984,Customer_17984,female,35,Delhi,Delhi,corporate,2022-08-01,direct
17985,Customer_17985,female,44,Coimbatore,Tamil Nadu,corporate,2023-01-29,paid ads
17986,Customer_17986,female,24,Lucknow,Uttar Pradesh,consumer,2023-04-04,organic search
17987,Customer_17987,female,53,Kanpur,Uttar Pradesh,consumer,2023-04-16,referral
17988,Customer_17988,male,44,Coimbatore,Tamil Nadu,consumer,2024-06-15,organic search
17989,Customer_17989,male,27,Kanpur,Uttar Pradesh,corporate,2023-04-01,paid ads
17990,Customer_17990,female,27,Kanpur,Uttar Pradesh,consumer,2024-04-03,social media
17991,Customer_17991,male,28,Jaipur,Rajasthan,consumer,2024-09-10,referral
17992,Customer_17992,female,47,New Delhi,Delhi,home office,2025-09-22,organic search
17993,Customer_17993,male,20,Bengaluru,Karnataka,corporate,2024-07-19,direct
17994,Customer_17994,male,46,Bengaluru,Karnataka,home office,2023-08-24,paid ads
17995,Customer_17995,male,31,Nashik,Maharashtra,consumer,2025-02-10,direct
17996,Customer_17996,female,30,Delhi,Delhi,consumer,2023-07-03,paid ads
17997,Customer_17997,female,36,Delhi,Delhi,consumer,2023-07-16,referral
17998,Customer_17998,male,42,Coimbatore,Tamil Nadu,consumer,2024-02-13,paid ads
17999,Customer_17999,male,27,Faridabad,Haryana,consumer,2024-09-15,social media
18000,Customer_18000,male,32,Nashik,Maharashtra,consumer,2025-01-18,direct
